percolation,avg_degree,betweenness,closeness,eigenvector,clustering,density,avg_kcore,persistence,wat_cc,cat_cc,an_cc,wat_deg,wat_bc,wat_ec,cat_deg,cat_bc,cat_ec,an_deg,an_bc,an_ec,dmba_hso_s1,dmba_hso_s2,dmba_hso_s3,hso_hso_s1,hso_hso_s2,hso_hso_s3,wat_kcore,cat_kcore,an_kcore,assortativity,degree_variance
1.0,21.1671875,14013.127604166666,0.22134241034708257,0.008924140513955228,0.48004396000328725,0.005513724277155509,11.514322916666666,0.0,0.20660392438488606,0.2488914148504851,0.2527473496924661,5.424609375,275.65078125,0.002857338816606754,37.3625,27698.63125,0.016481569689139622,67.9421875,55277.53125,0.025633918128164734,2214.0,4227.0,13667.0,299.0,2798.0,6701.0,4.463671875,24.6390625,26.5921875,-0.13356571082646657,654.0012150065105
1.0,21.1984375,13975.683854166668,0.2216210853829845,0.008843539525327827,0.4765894341854308,0.00552186441781714,11.48515625,0.7558045256873296,0.2069071908826215,0.24910393450680343,0.25299381426061773,5.457421875,224.7078125,0.0028319945106355868,37.4078125,28122.640625,0.01631974240637238,67.953125,54832.63125,0.025413516703052242,2225.0,4200.0,13703.0,327.0,2768.0,6702.0,4.480078125,24.5015625,26.4890625,-0.13196026012139853,654.5392683919272
0.9997395833333333,21.207291666666666,13954.501041666666,0.22163417998276336,0.008748307363294924,0.48196110452614865,0.005524170791004602,11.333854166666667,0.7447811778574586,0.20688560681793539,0.24917471411478384,0.2530879385100547,5.4578125,203.70390625,0.0027900475268496905,37.334375,27199.834375,0.01614087366428512,68.078125,55712.35625,0.02518878040808565,2200.0,4265.0,13628.0,296.0,2804.0,6735.0,4.471875,24.20625,25.909375,-0.13179645913715501,655.2554676649306
1.0,21.158854166666668,13978.556770833333,0.22149097560000855,0.008695277484028919,0.487906106858445,0.0055115535729790745,11.312760416666666,0.7481107692307692,0.20680261721225773,0.2489329222097667,0.25280246254125366,5.46171875,218.76640625,0.0027431298879202182,37.2609375,27818.01875,0.01609989525856286,67.8453125,55178.25625,0.025099250093929763,2187.0,4244.0,13607.0,295.0,2775.0,6725.0,4.481640625,24.096875,25.853125,-0.1306733333111912,652.5351820203992
1.0,21.114583333333332,13974.060416666667,0.22158465028919955,0.008750730099163492,0.4845852050800828,0.0055000217070417644,11.3015625,0.7478046373951652,0.2069354178243005,0.24902259064786794,0.25274363979012743,5.464453125,203.76328125,0.00278584197474438,37.0765625,27581.403125,0.016229364953736,67.753125,55447.90625,0.02513164774226742,2197.0,4249.0,13562.0,311.0,2741.0,6703.0,4.449609375,24.1296875,25.88125,-0.1298607281399312,650.4040581597222
1.0,21.280208333333334,13928.159895833332,0.22220129962199345,0.00884401026921901,0.4800995159306808,0.0055431644525484065,11.47578125,0.7475647364041313,0.2074159609650476,0.24988784547603235,0.25365610839573777,5.4671875,254.6921875,0.002808042654523228,37.5140625,27362.434375,0.016385537753873684,68.2984375,55187.75625,0.025446353243347465,2213.0,4226.0,13808.0,298.0,2820.0,6712.0,4.48046875,24.5390625,26.39375,-0.13114711056747044,665.4433582899306
1.0,21.207291666666666,13997.253125,0.22149685256331253,0.00900516689868538,0.4779482800346603,0.005524170791004602,11.44609375,0.742079669924849,0.20669239536216386,0.24924618598887163,0.25296534794234804,5.43984375,275.67734375,0.0028943038484393843,37.403125,28616.96875,0.01663269249654074,68.08125,54263.840625,0.025821093501813996,2198.0,4324.0,13648.0,310.0,2734.0,6768.0,4.4375,24.4828125,26.44375,-0.1326965022532534,660.4539051649305
1.0,21.356770833333332,13980.506770833334,0.2216396988233966,0.009027135949644343,0.4820063671248072,0.005563107797169402,11.519791666666666,0.7268869650042677,0.20673402636919253,0.24954056106381825,0.25336152639979115,5.46953125,254.690625,0.002888071805114107,37.5578125,27376.409375,0.01668004689563066,68.7046875,55487.86875,0.025930481581778974,2170.0,4319.0,13794.0,302.0,2747.0,6859.0,4.4734375,24.6359375,26.5890625,-0.13289438849150836,669.979485405816
1.0,21.3390625,13978.688020833333,0.22173264791186237,0.008992111492806975,0.48183097167101574,0.005558495050794478,11.49453125,0.7556320324131703,0.20681875589724646,0.24951744269064716,0.25360342119154117,5.4546875,233.7328125,0.002867731940475085,37.5671875,27440.1,0.01657743836156997,68.6484375,55497.096875,0.02590430283337154,2186.0,4297.0,13738.0,308.0,2786.0,6866.0,4.4765625,24.5234375,26.5375,-0.13096624975837282,670.9017032877605
0.9997395833333333,21.318229166666665,13968.703125,0.22160438984733888,0.008828565970066267,0.48445600095939007,0.005553068290353391,11.362239583333333,0.7407099753243263,0.20667396006307737,0.24941141314064036,0.25351908569108345,5.440625,230.684375,0.0027803623570239826,37.5109375,27546.7515625,0.01635237872455602,68.6359375,55342.7296875,0.025497567667745653,2188.0,4339.0,13783.0,297.0,2814.0,6766.0,4.444921875,24.290625,26.103125,-0.1340238705180319,669.3805010308158
0.9997395833333333,21.338541666666668,13971.691145833332,0.22156016579926713,0.008964113472131519,0.4814749792520849,0.005558359381783451,11.538541666666667,0.7516231388821089,0.20657972667226723,0.24951253818408067,0.25352954992245325,5.39296875,236.6796875,0.0028308796020749876,37.6046875,27488.1,0.016601828149946447,68.8546875,55395.328125,0.025859334274542723,2185.0,4338.0,13823.0,301.0,2780.0,6873.0,4.426171875,24.7109375,26.815625,-0.13499690710683415,675.8661187065973
1.0,21.3078125,14046.134375,0.2209991022655352,0.009041903795128153,0.4815416399058192,0.005550354910132847,11.50078125,0.754100364205226,0.20602709002939,0.24906001489073457,0.2528262385849168,5.379296875,311.57109375,0.002879343681631895,37.66875,27787.8875,0.016724956245736083,68.6609375,55242.634375,0.026009091798505253,2198.0,4351.0,13777.0,320.0,2765.0,6832.0,4.414453125,24.6625,26.684375,-0.1359133980801927,671.1896264648437
0.9997395833333333,21.333333333333332,14000.1796875,0.22125007495110932,0.009249794951317206,0.4809204375618048,0.005557002691673179,11.5578125,0.735595703125,0.20639024593537814,0.24897722083005963,0.2529622451350838,5.445703125,266.60546875,0.0030150511575559712,37.5234375,28496.36875,0.016982567002431843,68.69375,54438.2875,0.026455998075247504,2200.0,4363.0,13679.0,326.0,2810.0,6816.0,4.46875,24.6765625,26.7953125,-0.1325743020082769,666.5618055555556
1.0,21.365625,14018.078125,0.22127830457170064,0.008997152704376449,0.48062168645939257,0.0055654141703568635,11.5296875,0.7597874311345132,0.20636241329799718,0.24897478153151056,0.25324539270670465,5.42734375,317.578125,0.0028864775195936295,37.5359375,27676.31875,0.01654162673322073,68.9484375,55161.8375,0.025895379414663446,2229.0,4285.0,13718.0,314.0,2813.0,6926.0,4.4421875,24.6734375,26.7359375,-0.13139946966031918,674.6470475260417
0.9997395833333333,21.229166666666668,14000.444791666667,0.22131406646663188,0.008699147369305993,0.48017646025941924,0.005529868889467744,11.362239583333333,0.7370215897939156,0.20647828405747112,0.2490749559014028,0.2528963066685038,5.425,281.578125,0.0027871485544289794,37.4484375,27862.6796875,0.01601393082356985,68.2265625,55013.6765625,0.0250323591745502,2209.0,4290.0,13707.0,288.0,2824.0,6722.0,4.433203125,24.325,26.115625,-0.13368168104829944,661.0964409722221
0.9997395833333333,21.335416666666667,13916.350520833334,0.2221967651415492,0.008881365232293593,0.48552065644334236,0.005557545367717288,11.514322916666666,0.7410653256517918,0.20740582274267189,0.2499720723398454,0.2535852275387622,5.451953125,230.66171875,0.002862016510092786,37.7296875,28198.221875,0.01641649090170734,68.475,54377.234375,0.025423634451683073,2205.0,4297.0,13756.0,288.0,2806.0,6779.0,4.500390625,24.5609375,26.5234375,-0.1345224487024852,670.6885373263889
0.9997395833333333,21.303125,13940.521875,0.2218798653735463,0.009000029813437322,0.4849301228553374,0.005549133889033602,11.494791666666666,0.7593760696298469,0.2070717384884114,0.24963988994456016,0.253352348343072,5.4359375,194.74296875,0.002905014576821912,37.74375,27650.725,0.016636160554374686,68.33125,55213.434375,0.025743960018961603,2228.0,4258.0,13767.0,289.0,2841.0,6710.0,4.476953125,24.5546875,26.50625,-0.13598975093742519,667.7284277343751
1.0,21.269791666666666,13973.8796875,0.22167365180073664,0.009060075927006554,0.48834449967885774,0.005540451072327863,11.424739583333333,0.768965179489691,0.20685040532801519,0.24938448746934264,0.25325580202301645,5.41171875,260.6734375,0.002951105049754336,37.6015625,27685.171875,0.01664643396967854,68.3703125,55115.4125,0.025909601393343428,2196.0,4301.0,13704.0,291.0,2794.0,6771.0,4.45390625,24.40625,26.3265625,-0.13765767469332757,666.9178374565973
1.0,21.328125,13975.494791666666,0.2218046842761759,0.009022334198327764,0.4811188182100816,0.005555646001562907,11.5625,0.7643223443223444,0.20698511818790796,0.24963215483469892,0.25325547807072474,5.41171875,233.7375,0.0029155360624129973,37.765625,28515.803125,0.016640026802317694,68.55625,54402.215625,0.02583183413799691,2219.0,4328.0,13816.0,308.0,2804.0,6731.0,4.4703125,24.746875,26.746875,-0.1383539210299364,671.273583984375
0.99921875,21.4015625,13916.125520833333,0.22204420484571152,0.009044552859588868,0.4843149831431816,0.005574775332117739,11.558333333333334,0.7447616266335694,0.2071111430822299,0.2499590118742927,0.2538616448710569,5.430859375,203.61484375,0.0029481913436245387,37.7625,27682.915625,0.016579651398390537,68.9234375,54999.378125,0.025894900384644516,2172.0,4334.0,13825.0,288.0,2833.0,6835.0,4.46328125,24.73125,26.765625,-0.13811049566174144,678.1444767252605
1.0,21.415625,13949.118229166666,0.22202080513315323,0.009081325866424912,0.48924759511235283,0.005578438395415473,11.566145833333334,0.7482124616956077,0.20715032630884092,0.24990911020326761,0.2536144153602881,5.475,182.79140625,0.0029682341058655257,37.8234375,28290.2046875,0.016712667518348222,68.7703125,54673.3390625,0.025902351256739155,2201.0,4349.0,13780.0,294.0,2779.0,6816.0,4.521484375,24.6421875,26.66875,-0.13802974082616237,674.0074641927082
0.9994791666666667,21.316145833333334,13978.977604166666,0.2214377157442972,0.009025818515691574,0.48282721905088655,0.005552525614309282,11.381770833333333,0.7515576514281526,0.20646544821953028,0.2495171914516013,0.25324731013606067,5.4203125,266.54296875,0.0029222257315963717,37.740625,28285.775,0.016633466753138017,68.475,54521.91875,0.025832541414625952,2174.0,4319.0,13850.0,308.0,2804.0,6696.0,4.48359375,24.2890625,26.0671875,-0.14072092894505772,669.8833851453993
0.9997395833333333,21.330729166666668,14003.391927083334,0.22120230232059784,0.009049927976685822,0.48133506951133487,0.005556324346618043,11.552604166666667,0.7471859357831766,0.20619939691249067,0.2493757159385721,0.2530405103350522,5.430078125,296.58671875,0.00292320378813033,37.8203125,28115.0609375,0.016697308551477066,68.44375,54718.94375,0.025909444156116533,2186.0,4313.0,13841.0,292.0,2799.0,6726.0,4.465234375,24.7171875,26.7375,-0.13872060187855648,669.6067640516492
0.9994791666666667,21.388020833333332,14012.1875,0.2209814407296737,0.00912528388235722,0.4797717498178945,0.005571247937831032,11.54609375,0.7463776938999148,0.20586795776393912,0.2493642640195745,0.25305254930271126,5.398828125,278.5234375,0.002953683634304012,37.86875,27568.66875,0.016796388147157747,68.8640625,55390.3625,0.026140580609769527,2204.0,4279.0,13968.0,292.0,2789.0,6858.0,4.4203125,24.8078125,26.7875,-0.13743156145791863,677.5760023328992
0.9994791666666667,21.376041666666666,14031.191145833332,0.22091208070384424,0.009116053324475081,0.47652624175215597,0.005568127550577407,11.532552083333334,0.7487451878563423,0.20578044767669032,0.24927460224217923,0.2530760912741249,5.35625,344.37578125,0.002916382052781151,37.9296875,28247.240625,0.016823937502875898,68.9015625,54562.403125,0.026206854232849984,2200.0,4325.0,13954.0,312.0,2791.0,6849.0,4.387890625,24.825,26.81875,-0.13827757794728393,682.2513009982637
0.9997395833333333,21.390104166666667,14016.757291666667,0.2210941011585085,0.009267335252772521,0.48587523198476984,0.005571790613875141,11.542708333333334,0.7287978767440162,0.20612671151896106,0.24898434898437483,0.25307341189083166,5.424609375,266.62265625,0.0030067872201749437,37.7515625,27644.846875,0.01704238082692904,68.890625,55389.20625,0.026534481809006326,2185.0,4336.0,13811.0,309.0,2778.0,6877.0,4.44609375,24.7203125,26.7515625,-0.13582077123918884,675.2207354058157
0.9997395833333333,21.483333333333334,13984.09375,0.2215526808245425,0.009317642408014552,0.4828318399266178,0.005596075366849006,11.590885416666667,0.7501939487975174,0.20651053038266612,0.24953527944344764,0.2537386839731427,5.41796875,269.596875,0.0030240591861523886,37.8640625,27486.878125,0.017096243967169154,69.3640625,55339.296875,0.02671337373630861,2191.0,4399.0,13838.0,329.0,2807.0,6932.0,4.434375,24.8796875,26.928125,-0.13555075235123562,684.9533680555555
0.9994791666666667,21.455208333333335,13981.03125,0.22130465507058272,0.00938523821045195,0.48400430133169803,0.005588749240253538,11.634114583333334,0.7369762586784483,0.20629849845185366,0.2493287705515436,0.2533051660645381,5.430859375,296.490625,0.0031046256762793005,37.8390625,27343.184375,0.017156766798098837,69.16875,55357.040625,0.02673615975949567,2220.0,4276.0,13896.0,312.0,2812.0,6893.0,4.4703125,24.921875,27.0015625,-0.13553982761213992,681.8969520399306
0.9997395833333333,21.429166666666667,13940.231770833334,0.2219729776850997,0.009305636100676253,0.486024819845027,0.005581965789702179,11.616927083333334,0.7469618899475015,0.20709160048046332,0.2497016939097628,0.2537697702789822,5.439453125,197.7234375,0.0030817625331964623,37.8265625,27804.5484375,0.01702395019261525,68.990625,55045.9484375,0.026482816278656417,2208.0,4295.0,13853.0,302.0,2805.0,6848.0,4.48203125,24.91875,26.8546875,-0.13723859585472709,675.4184201388888
0.9994791666666667,21.433854166666666,13962.851041666667,0.2215089723491842,0.009182689047673576,0.48555468593360235,0.005583186810801424,11.6828125,0.739387164969747,0.20649549334756506,0.24960832863197285,0.2534635320728721,5.4203125,260.56640625,0.002991333326060765,37.771875,27773.471875,0.016872521027372134,69.15,54961.36875,0.026258279954426263,2249.0,4274.0,13849.0,296.0,2808.0,6916.0,4.471875,25.1375,27.071875,-0.13511225269494012,675.6091663953994
0.99921875,21.431770833333335,13946.815625,0.2214657193257499,0.009348214506863824,0.4872096696597758,0.005582644134757315,11.642447916666667,0.7661668570317626,0.20651423516527734,0.2494493634371663,0.2532880118562237,5.44296875,251.5140625,0.003089020724156398,37.7453125,27287.540625,0.017148254475917793,69.0734375,55387.296875,0.02658494966863955,2202.0,4309.0,13857.0,312.0,2762.0,6882.0,4.47109375,24.96875,27.0015625,-0.1374721640574287,677.0416989474828
0.9997395833333333,21.359895833333333,13976.190625,0.22150421179434332,0.009211200820073947,0.47544793970264837,0.005563921811235565,11.594010416666666,0.7634293238399453,0.2066011965532971,0.2492824856679178,0.25333799888495356,5.4265625,248.628125,0.003004555034156244,37.55,27935.415625,0.016885144033815754,68.903125,54927.215625,0.026363840750002955,2202.0,4336.0,13712.0,308.0,2774.0,6937.0,4.461328125,24.7921875,26.9265625,-0.13231626726695067,671.571516655816
0.9994791666666667,21.2546875,14013.168229166668,0.22095887501269137,0.009072542718626233,0.47634983576259343,0.005536516671008075,11.64140625,0.705457129554755,0.20612360088045403,0.24869933651314574,0.25255951004118665,5.4640625,305.4703125,0.0029625728270574365,37.5,27701.3375,0.016684690393759565,68.171875,55155.790625,0.02590027460976808,2190.0,4295.0,13692.0,329.0,2734.0,6790.0,4.491796875,24.9421875,26.9390625,-0.13017060857352464,659.9252384440102
1.0,21.3453125,14032.959895833334,0.2211846387728104,0.009131583155886105,0.47521484364124106,0.005560123078926804,11.646354166666667,0.7458702388795354,0.2062525410541048,0.2490682439689202,0.25302942445152327,5.433203125,344.57109375,0.002970871292356488,37.65625,27978.359375,0.016820030212072082,68.6828125,54841.115625,0.026085983553818602,2195.0,4344.0,13764.0,321.0,2783.0,6840.0,4.471875,24.946875,27.04375,-0.13225997580750673,670.5979467773437
1.0,21.252604166666668,13996.830208333333,0.22150975199248144,0.00909115425577165,0.48285111394930247,0.005535973994963967,11.440364583333333,0.7466732018135033,0.2067209112526074,0.24911095112704912,0.25306391581741006,5.42578125,194.76328125,0.002949734528068247,37.5140625,28350.434375,0.016764730900320157,68.2984375,54851.49375,0.025983256522036757,2203.0,4298.0,13701.0,313.0,2776.0,6778.0,4.46953125,24.465625,26.2984375,-0.1330574700825108,663.2299411349826
1.0,21.29375,14017.334375,0.22119195492859117,0.009162984077281795,0.4864169439722368,0.005546691846835114,11.448697916666667,0.7480677037471871,0.2063349427098587,0.24895015295277262,0.2528618057793397,5.427734375,227.74296875,0.0029590604502116153,37.5703125,27433.9125,0.016939153174901876,68.48125,55759.121875,0.02620250948794243,2219.0,4267.0,13753.0,295.0,2796.0,6795.0,4.453125,24.5546875,26.325,-0.1331577768630504,663.9819401041666
0.9994791666666667,21.2140625,13974.646354166667,0.22141256999413986,0.009009357330728685,0.47937836947946966,0.005525934488147955,11.388541666666667,0.7309174829982078,0.20656493149372532,0.2492761602301409,0.2529395337597968,5.421875,224.6171875,0.002891630769663758,37.4171875,27726.528125,0.01664959469694676,68.1796875,55222.88125,0.025840026208770316,2233.0,4217.0,13754.0,307.0,2741.0,6788.0,4.45,24.39375,26.1375,-0.13260030713444013,662.4145939127606
0.9997395833333333,21.323958333333334,13974.0703125,0.2214067549567539,0.009001683839297652,0.47863938805598466,0.005554560649474689,11.58125,0.7410238874505398,0.20654784527708778,0.24922953490475805,0.2530196137274141,5.466015625,275.58984375,0.0029319347411541755,37.5296875,27643.4265625,0.01658141658380493,68.55,55098.6359375,0.025700947487364283,2193.0,4289.0,13772.0,297.0,2807.0,6756.0,4.50234375,24.796875,26.68125,-0.13478481474139933,668.5403634982638
0.9994791666666667,21.155729166666667,14011.411458333334,0.2209708626648039,0.00913989857400335,0.4793306397672192,0.005510739558912911,11.511979166666666,0.7441098993082055,0.20613655102589687,0.24882337202360355,0.25245559986163224,5.418359375,266.571875,0.002959170078096938,37.3078125,27938.190625,0.016895026782599833,67.953125,55063.990625,0.026107684349032517,2205.0,4251.0,13667.0,295.0,2786.0,6715.0,4.440234375,24.6796875,26.63125,-0.13263701172080128,657.8767900933159
1.0,21.2359375,14043.097916666668,0.2208743926201299,0.009303386063978259,0.4818829874477798,0.005531632586611096,11.57578125,0.7444632477374733,0.2060134763204342,0.2488343525543723,0.25235809788467006,5.401953125,281.65,0.003048311839060028,37.578125,27924.903125,0.017151824712242712,68.2296875,55207.084375,0.026475244315386715,2196.0,4356.0,13715.0,312.0,2754.0,6732.0,4.428515625,24.934375,26.80625,-0.1373301086219705,662.6235001627604
0.9997395833333333,21.1671875,14019.317708333334,0.22099561241430657,0.009157447871790608,0.480778987725956,0.005513724277155509,11.561197916666666,0.7495878546295612,0.2061721207438425,0.24875860156939308,0.25252658994107624,5.423046875,266.62265625,0.0029749458018254763,37.2328125,27248.790625,0.016903489690693902,68.078125,55800.625,0.026141414332747838,2193.0,4367.0,13540.0,280.0,2781.0,6747.0,4.4640625,24.775,26.7359375,-0.13300593402496952,656.9022566731771
0.9994791666666667,21.177083333333332,13972.8125,0.22128546817037542,0.00917594597302091,0.4833760151906284,0.005516301988365026,11.505989583333333,0.7546237088047221,0.20648349339210595,0.24914588091797657,0.2526329545358524,5.45,266.5515625,0.0029881715083475303,37.4609375,28200.1609375,0.016963719260249078,67.8015625,54570.5078125,0.02613927054448627,2198.0,4323.0,13624.0,320.0,2730.0,6670.0,4.450390625,24.65,26.584375,-0.13327633468035482,654.3373914930557
0.9997395833333333,21.263541666666665,14020.986979166666,0.22099194652119938,0.009303772585814229,0.4755980826433601,0.005538823044195537,11.57421875,0.7323519325919757,0.20614814821915806,0.24889415615486915,0.252464930095695,5.44140625,317.55078125,0.003072045880072119,37.4609375,28008.0984375,0.017095149650683684,68.3546875,54847.6203125,0.02643930234391322,2185.0,4366.0,13687.0,306.0,2746.0,6782.0,4.4703125,24.7828125,26.78125,-0.13415928095858023,665.8352332899304
0.99921875,21.177604166666665,13984.659375,0.22105824835666615,0.009315230372601681,0.4786439124913876,0.005516437657376053,11.5109375,0.7396030594427092,0.20618997252875385,0.24887622558752956,0.252713374437452,5.4140625,248.50859375,0.0030543162703972637,37.415625,27466.1140625,0.01713404928453977,67.99375,55447.8078125,0.02654006786948126,2212.0,4299.0,13634.0,308.0,2763.0,6735.0,4.4375,24.675,26.640625,-0.13267518210153617,658.6215817599825
0.9997395833333333,21.266666666666666,14006.540104166666,0.22107681788023695,0.009543020799192043,0.4752743409226609,0.0055396370582617,11.531770833333333,0.7520817006269592,0.2062436256927846,0.2489074024714409,0.25257900203884237,5.446484375,251.62109375,0.0031181265246011344,37.528125,28139.228125,0.017576611729983756,68.2859375,54893.528125,0.027209006966763972,2209.0,4290.0,13764.0,329.0,2779.0,6742.0,4.4390625,24.75,26.684375,-0.13008751654615855,661.5419097222222
0.9997395833333333,21.2421875,14011.23984375,0.2210498772332662,0.00923632497526122,0.482039879711709,0.005533260614743423,11.489322916666667,0.7578276327081035,0.20616349920854976,0.24882304929464358,0.2528222172707545,5.403515625,281.56484375,0.002982636370931248,37.39375,27735.246875,0.017005187458483395,68.4453125,55205.9328125,0.026482216909358924,2213.0,4344.0,13657.0,313.0,2748.0,6849.0,4.41640625,24.6390625,26.63125,-0.13245377509617542,666.0975952148438
1.0,21.241145833333334,13989.9890625,0.22160864095004273,0.009369402569128476,0.48194163672379087,0.005532989276721368,11.383072916666666,0.7359684182134713,0.2069213840760061,0.24902888603296347,0.25293742336326874,5.484375,245.72109375,0.00311972500131164,37.3546875,27637.0375,0.017092824795698534,68.1546875,55320.0125,0.026644690613825767,2194.0,4376.0,13524.0,310.0,2767.0,6770.0,4.49140625,24.265625,26.0671875,-0.12938293213492894,659.5257028537326
1.0,21.226041666666667,13978.054166666667,0.22166884016390428,0.009405740190269662,0.47720636327867216,0.0055290548754015805,11.530208333333333,0.7513618295136674,0.20690104030116357,0.24918395238782623,0.25322492739094493,5.453125,221.74140625,0.0031095870231107802,37.378125,27745.7734375,0.01720426027611131,68.165625,55235.5859375,0.02679183277306354,2206.0,4331.0,13592.0,317.0,2736.0,6808.0,4.475,24.6,26.68125,-0.13039202490155744,661.6681759982638
0.9989583333333333,21.215625,13956.303125,0.22119444696131144,0.009452547733214498,0.4815293170654801,0.0055263414951810365,11.490885416666666,0.7316492365100408,0.20631701475879477,0.24894812593827842,0.25295049679441106,5.410546875,239.4625,0.0031284695845896935,37.5140625,28241.546875,0.01729998703568602,68.1375,54538.421875,0.02690142102524219,2209.0,4232.0,13735.0,302.0,2793.0,6718.0,4.443359375,24.559375,26.6125,-0.13625319065266928,663.0212141927082
0.9997395833333333,21.2984375,13961.408333333333,0.2218266030134065,0.009425163376153952,0.4856366771546707,0.0055479128679343575,11.565364583333333,0.7397843151639645,0.20701617976722506,0.24946272670087094,0.2534321723106679,5.484765625,227.6859375,0.003146179710299591,37.55,27603.31875,0.01723896057780225,68.3015625,55254.3875,0.026727300837923094,2208.0,4185.0,13780.0,288.0,2760.0,6788.0,4.5140625,24.640625,26.6953125,-0.13372488968242016,662.1406225585938
1.0,21.301041666666666,13959.244270833333,0.22197076022860754,0.009324289923962984,0.4793714807688202,0.0055485912129894935,11.528125,0.7427258056628686,0.20713895441516,0.2495860804823165,0.2536826632286888,5.46328125,203.77890625,0.0030670725756946067,37.4703125,27656.7125,0.017047366930167573,68.4828125,55283.6375,0.026630082310831908,2194.0,4317.0,13714.0,300.0,2813.0,6750.0,4.475390625,24.6,26.6671875,-0.13469765008721699,666.2124989149306
1.0,21.341666666666665,13943.5015625,0.2221092657723366,0.009318552910639384,0.48701223152997614,0.005559173395849613,11.551041666666666,0.7387983209683717,0.20727553824329287,0.2497085736616349,0.2538448679992132,5.444921875,191.7765625,0.0030403622746707675,37.7640625,28075.896875,0.017098020420089524,68.50625,54818.00625,0.02665184794506371,2194.0,4266.0,13847.0,304.0,2779.0,6771.0,4.48515625,24.6734375,26.6921875,-0.13705046947621324,669.5410763888889
1.0,21.2578125,13968.980729166668,0.22193841434777276,0.009378086992193144,0.4827092333560959,0.005537330685074238,11.383854166666667,0.7461717505818939,0.2072224989799479,0.2493822999070133,0.2533581902598317,5.49375,188.78515625,0.00311463272230494,37.5578125,28165.7,0.01712817847813748,68.0140625,54893.04375,0.026681812585801636,2198.0,4286.0,13662.0,300.0,2774.0,6685.0,4.508984375,24.2,26.0671875,-0.13432535055034614,659.0210327148437
0.9994791666666667,21.380208333333332,13922.7578125,0.22208819070598404,0.00932771642120032,0.4859719789960836,0.005569212902665625,11.598177083333333,0.7429963459196103,0.20725187388333172,0.24974358013958092,0.2537780685629965,5.50625,206.64296875,0.0031084462748230167,37.7859375,27847.50625,0.016990649886086198,68.4703125,54862.46875,0.02654186354182366,2218.0,4300.0,13757.0,306.0,2755.0,6790.0,4.5328125,24.709375,26.7484375,-0.1348656019323461,667.6137749565974
1.0,21.29375,13968.9078125,0.22181891151873412,0.00916699024743631,0.48189116590770187,0.005546691846835114,11.556510416666667,0.7440563545641327,0.2069638071582724,0.249639125167156,0.2534191153121593,5.392578125,233.72421875,0.0030002557162681015,37.7328125,28282.103125,0.0168250224524796,68.459375,54596.446875,0.026175896167065844,2190.0,4388.0,13748.0,324.0,2784.0,6725.0,4.45703125,24.7453125,26.765625,-0.13897218763725275,669.1835026041666
0.9997395833333333,21.233333333333334,13981.125520833333,0.22135206231426477,0.009164140266455708,0.48080933415413984,0.00553095424155596,11.534895833333334,0.7485037284144427,0.2065272788066163,0.24909277054563378,0.2529104881134896,5.42421875,221.67421875,0.003009371543065847,37.428125,27527.478125,0.0167657051728071,68.275,55472.578125,0.026181650253663768,2205.0,4305.0,13672.0,299.0,2747.0,6819.0,4.45390625,24.6921875,26.7015625,-0.13341041280048258,663.7163888888889
1.0,21.256770833333334,13982.124479166667,0.22161002128918816,0.009257298620043134,0.48027835389822415,0.005537059347052183,11.577604166666667,0.7539754489990934,0.20675622338204955,0.24928584455701497,0.2533493896499158,5.412109375,215.7609375,0.0030507199384159026,37.4953125,27610.64375,0.016915393147777104,68.396875,55419.059375,0.026425518818818088,2198.0,4266.0,13745.0,300.0,2804.0,6762.0,4.4796875,24.7109375,26.8359375,-0.13547020770459522,667.100735405816
1.0,21.31875,14029.6890625,0.22112048474756035,0.00906847807992359,0.47871715647882035,0.005553203959364418,11.575260416666667,0.7546662757744552,0.20609027013740505,0.24930085287663567,0.25306097505910624,5.423046875,335.56328125,0.0029475372476339226,37.5984375,27933.64375,0.016581181368789964,68.621875,54902.2375,0.026039538120215883,2251.0,4247.0,13783.0,301.0,2779.0,6863.0,4.44140625,24.834375,26.8515625,-0.13258797950117707,670.6452734375
0.9997395833333333,21.2984375,13959.821875,0.2217783176652491,0.009237493650076483,0.4791890335659417,0.0055479128679343575,11.58125,0.751082092289634,0.20684400174723921,0.24974642251979415,0.2535474764827436,5.466015625,272.6125,0.003073354120802945,37.440625,26749.0296875,0.01683928209292793,68.4859375,55919.4515625,0.0262922633243192,2217.0,4262.0,13718.0,296.0,2784.0,6802.0,4.50703125,24.6765625,26.7828125,-0.1327833035315547,668.328643391927
1.0,21.278125,14040.1953125,0.22097842788567915,0.00935685120670495,0.4781628554371353,0.005542621776504298,11.579947916666667,0.7430606550154207,0.20601511059625227,0.2488628146963378,0.25294731023272793,5.42265625,275.6859375,0.0030469636482314344,37.4921875,27770.5875,0.01716122435867059,68.4859375,55367.840625,0.026792028288633363,2173.0,4353.0,13675.0,315.0,2781.0,6827.0,4.4765625,24.7625,26.8109375,-0.1322295813942551,666.035146484375
0.9997395833333333,21.2703125,14038.664583333333,0.22071643342963207,0.009256434234728078,0.4764776222987584,0.005540586741338891,11.543229166666666,0.7458067043757193,0.20572779964177235,0.24869724319133812,0.2526901588193652,5.440234375,266.60546875,0.0030300834776527496,37.475,27929.4671875,0.01695365785508339,68.3859375,55236.0984375,0.026464613642674096,2201.0,4284.0,13698.0,307.0,2770.0,6836.0,4.462890625,24.6984375,26.709375,-0.130303108740985,665.699326985677
0.9994791666666667,21.2921875,14001.203125,0.2210472086274041,0.009368228617546794,0.48229646294183026,0.005546284839802032,11.59765625,0.7359898241236761,0.20613800411802918,0.24885935502754677,0.2528718802647611,5.430078125,251.5859375,0.003097932445310739,37.4671875,27540.925,0.017082839847195948,68.565625,55459.95,0.026734802076841868,2163.0,4375.0,13663.0,316.0,2736.0,6866.0,4.465234375,24.8390625,26.8859375,-0.13409115183050063,666.302647298177
0.9989583333333333,21.340104166666666,13928.028645833334,0.22151110183020692,0.00928005240346455,0.48518712992819174,0.0055587663888165325,11.56953125,0.7406340760988944,0.20648602651484546,0.24970796737688375,0.25341453754497584,5.405859375,218.534375,0.0030595684757093876,37.6328125,27179.796875,0.016990418221362907,68.784375,55514.2375,0.02645162229658684,2204.0,4327.0,13781.0,315.0,2764.0,6837.0,4.457421875,24.821875,26.765625,-0.1371690495617145,675.6187041558161
0.9994791666666667,21.3140625,13982.974479166667,0.22122258908833034,0.009252194061018565,0.4845416700127306,0.0055519829382651735,11.534375,0.741001392859761,0.20624704119841689,0.24927527967054058,0.2530720900657741,5.4203125,215.6484375,0.0030585468159220414,37.6734375,27703.215625,0.016968229010972596,68.5296875,55332.0375,0.02631074809145063,2198.0,4317.0,13742.0,305.0,2802.0,6763.0,4.45859375,24.7171875,26.6546875,-0.13692951019169103,670.6034480794272
0.9994791666666667,21.4015625,14020.991145833334,0.22085974108394743,0.009387625844955023,0.48246902070461956,0.005574775332117739,11.579166666666667,0.7453456961378404,0.2058375463033207,0.24885382986846363,0.2529544314219379,5.428125,293.51640625,0.0030874877938938334,37.7078125,27426.0125,0.017154382392671357,68.9890625,55525.86875,0.026821421501483443,2213.0,4338.0,13799.0,302.0,2809.0,6862.0,4.4328125,24.85,26.89375,-0.13625898959977645,676.5137475585938
0.9994791666666667,21.305208333333333,13982.673958333333,0.22133530718574154,0.009299746597417067,0.4784243227884473,0.005549676565077711,11.522135416666666,0.7489121400283577,0.20633620198630576,0.24935248682949157,0.25331454833973455,5.3953125,221.64765625,0.0030492484360508726,37.64375,27770.996875,0.017060000182042335,68.60625,55238.45625,0.02654148565825658,2216.0,4311.0,13743.0,316.0,2799.0,6813.0,4.441796875,24.6625,26.703125,-0.13559071535290673,671.600597873264
0.9994791666666667,21.422395833333333,13952.10625,0.22165995613280381,0.009482716325296967,0.4824800030849316,0.005580202092558826,11.613802083333333,0.741241399431086,0.20664924398139664,0.2496854361359664,0.25367732473526977,5.4421875,245.596875,0.003159258804014004,37.75625,27638.63125,0.01733159159471917,69.009375,55091.61875,0.026927671141006616,2194.0,4370.0,13779.0,293.0,2794.0,6885.0,4.48671875,24.8546875,26.88125,-0.13619454597042188,675.3194984266494
0.9994791666666667,21.333854166666665,13998.855208333332,0.22117584416165934,0.009347854295531373,0.4843836128077882,0.005557138360684206,11.509375,0.738946803056566,0.20612351867676745,0.2493774210189244,0.2531835692439618,5.39375,287.534375,0.0030873201254972516,37.70625,27725.25,0.017154027149150264,68.721875,55117.74375,0.026583818122048963,2204.0,4328.0,13769.0,279.0,2813.0,6831.0,4.427734375,24.69375,26.6515625,-0.13759882067868245,673.8031247287325
0.9994791666666667,21.40625,13977.5015625,0.221446827003793,0.009184247249370225,0.48660635308196837,0.005575996353216983,11.425,0.7300486618004867,0.2064236574358041,0.24948941444199857,0.2534969178375432,5.398046875,227.63046875,0.002996194758058921,37.8203125,27542.0328125,0.016804770810009945,69.025,55412.4546875,0.02631593365397572,2196.0,4391.0,13775.0,303.0,2815.0,6871.0,4.4484375,24.45,26.30625,-0.13887058199923877,676.9818359375
0.9997395833333333,21.323958333333334,13981.202083333334,0.22162240910842226,0.009203815494518071,0.4847372897686762,0.005554560649474689,11.427864583333333,0.7568755800889062,0.20669716657068796,0.24962298781356157,0.2533228005542202,5.412890625,233.67265625,0.003040001434101678,37.7859375,28394.459375,0.01686181477576059,68.50625,54558.0625,0.026201072454941122,2221.0,4295.0,13789.0,286.0,2801.0,6779.0,4.46953125,24.465625,26.2234375,-0.13930281037023243,667.5627593315971
1.0,21.300520833333334,14045.560416666667,0.221063047220334,0.009262240717192083,0.4819826963253761,0.005548455543978466,11.550260416666667,0.7491503044233073,0.2061124548747709,0.24898948152563158,0.2529389822972891,5.40234375,263.6796875,0.0030305648205549316,37.5625,27908.128125,0.017002230087343577,68.63125,55310.515625,0.026448954933589196,2202.0,4350.0,13647.0,300.0,2809.0,6851.0,4.455078125,24.728125,26.753125,-0.13547505087342454,666.3826038953993
0.9994791666666667,21.179166666666667,13971.946354166666,0.22125442049684188,0.009266300879470283,0.48412151322612773,0.005516844664409134,11.43203125,0.75378713358253,0.20640314475667507,0.24927790468003092,0.2526360392743202,5.430078125,257.56328125,0.00309892303952728,37.4671875,27554.38125,0.01700065155331785,67.8875,55247.04375,0.026201461565394723,2176.0,4328.0,13631.0,301.0,2790.0,6637.0,4.48125,24.4671875,26.2,-0.13892104997225324,652.3460243055556
0.9994791666666667,21.244270833333335,13983.640625,0.2213948415085581,0.00921504867442261,0.48356864960231083,0.0055338032907875315,11.389322916666666,0.7311775233518841,0.20646299964982617,0.2494307174982921,0.25308633295375166,5.396484375,272.56171875,0.0030461037606621796,37.5015625,27791.0890625,0.01691323750972496,68.378125,55020.5078125,0.02619263949416198,2179.0,4283.0,13702.0,282.0,2849.0,6731.0,4.45859375,24.3578125,26.14375,-0.13914807497751994,664.064290093316
0.9994791666666667,21.20625,14000.478125,0.2210095013379939,0.009366685003847486,0.48111164831267506,0.005523899452982548,11.522916666666667,0.7426564495530013,0.20612679688097946,0.24894419052833966,0.2526056299757061,5.43671875,245.6078125,0.003109504013145905,37.45625,27715.428125,0.01718688999682806,68.034375,55305.009375,0.026575203973673227,2179.0,4277.0,13681.0,307.0,2773.0,6694.0,4.4671875,24.6734375,26.5953125,-0.13564347757289802,656.9095442708333
0.9989583333333333,21.2328125,13937.680208333333,0.22133017360159205,0.009116725313305976,0.47904305093875216,0.005530818572544933,11.39921875,0.7465842470625751,0.20639315171563907,0.24941217654854117,0.2529962581984546,5.403125,230.50234375,0.002966076340202504,37.5921875,27902.434375,0.01680730295388504,68.1921875,54801.6375,0.026028743565140795,2212.0,4231.0,13777.0,312.0,2762.0,6728.0,4.471484375,24.403125,26.10625,-0.1389125841690762,659.8947566731771
1.0,21.316666666666666,13963.914583333333,0.22177841702538909,0.009252544392249734,0.48692084774660704,0.0055526612833203095,11.44140625,0.7297449179046129,0.20691397471853729,0.2495789000631059,0.25343570321507947,5.4,215.75859375,0.0030762973160912027,37.734375,27726.978125,0.01695917356751113,68.565625,55193.475,0.02625090352162246,2192.0,4291.0,13792.0,288.0,2823.0,6747.0,4.462109375,24.5296875,26.2703125,-0.14098539654646444,666.249201388889
0.9994791666666667,21.239583333333332,13976.517708333333,0.22143781740691476,0.009096010876124777,0.48321852822131034,0.005532582269688287,11.388020833333334,0.7439921530161844,0.20657598076874528,0.2492811023165289,0.25304187904997855,5.427734375,248.56875,0.0030215735247194606,37.6046875,28119.3953125,0.016671690975958393,68.121875,54745.4359375,0.02581808018191243,2185.0,4244.0,13768.0,276.0,2762.0,6745.0,4.489453125,24.3078125,26.0625,-0.13861383015749196,661.3634331597223
0.9997395833333333,21.333854166666665,13948.166666666666,0.2218988777402427,0.009094021986305417,0.49012853736402157,0.005557138360684206,11.58828125,0.7526183442787041,0.20708278237469346,0.24953259692013283,0.25352954002254935,5.458203125,191.7265625,0.0030252027755681117,37.5890625,27840.865625,0.01657132883543824,68.58125,55081.228125,0.025891991980121813,2176.0,4286.0,13775.0,292.0,2758.0,6821.0,4.48828125,24.759375,26.8171875,-0.1373872697421628,667.0708330620658
0.9997395833333333,21.243229166666666,13949.14375,0.22173497208897325,0.009255881047075318,0.48440314048726135,0.005533531952765477,11.48671875,0.743104420526148,0.20693587862598503,0.24938241402840372,0.2532839040014956,5.441015625,197.696875,0.0030955260875398026,37.3859375,27241.8328125,0.016871245020029672,68.309375,55662.2421875,0.026281936912263028,2146.0,4345.0,13610.0,296.0,2731.0,6833.0,4.490234375,24.5328125,26.4265625,-0.135892144017536,661.881985405816
0.9997395833333333,21.371354166666666,13952.1109375,0.22180716919295082,0.009351204464582184,0.48839785662685997,0.005566906529478163,11.566666666666666,0.7437184704993541,0.20697350707686982,0.2495634007925256,0.25338558605770023,5.475390625,236.61171875,0.0031325351852168767,37.71875,27343.021875,0.01704114890336597,68.6078125,55423.196875,0.026535937143259625,2152.0,4292.0,13804.0,308.0,2743.0,6835.0,4.51171875,24.7171875,26.6359375,-0.1366868667032087,667.5449085828993
1.0,21.352604166666666,13916.697916666666,0.22243762480637727,0.009407763778478583,0.4847975206660212,0.005562022445081184,11.60625,0.7487133204868649,0.2076213613377203,0.2500933662251687,0.25404693726221395,5.437890625,176.8203125,0.003167644275588658,37.63125,27355.91875,0.017127399707449618,68.7328125,55436.9875,0.026648605861067255,2197.0,4305.0,13810.0,310.0,2743.0,6819.0,4.502734375,24.8046875,26.821875,-0.13900794043398781,669.6454619683159
0.9997395833333333,21.393229166666668,13949.113020833332,0.2218569822842922,0.009366730260811144,0.4832915743146782,0.005572604627941304,11.581770833333334,0.7560803408399269,0.20693594518584774,0.2496958478693565,0.2537022650930056,5.4171875,242.68125,0.003098779980674745,37.8921875,27867.128125,0.017131249260369717,68.7984375,54856.825,0.026674012381798173,2226.0,4297.0,13885.0,299.0,2788.0,6804.0,4.472265625,24.8359375,26.765625,-0.1396523927343203,673.2031833224826
0.9997395833333333,21.500520833333333,13931.447916666666,0.2221043927089882,0.009511959649393666,0.48673745833444587,0.0056005524442129025,11.694010416666666,0.7542210702260119,0.20717382505393686,0.25003941666342755,0.25389163937475434,5.455859375,233.6703125,0.0031993580361509627,38.009375,27811.3890625,0.01732455869001063,69.1703125,54842.6171875,0.02694976706174751,2204.0,4352.0,13887.0,281.0,2822.0,6856.0,4.517578125,25.021875,27.071875,-0.14023333241254285,678.2901038953994
1.0,21.430729166666666,13933.04375,0.22230627458379787,0.00950749082244673,0.49196929890735935,0.005582372796735261,11.688802083333334,0.7571147349746032,0.20749545563017682,0.24985213265339903,0.2540036923286809,5.451171875,203.74453125,0.0032350648264352936,37.7546875,27134.453125,0.017240790610464567,69.025,55648.83125,0.02686389501847463,2165.0,4322.0,13833.0,280.0,2792.0,6887.0,4.505078125,25.028125,27.084375,-0.13907270899265853,672.0316598849826
1.0,21.4546875,13967.547395833333,0.22192936259533075,0.009227888172343752,0.4872756397508889,0.005588613571242511,11.64140625,0.7453693588716529,0.20702707541789084,0.24960951240474882,0.2538583614956719,5.45,260.684375,0.0030764332409825776,37.7953125,27264.171875,0.016796333807799844,69.1328125,55498.375,0.02626526226233236,2190.0,4416.0,13779.0,304.0,2825.0,6839.0,4.480078125,24.93125,26.996875,-0.1379657851216171,675.8724259440104
0.9997395833333333,21.521354166666665,13899.658333333333,0.222482217991538,0.009231958376480569,0.4888270199623929,0.00560597920465399,11.603125,0.7425038116212096,0.20758041926955523,0.25010063218955203,0.2544709986814552,5.50078125,179.771875,0.003095855042533961,37.8828125,27333.084375,0.016765156143830375,69.2421875,55345.778125,0.026243173944917188,2170.0,4402.0,13797.0,284.0,2848.0,6854.0,4.519140625,24.7890625,26.753125,-0.13675946956062118,677.7896481662326
0.9997395833333333,21.459895833333334,13955.394791666668,0.22189047216810295,0.009387130368524451,0.48823452425922687,0.005589970261352783,11.6390625,0.7577846273329611,0.20691745126685873,0.2497772869019883,0.2538957410391943,5.429296875,245.671875,0.003146844179025398,37.853125,27116.95,0.017082771347648733,69.1890625,55632.73125,0.02665263414739638,2181.0,4307.0,13889.0,306.0,2824.0,6852.0,4.490234375,24.9203125,26.953125,-0.14045690616632917,677.6562041558159
0.9994791666666667,21.491145833333334,13931.771354166667,0.2219623853716871,0.009505226043287655,0.49326919711307815,0.005598110402014414,11.673958333333333,0.7529748200567093,0.20702759105641935,0.24976321755717862,0.2539007304472666,5.451953125,218.6421875,0.0032281483681317947,37.878125,27297.240625,0.017241401836226578,69.2609375,55418.81875,0.02687736095097216,2179.0,4331.0,13862.0,296.0,2826.0,6856.0,4.4984375,25.0125,27.0375,-0.14117507690334666,678.2514841037327
1.0,21.484375,13940.806770833333,0.2222328664753985,0.009412386260338303,0.49060893950656875,0.00559634670487106,11.65703125,0.7428848484848485,0.20738509790114373,0.24976568298909269,0.2540911242587235,5.467578125,218.7546875,0.0031906402516190383,37.865625,27941.671875,0.01704293804021101,69.1703125,54828.15,0.02666881851534265,2189.0,4328.0,13786.0,307.0,2846.0,6867.0,4.522265625,24.871875,26.98125,-0.1371684915654163,677.849755859375
1.0,21.368229166666666,13947.477083333333,0.22207714570748535,0.009405525680984354,0.48776426676989904,0.0055660925154119995,11.59609375,0.7212567333707071,0.20730653513850145,0.24940002372494852,0.25383670996595786,5.45703125,200.803125,0.003200190420820337,37.45625,27296.98125,0.016959397389089276,68.925,55584.66875,0.026672995013535494,2182.0,4327.0,13668.0,307.0,2780.0,6894.0,4.48515625,24.7546875,26.88125,-0.1357975069455115,668.5529489474826
0.9994791666666667,21.295833333333334,13959.054166666667,0.22152145725607084,0.009108237417730312,0.4842609304068973,0.005547234522879222,11.5765625,0.722999413030718,0.2066104329806469,0.24926578635879845,0.2534212252550388,5.44921875,203.6765625,0.0030234055014573442,37.4015625,27888.915625,0.01658547887682752,68.5765625,55050.703125,0.025970323623724968,2181.0,4277.0,13726.0,289.0,2775.0,6842.0,4.4828125,24.715625,26.8125,-0.13493610619357546,664.3255034722223
0.9997395833333333,21.3578125,13958.580729166666,0.22190548422511916,0.009191173598925517,0.4906877306223036,0.005563379135191456,11.607552083333333,0.7348257614553613,0.2070299587491713,0.24947769827363658,0.2538353720803933,5.449609375,188.7515625,0.003063783742568792,37.5375,26843.0375,0.016707158627623155,68.8109375,56153.440625,0.02618474799565478,2186.0,4347.0,13674.0,302.0,2807.0,6826.0,4.51640625,24.7375,26.8421875,-0.13832763874566553,670.2047827148438
1.0,21.371354166666666,13990.041666666666,0.22171731218938717,0.00914010148782466,0.4877011575725115,0.005566906529478163,11.5953125,0.7579509175541638,0.20683150572490527,0.24939085164976857,0.2535869985869333,5.4390625,266.6765625,0.003043819041531019,37.7046875,28460.5625,0.01663195045199825,68.7671875,54412.98125,0.026033382308825646,2237.0,4304.0,13738.0,306.0,2792.0,6837.0,4.503515625,24.746875,26.8109375,-0.13844592709536688,670.7334502495661
0.9997395833333333,21.31875,13947.180729166666,0.22185824961382528,0.009293456630567971,0.4855041246564081,0.005553203959364418,11.59140625,0.7365630802306264,0.20702279054091619,0.24934552839818186,0.253712807121105,5.40859375,227.6609375,0.0030827808780361935,37.615625,28054.6875,0.016918304208815994,68.6625,54717.753125,0.026511312062447067,2205.0,4245.0,13721.0,309.0,2820.0,6827.0,4.493359375,24.7546875,26.8203125,-0.1378022320638563,668.0718359375
0.9997395833333333,21.336979166666666,13956.655208333334,0.2219258778370028,0.009264316895978076,0.48297511709845425,0.005557952374750369,11.556770833333333,0.7356408816852589,0.20701934114982112,0.24950311902962988,0.2539747833931024,5.44375,236.68203125,0.0030957057228462323,37.721875,28361.34375,0.01685190869368234,68.525,54431.859375,0.026351169790801203,2180.0,4307.0,13725.0,288.0,2800.0,6798.0,4.521875,24.5828125,26.6703125,-0.13819473573574634,667.8192575412327
0.99921875,21.276041666666668,13932.668229166668,0.22158721320414193,0.009246898780227837,0.4853145850281342,0.005542079100460189,11.555208333333333,0.7317258261933904,0.20667820118142366,0.24934534816565684,0.25346512633350005,5.4125,191.63984375,0.0030592788872174483,37.4671875,27744.959375,0.016854998773452968,68.5390625,55084.490625,0.026389278359044265,2192.0,4234.0,13745.0,306.0,2807.0,6792.0,4.478125,24.73125,26.6875,-0.13759035278667414,663.4461968315971
1.0,21.2125,13957.215104166668,0.221988417026972,0.009115296610587336,0.48118059967796045,0.005525527481114873,11.592708333333333,0.7487477902180318,0.207144991800963,0.2496840880240415,0.25366644693393836,5.434765625,221.74765625,0.003008266891986457,37.434375,27862.690625,0.016689642049746153,68.1015625,54993.609375,0.025969070045832036,2179.0,4307.0,13678.0,296.0,2789.0,6725.0,4.505859375,24.7515625,26.78125,-0.1343857584049335,658.1788020833333
0.9997395833333333,21.39375,13911.569791666667,0.2221707395432053,0.00915826826570104,0.4873409106467797,0.005572740296952331,11.584895833333333,0.7415278995033596,0.20718015333236312,0.25018383421681567,0.2541199897129637,5.41640625,179.759375,0.0029779595828305708,37.81875,27458.425,0.016813489185235595,68.878125,55291.95625,0.026224282077648355,2219.0,4363.0,13765.0,289.0,2833.0,6831.0,4.459375,24.834375,26.8375,-0.1366495201610447,675.8850651041668
0.99921875,21.405208333333334,13905.189583333333,0.22181839231977457,0.009154300785058014,0.49098690285172636,0.00557572501519493,11.56328125,0.7345856246046036,0.20690501686763554,0.2496238490441446,0.2536664374039607,5.4359375,185.653125,0.0029968440657926814,37.784375,27473.428125,0.01678256168006138,68.903125,55215.096875,0.02615586676711597,2233.0,4305.0,13766.0,318.0,2835.0,6794.0,4.47734375,24.7546875,26.715625,-0.13843954227695676,674.6321603732639
0.9994791666666667,21.275520833333335,13920.509895833333,0.22189845614611226,0.009137996689690984,0.48364391059438794,0.005541943431449162,11.561979166666667,0.7427844010869299,0.20703045372712908,0.24962086338586326,0.2536480585822939,5.423828125,230.640625,0.0030029166113242365,37.5078125,27559.2828125,0.016741348753925946,68.45,55041.2140625,0.026074964938923008,2189.0,4336.0,13680.0,300.0,2846.0,6748.0,4.47578125,24.721875,26.746875,-0.13431499081290124,665.756379937066
1.0,21.3515625,14027.053125,0.22133041981442947,0.009281060254946183,0.48107609909630245,0.00556175110705913,11.538541666666667,0.7218685205512867,0.20637284573573078,0.2491829952787314,0.25330814066492235,5.43125,332.60078125,0.0030739285180858265,37.7015625,27724.5203125,0.016955425630605907,68.6828125,55107.3953125,0.026435221826727882,2204.0,4298.0,13836.0,301.0,2808.0,6776.0,4.454296875,24.7125,26.7015625,-0.13665654169252792,669.1665079752604
0.9994791666666667,21.369270833333335,13957.4421875,0.2216794062223895,0.009236177780936022,0.48081656043457927,0.005566363853434054,11.51328125,0.7290453094152917,0.2066874414487027,0.24955879701097256,0.2537678745285533,5.404296875,248.6046875,0.003050700352538245,37.671875,27418.621875,0.01683277139305773,68.9265625,55331.6125,0.026381493882405425,2207.0,4311.0,13797.0,294.0,2795.0,6873.0,4.444140625,24.6390625,26.6640625,-0.13769280685148375,674.475618218316
1.0,21.5078125,13979.008333333333,0.22191785782523177,0.00931230785731488,0.48262311695007004,0.005602451810367283,11.584114583333333,0.7457077127981596,0.20695048661877252,0.24981884901339377,0.25388635146290683,5.433203125,227.76015625,0.0030479161623948644,38.0984375,28411.140625,0.017056498420011855,69.215625,54551.86875,0.02662568407429796,2179.0,4410.0,13883.0,303.0,2828.0,6850.0,4.46640625,24.8640625,26.775,-0.1387864237029407,679.5291056315104
1.0,21.334895833333334,14004.8984375,0.22136123172301936,0.009218321459336577,0.4846518413494432,0.0055574096987062605,11.58203125,0.745941459365769,0.20644200566146148,0.24921781065364454,0.25318155703862566,5.394921875,266.678125,0.0029895888677622176,37.734375,27951.10625,0.016941795675330378,68.6953125,55011.571875,0.026409777609640216,2218.0,4297.0,13757.0,306.0,2751.0,6895.0,4.442578125,24.8421875,26.8796875,-0.13559559816551794,669.6550322808159
0.9997395833333333,21.297916666666666,14010.028645833334,0.22130155269719634,0.009130220302163866,0.4856684722534294,0.00554777719892333,11.490625,0.7567983957742346,0.20635288546666208,0.24918575713858732,0.2532120171779425,5.4046875,275.6109375,0.0029790632359566263,37.5140625,27274.36875,0.016729944923214408,68.6546875,55683.359375,0.026135123945942286,2209.0,4299.0,13693.0,291.0,2800.0,6864.0,4.455859375,24.5828125,26.5375,-0.13563610911369006,668.8971831597223
0.9997395833333333,21.351041666666667,13937.5265625,0.22196385590764,0.00911241502311073,0.4862957745662256,0.005561615438048103,11.4984375,0.7465970629848271,0.2070025626304291,0.2499479964036831,0.2538248885204406,5.41484375,206.728125,0.0029637826986221383,37.7375,27572.503125,0.016770349006334867,68.709375,55225.74375,0.02604901033784097,2241.0,4263.0,13807.0,316.0,2754.0,6823.0,4.452734375,24.6609375,26.51875,-0.13847780606704244,672.9595822482638
0.9997395833333333,21.354166666666668,13943.9234375,0.22181798813298848,0.009126152964368143,0.49045014333389186,0.005562429452114266,11.51640625,0.7482439024390244,0.20688572821477594,0.24976415554709627,0.2536008603917307,5.40859375,176.7625,0.0029686756422820015,37.715625,27897.3359375,0.016811947517057398,68.775,55059.1546875,0.026070267700023464,2188.0,4357.0,13765.0,300.0,2783.0,6852.0,4.446875,24.6671875,26.64375,-0.13656895596773158,671.8907118055556
0.9997395833333333,21.319270833333334,13990.725,0.22131648231218162,0.00910245781495033,0.48044430254128145,0.005553339628375445,11.446354166666667,0.744118437446559,0.206313204703364,0.2493466295582291,0.2532994455014045,5.421484375,206.72421875,0.0029448035105736387,37.6328125,27581.115625,0.016780573631685107,68.596875,55536.3375,0.026054959215722318,2174.0,4311.0,13779.0,316.0,2756.0,6837.0,4.465234375,24.453125,26.3640625,-0.1347257077996898,668.2225453016493
0.9997395833333333,21.346354166666668,13985.9703125,0.22150447399212433,0.009149392407345972,0.48367851253666466,0.005560394416948858,11.532552083333334,0.7391728681224838,0.2064477829573425,0.24966407701740626,0.25357163510596975,5.41875,188.75234375,0.002966965283600617,37.6890625,27484.75625,0.01682583415602213,68.7140625,55676.05625,0.02620265915365123,2201.0,4294.0,13776.0,305.0,2762.0,6868.0,4.465234375,24.6890625,26.6453125,-0.13658708835482652,671.7289971245659
1.0,21.35625,14013.396875,0.2214659695804276,0.008939719953282974,0.4868754319382539,0.005562972128158375,11.46328125,0.7558286996390596,0.2063179592713924,0.24977407969043003,0.25374990070656606,5.348046875,212.784375,0.002882855471846945,37.7484375,27830.815625,0.01644164473967381,68.996875,55398.428125,0.02566525309263626,2181.0,4305.0,13858.0,301.0,2791.0,6869.0,4.413671875,24.603125,26.521875,-0.1428291088698951,679.4178776041666
1.0,21.477083333333333,13995.869270833333,0.22170714208697773,0.009048614707274086,0.49108841819166765,0.0055944473387166795,11.552864583333333,0.7470899214278786,0.20668050226835769,0.24978800271335788,0.25373284073507785,5.456640625,221.7609375,0.002971359468938338,37.878125,27259.034375,0.016583043459046633,69.1578125,55829.1375,0.025823206908844532,2197.0,4356.0,13817.0,300.0,2793.0,6864.0,4.5078125,24.675,26.6109375,-0.14211426027725893,679.3984331597223
1.0,21.418229166666666,13945.941145833332,0.22217894425551662,0.00916632220111271,0.49110446832653076,0.005579116740470609,11.602083333333333,0.7489725944118862,0.20724184144351215,0.2501036569533238,0.2540026428057272,5.468359375,188.790625,0.0030257950935991046,37.7484375,27788.878125,0.01677365084294528,68.8875,55131.60625,0.02612110198933456,2187.0,4362.0,13700.0,314.0,2758.0,6909.0,4.517578125,24.7734375,26.76875,-0.13568426695782473,676.2063343641494
1.0,21.351041666666667,13957.224479166667,0.22193578312434106,0.009090149588872934,0.4873037583498684,0.005561615438048103,11.553125,0.7352539396009172,0.2069417782041743,0.2500188726691519,0.2538287132601972,5.440234375,206.75078125,0.002971521541551107,37.56875,27525.05,0.016697961632962072,68.7765625,55391.29375,0.025956849734071096,2159.0,4359.0,13681.0,309.0,2752.0,6874.0,4.505078125,24.6265625,26.671875,-0.13772876707556655,674.9330197482639
1.0,21.436979166666667,13945.426041666668,0.22211469983158078,0.009013888652118903,0.49221297179375506,0.005584000824867587,11.56484375,0.7386233873514906,0.20713452394849888,0.2500245192979961,0.254125583897493,5.46875,212.77421875,0.0029591665077064754,37.6796875,27904.90625,0.016456380404715438,69.0671875,54916.553125,0.02579028547717207,2169.0,4352.0,13775.0,323.0,2768.0,6891.0,4.528125,24.68125,26.5953125,-0.13707837033196696,676.830403374566
1.0,21.427604166666665,13954.495833333332,0.22198196003724432,0.009045974826644354,0.4909474817987217,0.005581558782669098,11.58203125,0.74764833134829,0.20703952722322935,0.24988088584626053,0.253852765484288,5.472265625,182.79375,0.0029753579303891157,37.7953125,28029.3515625,0.016522340129222206,68.88125,54966.4484375,0.025852077109087445,2178.0,4336.0,13765.0,309.0,2809.0,6828.0,4.51328125,24.7078125,26.73125,-0.1368573992213138,678.0228838433159
0.9997395833333333,21.359375,13919.330208333333,0.22213883523135405,0.009055924109384045,0.48661877940927606,0.005563786142224538,11.503125,0.7482565227993172,0.20720241855492727,0.2500812933250024,0.2539420438434129,5.475390625,182.74609375,0.002965759226130889,37.68125,27452.665625,0.016609143045488283,68.5734375,55332.33125,0.02586336470629243,2191.0,4277.0,13757.0,301.0,2800.0,6791.0,4.514453125,24.53125,26.4296875,-0.1358815619512696,671.853662109375
0.9997395833333333,21.364583333333332,13961.778645833334,0.22180913366622068,0.008991862294738973,0.4853486958626145,0.005565142832334809,11.51484375,0.7461238420282789,0.20681377779755739,0.2498054695623783,0.2537942212447163,5.459375,209.70625,0.0029353159821397965,37.7109375,27940.590625,0.016488058084185898,68.6390625,54991.25625,0.02572185175568876,2209.0,4322.0,13692.0,288.0,2832.0,6818.0,4.494140625,24.5765625,26.5359375,-0.1344544947891805,673.3587456597222
0.9994791666666667,21.397395833333334,13925.25,0.22189034139802408,0.008999633316948873,0.4853935934201342,0.005573689980029522,11.45703125,0.7345860818343354,0.20688882811787773,0.2500084535163007,0.2537782824003324,5.48125,188.671875,0.002929269990186225,37.73125,28006.18125,0.016515576370160157,68.728125,54790.63125,0.025765143570788178,2199.0,4333.0,13762.0,290.0,2820.0,6812.0,4.508203125,24.471875,26.2375,-0.1343151409838966,670.3795765516493
1.0,21.381770833333334,13917.526041666666,0.2223058485546733,0.009054828933850902,0.4884520528368182,0.005569619909698707,11.503645833333334,0.7527586290892261,0.2075120353394701,0.24989146948634283,0.2538954804838166,5.4734375,167.83203125,0.0029983837871806183,37.684375,28309.640625,0.016557104767610742,68.7125,54524.1875,0.02577833368677221,2198.0,4238.0,13772.0,305.0,2797.0,6821.0,4.512890625,24.503125,26.4671875,-0.1374029894233393,670.0407093641493
0.9997395833333333,21.231770833333332,13958.819791666667,0.2216528261956192,0.009126871156286942,0.48165846265247547,0.005530547234522879,11.466666666666667,0.7490248988102539,0.20683584717806971,0.24923491547361998,0.2533386529878164,5.423046875,215.70078125,0.002996490551678075,37.315625,27752.009375,0.016715659201043488,68.3828125,55138.10625,0.02605960552996587,2170.0,4371.0,13565.0,306.0,2728.0,6845.0,4.448046875,24.5125,26.4953125,-0.13625349034421144,661.9014906141493
0.99921875,21.233333333333334,13922.94375,0.2216989658848562,0.009059140111360055,0.4830541551353151,0.00553095424155596,11.4578125,0.7531887755102041,0.20678672453375918,0.24943026541630764,0.253616631757793,5.399609375,209.61875,0.002973630628540043,37.325,27051.7265625,0.016564669446815422,68.4765625,55647.4609375,0.025895648707184738,2218.0,4295.0,13580.0,303.0,2813.0,6803.0,4.440625,24.4421875,26.5421875,-0.13753850450561847,666.4945138888888
0.99921875,21.35,13902.073958333332,0.22200911156597633,0.009277741320174848,0.4868398514204255,0.005561344100026048,11.536197916666667,0.7291910616705699,0.20712195007805495,0.2498857665152466,0.25368110256839155,5.456640625,203.60859375,0.003107525141836531,37.6296875,27788.81875,0.016960111745062935,68.64375,54809.190625,0.02627623560864003,2211.0,4262.0,13726.0,309.0,2741.0,6844.0,4.494140625,24.6546875,26.5859375,-0.13823805201888134,667.84
0.9997395833333333,21.40625,13946.111458333333,0.22192798622657903,0.009166836798006813,0.4853692395632779,0.005575996353216983,11.55546875,0.7329927007299271,0.20697420319992843,0.2498584842227592,0.2538126203370012,5.433203125,230.7015625,0.0030248511807936733,37.8125,27756.996875,0.016806245186248663,68.8921875,54996.865625,0.02609537087861752,2196.0,4291.0,13841.0,294.0,2802.0,6857.0,4.467578125,24.740625,26.721875,-0.13665492205219462,676.3188151041667
1.0,21.35625,13952.118229166666,0.22202061535767192,0.009039864997333412,0.48995987811784064,0.005562972128158375,11.466145833333334,0.7467320261437909,0.20713588824023216,0.24983189155961175,0.25374824762549103,5.47578125,167.82734375,0.002982050279266633,37.75,28257.15,0.016601854781191652,68.484375,54784.25,0.025709134085742286,2194.0,4285.0,13764.0,323.0,2692.0,6849.0,4.51328125,24.478125,26.265625,-0.1355894704289273,665.1480859375
0.9997395833333333,21.296354166666667,13933.133854166666,0.2220401064197232,0.009134985072143638,0.486832667176262,0.00554737019189025,11.570572916666666,0.7452615617892343,0.207192911043238,0.24990527251526196,0.2535637218301252,5.46875,161.7875,0.0030408981813033133,37.578125,28180.328125,0.016765525131965123,68.325,54771.325,0.025880792575683452,2186.0,4283.0,13691.0,295.0,2765.0,6773.0,4.49765625,24.75,26.6828125,-0.13582917381136714,661.4606117078994
0.9986979166666666,21.28125,13909.294270833334,0.22158571503756333,0.00904079189024349,0.4861129566901928,0.005543435790570461,11.436197916666666,0.7463044542339696,0.20664139079032853,0.24946889134446906,0.25347983571959676,5.4515625,212.44609375,0.0030032373642058046,37.6171875,27715.5984375,0.016587170937733493,68.2640625,54890.3828125,0.02564463094690424,2194.0,4191.0,13830.0,301.0,2746.0,6762.0,4.4875,24.4296875,26.2375,-0.1359642062300594,661.2458984375
0.9997395833333333,21.319270833333334,13959.1203125,0.22179932781450537,0.009393767901592593,0.4891838321509024,0.005553339628375445,11.588541666666666,0.7362030635428627,0.20699596877401802,0.24945632218045208,0.2533557696105081,5.45625,179.77109375,0.0031489467438593883,37.721875,27598.665625,0.017201943156820283,68.36875,55436.971875,0.026564877277297717,2168.0,4302.0,13718.0,310.0,2750.0,6776.0,4.514453125,24.7703125,26.703125,-0.13793262373750426,661.7230661349827
0.99921875,21.299479166666668,13896.780729166667,0.22197669336264075,0.009318361156760036,0.481616544159652,0.005548184205956412,11.486458333333333,0.750238415454212,0.20711546964499514,0.24985033634580178,0.25354794525006213,5.4828125,167.68984375,0.0031350010964758283,37.784375,28276.99375,0.017101150975578995,68.08125,54432.93125,0.026269011579077906,2153.0,4307.0,13801.0,301.0,2733.0,6703.0,4.526171875,24.5234375,26.290625,-0.1366492495763537,658.6759372287327
1.0,21.342708333333334,13921.6875,0.22241378117140082,0.00926682674749651,0.4886421789517267,0.005559444733871668,11.51328125,0.7438381570598858,0.20772287506007334,0.24973981500581371,0.2538513717822979,5.515625,203.7671875,0.0031485717746297373,37.628125,27672.90625,0.016870880996351367,68.365625,55042.15,0.026135792390108735,2175.0,4251.0,13699.0,296.0,2788.0,6762.0,4.577734375,24.4484375,26.3203125,-0.1347375666949901,660.8476551649306
0.9994791666666667,21.242708333333333,13889.734375,0.22228891129514095,0.009412809840745185,0.48601610107451154,0.00553339628375445,11.6046875,0.7464080812043348,0.2076458558971094,0.24962883387834847,0.25352121030405966,5.512890625,155.76171875,0.0032244965613880566,37.359375,27541.05625,0.017089661558325125,68.0453125,55174.303125,0.02648921124059376,2141.0,4278.0,13601.0,309.0,2718.0,6786.0,4.544921875,24.675,26.7734375,-0.1317250209083234,653.6457801649306
1.0,21.26875,13926.4640625,0.2222945890508509,0.009329955129535838,0.48228663731709176,0.005540179734305809,11.584635416666666,0.7513468508179058,0.2075696422387565,0.2498041203570524,0.25368484499302674,5.46953125,209.753125,0.003142045044365574,37.4890625,27715.565625,0.017039797813187842,68.2453125,55004.20625,0.026371752786564884,2179.0,4267.0,13705.0,303.0,2812.0,6726.0,4.49609375,24.75,26.7734375,-0.13352748706185127,657.8975651041667
1.0,21.206770833333334,13929.596354166666,0.22212492175130513,0.009454916420895425,0.4865395059784798,0.005524035121993575,11.603125,0.7367929857307759,0.20747937853989962,0.24949715957381838,0.25333485677441414,5.46015625,236.73125,0.003205058225622996,37.2640625,27200.140625,0.017233379057991518,68.1359375,55430.5125,0.02667588656488904,2205.0,4268.0,13573.0,309.0,2778.0,6739.0,4.495703125,24.8015625,26.834375,-0.13340786093287166,654.9192249891493
1.0,21.3171875,13951.386979166668,0.22200563144818064,0.009494255734298802,0.4852041975128468,0.005552796952331337,11.6328125,0.7453639228908597,0.20725532429277077,0.24967349457617088,0.25333899694182965,5.47578125,221.74140625,0.0032129927026288843,37.4671875,28034.55,0.01729836896241661,68.5328125,54786.80625,0.02681519463286066,2158.0,4304.0,13730.0,302.0,2803.0,6756.0,4.508984375,24.8484375,26.9125,-0.1362785664350834,663.1863712565103
1.0,21.292708333333334,13958.741145833334,0.22188662392557432,0.009538412608055106,0.4857796420614381,0.005546420508813059,11.61875,0.7521647668900738,0.20716750420672653,0.24928348143198384,0.25336624529455587,5.505078125,218.74609375,0.003226166030356662,37.471875,28043.53125,0.017369381124478903,68.2640625,54833.93125,0.026956430402425086,2175.0,4272.0,13700.0,303.0,2827.0,6702.0,4.526953125,24.7546875,26.85,-0.13219026872582518,660.2638009982638
1.0,21.3609375,13950.665625,0.22219686396408855,0.009350798930240434,0.48225458069445326,0.0055641931492576195,11.5828125,0.7430083144368859,0.2073674630669296,0.24987598719285647,0.2538353443239565,5.488671875,266.684375,0.003133358866913566,37.5640625,27416.79375,0.01708179155908552,68.646875,55220.4625,0.026489566554702814,2183.0,4294.0,13750.0,312.0,2800.0,6776.0,4.526953125,24.659375,26.7296875,-0.13430745089982993,669.324932454427
0.9997395833333333,21.277604166666666,13951.5484375,0.22172771849281794,0.00940144089225527,0.4815219894966588,0.0055424861074932705,11.421875,0.7328225589308007,0.20687445593200934,0.24950250493402987,0.2533659822948405,5.456640625,242.65,0.003156130833126375,37.3984375,26934.796875,0.017158098435573716,68.440625,55803.89375,0.026626023585452407,2180.0,4266.0,13704.0,311.0,2822.0,6735.0,4.489453125,24.353125,26.2203125,-0.1342303507149497,663.5005400933161
1.0,21.2234375,13949.075,0.22204623098920914,0.009290240869253837,0.479813443721888,0.0055283765303464445,11.528385416666667,0.716017570983337,0.2072380891469229,0.24973257649056851,0.2535924528569947,5.443359375,254.6953125,0.0031278941696207077,37.428125,27382.359375,0.016922934029703438,68.1390625,55293.309375,0.026306934507336753,2197.0,4209.0,13696.0,315.0,2726.0,6781.0,4.48828125,24.621875,26.5953125,-0.13578505508687555,660.9651798502603
1.0,21.278125,13950.510416666666,0.22202721633747338,0.009566909921309699,0.4869844921050697,0.005542621776504298,11.443229166666667,0.7366475742889314,0.207367192256664,0.24945628540701276,0.25323824359117164,5.478125,230.73203125,0.003266691930936921,37.446875,27729.884375,0.017349574459568588,68.309375,55050.25,0.026985117344541926,2188.0,4200.0,13761.0,310.0,2806.0,6716.0,4.512890625,24.4,26.2078125,-0.13400022607721934,659.0283756510416
1.0,21.258854166666666,13954.721875,0.222021628567931,0.009450314041326525,0.48476414498942977,0.005537602023096292,11.569791666666667,0.746306685939682,0.20726668252835018,0.2497217206321066,0.2533413206620787,5.454296875,212.7765625,0.003199511699281888,37.5921875,28396.215625,0.017212133822710047,68.14375,54481.009375,0.026691703628121555,2214.0,4263.0,13723.0,311.0,2760.0,6702.0,4.49375,24.734375,26.709375,-0.13759033610650134,659.7855986870659
1.0,21.274479166666666,13935.109375,0.22225522484904456,0.00925185495962778,0.48561452081734735,0.005541672093427108,11.551302083333333,0.7276421769040566,0.20749109445771427,0.249913456627959,0.2536535146354516,5.459765625,212.70703125,0.0030816280205912885,37.5078125,27613.58125,0.016941042819242764,68.3,55146.246875,0.02624357485615878,2196.0,4262.0,13709.0,319.0,2767.0,6762.0,4.48203125,24.69375,26.6859375,-0.13344098432977664,661.6246611870661
1.0,21.2359375,13991.824479166668,0.22162097040380405,0.00919798889780795,0.484189468329941,0.005531632586611096,11.413802083333334,0.7451745027346528,0.2068617431296323,0.24916001291587006,0.2531188369884251,5.435546875,233.72109375,0.003046760620079334,37.4328125,28215.45,0.016864794280859883,68.240625,54800.6125,0.026136096625670478,2220.0,4238.0,13663.0,299.0,2847.0,6721.0,4.497265625,24.3390625,26.1546875,-0.133135335267116,657.9297501627603
0.9997395833333333,21.21875,13963.753645833332,0.22164114029301132,0.009322355227705763,0.4814211038762454,0.0055271555092472,11.41171875,0.7578546882670594,0.20684360890939893,0.24929036252050168,0.2531820435999704,5.4234375,287.4859375,0.003106343224976641,37.4171875,27249.628125,0.017034565360902067,68.2015625,55382.95,0.026474193105425935,2202.0,4241.0,13738.0,321.0,2810.0,6694.0,4.459375,24.45625,26.1765625,-0.13383131091675543,658.4333984375
1.0,21.261979166666666,13979.830729166666,0.22183522590677096,0.009280211023628752,0.48399423513226175,0.005538416037162455,11.454427083333334,0.7554809788599564,0.2070321617334357,0.24963637772391464,0.25324633078296843,5.402734375,269.65859375,0.003087220303636719,37.5578125,27945.728125,0.017017237989989078,68.403125,54854.621875,0.02631514693723656,2224.0,4328.0,13713.0,321.0,2806.0,6717.0,4.4703125,24.5875,26.2578125,-0.13814687063250608,662.7647002495661
1.0,21.369791666666668,13958.5765625,0.2219876671346188,0.009332512352134335,0.4847846409209328,0.005566499522445081,11.557291666666666,0.7518888618084328,0.20721560578095993,0.2496155924048004,0.2534479872790727,5.48046875,272.59140625,0.0031234701253188787,37.6953125,27769.203125,0.017058294044739925,68.6015625,54891.890625,0.026442899566790568,2187.0,4346.0,13721.0,327.0,2758.0,6826.0,4.491015625,24.7484375,26.63125,-0.13289124065460572,666.2825249565973
0.99921875,21.225,13983.383854166666,0.22115294776441166,0.009110828975954003,0.484419735485602,0.005528783537379526,11.390364583333334,0.757140753828033,0.20624560972831354,0.24920483539291904,0.25273041228029663,5.444140625,272.45078125,0.0030287485621322695,37.4515625,27755.1625,0.016702096937906606,68.121875,55055.3375,0.025847882669288343,2175.0,4331.0,13650.0,312.0,2754.0,6737.0,4.45703125,24.4109375,26.103125,-0.13455168660554978,659.9837500000001
1.0,21.206770833333334,14004.2515625,0.22138608681907943,0.009231461027914733,0.4819974597293972,0.005524035121993575,11.55,0.738856006090822,0.20654724561114074,0.2492307530470777,0.25289678542283595,5.389453125,260.7125,0.0030709932590855618,37.4734375,27854.034375,0.016889511326551247,68.209375,55128.625,0.026215281804594908,2181.0,4331.0,13656.0,312.0,2727.0,6804.0,4.4359375,24.809375,26.746875,-0.1363343343494707,663.0905791558158
0.9994791666666667,21.148958333333333,13942.399479166666,0.2216321696711478,0.009283695967939853,0.4823671662581611,0.005508975861769558,11.565625,0.7394966261143673,0.2068054760059511,0.24948784171142266,0.2530832722916595,5.401953125,206.6796875,0.0031212449341341715,37.375,27927.325,0.01700358457965267,67.9109375,54900.353125,0.02621361149144976,2177.0,4299.0,13661.0,321.0,2717.0,6719.0,4.44140625,24.865625,26.7625,-0.13710630572422203,655.0699989149306
0.9989583333333333,21.111458333333335,13960.2265625,0.22117012815353157,0.009303702095284732,0.4800769993754657,0.005499207692975601,11.497916666666667,0.7513198796072433,0.2062454798289089,0.2492753383982663,0.25276351120728774,5.3703125,275.3890625,0.0031193600809043087,37.3546875,27635.85,0.01706700178279899,67.8328125,55023.953125,0.02627777046529218,2231.0,4224.0,13685.0,304.0,2745.0,6706.0,4.4046875,24.7203125,26.6484375,-0.1364607580188232,654.8099728732639
1.0,21.16875,13989.402864583333,0.22156628395183406,0.009341960703394873,0.4804441286282412,0.0055141312841885904,11.495572916666667,0.7526080110225372,0.20672482548842658,0.24945257619371866,0.2530458255635792,5.38125,236.725,0.0031125397194491167,37.5,28060.28125,0.017138141913484204,67.9875,54929.2359375,0.02646346342908857,2192.0,4310.0,13672.0,299.0,2763.0,6731.0,4.43359375,24.671875,26.5671875,-0.1371811164578071,657.5855859375
1.0,21.3109375,13942.225,0.22208944851129317,0.009666226054552715,0.4862035098414995,0.00555116892419901,11.619791666666666,0.7221692694967862,0.207339685468032,0.24979060896528954,0.25338734023034143,5.4625,197.78828125,0.003262577507363885,37.6078125,28389.478125,0.017682998491740102,68.4078125,54472.71875,0.02726404780612065,2192.0,4224.0,13831.0,286.0,2787.0,6764.0,4.5078125,24.875,26.8125,-0.1346790064600532,662.7986303710937
0.9994791666666667,21.205208333333335,13963.6796875,0.22141871723578074,0.009478709151393455,0.4851002968941095,0.005523628114960493,11.421614583333334,0.7555631969347153,0.2066499186219734,0.24912059664358485,0.2527920322832059,5.48046875,176.69296875,0.003184344235481096,37.3859375,27602.303125,0.01734193700589797,67.9234375,55473.003125,0.026792940960538376,2194.0,4271.0,13621.0,302.0,2783.0,6676.0,4.517578125,24.35625,26.103125,-0.1340811393309471,650.6683062065972
0.9997395833333333,21.377083333333335,13939.3875,0.22205622989680204,0.009425745518968956,0.48249371422587733,0.005568398888599462,11.559895833333334,0.7365022902251243,0.20724414408838335,0.24987787485651455,0.2534829281707644,5.49453125,218.6875,0.0032061214882904573,37.778125,27735.1,0.01719635614756313,68.50625,55026.475,0.026533631013088775,2173.0,4270.0,13867.0,303.0,2790.0,6727.0,4.512890625,24.7171875,26.590625,-0.13669580267717105,666.232287326389
1.0,21.186979166666667,13981.109375,0.22161949276351975,0.009339927915498016,0.4809939594503228,0.005518879699574542,11.36328125,0.7395462032006687,0.2067627451618576,0.2494621232879725,0.25320385264571565,5.37265625,233.74140625,0.003105067629270316,37.49375,27920.609375,0.017129154373729208,68.1375,55031.08125,0.026490142602177635,2173.0,4307.0,13707.0,307.0,2742.0,6758.0,4.431640625,24.31875,26.134375,-0.13924246776731364,662.7160804578994
1.0,21.260416666666668,13996.155729166667,0.22148271530639987,0.00942532822804852,0.48277503184065923,0.005538009030129374,11.551302083333333,0.7514943655071044,0.2066780769162088,0.24917482718739561,0.25300915698616844,5.4546875,245.70390625,0.0031879831846950172,37.56875,27860.8875,0.01720317182118773,68.175,55133.23125,0.02659686480832333,2177.0,4256.0,13743.0,315.0,2753.0,6741.0,4.4890625,24.7265625,26.625,-0.13552453295442876,657.5889539930555
0.9997395833333333,21.310416666666665,13951.31875,0.22183291887315573,0.009368225990219534,0.48208782661331756,0.005551033255187983,11.590625,0.7471649232574055,0.20696595422750103,0.24966443986635137,0.2534692564625788,5.444921875,242.68359375,0.003151726916407979,37.684375,27848.709375,0.01708406861150068,68.3984375,54888.46875,0.02651837966418461,2194.0,4357.0,13676.0,301.0,2788.0,6804.0,4.49140625,24.784375,26.79375,-0.1344585795761842,666.4270789930556
0.9994791666666667,21.308333333333334,13939.388541666667,0.22184154729060307,0.009518958452504507,0.4836162436433419,0.005550490579143874,11.566666666666666,0.7541063746578021,0.20704890430627013,0.24951790408552696,0.25333576243301115,5.451171875,242.5984375,0.003218628229255955,37.7046875,27685.684375,0.017347465055493984,68.340625,54980.253125,0.026891772742509246,2240.0,4279.0,13667.0,316.0,2798.0,6779.0,4.483984375,24.759375,26.7046875,-0.13365600331931798,663.5976388888888
0.9994791666666667,21.214583333333334,14006.197916666666,0.22106313176517745,0.009572083593647134,0.4844053701682636,0.005526070157158982,11.536458333333334,0.7558676225081017,0.2062765746207047,0.24869422261300542,0.25257826949524054,5.39921875,260.57265625,0.003228793166252339,37.5203125,28525.090625,0.017431887596127814,68.1703125,54469.80625,0.027085441300745618,2209.0,4225.0,13701.0,322.0,2814.0,6728.0,4.433984375,24.7640625,26.71875,-0.1362411004921636,657.7654123263889
0.9997395833333333,21.3,13972.8921875,0.22154411028124824,0.009479652075996362,0.48555099929614215,0.005548319874967439,11.60859375,0.7620549687010955,0.20676659358524258,0.2490882277923237,0.25311005955419547,5.447265625,293.571875,0.0032162015543893002,37.478125,27186.8953125,0.017234462742318015,68.5328125,55476.1703125,0.026778643496102962,2195.0,4293.0,13662.0,298.0,2822.0,6809.0,4.49609375,24.8421875,26.825,-0.1329116028912923,665.1162499999999
0.9997395833333333,21.3265625,13958.438541666666,0.22176453712818858,0.009414862579206108,0.4867755398768498,0.005555238994529825,11.4546875,0.736097882628764,0.20690464484481325,0.2495596897853371,0.2534089536045415,5.446875,242.63828125,0.0031620337556798493,37.6625,27903.8203125,0.017184464523787978,68.509375,54876.2578125,0.026656575928729276,2202.0,4338.0,13697.0,313.0,2790.0,6767.0,4.4796875,24.5375,26.271875,-0.13630057262243128,661.7975236002604
0.9997395833333333,21.397395833333334,13965.84765625,0.2216861342779004,0.009576181916257592,0.49113040959501775,0.005573689980029522,11.671354166666667,0.742399532653409,0.20685295265859835,0.24936861956220122,0.25333637547080773,5.472265625,218.678125,0.0032428086301209192,37.7078125,27740.2609375,0.017433821454030184,68.7875,55180.1125,0.027052035523031696,2207.0,4319.0,13714.0,295.0,2793.0,6858.0,4.517578125,24.959375,26.9984375,-0.13539999815738582,666.4269723849826
0.9994791666666667,21.308333333333334,14033.25625,0.22069819649588457,0.009641250423828737,0.4846007721558293,0.005550490579143874,11.636458333333334,0.7477512710207275,0.2058159113226458,0.24850122192357277,0.25242431176115165,5.4359375,275.50078125,0.0032394992774826257,37.63125,28346.81875,0.017588160876127627,68.475,54750.715625,0.027301344556914287,2198.0,4398.0,13619.0,323.0,2760.0,6806.0,4.473046875,25.0046875,26.921875,-0.13541225644192045,658.7340972222222
1.0,21.2734375,14035.875520833333,0.22116221093939323,0.009570534383904265,0.4869240746700728,0.005541400755405054,11.577083333333333,0.7577426857632513,0.20623749126872926,0.249162493590457,0.25286080697098534,5.419921875,323.5859375,0.0032301360968638405,37.546875,28081.6875,0.017457254995971522,68.4140625,54839.221875,0.027045406919998693,2190.0,4359.0,13665.0,319.0,2775.0,6749.0,4.465234375,24.7890625,26.8125,-0.13824101001528197,662.7210652669271
1.0,21.3515625,14009.411458333334,0.22141405262074265,0.009533934604726724,0.48307993511627934,0.00556175110705913,11.575,0.7534333455299427,0.20649938649230254,0.24925781258310983,0.25322895717213606,5.441796875,332.571875,0.003215874825181654,37.7640625,27946.365625,0.017377207176915856,68.578125,54779.815625,0.026962901150717866,2164.0,4392.0,13717.0,310.0,2785.0,6791.0,4.486328125,24.78125,26.7234375,-0.13689337266142573,667.0685913085938
0.9994791666666667,21.21875,13999.909895833332,0.22114738297116568,0.009602196713084175,0.4842910653466761,0.0055271555092472,11.520833333333334,0.7519636720667648,0.20633309579869957,0.2489510958392101,0.2526008187929857,5.44921875,284.47265625,0.0032654921758481976,37.4890625,27854.59375,0.017501511234066534,68.0265625,55006.975,0.02704970034104572,2186.0,4330.0,13638.0,294.0,2808.0,6688.0,4.453125,24.6953125,26.6171875,-0.13387987461908407,656.3641276041667
0.99921875,21.278125,13969.191145833332,0.2212292260734716,0.009643120849214178,0.48185933361428257,0.005542621776504298,11.426822916666667,0.7183139961815245,0.20626122050381893,0.24937769675602423,0.2529527776695296,5.437890625,185.64296875,0.0032266718869248118,37.60625,27799.4875,0.017672489535421602,68.3109375,55273.0875,0.02727954801216422,2175.0,4311.0,13784.0,310.0,2745.0,6754.0,4.484375,24.4453125,26.178125,-0.13623675994619433,661.6679589843749
0.9997395833333333,21.25,14006.736979166666,0.22118280739655838,0.009679929813173086,0.48396325034098203,0.005535295649908831,11.592708333333333,0.7168627450980393,0.2063384342774956,0.24905091912920357,0.25269218814016425,5.44609375,287.575,0.0032979450061296905,37.415625,27948.125,0.017624907921741755,68.3,54941.996875,0.027262890932778,2186.0,4312.0,13633.0,303.0,2807.0,6756.0,4.443359375,24.8546875,26.928125,-0.1349693141166806,659.5505208333333
1.0,21.211458333333333,14030.063020833333,0.22118105130854418,0.009413782240552565,0.48454876959565607,0.005525256143092819,11.420052083333333,0.7493002013455777,0.20638078458019646,0.24903040219608624,0.252532767334393,5.45625,275.6671875,0.003165639745714251,37.428125,28181.0625,0.01719982050807977,68.015625,54896.646875,0.02662031395237861,2139.0,4348.0,13612.0,308.0,2744.0,6746.0,4.48984375,24.359375,26.2015625,-0.13344870655757196,654.9938270399306
1.0,21.241666666666667,13984.423958333333,0.22163690694631372,0.00934049877113848,0.4839037722900991,0.0055331249457323955,11.538541666666667,0.7313897606904668,0.20681171296460907,0.24949112774625162,0.2530834620731944,5.44375,218.728125,0.003119726876478762,37.4796875,28016.01875,0.017072099067387787,68.1953125,55015.6125,0.026491986053528045,2152.0,4326.0,13692.0,304.0,2728.0,6762.0,4.469140625,24.7125,26.6421875,-0.13702985883207547,658.9624305555554
0.9997395833333333,21.197395833333335,13949.313020833333,0.2218681641883961,0.009543802734941301,0.48490280441708195,0.0055215930797950855,11.425260416666667,0.71097569964864,0.20712647438337156,0.24949994238403872,0.2532031452128517,5.453125,230.68671875,0.003242223022335491,37.35625,27683.9625,0.017401470175278363,68.015625,55089.16875,0.02689245414502748,2149.0,4306.0,13636.0,307.0,2747.0,6726.0,4.474609375,24.440625,26.2125,-0.13542043736232018,653.067805718316
0.9997395833333333,21.1484375,13969.992708333333,0.2215035498853516,0.009584857583966662,0.48241031380090965,0.005508840192758531,11.558854166666666,0.7482576037433813,0.2068180283742746,0.2489568027291873,0.25279238308582375,5.450390625,260.62578125,0.003248007344535911,37.1703125,28216.315625,0.017458068058339354,67.91875,54561.1375,0.02705904806731697,2157.0,4365.0,13472.0,293.0,2737.0,6791.0,4.470703125,24.73125,26.7390625,-0.13126000916200053,648.9493204752604
0.9997395833333333,21.261458333333334,13938.175520833332,0.22215118581533322,0.009412560186477015,0.4806395676106465,0.005538280368151428,11.5484375,0.745039439517907,0.20742702843899236,0.2497144355136017,0.25348456562242816,5.503515625,269.6078125,0.003248448879587436,37.4578125,27581.290625,0.017061287983946096,68.096875,54969.33125,0.026420277616566255,2173.0,4261.0,13688.0,299.0,2735.0,6777.0,4.521875,24.63125,26.571875,-0.13201474781936692,661.1540353732637
0.9994791666666667,21.259895833333335,13942.403645833334,0.2217957545882404,0.009529432510227231,0.479260145787114,0.005537873361118347,11.615885416666666,0.7459761385629241,0.2070332449021476,0.24939169015884693,0.2532498577620051,5.505078125,245.584375,0.0032601483314556464,37.4,27034.18125,0.017313316965871916,68.1390625,55637.903125,0.02682268476966888,2179.0,4261.0,13646.0,314.0,2748.0,6783.0,4.522265625,24.7796875,26.8265625,-0.12929739470959473,656.0444333224827
0.9994791666666667,21.1625,14000.808854166668,0.22110983272572415,0.009396766632487412,0.47659505386467044,0.005512503256056265,11.51328125,0.7452254380783618,0.20622883413913534,0.24900082093650183,0.25274283886130167,5.403515625,290.49609375,0.0031540635919283426,37.3671875,27722.7390625,0.017181574195744526,67.99375,55120.1296875,0.026582771231466584,2190.0,4298.0,13662.0,302.0,2734.0,6759.0,4.453125,24.6515625,26.615625,-0.13327284354494837,656.83609375
1.0,21.223958333333332,14013.7640625,0.22132799389361635,0.009564884193011677,0.4782203163116402,0.005528512199357472,11.505208333333334,0.7385521472392638,0.20652371624566118,0.24910647514164624,0.252766623237407,5.426171875,260.70078125,0.003226825721349323,37.4015625,27711.6265625,0.017432325502569603,68.2375,55328.1546875,0.02704967677010317,2231.0,4253.0,13687.0,299.0,2750.0,6809.0,4.432421875,24.7,26.6015625,-0.13223346730839383,659.5967176649306
1.0,21.2890625,14044.177083333334,0.22102718818085462,0.009339288847184749,0.47718888288121514,0.005545470825735869,11.590625,0.7537614678899083,0.2060586440513502,0.2491417740552225,0.25278677882450445,5.406640625,323.60703125,0.0030721113430292627,37.6078125,27587.03125,0.017159131382468863,68.5,55383.603125,0.026588156328522593,2213.0,4326.0,13750.0,316.0,2762.0,6821.0,4.445703125,24.909375,26.8515625,-0.1345189537090726,664.9487345377604
0.9989583333333333,21.163541666666667,13988.984895833333,0.22083132241300835,0.009267665252728579,0.4796142549553077,0.005512774594078319,11.515625,0.7310134370231826,0.2059050147644947,0.24887196645196813,0.25249590896810326,5.4078125,278.35703125,0.003073433836941301,37.421875,28208.959375,0.016994274578838696,67.928125,54611.521875,0.02631798158976758,2176.0,4223.0,13718.0,284.0,2804.0,6707.0,4.43984375,24.684375,26.65,-0.13381407821505084,656.6060666232639
0.9997395833333333,21.059375,14068.713541666666,0.22047203451391095,0.009282729338307271,0.4720974238429205,0.005485640791872883,11.432552083333333,0.7417025275758026,0.20561181768639863,0.24839979719663347,0.25198513914123766,5.443359375,344.43203125,0.003056927968116587,37.1453125,28268.95,0.01706065615099278,67.4375,54765.603125,0.026408008006384497,2213.0,4195.0,13574.0,299.0,2742.0,6689.0,4.47265625,24.403125,26.3015625,-0.128289480205206,646.5943912760416
1.0,21.068229166666665,14091.852083333333,0.22043559083267933,0.00924066890370113,0.47351323240233395,0.0054879471650603456,11.443229166666667,0.752095127438135,0.2055915544411036,0.24836758868648579,0.2518797385451757,5.416015625,329.57265625,0.00301847484939698,37.278125,28408.525,0.01706186634308989,67.4671875,54824.296875,0.02630824768152898,2194.0,4247.0,13649.0,310.0,2763.0,6618.0,4.427734375,24.53125,26.4171875,-0.13213852469988555,649.2510739474825
0.9997395833333333,21.1578125,14098.75625,0.2202389880038955,0.009257231976725377,0.476925641741026,0.00551128223495702,11.473958333333334,0.7508308101321911,0.20529923963630697,0.2482806575117416,0.25195631196640356,5.432421875,371.39765625,0.0030723218605778427,37.43125,28186.640625,0.016987044516516652,67.7859375,54920.30625,0.026267059901524236,2233.0,4200.0,13711.0,286.0,2791.0,6661.0,4.47578125,24.5265625,26.4140625,-0.13391856416021528,653.1797827148437
1.0,21.130729166666665,14121.416145833333,0.22013117258107998,0.009141983164921473,0.4744005327365246,0.005504227446383607,11.454166666666667,0.7361908752557246,0.20514880301360003,0.2482466949502319,0.2519451284818479,5.410546875,341.5640625,0.0029686548463524975,37.4078125,28194.075,0.01683553069833333,67.734375,55168.165625,0.026141748905785515,2196.0,4195.0,13762.0,300.0,2780.0,6671.0,4.427734375,24.5453125,26.46875,-0.13217947306175232,654.1214515516492
1.0,21.217708333333334,14019.00625,0.2211674380926527,0.008999610820710527,0.47828767120957916,0.005526884171225145,11.50703125,0.7390397172173401,0.20624216207889257,0.24920241141575622,0.25283356882458974,5.453515625,239.7015625,0.002946027114905442,37.465625,28212.328125,0.016524252801295228,68.0265625,54942.903125,0.025689303663346173,2188.0,4244.0,13718.0,295.0,2810.0,6694.0,4.487890625,24.584375,26.50625,-0.1327030700606593,659.0859364149306
0.9997395833333333,21.219791666666666,13986.641666666666,0.22139672103824506,0.009205766237447767,0.4865081888995185,0.005527426847269254,11.55078125,0.7432133915860782,0.20650607223695144,0.24932879890054957,0.2530272383811153,5.448046875,257.6296875,0.0030465429880724877,37.4015625,27791.503125,0.016831654407343632,68.125,55097.828125,0.02621677106505301,2189.0,4279.0,13687.0,301.0,2798.0,6708.0,4.49453125,24.6796875,26.646875,-0.13469076031444943,659.6282541232639
0.99921875,21.171354166666667,14017.5390625,0.22086179861256675,0.008940073462347427,0.4779831944881667,0.005514809629243726,11.491145833333333,0.7466112327486532,0.2059324536009653,0.24883261679257415,0.2526083604789651,5.401171875,311.3359375,0.002909403098569499,37.4015625,27927.11875,0.01642941588033862,68.021875,54932.771875,0.02557341249946794,2230.0,4326.0,13587.0,295.0,2785.0,6724.0,4.441015625,24.63125,26.5515625,-0.1350465160067821,658.5044919162325
0.9997395833333333,21.191666666666666,13991.793229166668,0.2214399598608848,0.009135328808862784,0.48612996346451515,0.005520100720673786,11.487760416666667,0.7458218639402281,0.20663862103442163,0.24922906161855188,0.2528562134090705,5.434375,251.6046875,0.0030311039440600747,37.3875,28066.884375,0.016737680524138755,68.025,54877.45625,0.02594987655279765,2187.0,4268.0,13699.0,298.0,2752.0,6697.0,4.475390625,24.575,26.45,-0.13728988961253286,657.3939930555556
0.9997395833333333,21.130729166666665,14032.69375,0.2208739966367265,0.009074061006993397,0.48022521673361723,0.005504227446383607,11.324479166666666,0.7525325971753223,0.206063808399945,0.24874148229620863,0.2522472639243703,5.44453125,305.5515625,0.003006832601498182,37.4171875,28429.5609375,0.01664045259963253,67.5890625,54544.3953125,0.02577658303633512,2231.0,4245.0,13602.0,299.0,2777.0,6630.0,4.466015625,24.2140625,25.86875,-0.13475779872898883,651.2495765516493
1.0,21.175520833333334,13979.6234375,0.2216990106666756,0.009218268683145006,0.4846569626608754,0.005515894981331944,11.4703125,0.7370932434759082,0.20688974177938899,0.2494642198629678,0.2531708770195298,5.4296875,191.7796875,0.0030668150742514727,37.4015625,28162.9125,0.016882355439075302,67.9328125,54947.709375,0.026159996362788835,2209.0,4232.0,13633.0,301.0,2767.0,6706.0,4.47890625,24.4890625,26.4171875,-0.13573634074494711,657.4566924370661
0.9997395833333333,21.3140625,13963.545833333334,0.22176784254916931,0.009193028248665573,0.4857374319816399,0.0055519829382651735,11.564583333333333,0.7368716858490335,0.20687562025452438,0.2497367675697272,0.25336780670719117,5.46015625,269.6078125,0.003084298453122092,37.740625,27758.68125,0.01680004483280976,68.303125,54944.1625,0.026020930846695316,2205.0,4241.0,13784.0,293.0,2758.0,6761.0,4.515234375,24.7265625,26.6,-0.13786668241502142,665.2904272460936
1.0,21.235416666666666,13991.576041666667,0.22161998706179376,0.009405065309707214,0.48793142964755404,0.005531496917600069,11.540885416666667,0.7510055920729912,0.20681910756025199,0.24931518701164768,0.25312830511810713,5.3953125,260.65546875,0.0031645079175124857,37.4859375,27605.94375,0.017139320574129504,68.3453125,55300.890625,0.026633039614063832,2193.0,4305.0,13680.0,305.0,2769.0,6789.0,4.45390625,24.7609375,26.66875,-0.13830207310480405,663.8805164930557
1.0,21.340104166666666,13962.53125,0.22202946074646532,0.009312251910010822,0.4823488037835301,0.0055587663888165325,11.599479166666667,0.7478095331071681,0.20723825215675493,0.24982316509005323,0.25340059076171884,5.477734375,251.709375,0.0031477125560603857,37.7984375,28180.428125,0.016978663437937153,68.33125,54587.921875,0.026303997797886246,2191.0,4285.0,13774.0,294.0,2793.0,6718.0,4.53046875,24.81875,26.65625,-0.13865686929502674,664.0405791558161
1.0,21.25,14014.558854166668,0.2214259675811076,0.009331187095475394,0.48687219293156025,0.005535295649908831,11.528385416666667,0.7449019607843137,0.20661498339903522,0.2491961937669275,0.25289967812357733,5.408203125,269.6484375,0.003144938340160838,37.6421875,28495.253125,0.0170195635727386,68.225,54513.50625,0.026387805639470418,2217.0,4295.0,13658.0,277.0,2825.0,6736.0,4.4609375,24.665625,26.6609375,-0.1385994640635616,660.8619791666666
1.0,21.255729166666665,13947.441145833332,0.222108331551716,0.009235339961705585,0.4839077799426789,0.005536788009030129,11.5125,0.7396535247849845,0.20732946238260755,0.24969683410206925,0.25363530567779663,5.42890625,233.72578125,0.003079263931864758,37.5984375,28093.3203125,0.016858169437778937,68.2203125,54656.4234375,0.026236814604995544,2234.0,4308.0,13634.0,296.0,2781.0,6757.0,4.46484375,24.625,26.590625,-0.13697929258518626,663.1512692599827
1.0,21.315625,13990.888020833334,0.22169718072382175,0.009060633525310828,0.4829121547149215,0.005552389945298255,11.513541666666667,0.7492058837902555,0.2068459871964905,0.24948505533834714,0.25331408021862123,5.47578125,278.67734375,0.002975342176288449,37.66875,28519.5546875,0.016596795098484395,68.321875,54311.0640625,0.025865637348226778,2171.0,4344.0,13708.0,301.0,2765.0,6753.0,4.5,24.5734375,26.5078125,-0.1362281201870431,662.2977766927085
1.0,21.3484375,13966.747395833334,0.22173641001341346,0.009325733782866932,0.48529856799001536,0.005560937092992967,11.459635416666666,0.7423699041206178,0.20700602957137484,0.24925040857726471,0.2531439332177167,5.5015625,227.7359375,0.0031425130966818288,37.721875,28318.875,0.017018494051692208,68.3625,54570.665625,0.026365856258782072,2189.0,4308.0,13747.0,292.0,2820.0,6674.0,4.52578125,24.4734375,26.18125,-0.13715315653242702,660.9410913085937
0.9997395833333333,21.3234375,13927.09609375,0.22215420588227922,0.009108287723987482,0.48343089462867594,0.005554424980463662,11.55390625,0.7471727608021299,0.20737390635892883,0.24965936508330105,0.2537702447746589,5.45859375,176.76875,0.003011526480548843,37.5640625,27704.8875,0.01664652073097504,68.5421875,55150.6140625,0.025957099690754482,2197.0,4323.0,13690.0,320.0,2746.0,6819.0,4.49296875,24.684375,26.6671875,-0.1340980593874889,664.8860131835937
1.0,21.2375,13960.067708333334,0.22196331389853885,0.009266257140851025,0.4810862909144669,0.005532039593644178,11.541145833333333,0.7470816166372376,0.20721842437647311,0.24942210691291028,0.2534840789724303,5.418359375,242.73828125,0.003083661807854624,37.5671875,28524.21875,0.016939338629537202,68.184375,54265.234375,0.026323556984150454,2202.0,4318.0,13671.0,313.0,2743.0,6754.0,4.473046875,24.696875,26.6578125,-0.1379587806454422,658.9420312500001
0.9997395833333333,21.467708333333334,13892.970833333333,0.22263396808398225,0.009127274111544067,0.48283003578094574,0.005592005296518191,11.59375,0.7412538211461012,0.20778206869906551,0.250214589159533,0.2544609445480984,5.54375,179.74765625,0.0030369156892927403,37.8359375,28287.1125,0.016617717469178034,68.7953125,54351.721875,0.025998264442915402,2174.0,4312.0,13809.0,323.0,2762.0,6836.0,4.562109375,24.621875,26.6921875,-0.13398665927440587,673.023957248264
1.0,21.35,13941.745833333332,0.22221715159930192,0.009282072401983636,0.48471114637745255,0.005561344100026048,11.58828125,0.7441208040593287,0.20740268451285396,0.2497870499417664,0.25390512160262907,5.483203125,200.76875,0.00311526535464685,37.621875,27851.41875,0.01687293572834272,68.5453125,54995.98125,0.026358437264971696,2195.0,4279.0,13699.0,350.0,2744.0,6818.0,4.52578125,24.6921875,26.734375,-0.1345325474895282,665.8269791666667
0.9997395833333333,21.330729166666668,13894.871875,0.22248033922578164,0.009172300266357408,0.48636042376319827,0.005556324346618043,11.609114583333334,0.7448418996459528,0.2077146663988474,0.2499635479739295,0.25405982178537084,5.496484375,173.7484375,0.0030933477241521417,37.746875,28429.50625,0.016698360280436135,68.2515625,54244.73125,0.025962050421099746,2164.0,4319.0,13695.0,315.0,2725.0,6777.0,4.52890625,24.7328125,26.80625,-0.13661991602405524,661.3041598849826
1.0,21.2625,13903.236979166666,0.22258952616501443,0.009264254955926005,0.48670286247732425,0.005538551706173483,11.529427083333333,0.7404223006074858,0.20787977912214303,0.25006027356090454,0.25395776694061006,5.5140625,176.80078125,0.003174820966571541,37.4953125,27815.84375,0.016791382088119026,68.0234375,54896.375,0.02609486378115084,2159.0,4269.0,13611.0,313.0,2708.0,6751.0,4.548046875,24.4734375,26.5109375,-0.13592570459824382,656.56859375
1.0,21.226041666666667,13894.334895833334,0.2226650165190491,0.008919037557143959,0.4823687700904812,0.0055290548754015805,11.354427083333333,0.7496687441723512,0.2079515442597426,0.25007160331541634,0.2541123187599079,5.48359375,176.7875,0.0029903282847653532,37.503125,27569.678125,0.01622791262886488,67.91875,55089.18125,0.025324999574937456,2188.0,4262.0,13577.0,311.0,2727.0,6748.0,4.52109375,24.134375,25.9078125,-0.13589182201424077,657.6374468315972
1.0,21.2328125,13946.590104166668,0.22203947808132984,0.009068593190634345,0.4829476399986865,0.005530818572544933,11.411458333333334,0.7439350455024898,0.20731883292416922,0.24947209894422437,0.253489437847078,5.49296875,230.7140625,0.0030578255919275254,37.4421875,27450.715625,0.016510283523913406,67.9828125,55305.96875,0.02566997325218256,2177.0,4249.0,13635.0,331.0,2707.0,6744.0,4.50703125,24.31875,26.121875,-0.13408314726303366,655.9056941731772
0.9997395833333333,21.144791666666666,13920.1546875,0.22219333260605814,0.009040158155752053,0.48642620232912887,0.00550789050968134,11.373697916666666,0.744149958126016,0.20750132940121851,0.24969891692660484,0.25345576110487,5.47109375,188.73203125,0.0030424963715186154,37.3078125,27416.615625,0.016459959675983803,67.6765625,55349.384375,0.02561100377245406,2177.0,4306.0,13486.0,321.0,2700.0,6725.0,4.490625,24.2296875,26.05,-0.13384733210776173,651.180597873264
1.0,21.1765625,13928.1015625,0.22222476641514355,0.009133481398474341,0.48269340620694934,0.005516166319353998,11.402864583333333,0.7229149757741213,0.20751605085429548,0.2496867650250903,0.25359763004858926,5.467578125,218.74140625,0.0030601390488789923,37.4328125,28144.14375,0.01668162788031479,67.75625,54549.5,0.025878704315015284,2216.0,4261.0,13603.0,316.0,2763.0,6639.0,4.49765625,24.3125,26.1140625,-0.13552596773839545,652.219346516927
0.9994791666666667,21.1796875,13957.076041666667,0.2216747449245869,0.009248554532399526,0.4820181528725838,0.005516980333420162,11.403125,0.7449649575802287,0.20692682472407267,0.24930891245043424,0.25303225820079633,5.48671875,218.6203125,0.0031168482999079,37.3515625,28189.990625,0.016890833867143788,67.7796875,54677.984375,0.026133100127621777,2206.0,4240.0,13585.0,308.0,2778.0,6654.0,4.49921875,24.309375,26.1125,-0.13453123845897472,649.579170735677
0.9997395833333333,21.223958333333332,13953.0375,0.22193488242850018,0.009174250679798237,0.4830518254413624,0.005528512199357472,11.558072916666667,0.7514355828220859,0.20724042783312058,0.24937359919077196,0.2532739840477466,5.46328125,242.665625,0.003088756714688264,37.425,27892.490625,0.016714459825660867,68.065625,54855.071875,0.0259760173943755,2182.0,4242.0,13624.0,309.0,2773.0,6758.0,4.510546875,24.6765625,26.6296875,-0.13308352127256215,653.9321343315974
0.99921875,21.227083333333333,13912.466145833334,0.22187630250324727,0.009066927961126509,0.4864855263706755,0.005529326213423635,11.43515625,0.740479929335558,0.20719260740208476,0.24926351250451323,0.25322387290663134,5.470703125,257.49921875,0.0030551657232647427,37.3390625,27592.703125,0.016531382829965458,68.140625,54852.096875,0.025649522043734625,2188.0,4265.0,13606.0,295.0,2818.0,6689.0,4.5140625,24.3609375,26.19375,-0.13533744632908434,655.5312456597222
1.0,21.275,13963.366666666667,0.2219472997662577,0.009053267484650728,0.4830810710869191,0.005541807762438135,11.610416666666667,0.7526194672933804,0.20728354319184245,0.24930924758898848,0.25324037824118795,5.434765625,242.71953125,0.0030065387023763867,37.4625,28352.0,0.016519032153917625,68.4484375,54457.321875,0.0257744179444812,2218.0,4283.0,13670.0,304.0,2817.0,6774.0,4.46015625,24.884375,26.9375,-0.13491853893291172,659.9936458333333
1.0,21.130208333333332,14012.188020833333,0.2213190794322836,0.009034713417301783,0.48134945541175883,0.0055040917773725795,11.3921875,0.7503081094404732,0.2066035847139828,0.24888300951638992,0.2526171282213805,5.433203125,275.646875,0.0029904697375082445,37.1953125,27640.01875,0.01653428184217203,67.853125,55330.521875,0.025712119711605697,2181.0,4247.0,13577.0,318.0,2710.0,6778.0,4.4640625,24.34375,26.153125,-0.1321600302236827,649.7846082899306
1.0,21.19375,14032.230729166668,0.2210709523767857,0.009002753999309979,0.4779080855572589,0.005520643396717895,11.374479166666667,0.7395065369114322,0.2062786357123593,0.248578697508984,0.2527324739022933,5.455859375,323.59140625,0.0029586398069141686,37.2265625,27043.1,0.016462802719281616,68.1125,55855.91875,0.025719162048921586,2188.0,4253.0,13581.0,322.0,2725.0,6826.0,4.484375,24.2328125,26.0765625,-0.1292780934330097,657.3937109375
1.0,21.150520833333335,13991.35625,0.22156106952102317,0.009020406353304257,0.47795530930007946,0.005509382868802639,11.366145833333333,0.7404269989411214,0.20678868113557763,0.2491502147472151,0.2530614778366133,5.415234375,275.6796875,0.0029566320915352592,37.44375,27991.478125,0.01657858674230809,67.7984375,54853.940625,0.02571732301137642,2150.0,4300.0,13649.0,336.0,2669.0,6754.0,4.478125,24.2421875,26.0421875,-0.13540999525047667,654.3117184787328
1.0,21.171875,13972.275520833333,0.22178156653973555,0.008880470465996992,0.483877379749428,0.005514945298254754,11.36640625,0.754760147601476,0.2071493412933163,0.24915410589385548,0.2529379281712926,5.470703125,245.69609375,0.0029386990563643424,37.415625,28484.046875,0.016292474507641812,67.7328125,54366.821875,0.025235552062882777,2229.0,4200.0,13600.0,307.0,2755.0,6695.0,4.499609375,24.2296875,25.9703125,-0.13216468351614763,651.1449381510416
0.9994791666666667,21.213020833333335,13935.75625,0.22182793542369053,0.009070881715422925,0.4814530530963349,0.0055256631501259005,11.419270833333334,0.7399150482457217,0.2071262920285716,0.24920988942152889,0.253252555006328,5.441015625,218.65703125,0.0030114382738510247,37.4390625,27852.1578125,0.01660747259773073,68.075,54887.7515625,0.025772064599402723,2190.0,4272.0,13657.0,305.0,2780.0,6718.0,4.475390625,24.403125,26.2109375,-0.13468112779417035,656.8504554578993
0.99921875,21.227604166666666,13930.640104166667,0.22173588375069667,0.00896946773544746,0.48564357011435005,0.005529461882434662,11.394010416666667,0.7539073042667517,0.20696273651014369,0.24927406767813226,0.2532902887854731,5.408203125,257.5234375,0.0029871803116977578,37.503125,27695.0875,0.0163944797892293,68.2296875,54858.659375,0.025473605376664432,2165.0,4315.0,13684.0,299.0,2743.0,6738.0,4.46953125,24.353125,26.1328125,-0.14108853366416582,661.1862171766494
0.9997395833333333,21.280208333333334,13941.188020833333,0.22194996870283337,0.009099174274994438,0.48257850972726263,0.0055431644525484065,11.413541666666667,0.7426942092123942,0.20719001845056856,0.24953820020053855,0.2534015382141873,5.46796875,236.6484375,0.003030358010801243,37.496875,27460.4375,0.01662427509706744,68.3125,55240.096875,0.02584933850969423,2182.0,4289.0,13673.0,308.0,2730.0,6802.0,4.496875,24.3578125,26.1359375,-0.1352870550502779,661.4167957899306
1.0,21.151041666666668,13979.906770833333,0.221770531246748,0.009084376144675325,0.48300253542939475,0.005509518537813667,11.405208333333333,0.7524255109578921,0.20708915196376498,0.24921698835579625,0.25304959126963195,5.40625,269.6859375,0.003032699160179665,37.4171875,27806.9125,0.016632867017860188,67.8640625,54993.784375,0.025742593209473107,2187.0,4297.0,13628.0,296.0,2754.0,6689.0,4.474609375,24.3890625,26.14375,-0.13795248593320178,655.1631239149305
0.99921875,21.122916666666665,13957.497916666667,0.22143436941848277,0.009234704104962169,0.4839754935954822,0.0055021924112182,11.38125,0.7287454384061545,0.20674053270257078,0.2488901276380827,0.25275395806253054,5.486328125,269.478125,0.003106729668014951,37.1265625,27237.9265625,0.016825581346199346,67.665625,55429.1484375,0.026155724611513866,2164.0,4257.0,13513.0,300.0,2760.0,6674.0,4.511328125,24.1828125,26.059375,-0.13185188395970185,647.5052039930556
1.0,21.160416666666666,13938.8625,0.22215840501237646,0.008948095209573521,0.476277839689386,0.005511960580012156,11.341145833333334,0.7412621837156641,0.20749899005539482,0.24953767480064223,0.2534167950520371,5.494140625,233.72578125,0.002952680676153962,37.3375,27658.45625,0.016426967920794344,67.6484375,55039.815625,0.02545088063203093,2179.0,4263.0,13588.0,301.0,2690.0,6753.0,4.5078125,24.159375,25.85625,-0.12914232648944893,650.3565581597223
1.0,21.136458333333334,13938.140104166667,0.22199459912822364,0.008993606188078346,0.483271182260169,0.005505719805504906,11.301041666666666,0.7352520822039328,0.20738473357238796,0.2491219871940482,0.25330667328574197,5.483984375,188.7859375,0.0029823132501398735,37.221875,27728.16875,0.01639482835845473,67.6609375,55145.528125,0.025637555769455846,2189.0,4268.0,13528.0,298.0,2723.0,6723.0,4.487890625,24.0703125,25.784375,-0.13033196011290452,648.4626291232638
0.9994791666666667,21.136458333333334,13942.4328125,0.22151731653757417,0.009104498558779062,0.4797370259784589,0.005505719805504906,11.345572916666667,0.7535853333990439,0.20681107502251503,0.24890102600659741,0.2529585731287875,5.419140625,224.62421875,0.0029933175938585215,37.328125,27983.778125,0.01665307813080822,67.8140625,54772.321875,0.026000642846432075,2194.0,4236.0,13608.0,328.0,2731.0,6727.0,4.47890625,24.1546875,26.003125,-0.1340596372787332,652.5970041232638
1.0,21.264583333333334,13926.790104166666,0.22228675059421057,0.00907965880805982,0.48061208302002917,0.005539094382217591,11.472395833333334,0.740521210933673,0.20761237020874085,0.24957522101138796,0.25369580171891204,5.47109375,155.82421875,0.0029791696000298538,37.5609375,28595.93125,0.016611561789720994,68.1421875,54341.5125,0.02594971265851851,2182.0,4244.0,13682.0,312.0,2724.0,6821.0,4.507421875,24.353125,26.4515625,-0.13196620160463304,659.126870659722
0.9994791666666667,21.266666666666666,13919.973958333334,0.22204281080037755,0.009061976492622414,0.4844688553442674,0.0055396370582617,11.4046875,0.7346199059561128,0.20720574292792698,0.24960597459080852,0.25382791849974895,5.46953125,224.63046875,0.002978638465142367,37.296875,27371.3265625,0.016562239477366392,68.425,55249.9953125,0.02589506561779863,2190.0,4236.0,13675.0,316.0,2739.0,6856.0,4.49375,24.2828125,26.1703125,-0.13145009186054757,661.4559722222222
0.9997395833333333,21.2625,13909.558333333332,0.22217143335494077,0.008954641252135857,0.48006899509651524,0.005538551706173483,11.397916666666667,0.745713305898491,0.20742322092449966,0.24964698045806366,0.2536887359735824,5.493359375,200.71328125,0.0029565225766992245,37.4125,27457.521875,0.016381158617771764,68.1890625,55196.975,0.02552059858824649,2198.0,4291.0,13584.0,298.0,2769.0,6786.0,4.516015625,24.2328125,26.090625,-0.1305742473912564,660.9180729166667
0.9997395833333333,21.232291666666665,13962.6078125,0.22169511411055326,0.008950454466636898,0.48244411129009457,0.005530682903533906,11.406770833333333,0.743977824657803,0.2070347674206677,0.2490167037221785,0.25301491125847003,5.48046875,245.67890625,0.0029715442038200967,37.4265625,27952.665625,0.016343285997125912,68.0453125,54840.265625,0.025473263987415097,2214.0,4250.0,13621.0,307.0,2782.0,6711.0,4.5140625,24.2953125,26.0890625,-0.13401035712278497,655.1366655815972
1.0,21.257291666666667,13976.3015625,0.22172175958752874,0.008963589114609505,0.48214563418207423,0.005537195016063211,11.405729166666667,0.7527074043220463,0.2069279365794447,0.24928527486045504,0.2533335363469386,5.471484375,242.7140625,0.002957377712598954,37.4265625,28203.109375,0.016387643151341492,68.23125,54683.84375,0.025564380685919718,2190.0,4277.0,13624.0,301.0,2783.0,6789.0,4.5015625,24.2765625,26.1515625,-0.13222343534066905,658.0457801649305
0.99921875,21.293229166666666,13915.222395833332,0.22180670511745504,0.009007357398192676,0.4820415846461881,0.005546556177824086,11.435677083333333,0.7485018222733165,0.20700218956926478,0.249324706602573,0.2535067658250981,5.455078125,236.5625,0.0029504677232090487,37.475,27880.15625,0.016481154174774686,68.4640625,54664.928125,0.02576111932154518,2203.0,4281.0,13677.0,296.0,2825.0,6789.0,4.481640625,24.3875,26.3,-0.13283530716255387,661.9098499891494
1.0,21.218229166666667,13979.264583333334,0.22161000887264487,0.008906522505471621,0.48021094033644035,0.0055270198402361725,11.381770833333333,0.745133655710744,0.2068200426011108,0.24915805255681417,0.25322183027461187,5.408203125,218.75546875,0.0028634778066937545,37.3296875,28096.459375,0.016382984552726177,68.346875,54904.10625,0.02560223925332854,2241.0,4323.0,13606.0,278.0,2859.0,6746.0,4.444921875,24.3359375,26.175,-0.13300787267556488,660.1409176974826
0.9997395833333333,21.259375,13984.555208333333,0.22142293162204799,0.009155868815343953,0.47610134821973443,0.005537737692107319,11.4546875,0.7394041844284385,0.20661600850569375,0.24905510088691046,0.25301845482260255,5.456640625,302.55546875,0.003014058689745616,37.4703125,28111.3015625,0.01677830526980869,68.259375,54585.8078125,0.026100672863272566,2210.0,4332.0,13599.0,304.0,2788.0,6779.0,4.471875,24.5359375,26.3046875,-0.13216161222701195,657.1233496093749
0.9997395833333333,21.2796875,13992.294270833334,0.22137316402353407,0.008920765321690494,0.48347298266588984,0.005543028783537379,11.4078125,0.7469466676456911,0.20652578603111973,0.2490269646563652,0.2531088753603602,5.45546875,284.56484375,0.002898640359814546,37.3828125,27472.5796875,0.016346582584119744,68.4734375,55342.9265625,0.025583447906765033,2225.0,4352.0,13537.0,305.0,2803.0,6818.0,4.4796875,24.384375,26.14375,-0.13199786312860645,661.6035457356771
1.0,21.301041666666666,13960.892708333333,0.22187767815358056,0.008967838541505293,0.4817571608096569,0.0055485912129894935,11.448177083333333,0.7409164262311115,0.20710807127307937,0.2494369452169755,0.2533968386121904,5.434375,212.753125,0.002932258695630424,37.459375,27711.03125,0.01644707383744117,68.609375,55203.3125,0.02563092262906888,2178.0,4388.0,13644.0,292.0,2786.0,6837.0,4.477734375,24.53125,26.246875,-0.13345445038654116,665.1416655815973
1.0,21.35,14005.5984375,0.221473570502456,0.00899366646267566,0.48282370775039474,0.005561344100026048,11.488020833333334,0.7487314597970336,0.20664922590958565,0.24918617036773744,0.25305834900865587,5.463671875,287.67578125,0.002976533012714271,37.48125,27930.6875,0.016470073028198806,68.7640625,54952.2,0.025585793696998083,2175.0,4403.0,13620.0,304.0,2784.0,6867.0,4.48671875,24.615625,26.365625,-0.132183422907478,666.3051041666669
1.0,21.24375,14033.8375,0.22112696644412536,0.00906411945915697,0.4795114555112629,0.005533667621776504,11.417447916666667,0.7437481612238894,0.20629755470889508,0.24894712925033397,0.25262445057883776,5.452734375,257.70078125,0.00296959301569287,37.2859375,27233.65625,0.016688710251121168,68.365625,55938.565625,0.02581763444104917,2186.0,4331.0,13586.0,308.0,2745.0,6862.0,4.45625,24.4515625,26.228125,-0.1296901922795862,659.8655859374999
0.9994791666666667,21.396875,13977.309375,0.22136532887084123,0.009181310236267835,0.4791426395109298,0.0055735543110184945,11.646614583333333,0.7440728299498564,0.20642704644111182,0.24935356484534266,0.25313022261525736,5.4609375,290.50078125,0.0030333310242288214,37.8640625,28124.6125,0.01687015627169035,68.6734375,54577.240625,0.026084381049001366,2222.0,4270.0,13877.0,330.0,2798.0,6765.0,4.473046875,25.03125,26.95625,-0.13454626201011416,666.7445735677084
0.9997395833333333,21.2796875,14021.1515625,0.2211788715128906,0.008976206630936717,0.4844796146210116,0.005543028783537379,11.406510416666666,0.7533837530900458,0.2063335977732943,0.24894393541611537,0.25279490256805104,5.421484375,299.54921875,0.002973855292555527,37.5453125,28076.18125,0.016441999603354386,68.446875,54852.53125,0.0255198190120438,2190.0,4257.0,13793.0,298.0,2814.0,6726.0,4.460546875,24.4328125,26.1640625,-0.1377530591815604,664.0910457356771
0.9997395833333333,21.385416666666668,13975.7578125,0.2217036144034799,0.009262042433561244,0.48833201867085163,0.005570569592775896,11.619791666666666,0.7410862152946907,0.20677425104152497,0.2496591253043933,0.2534655569503862,5.391796875,257.63984375,0.0030540935048865465,37.6921875,27366.7875,0.016974997279349084,69.053125,55457.2,0.02638088330247219,2215.0,4275.0,13888.0,287.0,2849.0,6842.0,4.437109375,24.9796875,26.990625,-0.13758112589300972,672.7399956597221
1.0,21.334375,14013.383333333333,0.2212238334762219,0.009256342317287385,0.48387193412809454,0.005557274029695233,11.559375,0.7425174552023827,0.20628652104152492,0.24923953162001555,0.25295738507121623,5.37421875,266.68359375,0.0030139754147821933,37.759375,27728.49375,0.017069630219691777,68.75,55285.071875,0.02641252202490376,2198.0,4315.0,13857.0,295.0,2832.0,6784.0,4.42734375,24.896875,26.75,-0.13760826755487499,668.0579850260417
0.9994791666666667,21.321875,13991.50625,0.2211861577919043,0.00911788853825693,0.4845050824539899,0.005554017973430581,11.504166666666666,0.7484244467243149,0.2062434562996796,0.2491952604766511,0.25294786107605616,5.4234375,260.53671875,0.0029801503291072835,37.7515625,27871.06875,0.016825370099699713,68.4859375,55035.821875,0.025961359813412733,2233.0,4270.0,13834.0,306.0,2746.0,6780.0,4.46171875,24.64375,26.534375,-0.1379650563345322,666.8010839843749
0.9997395833333333,21.285416666666666,14032.725520833334,0.22083603605924884,0.009156959141128034,0.4806106146850574,0.0055445211426586784,11.527083333333334,0.7454976999119115,0.20587653018716184,0.24898287056585522,0.2525272250409905,5.416015625,302.56640625,0.002978016444643438,37.665625,27825.409375,0.016879257027053462,68.3828125,55160.678125,0.02615043204114098,2191.0,4300.0,13796.0,313.0,2767.0,6761.0,4.43671875,24.7234375,26.6921875,-0.13527767152035589,664.560724826389
1.0,21.306770833333335,13941.798958333333,0.2220567010723783,0.009254023660999144,0.4805351534163976,0.005550083572110793,11.435677083333333,0.7364394143098095,0.2072223874650863,0.24996302886317467,0.25348762771074995,5.4515625,230.71171875,0.0030744883290748314,37.721875,28307.9890625,0.017013603234110428,68.3125,54419.9578125,0.02621258541558511,2197.0,4335.0,13776.0,304.0,2757.0,6734.0,4.4796875,24.4546875,26.240625,-0.1355653673547518,664.1038083224827
0.99921875,21.3765625,13908.949479166668,0.22182761385341904,0.009162814279124546,0.48688131465379697,0.005568263219588435,11.5625,0.7426114075481812,0.20697877610804985,0.24967933435543482,0.2533712443328802,5.494921875,239.53359375,0.003055335745926791,37.690625,27395.778125,0.016792412692356023,68.5890625,55099.784375,0.025963129998684092,2218.0,4324.0,13738.0,292.0,2780.0,6787.0,4.516015625,24.7125,26.5984375,-0.13499592875046199,665.9389298502604
0.9994791666666667,21.3921875,13928.150520833333,0.22199981289873272,0.009201054823541641,0.4862555460159567,0.00557233328991925,11.577604166666667,0.7489591702578337,0.20716098849362732,0.2498054884556276,0.25354943496225946,5.4890625,242.58203125,0.0030785954881056487,37.7203125,27686.21875,0.01686241846618449,68.6765625,54912.35625,0.026029528522642766,2206.0,4353.0,13747.0,288.0,2796.0,6784.0,4.517578125,24.7625,26.6328125,-0.13518685012048615,666.4008764648437
1.0,21.309375,13983.4953125,0.2215151554259667,0.009301964730651108,0.4843724196463898,0.005550761917165929,11.587239583333334,0.7539961871242118,0.20670002610387908,0.24923714516510725,0.2530536829751764,5.42421875,257.71640625,0.0030688461666667525,37.5359375,27204.209375,0.017048139558441637,68.6234375,55665.896875,0.026488264158798003,2198.0,4295.0,13746.0,291.0,2839.0,6779.0,4.451171875,24.8609375,26.8578125,-0.13543274160567592,664.5725162760415
1.0,21.206770833333334,13992.624479166667,0.2215453364250834,0.009070329066565522,0.48913001148411295,0.005524035121993575,11.365885416666666,0.7515779649777734,0.20679913514601572,0.24919899288391623,0.2528764850825213,5.46171875,236.7421875,0.0029952547861204783,37.3953125,28266.8,0.016662317195900396,67.9984375,54741.978125,0.025778638059010824,2194.0,4268.0,13635.0,303.0,2743.0,6739.0,4.50390625,24.165625,26.0140625,-0.13432508980226093,655.4129749891491
0.9994791666666667,21.2703125,13886.3375,0.22227343084955023,0.009107493483288404,0.4881645198763145,0.005540586741338891,11.416927083333333,0.7474472930287226,0.20759257888247595,0.24969152425804403,0.2535787453093536,5.4625,170.728125,0.003038738070045531,37.553125,27300.54375,0.016642192208678235,68.21875,55334.56875,0.025847816410870056,2196.0,4267.0,13684.0,306.0,2821.0,6682.0,4.493359375,24.3546875,26.1734375,-0.13651882887741235,656.960264485677
0.9997395833333333,21.184375,13944.05625,0.22200338086438579,0.009266773493668416,0.48778016855829,0.005518201354519406,11.384635416666667,0.7544131386143482,0.20734750711471772,0.2493169751182534,0.25331328160919053,5.41796875,221.68671875,0.0031196638362305496,37.2953125,26903.89375,0.01683236274481385,68.1390625,55873.696875,0.026289622872274442,2158.0,4393.0,13503.0,312.0,2774.0,6756.0,4.4578125,24.35625,26.1203125,-0.1357641569341836,655.206630859375
1.0,21.169270833333332,13966.996354166668,0.22184798434894937,0.009304106249372546,0.4827491853990212,0.005514266953199618,11.39375,0.7237298560708574,0.20721884346726543,0.24921056251256024,0.2530019697120743,5.4625,215.76015625,0.0031408978647055517,37.34375,28052.821875,0.016981324819423767,67.821875,54886.115625,0.0262797212179893,2182.0,4222.0,13632.0,305.0,2727.0,6738.0,4.4875,24.33125,26.08125,-0.1323678791103798,649.195305718316
1.0,21.181770833333335,13969.961458333333,0.22182934071699448,0.00935207952394323,0.4791228079448609,0.00551752300946427,11.579166666666667,0.7436622488873589,0.2072030724845658,0.24920769239161072,0.2529560619720928,5.488671875,254.6796875,0.0032052849525833296,37.3203125,27802.5875,0.016984392035918595,67.815625,54998.4625,0.02630694529740747,2207.0,4322.0,13526.0,303.0,2772.0,6666.0,4.52265625,24.7140625,26.6703125,-0.1329258086596761,648.571126030816
0.9997395833333333,21.165104166666666,13950.327604166667,0.22188543110667414,0.009362476471123878,0.48208100123436964,0.005513181601111401,11.359895833333333,0.7549277751802544,0.20721791566819853,0.24938591997782938,0.2530550039894212,5.454296875,269.59609375,0.0031941611142588533,37.4515625,27928.36875,0.017022681389747454,67.721875,54695.2125,0.026375532979960398,2206.0,4321.0,13579.0,307.0,2785.0,6611.0,4.48671875,24.2390625,25.9734375,-0.13573340944027765,651.5493031141493
1.0,21.318229166666665,13901.3421875,0.2226378168299502,0.009510664060457868,0.4865143572863841,0.005553068290353391,11.598958333333334,0.7429820918130512,0.20801583035404453,0.24995546481552872,0.25380811474799464,5.494921875,164.81796875,0.0032439075066055907,37.6328125,27926.978125,0.01728468258739812,68.296875,54821.803125,0.026803671748926727,2200.0,4252.0,13724.0,311.0,2768.0,6757.0,4.529296875,24.7890625,26.6875,-0.13411418233495553,656.883626030816
1.0,21.19375,13970.421875,0.2217205896538121,0.009577887311109246,0.48339969561253465,0.005520643396717895,11.606510416666667,0.7543251744814705,0.2070679904249701,0.249057413835226,0.25299416238776606,5.42109375,230.73046875,0.0032533738999495562,37.3875,27681.853125,0.01738664387736396,68.090625,55217.75625,0.027067184389493286,2193.0,4347.0,13564.0,313.0,2729.0,6807.0,4.45703125,24.8984375,26.9125,-0.13394279634250894,651.7155859375
0.9994791666666667,21.174479166666668,13928.0140625,0.22190797881560734,0.009494015991154535,0.4880834427776236,0.00551562364330989,11.55625,0.7407452957815767,0.20727768954732978,0.24927662129118883,0.25306049341313586,5.441796875,182.69453125,0.0032647078671651,37.440625,28045.003125,0.017229250552775664,67.8390625,54792.303125,0.026676013925491147,2190.0,4386.0,13513.0,296.0,2764.0,6674.0,4.48359375,24.7078125,26.6953125,-0.13734530389510138,649.7721611870659
0.9997395833333333,21.198958333333334,13898.4296875,0.22233703472352329,0.00962134590540433,0.48676842425791683,0.005522000086828167,11.56171875,0.7399636381504594,0.20773374504425277,0.24967517703189465,0.25341205113223386,5.42265625,200.7453125,0.0033126984589021287,37.5125,28360.028125,0.017436618558355654,67.990625,54227.56875,0.0270406630384618,2211.0,4236.0,13719.0,300.0,2804.0,6635.0,4.478515625,24.7421875,26.7140625,-0.13988833022083572,654.6776030815971
1.0,21.166666666666668,13942.3015625,0.22209977940392292,0.00965698394644213,0.4911757640267333,0.005513588608144482,11.574739583333333,0.7489665354330709,0.20761766468178405,0.24927613775960494,0.2528518799367964,5.47421875,227.74453125,0.003347831327150897,37.3328125,27477.265625,0.01749644921339447,67.7703125,55265.565625,0.027054129156654727,2190.0,4289.0,13566.0,302.0,2807.0,6597.0,4.49609375,24.7578125,26.70625,-0.13567438750986505,648.5300347222222
1.0,21.2515625,13912.10625,0.22251445196207756,0.009608613049218092,0.48788279492363174,0.005535702656941912,11.59453125,0.7426659804426146,0.20788344539739723,0.24984473478601593,0.2537081953968605,5.41640625,251.70546875,0.003311831230286925,37.603125,27923.60625,0.017404495095636928,68.240625,54542.209375,0.02699985827852392,2244.0,4320.0,13616.0,292.0,2827.0,6718.0,4.46875,24.846875,26.8453125,-0.13605592203440572,661.9700496419271
1.0,21.141666666666666,13958.303645833334,0.2219843256636703,0.00968336078933276,0.48248373133103806,0.005507076495615178,11.582291666666666,0.7493102089081592,0.2074033877071903,0.24920547292357415,0.2530869302296864,5.43671875,233.71875,0.0033568411571048653,37.3609375,28189.859375,0.017550856512387362,67.7421875,54625.0875,0.02712194359518974,2202.0,4241.0,13614.0,303.0,2758.0,6664.0,4.486328125,24.7515625,26.796875,-0.13570467300521669,647.7268055555556
0.99921875,21.176041666666666,13955.6578125,0.22133179562908295,0.009702547374597466,0.4786541036913003,0.005516030650342971,11.53828125,0.7326479413645531,0.206569059513036,0.2490002675479917,0.2527142681743619,5.42265625,248.50625,0.0032947346910315893,37.34375,27885.390625,0.017651774577113997,68.021875,54854.53125,0.02738457090634444,2191.0,4288.0,13570.0,300.0,2802.0,6749.0,4.45234375,24.6921875,26.728125,-0.13335807854930587,653.7976551649306
0.9997395833333333,21.204166666666666,13926.838020833333,0.22202233769844373,0.009515576400782369,0.48261204491216436,0.005523356776938439,11.532291666666667,0.7590145411672234,0.20732724584871978,0.24941128706038757,0.2534137557353957,5.444140625,179.765625,0.003240631243758875,37.3734375,27392.546875,0.017297490698057843,68.075,55449.41875,0.02683344273160086,2213.0,4198.0,13657.0,303.0,2781.0,6750.0,4.4671875,24.6625,26.6625,-0.13491051055059175,656.4447743055555
1.0,21.340104166666666,13934.181770833333,0.22219040582157384,0.009690040758192872,0.4865018919134918,0.0055587663888165325,11.618229166666667,0.7587191565177068,0.20748585495869473,0.24974306946014027,0.25345594563452384,5.503125,197.77109375,0.0033261477500110105,37.61875,27814.75,0.017582209725750912,68.409375,54999.25625,0.027253443823362266,2202.0,4260.0,13690.0,297.0,2780.0,6792.0,4.533984375,24.7828125,26.790625,-0.13496868164783352,660.3155791558161
1.0,21.222916666666666,13955.0078125,0.22192722786065242,0.009632166166319824,0.4895497527103282,0.005528240861335417,11.565364583333333,0.7687739275547266,0.2072511609621543,0.2492854940949009,0.2532732292203964,5.454296875,230.72265625,0.0032978332277503707,37.41875,28151.275,0.01746706762681003,68.1015625,54655.88125,0.027134596460107442,2200.0,4199.0,13621.0,317.0,2797.0,6736.0,4.51328125,24.640625,26.6984375,-0.13498313266054934,654.8227039930556
1.0,21.275520833333335,13941.544791666667,0.22218789498011132,0.009620441484333582,0.4860588191367085,0.005541943431449162,11.592708333333333,0.7587211437244485,0.20749334000707315,0.24967495606366014,0.2534790537887153,5.44609375,200.79609375,0.0033043304567454803,37.5421875,27807.10625,0.0174633479035394,68.3265625,55038.978125,0.02704197917548018,2197.0,4295.0,13663.0,295.0,2766.0,6784.0,4.485546875,24.8,26.8140625,-0.13789105955454276,660.4449216037326
1.0,21.2203125,13919.980208333332,0.2223193161821383,0.009460892653539736,0.49118243063938566,0.005527562516280281,11.507291666666667,0.7465576908916869,0.20760067697544535,0.249871043572598,0.25364214561845033,5.462890625,179.77890625,0.003239046800448335,37.434375,27988.65,0.01718040277501512,68.0359375,54812.115625,0.026628765944429967,2165.0,4240.0,13666.0,297.0,2746.0,6744.0,4.534375,24.4765625,26.4296875,-0.13724205054571537,656.387920735677
1.0,21.2,13926.656770833333,0.22233869609095586,0.009443239171564081,0.48358075198976014,0.0055222714248502214,11.552083333333334,0.7440792059748428,0.20763980446047273,0.24987398476811248,0.25359897393573194,5.46875,140.86484375,0.003197732464805958,37.4171875,27798.421875,0.017208249750031764,67.9078125,55198.059375,0.026660255420128887,2149.0,4284.0,13652.0,299.0,2791.0,6675.0,4.496484375,24.6296875,26.696875,-0.13554346150858135,652.5797916666667
0.9997395833333333,21.216145833333332,13915.746354166668,0.22221706833331722,0.009438960702455035,0.4870173770297633,0.005526477164192064,11.51640625,0.7337424818951761,0.20752276593820734,0.24977629591010597,0.25343505033696806,5.47109375,152.78984375,0.0032063991640192855,37.4703125,28344.16875,0.017164805853712044,67.9421875,54539.15,0.02664336170494102,2128.0,4292.0,13678.0,284.0,2782.0,6714.0,4.508984375,24.5046875,26.5578125,-0.13445919555059452,655.2110934787327
0.9997395833333333,21.278125,13931.022916666667,0.22210191589787018,0.009447029506666652,0.48196662902206294,0.005542621776504298,11.55546875,0.7379938316933471,0.2072605025933961,0.2499190454037513,0.25365043960988515,5.491796875,191.734375,0.0031877645880903304,37.5859375,28438.525,0.01725237338020365,68.115625,54380.675,0.02667874530743495,2169.0,4229.0,13723.0,281.0,2771.0,6762.0,4.511328125,24.6,26.6875,-0.13425962003695757,659.2559798177083
0.9997395833333333,21.244791666666668,13931.854166666666,0.2219124449903698,0.009615262314070139,0.4863340891217289,0.005533938959798559,11.53984375,0.7442510419220397,0.20715672359243387,0.24947474635152583,0.25337302922095756,5.43515625,179.76640625,0.0032591808576103707,37.4875,28138.078125,0.01749384256255567,68.240625,54733.98125,0.027161007891423672,2131.0,4303.0,13667.0,291.0,2800.0,6745.0,4.471875,24.646875,26.7046875,-0.13737780308584607,659.5025770399304
0.9997395833333333,21.261979166666666,13929.756770833334,0.22192796502543963,0.009548205512823756,0.48334151567413886,0.005538416037162455,11.568489583333333,0.7479607084241726,0.20705837186956808,0.24974382523993044,0.2535904774344351,5.454296875,173.775,0.003178314580409679,37.5171875,28097.153125,0.017500008082551134,68.2375,54786.2875,0.027075966672752687,2122.0,4435.0,13567.0,310.0,2783.0,6767.0,4.489453125,24.6984375,26.7546875,-0.13262867749760002,660.736575249566
1.0,21.2578125,14002.682291666666,0.22157219833739936,0.009682408325075336,0.4892408158614112,0.005537330685074238,11.559895833333334,0.7536934950385887,0.20679982928908922,0.24908050396010645,0.2531533689079328,5.458203125,239.71875,0.003276185169411959,37.36875,27743.63125,0.01760724547016333,68.3453125,55313.5875,0.027382463802640845,2203.0,4271.0,13593.0,280.0,2831.0,6779.0,4.484765625,24.68125,26.7390625,-0.13287042193282447,659.2866577148437
0.9997395833333333,21.1625,13997.54375,0.22127207206734473,0.009572524603346766,0.4821956049658928,0.005512503256056265,11.516927083333334,0.7363654262650128,0.20642952617415547,0.24892674565195,0.25298758205549643,5.406640625,272.6140625,0.0031817352855441224,37.2140625,27458.971875,0.017513700234069222,68.134375,55435.834375,0.027194506243834883,2208.0,4371.0,13473.0,299.0,2787.0,6779.0,4.42890625,24.665625,26.7203125,-0.13234966802054532,657.80640625
0.9997395833333333,21.2109375,13972.3078125,0.22159259344696458,0.009450061554143439,0.4814744287031907,0.005525120474081792,11.523958333333333,0.7400859422958871,0.2067224812425978,0.24930943019138335,0.2533562055200128,5.43203125,251.61484375,0.003135873186613199,37.31875,27648.559375,0.017258057198190475,68.21875,55178.828125,0.02689881938021737,2201.0,4232.0,13676.0,308.0,2786.0,6770.0,4.484375,24.5703125,26.6359375,-0.13234452436793218,662.3226928710938
0.9997395833333333,21.195833333333333,13945.569270833334,0.2217545583578318,0.009471113314680731,0.48681931720359833,0.005521186072762004,11.531510416666666,0.7382298014546884,0.20696630833314839,0.2494414537825878,0.2532206630318096,5.418359375,191.73515625,0.003149227821791961,37.4796875,28156.08125,0.017352632622200315,68.021875,54750.39375,0.026877135978716226,2174.0,4261.0,13670.0,303.0,2750.0,6747.0,4.476171875,24.640625,26.64375,-0.13670729583741056,659.1762326388889
0.99921875,21.16875,13954.0046875,0.2212659707073212,0.00956434423370203,0.48310584289058284,0.0055141312841885904,11.433333333333334,0.7332447593740774,0.20648047729297586,0.2489632901761632,0.25271062489586094,5.44609375,221.5765625,0.0032243976534225673,37.303125,27399.246875,0.017469660293090487,67.925,55438.475,0.027018814495431438,2223.0,4217.0,13579.0,291.0,2762.0,6752.0,4.476953125,24.478125,26.2140625,-0.13416502239192554,650.5939192708332
1.0,21.147395833333334,13995.402083333332,0.22144674619253338,0.009495459799915045,0.4813560252334387,0.005508568854736476,11.384895833333333,0.7476787429500283,0.20677288001016764,0.24894028989503605,0.25264866721949375,5.44609375,233.74609375,0.003226141683829037,37.2234375,27807.55625,0.017280732664876442,67.8765625,55229.871875,0.026787459399297685,2185.0,4277.0,13520.0,301.0,2791.0,6703.0,4.466796875,24.321875,26.1203125,-0.1336049994171637,650.6813994683159
0.9994791666666667,21.1703125,13910.882291666667,0.2221029140464772,0.009383058508731964,0.48454007754582284,0.005514538291221672,11.361458333333333,0.7353556228011907,0.2073390288682707,0.24966029602344664,0.2536010727823338,5.462890625,167.7296875,0.0031399748862004145,37.1859375,27521.1625,0.01711254969780066,67.984375,55273.2125,0.026625901809789475,2156.0,4308.0,13569.0,292.0,2756.0,6750.0,4.4734375,24.2421875,26.0328125,-0.13205632513587162,652.9610978190104
0.9997395833333333,21.25,13912.188020833333,0.2223073941636426,0.009479351265993922,0.487962699438256,0.005535295649908831,11.577864583333334,0.7399754901960784,0.20764792033496393,0.24971614117342913,0.2535365424685708,5.520703125,158.77578125,0.003235740690939662,37.45,27753.746875,0.017216690306158168,67.9671875,55084.278125,0.026716454526046707,2160.0,4320.0,13557.0,301.0,2762.0,6710.0,4.54765625,24.6234375,26.653125,-0.13359726761280957,654.1354166666666
0.9997395833333333,21.2609375,13883.911979166667,0.22261395716843674,0.009518554294927116,0.48377047506757004,0.005538144699140401,11.573958333333334,0.7270522525170868,0.20795490628629362,0.24995445445670125,0.25390966340874455,5.444140625,143.82421875,0.0032428034964113407,37.5484375,28449.34375,0.01727418553692183,68.240625,54278.83125,0.0268659262469955,2168.0,4298.0,13698.0,304.0,2730.0,6795.0,4.49453125,24.7359375,26.7296875,-0.1363979851155844,661.2673282877605
0.9997395833333333,21.181770833333335,13970.728125,0.22160013877148585,0.009451350115291945,0.48728907373341296,0.00551752300946427,11.411458333333334,0.7474489168654258,0.20687862047753652,0.24909645109095532,0.25298989962781365,5.45546875,203.7125,0.0031829983542295227,37.265625,27821.35,0.017220236054198517,68.003125,55188.16875,0.02675587122063507,2193.0,4246.0,13623.0,291.0,2774.0,6737.0,4.462890625,24.4296875,26.1875,-0.13327202559271287,652.5278968641493
0.9989583333333333,21.1171875,13965.0328125,0.2210602902840346,0.009350651796075677,0.48160494421602884,0.0055007000520969004,11.392447916666667,0.7418177333826612,0.20626241975250847,0.2486550216202313,0.2526570410739425,5.41171875,263.415625,0.0031534751762727436,37.19375,27894.953125,0.01702029321883152,67.8625,54841.58125,0.026469716852531567,2173.0,4269.0,13586.0,309.0,2786.0,6681.0,4.459765625,24.384375,26.13125,-0.13398918415290148,651.2794962565105
1.0,21.186458333333334,13956.894270833332,0.22195664060977813,0.009606106469491789,0.4840201587076861,0.005518744030563515,11.427083333333334,0.7414818820984316,0.20724641680865913,0.24947552561501612,0.25327865080901607,5.42578125,224.74765625,0.0032585211173377752,37.31875,27240.93125,0.017459866603255252,68.096875,55601.44375,0.02714268774434438,2218.0,4235.0,13628.0,320.0,2782.0,6720.0,4.481640625,24.4078125,26.228125,-0.13547917134639992,656.6959624565972
1.0,21.2046875,13953.292708333332,0.22186138831306923,0.00947716580596436,0.481558041139729,0.005523492445949466,11.515625,0.7541571488222435,0.20713700754167802,0.24939421018923058,0.2532260895224726,5.418359375,212.78984375,0.0031939546719268555,37.3875,27604.15,0.01727057962701615,68.1671875,55264.446875,0.026816596521062587,2205.0,4240.0,13659.0,308.0,2759.0,6773.0,4.450390625,24.6515625,26.640625,-0.1356697693293411,659.2112280273436
0.9997395833333333,21.108854166666667,13960.124479166667,0.22169983384820527,0.009525233241632219,0.485351652256431,0.005498529347920465,11.51015625,0.7574822966271065,0.20702258370859666,0.24914019566873744,0.25296847258610766,5.449609375,230.66171875,0.0032648293622145027,37.175,27837.8640625,0.017297579976555483,67.6796875,55000.2359375,0.02679450202437983,2170.0,4224.0,13581.0,298.0,2743.0,6684.0,4.48515625,24.56875,26.5515625,-0.13445577453984292,648.8542966037327
1.0,21.10625,13966.8,0.22179236866758736,0.009341559178690145,0.48217118139451914,0.005497851002865329,11.40390625,0.7436087256934163,0.20714586849357985,0.24917232116011231,0.25299841687109226,5.4390625,242.70390625,0.0031702988943643684,37.3203125,28461.825,0.017024138302682294,67.5609375,54368.159375,0.026344021192001105,2172.0,4313.0,13522.0,300.0,2768.0,6637.0,4.501171875,24.309375,26.109375,-0.13547229420382725,647.3710026041665
0.9994791666666667,21.230729166666666,13949.227604166666,0.22165226713750014,0.009301032723452866,0.48603376977243506,0.005530275896500825,11.397916666666667,0.7422908029340333,0.2068712917451065,0.24932820193439514,0.2531002339101796,5.4546875,248.57421875,0.0031372010467934975,37.4078125,27712.3375,0.01695114499251114,68.1578125,54988.73125,0.02630624716103207,2181.0,4273.0,13662.0,300.0,2803.0,6727.0,4.48671875,24.3171875,26.1234375,-0.13477201119971385,660.325930718316
0.9997395833333333,21.315625,13918.979166666666,0.2220802292784983,0.00948588085361945,0.48378504538629397,0.005552389945298255,11.464322916666667,0.7413135903826419,0.20731084101024058,0.24965148539875068,0.25358652623127653,5.471484375,224.69453125,0.003225398888897866,37.584375,27289.96875,0.01724610278679219,68.4234375,55325.128125,0.026767586779333052,2187.0,4222.0,13747.0,300.0,2807.0,6770.0,4.5265625,24.434375,26.2453125,-0.13603580731467846,662.4373600260418
0.9994791666666667,21.2515625,13927.661979166667,0.22194286603653748,0.009394882196788112,0.4892095877488549,0.005535702656941912,11.430989583333334,0.760336249785555,0.2071541929868944,0.24954662885102233,0.25349379542062495,5.4734375,203.6578125,0.003161740564848906,37.3515625,27467.309375,0.017129013273054133,68.2640625,55284.03125,0.02659331764827892,2257.0,4251.0,13607.0,296.0,2832.0,6712.0,4.5046875,24.390625,26.1765625,-0.13444525893810366,657.9091121419272
1.0,21.3015625,13935.5578125,0.22209001637613823,0.009342422970076621,0.48325707032792053,0.005548726882000521,11.413802083333334,0.7277195041443556,0.20728732966802993,0.24977311324115692,0.2536176663435528,5.473046875,206.765625,0.0030936638804097936,37.46875,27557.225,0.017115519924673493,68.4484375,55229.059375,0.026564362374147055,2167.0,4368.0,13639.0,306.0,2784.0,6784.0,4.510546875,24.35625,26.084375,-0.13410707518123557,661.7934350585937
1.0,21.221875,13945.5828125,0.22205063757106364,0.009215337729494762,0.4895533739881849,0.005527969523313363,11.430989583333334,0.732979924409758,0.20739428899270443,0.24943152104379163,0.25329514841177236,5.462890625,179.79140625,0.003098344092622679,37.54375,27334.3125,0.016801102166730433,67.9359375,55620.01875,0.026097547839747416,2188.0,4267.0,13635.0,312.0,2760.0,6653.0,4.51171875,24.4484375,26.090625,-0.13883171491665122,651.5320214843752
1.0,21.192708333333332,13941.463020833333,0.2219665688339851,0.009373721300082764,0.4879055461146025,0.005520372058695841,11.5890625,0.7393462767264685,0.20737343883392217,0.24923216627955877,0.2530734913886633,5.483203125,170.82265625,0.0031754190669796233,37.3671875,27807.496875,0.017058005667337887,67.85625,55157.990625,0.0264826458652402,2183.0,4271.0,13547.0,310.0,2800.0,6658.0,4.541015625,24.7015625,26.66875,-0.13537214908772519,647.8243218315971
1.0,21.2328125,13954.9671875,0.22177713538892097,0.00940379779414493,0.4834310772591104,0.005530818572544933,11.452864583333334,0.7448917016214095,0.2070924603758318,0.24931377208902408,0.25297919874117475,5.434765625,230.7171875,0.003141530608792447,37.4453125,27559.1125,0.017210858093313432,68.2125,55247.821875,0.026645806236386356,2180.0,4307.0,13630.0,300.0,2780.0,6746.0,4.48671875,24.49375,26.2765625,-0.13670063528220397,655.2338191731772
0.9997395833333333,21.2609375,13888.7796875,0.22244862094675952,0.009389917950427422,0.48873894027738085,0.005538144699140401,11.470833333333333,0.74331839004434,0.20781774583526422,0.24988771844345442,0.25353302389604615,5.482421875,188.7296875,0.0031995182174429345,37.4890625,27524.73125,0.017072006976105537,68.146875,55053.028125,0.026469427856687266,2198.0,4240.0,13643.0,292.0,2788.0,6713.0,4.53203125,24.4890625,26.2078125,-0.13692695679442338,654.3017032877605
0.9997395833333333,21.232291666666665,13950.761979166668,0.22179503223875183,0.009402438027234556,0.48695377123987515,0.005530682903533906,11.459635416666666,0.7545994210861993,0.2071171300910833,0.24916165475856816,0.25314001830960986,5.448828125,233.65859375,0.003174928064963602,37.4125,27954.134375,0.017089619687223695,68.1859375,54815.803125,0.026625296216329242,2225.0,4227.0,13652.0,280.0,2802.0,6726.0,4.494921875,24.4796875,26.2984375,-0.13720221690270232,654.1548947482639
1.0,21.304166666666667,13889.6375,0.22259927260587,0.009423747957956986,0.4874087090533527,0.005549405227055657,11.60546875,0.743839233326814,0.2079555998332511,0.2498723553740902,0.2539008809281256,5.476171875,176.79453125,0.0031869382913584125,37.434375,27368.475,0.01709745643285034,68.4859375,55262.171875,0.026697278149457927,2187.0,4333.0,13589.0,295.0,2801.0,6790.0,4.536328125,24.73125,26.75625,-0.1350015676498988,663.0215451388889
0.9997395833333333,21.2453125,13900.923958333333,0.2222152422950737,0.009270362465606445,0.4884665582837007,0.005534074628809586,11.460416666666667,0.7421735186683337,0.20753795813296225,0.249590664280369,0.25354895695822416,5.498046875,191.7125,0.00315740868890486,37.3625,27684.115625,0.016813998353235295,68.1171875,54954.578125,0.026178541684783917,2194.0,4215.0,13662.0,308.0,2759.0,6741.0,4.52265625,24.4515625,26.2203125,-0.1328759686508111,653.7945092773438
0.9994791666666667,21.1234375,13978.825520833334,0.22111915056618395,0.00935418794132193,0.4792660306951967,0.005502328080229226,11.399479166666667,0.7511157136869098,0.20639163937159402,0.2486249528438364,0.25252339306689126,5.476171875,269.528125,0.003170992896540005,37.1296875,27656.928125,0.017017129485960743,67.70625,55137.9125,0.026424026575810822,2156.0,4287.0,13545.0,309.0,2756.0,6677.0,4.47734375,24.3578125,26.1296875,-0.13159264391176886,645.2743465169272
0.9997395833333333,21.2671875,13902.359895833333,0.2222936113342013,0.009563902222336612,0.4774412118830725,0.005539772727272727,11.636458333333334,0.742977493693826,0.2076203158027205,0.24968374825806708,0.25359665653625874,5.48828125,236.7078125,0.003240332002980367,37.4140625,27189.759375,0.017369852828250654,68.2359375,55277.56875,0.02705223249384755,2209.0,4311.0,13597.0,300.0,2800.0,6759.0,4.5078125,24.8984375,26.8890625,-0.13166579504151052,656.6603816731771
1.0,21.2265625,13938.705729166666,0.2221732771084688,0.009540395992661427,0.48429706245282617,0.005529190544412608,11.439322916666667,0.7340694393325973,0.20759434478467725,0.24933188024136815,0.2533304032707357,5.47109375,215.73828125,0.003261054355639683,37.284375,27481.1359375,0.017273653835533895,68.190625,55288.1453125,0.026924504697875933,2206.0,4264.0,13550.0,312.0,2774.0,6780.0,4.50703125,24.4296875,26.178125,-0.13392578724257598,653.5955444335938
1.0,21.090104166666666,13950.208854166667,0.2218638385756179,0.00953949995949009,0.4787858755660194,0.005493645263523487,11.550260416666667,0.7398315758279209,0.20732863438776264,0.24893054490600042,0.2529379489966564,5.433203125,236.73515625,0.0032358545903885387,37.075,27665.51875,0.017329309334718768,67.7328125,55088.79375,0.026964272060667614,2228.0,4214.0,13497.0,315.0,2786.0,6694.0,4.449609375,24.7171875,26.7859375,-0.1316642458584341,646.8325062391492
1.0,21.169791666666665,13902.949479166668,0.2223929680085573,0.009541037777276995,0.4807552652051567,0.005514402622210645,11.417708333333334,0.7426807065885942,0.20793669054975542,0.24923074322028177,0.25338030263204026,5.4734375,224.7140625,0.003269316632151729,37.1890625,27491.4625,0.017245289571737522,67.9359375,55027.378125,0.026923670563317532,2144.0,4341.0,13477.0,313.0,2772.0,6720.0,4.5140625,24.3015625,26.1484375,-0.13389531085259798,650.5711707899305
1.0,21.220833333333335,13907.457291666668,0.2225199526051355,0.009473486047184202,0.482343047484558,0.0055276981852913085,11.580729166666666,0.7355684272530925,0.2080614406713602,0.24929224686639673,0.2535817060789754,5.49609375,227.7265625,0.0032547821232454107,37.3875,27995.35,0.017081209248104166,67.953125,54538.4875,0.0267405785420194,2179.0,4303.0,13543.0,313.0,2756.0,6737.0,4.530078125,24.684375,26.6796875,-0.13305681412685322,650.5496701388888
1.0,21.178125,13874.860416666666,0.22285216624171325,0.00942795330707171,0.48012729702692264,0.00551657332638708,11.443489583333333,0.7394373124784811,0.2084464229404249,0.24952316711625833,0.2538041385723215,5.502734375,200.76796875,0.003252876113104383,37.315625,27919.540625,0.017023798124194266,67.7421875,54526.55,0.026532417265818464,2157.0,4311.0,13528.0,312.0,2784.0,6662.0,4.54296875,24.359375,26.1296875,-0.13135742389071467,646.9135839843749
0.9997395833333333,21.079166666666666,13938.6328125,0.22186589395442372,0.009460290316422242,0.4836231899744084,0.005490796214291917,11.405208333333333,0.7413520458588654,0.207392352578441,0.24879523726305744,0.25283071614972075,5.42734375,251.66171875,0.0032391265625247565,37.1640625,27691.69375,0.01714320217556393,67.6015625,54933.45625,0.0266620334728705,2201.0,4235.0,13542.0,300.0,2775.0,6655.0,4.46953125,24.390625,26.1625,-0.13341787380309672,644.190607638889
1.0,21.119270833333335,13917.008854166666,0.22231514189702187,0.009313859199133575,0.47790978598536155,0.005501242728141009,11.369270833333333,0.7456410762287603,0.20784488585383926,0.24919187526879796,0.2533194326979763,5.4765625,170.80234375,0.0031650098160023233,37.125,27577.1328125,0.016839750149057326,67.684375,55241.7109375,0.026383365781734818,2218.0,4247.0,13452.0,292.0,2762.0,6749.0,4.48671875,24.2765625,25.9921875,-0.1278632314936289,645.0253578016494
0.9997395833333333,21.01875,13918.346354166666,0.22212243653873318,0.00933112162772252,0.48345870142529557,0.0054750586090127635,11.408333333333333,0.7415254237288136,0.20770546023812378,0.24894607933880675,0.25296669894109713,5.42734375,200.71640625,0.003216396390228382,37.0375,27308.68125,0.016856216778627413,67.365625,55398.53125,0.02626492742679417,2206.0,4175.0,13517.0,303.0,2784.0,6616.0,4.458203125,24.40625,26.2109375,-0.1322519677440952,639.8397526041667
1.0,21.113020833333334,13935.006770833334,0.22211679147684418,0.009519029494236648,0.4819578143232557,0.005499614700008683,11.405989583333334,0.7446530330315514,0.2076735045613461,0.24887568746296224,0.2531310431527185,5.45390625,221.74765625,0.003288814936423812,37.11875,27072.35,0.017162791941622832,67.74375,55650.7,0.026796125278101816,2195.0,4218.0,13567.0,285.0,2803.0,6690.0,4.46875,24.384375,26.1765625,-0.13092413493705646,645.6622262912326
0.9994791666666667,21.178125,13910.2359375,0.22208525323397588,0.009424690238531819,0.4801969158758463,0.00551657332638708,11.559375,0.7502336333677635,0.20752392642688475,0.24922396996958768,0.25319184372672854,5.455078125,242.57265625,0.0032090021534398653,37.365625,28096.959375,0.017101660223388316,67.8828125,54394.165625,0.026610472594043144,2225.0,4222.0,13584.0,296.0,2816.0,6702.0,4.48515625,24.68125,26.734375,-0.13095370880386553,651.5911881510418
0.9997395833333333,21.111458333333335,13931.5609375,0.22197600318865657,0.00933765626907796,0.48192448690031625,0.005499207692975601,11.393229166666666,0.7374549760694725,0.20746067832262544,0.24899221509212327,0.2530210907493143,5.479296875,281.57578125,0.003164362560824846,37.1078125,27549.1390625,0.01695647689056652,67.64375,54913.9234375,0.026412010480601857,2167.0,4304.0,13497.0,303.0,2796.0,6629.0,4.526171875,24.24375,26.0109375,-0.13098363609724867,646.0610145399306
0.9994791666666667,21.123958333333334,13867.376041666666,0.22250283199086385,0.00922755555587136,0.4828947327140002,0.005502463749240253,11.37109375,0.7400019724838502,0.20804066928663545,0.24938396154399575,0.2534703532546459,5.478515625,215.63671875,0.003136227902306727,37.11875,27547.0984375,0.016699907398660774,67.7109375,54794.6109375,0.02612051432734048,2187.0,4234.0,13507.0,305.0,2747.0,6717.0,4.480078125,24.2265625,26.0796875,-0.13130783521980782,647.4606759982638
0.9994791666666667,21.096354166666668,13916.0921875,0.22193014739512093,0.009421436568208005,0.48376120268204315,0.005495273291655813,11.387239583333333,0.7554869769164301,0.20745187845953578,0.2489553153547272,0.2528180551778549,5.506640625,278.49296875,0.003259429713736544,37.121875,27252.409375,0.017031285758461474,67.4296875,55130.171875,0.026459614795840376,2191.0,4277.0,13450.0,300.0,2746.0,6646.0,4.5125,24.2609375,26.0125,-0.1304903522061132,642.8787367078992
0.9997395833333333,21.042708333333334,13944.2390625,0.22176775227810788,0.009391890344826672,0.47530786896858923,0.005481299383520014,11.347135416666667,0.7500866293747834,0.20734354571245742,0.24855192028278564,0.2526804105360322,5.484375,284.6,0.0032268921595224763,37.0765625,27703.046875,0.017005627643864256,67.2421875,54823.9875,0.026438145787005863,2186.0,4299.0,13410.0,289.0,2761.0,6622.0,4.484765625,24.19375,25.95,-0.12826002549878796,638.1825509982639
0.99921875,21.097395833333334,13878.950520833334,0.2221886482782641,0.009428982719494968,0.48036219538714503,0.005495544629677868,11.570572916666666,0.7466363838348927,0.20773264693190746,0.24909796469982598,0.2531033372421289,5.508203125,215.56328125,0.003249826461296162,37.0734375,27806.56875,0.01702756324056845,67.478125,54604.88125,0.026547027231216706,2209.0,4158.0,13523.0,298.0,2767.0,6672.0,4.54296875,24.6015625,26.65,-0.1289272847955716,641.8155140516493
1.0,21.127083333333335,13844.167708333332,0.22317426508746052,0.00946707756570951,0.4848834781601393,0.005503277763306416,11.49453125,0.7400650823390198,0.2087478082053272,0.2500950712433673,0.25395928646008714,5.48125,170.80625,0.0032663503330753866,37.2453125,27708.84375,0.017099784072150237,67.5921875,54672.9375,0.026637279989805272,2182.0,4211.0,13526.0,292.0,2743.0,6714.0,4.50703125,24.50625,26.4328125,-0.13265891885637573,646.2656206597222
0.9994791666666667,21.0921875,13898.878125,0.2221323069842768,0.009451874149273823,0.4821641736136723,0.005494187939567596,11.38125,0.7568708793243945,0.20771483842729954,0.248899190889232,0.25303529730723046,5.529296875,197.69140625,0.0032701275139024218,37.0515625,27721.728125,0.017047547852062216,67.384375,54880.775,0.02658318698797103,2177.0,4208.0,13450.0,303.0,2740.0,6683.0,4.536328125,24.1671875,25.975,-0.12796964574654549,640.4857722981772
0.99921875,20.918229166666666,13930.7203125,0.2214110797683197,0.009582526037023168,0.481533545216285,0.005448874489884519,11.406770833333333,0.7400592585215248,0.2069849117207184,0.2482239916657921,0.25230284006125253,5.42421875,206.609375,0.0032617147882000423,36.85625,27507.91875,0.017352821619164443,66.95625,55249.965625,0.0270954754501744,2193.0,4205.0,13357.0,310.0,2761.0,6606.0,4.45,24.315625,26.325,-0.1292877463699282,632.1375843641492
1.0,21.030729166666667,13942.7,0.22193343796238468,0.00947596808727304,0.4771452846551036,0.005478178996266389,11.357552083333333,0.7437529408851136,0.20748159538713956,0.24883471413361113,0.25283953209213866,5.458203125,254.69453125,0.0032092915285186915,36.990625,27421.915625,0.01720972739801108,67.3609375,55215.50625,0.026808915011552397,2216.0,4177.0,13455.0,309.0,2770.0,6663.0,4.48125,24.23125,25.9890625,-0.1287869988887518,640.088118218316
1.0,21.1203125,13892.9203125,0.2226144926840495,0.009421984061804299,0.48478296654327624,0.005501514066163064,11.456510416666667,0.7407462208083648,0.2082080960176654,0.24935850741518592,0.25349606461844976,5.480859375,200.778125,0.0032178381895675637,37.0,27020.084375,0.017035832409272554,67.7984375,55534.325,0.026624719203282986,2167.0,4262.0,13451.0,311.0,2776.0,6729.0,4.508203125,24.334375,26.371875,-0.12961865072798423,648.528233235677
0.9997395833333333,21.128645833333334,13875.35078125,0.2224856674635043,0.009552641986867375,0.4794456942020293,0.005503684770339498,11.390885416666666,0.7304952301131461,0.2080436973501541,0.24938121166009086,0.2533580037203184,5.52578125,218.671875,0.0032730416694989996,36.95625,26884.040625,0.017240891439741276,67.7125,55493.3765625,0.026982793803466975,2191.0,4196.0,13482.0,305.0,2793.0,6688.0,4.53515625,24.1953125,26.009375,-0.1269369056396222,643.3735544162325
0.9997395833333333,21.088541666666668,13902.522916666667,0.22225628186175558,0.00961014127770836,0.48291404599463633,0.005493238256490405,11.404166666666667,0.7455668066189183,0.20777847222803683,0.2492927602955966,0.25313104196278957,5.456640625,206.6984375,0.0032972365854716927,37.071875,27521.2328125,0.017414130127819397,67.6328125,55067.1109375,0.027057771196544,2181.0,4272.0,13518.0,305.0,2755.0,6674.0,4.4890625,24.3375,26.13125,-0.13178973804702424,643.1041395399304
0.99921875,20.975520833333334,13920.7375,0.2216970024803316,0.009574564131738681,0.4840305149102495,0.005463798081097508,11.450520833333334,0.745040101308569,0.20721155641013816,0.24860678464791705,0.2527290045935201,5.424609375,197.62109375,0.0032726875005248913,36.853125,27837.075,0.01733857938042317,67.3015625,54896.865625,0.027018055407909348,2191.0,4255.0,13383.0,315.0,2790.0,6598.0,4.44296875,24.446875,26.484375,-0.13201698584770374,639.012942437066
1.0,21.084375,13904.158854166666,0.22242987252259144,0.009580265276384668,0.48024125423393405,0.005492152904402188,11.412760416666666,0.7585099550417469,0.20801640468207988,0.24919129110428573,0.2533223253029435,5.527734375,200.759375,0.0033056930751281704,37.0890625,27525.596875,0.0173360736009808,67.30625,55096.31875,0.026922745756814533,2145.0,4287.0,13457.0,303.0,2764.0,6612.0,4.5359375,24.24375,26.0890625,-0.12890792524072214,638.9105891927084
0.9997395833333333,21.080729166666668,13922.2984375,0.2219804099063714,0.009481199985570775,0.48045306343241023,0.0054912032213249974,11.497135416666667,0.7355898702903026,0.20740921981596064,0.2491777325000581,0.2530678476743279,5.437109375,191.7453125,0.0032226310648628452,37.1421875,28016.809375,0.017239647789478146,67.59375,54750.0,0.026757027864495124,2181.0,4292.0,13511.0,308.0,2789.0,6626.0,4.48046875,24.5234375,26.5375,-0.1333936362845545,647.4809828016492
1.0,21.108333333333334,13952.388541666667,0.22191407077615202,0.009300075661935636,0.48689414880456494,0.005498393678909438,11.401041666666666,0.7364044611133044,0.2073180987104905,0.24914643171759412,0.253065598097356,5.43984375,233.71796875,0.0031590310137193157,37.10625,27453.684375,0.016917692608565883,67.784375,55325.775,0.026246637308170666,2205.0,4237.0,13520.0,301.0,2789.0,6671.0,4.477734375,24.3375,26.1578125,-0.13374316289438087,647.2372222222223
0.9997395833333333,21.191145833333334,13904.901822916667,0.2223006326541636,0.009253160275609965,0.4776555973728307,0.005519965051662759,11.542708333333334,0.7416865337822892,0.20775936036058446,0.24942762282375613,0.2533387316588879,5.487109375,224.6703125,0.003135862710536619,37.3421875,27893.1671875,0.016812653158233538,67.85625,54637.5625,0.026162857653279793,2238.0,4237.0,13603.0,283.0,2764.0,6700.0,4.498046875,24.64375,26.6203125,-0.13325512153036145,652.4801299370661
1.0,21.081770833333334,13906.055208333333,0.2224022002475639,0.009260345285167443,0.48297917657750944,0.005491474559347052,11.32734375,0.7357264619413494,0.20788724320751362,0.24942276554730164,0.2534414631080272,5.468359375,185.78046875,0.003113819297303598,36.9953125,27511.44375,0.016871502019315192,67.621875,55181.765625,0.026235292502475072,2155.0,4247.0,13510.0,307.0,2768.0,6675.0,4.4953125,24.0640625,25.91875,-0.12935584503316155,646.4703968641493
0.9994791666666667,21.061458333333334,13930.390625,0.22172261815874847,0.009345225673351446,0.4794579640797598,0.005486183467916992,11.351041666666667,0.7523121816113556,0.20713628781720256,0.2489272800077024,0.2528632776759784,5.419140625,191.68359375,0.003123585929310709,37.125,27611.896875,0.01706656797938648,67.5671875,55203.7125,0.02651044234347937,2189.0,4238.0,13558.0,307.0,2751.0,6657.0,4.443359375,24.278125,26.0546875,-0.13293315601286174,643.9217437065973
1.0,20.984375,13990.7703125,0.22146868603714331,0.009199224292213896,0.479374068244779,0.00546610445428497,11.297135416666666,0.7319682303301067,0.20699211993156136,0.2483875182270258,0.2524561182695888,5.42734375,290.67265625,0.0030978524243755793,36.9265625,27427.53125,0.01675852588523128,67.2703125,55354.4,0.026045410170549795,2170.0,4260.0,13428.0,326.0,2738.0,6632.0,4.427734375,24.1453125,25.9265625,-0.1297740536285452,638.534130859375
0.9994791666666667,21.084895833333334,13898.3234375,0.2222064049803125,0.009242653966027062,0.4852294246742936,0.005492288573413215,11.396614583333333,0.7524392955067559,0.20773760030292127,0.24896766282119334,0.2533203658489967,5.450390625,176.70234375,0.0031183087720929987,36.9515625,27174.871875,0.01670331948069769,67.75625,55508.259375,0.026279369227092696,2189.0,4184.0,13515.0,320.0,2777.0,6710.0,4.480859375,24.29375,26.1625,-0.12969708144682263,644.768313530816
1.0,21.0625,13901.14375,0.22262713264084197,0.009351210653304359,0.48417187515501126,0.005486454805939046,11.369270833333333,0.7332591493570723,0.20825230229243302,0.24937568415902875,0.25337790251629105,5.47734375,197.7765625,0.003227254738696894,36.9421875,27601.46875,0.01689377211721125,67.5234375,55014.2875,0.02630447284782733,2142.0,4337.0,13365.0,293.0,2744.0,6711.0,4.523828125,24.125,25.9953125,-0.13029670721901285,643.1919270833333
1.0,21.076041666666665,13918.81875,0.2222913976284806,0.00929274814131078,0.48398426516727816,0.0054899822002257535,11.424479166666666,0.7468739188454505,0.20783613008745352,0.24924948762927449,0.2531543777917953,5.45,209.75390625,0.003173570080756266,37.0390625,27514.4375,0.016828052851621218,67.6171875,55159.459375,0.026234155673218396,2170.0,4313.0,13467.0,296.0,2723.0,6710.0,4.4921875,24.3828125,26.1953125,-0.13351271337742993,641.1207801649306
1.0,21.109895833333333,13961.733854166667,0.22180623780650396,0.009224503617373505,0.4862828206988299,0.00549880068594252,11.347916666666666,0.7275172090498631,0.20722693199957726,0.24886450694499365,0.2530651918957212,5.4234375,242.7109375,0.0030915065395254763,37.1296875,27042.415625,0.01677550615747863,67.8359375,55757.14375,0.026205489388660484,2216.0,4236.0,13538.0,309.0,2768.0,6727.0,4.451171875,24.2296875,26.053125,-0.13242587058307637,650.2045895724826
1.0,21.1515625,13955.852083333333,0.22189425814724162,0.009373741845517336,0.4821100996774242,0.005509654206824694,11.382552083333334,0.7414001132698037,0.20722277534555772,0.2492853300932733,0.2531891174079456,5.4328125,242.69140625,0.0031550638066471146,37.3203125,28126.059375,0.017110988111677404,67.8578125,54638.2875,0.02651120773483816,2191.0,4318.0,13576.0,300.0,2751.0,6719.0,4.44375,24.39375,26.1265625,-0.13315425027724692,651.0478621419272
1.0,21.196354166666666,13982.382291666667,0.22157315918740175,0.009473904760592742,0.4768366830961888,0.005521321741773031,11.609635416666666,0.7035899452048062,0.2068669395297839,0.2490059557664738,0.25296524123880104,5.412890625,251.7359375,0.003161912986169341,37.3125,27969.746875,0.01728263830452475,68.2140625,54917.603125,0.026913138314354334,2233.0,4221.0,13664.0,282.0,2809.0,6787.0,4.446875,24.9015625,26.96875,-0.1325033752746573,656.1145700412327
1.0,21.153645833333332,13996.819791666667,0.2215464829212963,0.009338109316027474,0.48071143261665056,0.0055101968828688026,11.386979166666666,0.7388895728179244,0.20686969570820946,0.2489283829277647,0.2528717317671753,5.451953125,257.69296875,0.0031413705924545447,37.1625,28174.665625,0.016981034949496824,67.9515625,54775.48125,0.026482138576849834,2195.0,4311.0,13505.0,292.0,2808.0,6737.0,4.462109375,24.3078125,26.165625,-0.13023003938306743,650.8670179578993
1.0,21.208333333333332,13947.916145833333,0.2219910563109658,0.009522296607324917,0.47608741580039543,0.005524442129026657,11.4390625,0.7460216110019646,0.20732496387607657,0.2495049010036939,0.25314158135779474,5.480078125,272.64609375,0.003215893554350601,37.4578125,27953.715625,0.01740487030265528,67.871875,54643.196875,0.026865335123891814,2206.0,4235.0,13733.0,293.0,2785.0,6665.0,4.482421875,24.446875,26.2578125,-0.13041885997270633,651.1680555555556
1.0,21.126041666666666,13959.56875,0.22191122270046595,0.009562228600109628,0.48267439549123486,0.005503006425284362,11.443489583333333,0.7374882895320743,0.20736867238367224,0.24909065795129356,0.2529019887168131,5.45546875,239.71484375,0.0032621811124427273,37.14375,27682.76875,0.0173927494024186,67.790625,55115.784375,0.02693189774846826,2210.0,4242.0,13535.0,287.0,2799.0,6682.0,4.476953125,24.475,26.278125,-0.13140199996484025,646.1268218315973
0.9997395833333333,21.146354166666665,13997.505208333334,0.22133011374761397,0.009644857608830838,0.4800719996497283,0.005508297516714422,11.640885416666666,0.7326666830866235,0.2066695590207003,0.2487623103508954,0.25254013605198744,5.44375,296.5625,0.0033066602625071244,37.196875,27620.878125,0.01751280663279611,67.90625,55177.903125,0.027129697970160425,2220.0,4228.0,13649.0,290.0,2797.0,6658.0,4.485546875,24.95625,26.946875,-0.13322962005236214,650.1332679578993
0.9997395833333333,21.110416666666666,13963.161458333334,0.22168346202733988,0.009555651554566388,0.48138538108251067,0.005498936354953547,11.592708333333333,0.7218247310766801,0.20706664534148178,0.24910994806532524,0.25272424273278676,5.429296875,242.653125,0.0032393960674316643,37.1546875,27361.21875,0.017427901398891815,67.790625,55447.1375,0.026948423658779853,2212.0,4161.0,13677.0,303.0,2762.0,6671.0,4.45546875,24.875,26.859375,-0.13317059067620166,645.8305164930556
0.9997395833333333,21.159895833333334,13993.257291666667,0.22136210392893768,0.009552017301428904,0.4814709679771488,0.005511824911001129,11.5453125,0.7334777364806656,0.20670756732653484,0.248771814366475,0.25257053990101164,5.434765625,245.66328125,0.0032585153140285796,37.3859375,28512.6984375,0.01736721344220609,67.834375,54464.1921875,0.026910829110253016,2203.0,4245.0,13633.0,298.0,2804.0,6674.0,4.4796875,24.6859375,26.6671875,-0.1326392781211957,649.5817249891494
1.0,21.189583333333335,13977.681770833333,0.22178867969658864,0.009587159842204,0.4857738080259236,0.0055195580446296775,11.606770833333334,0.7471487562678203,0.20723589491732355,0.24892287056569998,0.2528656279445379,5.4453125,245.70234375,0.0032834014011013982,37.4359375,28147.725,0.01741495333802017,67.9203125,54735.55625,0.026974400110798234,2203.0,4242.0,13691.0,308.0,2785.0,6653.0,4.47890625,24.89375,26.83125,-0.13505032588266005,649.5057248263889
1.0,21.166666666666668,13941.553645833334,0.2221130976624081,0.009546390543880724,0.48921446337151053,0.005513588608144482,11.463802083333333,0.7501476377952756,0.2076307626647202,0.24924740586886066,0.25290812944670726,5.4546875,188.80859375,0.0033156015733016887,37.2875,28082.453125,0.017287122777689824,67.89375,54811.634375,0.026728814192387762,2194.0,4250.0,13578.0,291.0,2806.0,6651.0,4.513671875,24.475,26.253125,-0.13614600516546407,647.3737847222221
0.99921875,21.226041666666667,13899.639583333334,0.22206390741646168,0.009599744076839854,0.4872400178596747,0.0055290548754015805,11.4609375,0.7433380772439515,0.2074706499743116,0.24939633407640174,0.25310451052512184,5.4921875,191.6609375,0.003306952598520197,37.2453125,27452.253125,0.01738077794615341,68.1421875,55178.940625,0.026989876120804935,2151.0,4332.0,13506.0,289.0,2796.0,6753.0,4.528515625,24.3984375,26.253125,-0.13310665303655592,651.7051551649306
1.0,21.171354166666667,13957.55,0.22196545523852057,0.009611073605565287,0.4863198620097877,0.005514809629243726,11.426041666666666,0.7278161824399124,0.20737656379797204,0.249202291738841,0.25308418450039405,5.424609375,230.75703125,0.003268577719194812,37.346875,27838.45,0.01748271589797599,67.9828125,54983.821875,0.027109414858636473,2236.0,4235.0,13590.0,287.0,2791.0,6706.0,4.46953125,24.4359375,26.2421875,-0.13680441794951329,652.2649085828994
1.0,21.175,13972.272916666667,0.22158212541535047,0.009253972068427044,0.48731449439161006,0.005515759312320917,11.572916666666666,0.7408254624163715,0.20690060890960682,0.249109512535142,0.2527808043185337,5.421875,245.73828125,0.0030647539106285425,37.4296875,27136.315625,0.016986418992929103,67.9328125,55714.36875,0.026278397775118995,2224.0,4283.0,13613.0,302.0,2787.0,6669.0,4.46171875,24.8375,26.753125,-0.13449174189155985,651.2954166666666
0.99921875,21.2484375,13940.225520833334,0.22156623194984337,0.009576153115144426,0.48429543995107255,0.005534888642875749,11.634375,0.7395886952471995,0.20682960166906472,0.24920706196234632,0.2528719230604549,5.446875,224.5609375,0.003219114432013997,37.43125,27368.784375,0.01749874057929803,68.271875,55374.325,0.02708172038351254,2189.0,4341.0,13596.0,298.0,2792.0,6754.0,4.484765625,24.925,26.9421875,-0.13474593357248726,656.2981746419271
0.9997395833333333,21.196875,13914.506770833334,0.2222320307732651,0.009439117145646698,0.4808949293711405,0.005521457410784058,11.58515625,0.7525676937441643,0.20767268625940205,0.24945982825363822,0.2532416113483439,5.46015625,182.75703125,0.0032166691278833885,37.315625,27749.328125,0.017153333638638624,68.025,55006.684375,0.026614692723708012,2177.0,4287.0,13549.0,292.0,2801.0,6736.0,4.511328125,24.734375,26.73125,-0.13328815313685116,651.7471777343749
1.0,21.180208333333333,13919.016666666666,0.22237573552117068,0.009446961718661596,0.48489818209137603,0.005517116002431189,11.570833333333333,0.7178478335710421,0.2078022375791441,0.24954217038089857,0.25350329242954917,5.456640625,176.81796875,0.003198005686569562,37.18125,27205.70625,0.017188274883274995,68.0734375,55601.121875,0.026701472682416315,2183.0,4339.0,13493.0,284.0,2833.0,6684.0,4.5015625,24.696875,26.721875,-0.13486468839563737,653.2659624565972
0.9997395833333333,21.217708333333334,13929.5546875,0.22216823802913002,0.009352072320022305,0.4831882694728015,0.005526884171225145,11.55078125,0.7263243163631008,0.20750434317455974,0.24953451592822265,0.2534575395483186,5.466796875,233.6796875,0.003165484730330674,37.2984375,27225.59375,0.017021325809265055,68.140625,55417.015625,0.026429169189546083,2195.0,4253.0,13597.0,296.0,2787.0,6752.0,4.489453125,24.6484375,26.6984375,-0.1335336510605094,655.3270822482639
0.9997395833333333,21.086458333333333,13915.861458333333,0.22208840524271042,0.009258208290161026,0.48288384207074114,0.005492695580446297,11.410677083333333,0.7386503976683297,0.20757047114132748,0.24933953747623386,0.2529090094147188,5.450390625,197.725,0.003153045293859762,37.0828125,27787.021875,0.01685471319070525,67.634375,54917.246875,0.02608235537482186,2174.0,4264.0,13506.0,299.0,2777.0,6670.0,4.48828125,24.3375,26.1734375,-0.13241478965838227,648.1883582899305
0.9994791666666667,21.09375,13902.186458333334,0.22217906497666967,0.009407228464522606,0.4799818277044011,0.005494594946600677,11.394270833333334,0.7341975308641975,0.20768091178769027,0.24925304506878013,0.25309769764047696,5.453515625,236.58125,0.0032516438794725085,36.984375,27076.56875,0.016994150215806202,67.7640625,55390.225,0.026442645053439406,2160.0,4278.0,13455.0,300.0,2762.0,6721.0,4.466796875,24.290625,26.2078125,-0.1321566885187878,649.8458984375
1.0,21.132291666666667,13907.838020833333,0.2225419892912363,0.00944345999720986,0.4818207111198654,0.005504634453416688,11.3921875,0.7478680928673535,0.20802566947352447,0.2495569314550401,0.2535923263982801,5.4359375,209.76015625,0.00321875582931387,37.134375,27484.784375,0.017149751684706567,67.915625,55123.203125,0.02663598498129711,2180.0,4224.0,13568.0,287.0,2802.0,6740.0,4.4484375,24.3375,26.221875,-0.13225541744592,651.7824989149306
1.0,21.294791666666665,13926.513541666667,0.22226897049341696,0.009566161084468427,0.48095704163610636,0.005546963184857168,11.615885416666666,0.7439221249327398,0.20773787864332632,0.24929887533004869,0.2533634330571478,5.477734375,230.7515625,0.003285777771858659,37.446875,27268.65625,0.01725397346586083,68.4109375,55367.41875,0.026999881953515093,2182.0,4331.0,13611.0,323.0,2794.0,6772.0,4.5125,24.815625,26.8296875,-0.13238006154512597,660.0802853732639
1.0,21.290104166666666,13896.815885416667,0.22267278938384685,0.009530503566145066,0.48501575960494775,0.005545742163757923,11.645052083333333,0.7608924333977543,0.20820845340588479,0.24965130313780065,0.2535516195417412,5.493359375,230.74765625,0.0033142991811395107,37.4390625,27735.9609375,0.017204158437084144,68.328125,54721.94375,0.026721666235228213,2193.0,4259.0,13647.0,310.0,2764.0,6777.0,4.52734375,24.8578125,26.903125,-0.1345585862468061,657.2043812391494
0.9997395833333333,21.1375,13922.296875,0.22200046717390098,0.009441147139209157,0.4784350139217886,0.00550599114352696,11.433072916666667,0.7573427951902227,0.20752164407327411,0.24906656150809042,0.25284966524221913,5.468359375,230.68125,0.003232559098287943,37.184375,27705.14375,0.017097891177119424,67.7671875,54905.9125,0.026618755264983758,2198.0,4247.0,13530.0,303.0,2766.0,6713.0,4.501171875,24.4015625,26.1921875,-0.13115929875691248,648.3394270833334
0.9994791666666667,21.208333333333332,13893.9875,0.22222188719308303,0.009468117659571689,0.483929186991526,0.005524442129026657,11.57734375,0.7496807465618861,0.20766590819896882,0.2492419581807246,0.25342573218189834,5.443359375,200.6828125,0.003218198085490444,37.3796875,27162.79375,0.01714511053588119,68.096875,55398.4,0.026790803079587165,2174.0,4284.0,13587.0,304.0,2825.0,6734.0,4.4984375,24.7109375,26.759375,-0.13350282449575332,656.1118055555557
0.9997395833333333,21.175,13944.382291666667,0.2219475725903932,0.009224357219730021,0.4797641380737617,0.005515759312320917,11.5375,0.737012987012987,0.20734075927586804,0.24925541162369017,0.25306698681519696,5.43515625,233.6609375,0.003148228403074099,37.3703125,27921.871875,0.01676464871811127,67.9390625,54809.778125,0.025988580987972465,2197.0,4233.0,13650.0,293.0,2737.0,6744.0,4.4890625,24.665625,26.603125,-0.13532752734573292,655.1527083333333
0.9997395833333333,21.141666666666666,13903.77890625,0.222409256366103,0.009479774879544472,0.48531161171473325,0.005507076495615178,11.379166666666666,0.7490145841545132,0.20790174734627298,0.24941319838283377,0.2534353504286925,5.435546875,197.7265625,0.0032383553752924053,37.2078125,27570.9421875,0.017173245725945193,67.9,55060.825,0.02675198205015203,2174.0,4245.0,13506.0,314.0,2746.0,6772.0,4.47109375,24.2609375,26.1296875,-0.13426421653942866,652.8403472222221
0.9997395833333333,21.206770833333334,13905.471875,0.22238380013185702,0.009377474273851893,0.48558799646960416,0.005524035121993575,11.401041666666666,0.731217918805413,0.20784797370084776,0.24947608737894972,0.25343481860880146,5.496484375,215.69296875,0.0032395496704120163,37.30625,27824.796875,0.016935170788533745,67.9484375,54745.2625,0.026371476172929557,2172.0,4310.0,13537.0,302.0,2781.0,6685.0,4.52734375,24.2421875,26.0546875,-0.13399783270775498,652.5963083224826
1.0,21.263020833333332,13926.146354166667,0.22242579914785576,0.009594239118388467,0.48406744869428553,0.00553868737518451,11.604427083333333,0.7345009185548071,0.20784057597731853,0.2497108317573895,0.2534816592204708,5.471875,203.79765625,0.0033170233211431005,37.475,27677.584375,0.017371577967754175,68.215625,55064.103125,0.026925763458004216,2165.0,4344.0,13662.0,280.0,2829.0,6687.0,4.493359375,24.8515625,26.8015625,-0.13574329345012617,658.6151950412326
1.0,21.119270833333335,13981.992708333333,0.22170494555717088,0.009262312044509462,0.47614441700384186,0.005501242728141009,11.3734375,0.7424597400675725,0.20701548750672902,0.24923597483455748,0.25293174848155175,5.396875,260.71875,0.003090841114501504,37.2953125,27377.98125,0.01694808839598999,67.8328125,55471.1,0.02626241941306076,2167.0,4306.0,13591.0,285.0,2801.0,6693.0,4.46015625,24.30625,26.09375,-0.1336763483219812,653.7883786349828
0.9997395833333333,21.178125,13987.322395833333,0.22148296316067656,0.009110746549472942,0.4781672698458775,0.00551657332638708,11.405208333333333,0.7401013231026511,0.206810710352046,0.2488561535881087,0.2527987839677667,5.447265625,281.61484375,0.003041650131131269,37.3734375,27638.30625,0.016650354246948138,67.90625,55159.16875,0.02584752452536443,2224.0,4256.0,13650.0,297.0,2789.0,6677.0,4.4609375,24.3953125,26.1921875,-0.133905927412245,654.5312923177084
1.0,21.161458333333332,13940.111979166666,0.22217009822818895,0.009176941332494455,0.47953651753376625,0.0055122319180342105,11.402604166666666,0.746418902288949,0.20761695380280312,0.24932159921504934,0.25323117494287184,5.453515625,218.72734375,0.0030857262606618753,37.2453125,27272.153125,0.016695433104670837,67.909375,55493.609375,0.0260233098476484,2187.0,4203.0,13649.0,300.0,2782.0,6736.0,4.48046875,24.3546875,26.1390625,-0.1301575613582952,652.745285373264
0.9997395833333333,21.200520833333332,13908.927604166667,0.22241818953717069,0.009193943962055032,0.4823779211551168,0.005522407093861249,11.59296875,0.730721041641076,0.207926237362536,0.24952564961634974,0.25327853815653023,5.4921875,251.63203125,0.0031407484797603114,37.3703125,28053.784375,0.016656273540685697,67.8640625,54393.253125,0.025944396312603257,2224.0,4183.0,13625.0,302.0,2753.0,6740.0,4.525,24.75,26.7078125,-0.12997467481525388,654.2806247287328
1.0,21.029166666666665,13907.685416666667,0.2224324606322647,0.009405078030926614,0.4794690258301331,0.0054777719892333075,11.527864583333333,0.7405884683970676,0.2080667128191786,0.24921342122571916,0.2531144912911545,5.4703125,194.7671875,0.003234567248396633,36.8875,27404.25,0.016991563386292114,67.40625,55262.79375,0.026500635805681044,2200.0,4181.0,13453.0,291.0,2759.0,6692.0,4.5015625,24.58125,26.5796875,-0.12826924680770302,641.8871701388889
0.9997395833333333,21.084895833333334,13915.1703125,0.22211845054488766,0.009552111375797335,0.48022992158335037,0.005492288573413215,11.397135416666666,0.7464614776572882,0.20771249857843568,0.24907125664192983,0.25278945231365324,5.46484375,173.7640625,0.0033045765555857866,37.0875,28551.01875,0.017270984885767962,67.5625,54244.946875,0.0268233771466729,2178.0,4232.0,13531.0,291.0,2777.0,6662.0,4.490234375,24.328125,26.09375,-0.13188498666109028,644.558938530816
1.0,21.049479166666668,13933.06875,0.2222015674300425,0.009474372567697672,0.48181878580209425,0.005483063080663367,11.390364583333334,0.7226277372262774,0.2078108963628666,0.24928329801799323,0.25268252111079537,5.4984375,236.7203125,0.0032902904440779398,37.075,27230.8375,0.01718798565629826,67.228125,55420.69375,0.026497087973576007,2181.0,4178.0,13502.0,301.0,2671.0,6699.0,4.537109375,24.2453125,25.9484375,-0.12895240013416814,640.4788018120659
0.9994791666666667,21.120833333333334,13931.156770833333,0.22163260670952967,0.009629595028986474,0.48084677227802525,0.005501649735174091,11.4359375,0.72701716314855,0.20716586699879896,0.2488328530029456,0.25229931925903654,5.48515625,233.60078125,0.0032822898297832637,37.253125,27629.1875,0.017611981067588246,67.53125,55023.35,0.027036429787197547,2185.0,4265.0,13543.0,308.0,2743.0,6651.0,4.491796875,24.4859375,26.1625,-0.1307306678616405,644.5187326388889
0.9997395833333333,21.041666666666668,13946.484375,0.22195334460543972,0.009459547797032055,0.4784542896454912,0.005481028045497959,11.491145833333333,0.7334158415841584,0.20753856860298275,0.24894061515569238,0.25262517806501494,5.46015625,260.6125,0.0032469646217627114,37.0578125,28062.753125,0.017155580337976588,67.3515625,54573.703125,0.026613847957164892,2173.0,4244.0,13508.0,317.0,2757.0,6613.0,4.4796875,24.5171875,26.5109375,-0.13029018335166137,641.6555555555555
0.9994791666666667,21.083333333333332,13930.20625,0.22185823119393333,0.00929981720031333,0.4783771437276012,0.0054918815663801334,11.405208333333333,0.7109189723320158,0.207341913410129,0.24902697699769094,0.252754756525393,5.4203125,224.61953125,0.0031424996065059704,37.1484375,28444.190625,0.016981186845990447,67.6703125,54238.56875,0.026247717929865653,2175.0,4257.0,13620.0,311.0,2743.0,6688.0,4.445703125,24.4515625,26.196875,-0.1311519764624923,647.3894097222222
1.0,20.993229166666666,13979.526041666666,0.22165284152999382,0.00943687048628391,0.4780589613859158,0.005468410827472432,11.358333333333333,0.746049073361947,0.20724826020793294,0.24865255096167554,0.2522714573865555,5.41484375,251.71640625,0.0032059017782006564,36.965625,27745.23125,0.017229004997145598,67.334375,55125.059375,0.026568610807755254,2151.0,4252.0,13527.0,302.0,2734.0,6639.0,4.423828125,24.3671875,26.0875,-0.13250571613287598,640.078079155816
0.9994791666666667,21.072395833333335,13920.8546875,0.22201101870606443,0.009732198518252704,0.4833292785780498,0.005489032517148563,11.418229166666666,0.7436417113621197,0.2076233674530225,0.24888911073874,0.2526835316855565,5.441796875,245.54609375,0.0033826538201496407,37.0828125,26905.5125,0.01756943858230527,67.584375,55637.43125,0.027293137246612385,2132.0,4267.0,13543.0,303.0,2735.0,6700.0,4.4640625,24.4453125,26.2078125,-0.13213342390377686,643.6551755099827
0.9997395833333333,21.1296875,13911.3015625,0.22226374869122695,0.009487298606471906,0.47820594958716306,0.005503956108361552,11.405729166666667,0.7292021001257117,0.20784813390467818,0.249238350712678,0.2529516058159711,5.48203125,260.61953125,0.0032730355129488215,37.2125,27556.053125,0.017178063063348493,67.6375,54869.278125,0.02665358652368765,2159.0,4301.0,13578.0,297.0,2758.0,6634.0,4.47265625,24.3671875,26.1765625,-0.1329054504925448,646.6383894856771
0.9997395833333333,21.131770833333334,13940.265625,0.22203669473206814,0.009529939173889512,0.48487666674134977,0.005504498784405661,11.442447916666667,0.7394079806768048,0.20764286546770422,0.24893528000888904,0.252713426512703,5.492578125,299.50546875,0.003295927075727226,37.2546875,27520.35625,0.017278709208675403,67.565625,54923.215625,0.02671721753175276,2176.0,4258.0,13576.0,298.0,2726.0,6662.0,4.480859375,24.4671875,26.2640625,-0.1322948920816408,641.8487822808161
1.0,21.167708333333334,13942.183333333332,0.22212120348668987,0.0097391430658669,0.48481498182603094,0.005513859946166536,11.46875,0.7371438413463904,0.20767702650766204,0.2491613361633105,0.2528577787261807,5.482421875,245.69765625,0.0033645809250490858,37.275,27950.590625,0.017650197245759263,67.8015625,54719.71875,0.027326337449245786,2201.0,4250.0,13562.0,297.0,2752.0,6718.0,4.494921875,24.509375,26.3234375,-0.13139105752631478,646.1942697482639
0.9997395833333333,21.173958333333335,13903.043229166668,0.22231091952028692,0.009753075814454368,0.4828135755185975,0.005515487974298862,11.608333333333333,0.7411324838884242,0.2078823906636324,0.24923323992950336,0.25310271453768873,5.4203125,230.66953125,0.003355138199697434,37.4296875,28203.6375,0.017676129181992954,67.9328125,54291.94375,0.02742177290594352,2196.0,4280.0,13577.0,300.0,2779.0,6737.0,4.471875,24.8671875,26.8953125,-0.13545428154166772,650.8718218315972
1.0,21.121354166666666,13945.7015625,0.2219540158708093,0.00958219444086685,0.48257997460982804,0.005501785404185118,11.44140625,0.7583409365521663,0.2075907995200706,0.2487575495614096,0.2526033475831636,5.45859375,233.66640625,0.0033412841024289194,37.396875,28563.496875,0.01733117161796095,67.496875,54176.046875,0.026796858617524472,2175.0,4275.0,13535.0,312.0,2718.0,6663.0,4.48984375,24.46875,26.2203125,-0.13519408358048063,643.4790231662327
0.9994791666666667,21.139583333333334,13893.166666666666,0.22226018143403486,0.009638741180678341,0.4873527444842748,0.005506533819571069,11.421354166666667,0.7365477481028876,0.20779488759263165,0.2492450612032307,0.25313647703045217,5.39609375,230.62109375,0.0033316123462277954,37.3125,27583.7125,0.01744968946395114,67.940625,54852.803125,0.027056308235207722,2221.0,4216.0,13629.0,284.0,2750.0,6717.0,4.442578125,24.496875,26.2609375,-0.1391668478703968,650.9919748263889
0.9997395833333333,21.08125,13928.126041666666,0.22199238095020093,0.009506296750279008,0.48446697912929854,0.005491338890336025,11.433072916666667,0.7542000197647989,0.2075854804902574,0.24900080871273858,0.2526115550274372,5.477734375,239.6546875,0.0033107315643099667,37.1375,28031.95625,0.0171979277012376,67.4390625,54578.18125,0.026596926543196585,2188.0,4265.0,13463.0,293.0,2733.0,6651.0,4.523046875,24.3625,26.14375,-0.1329758964105818,641.8131901041668
0.9989583333333333,21.145833333333332,13875.271875,0.22195393537966618,0.009541460535819755,0.48391417768061545,0.005508161847703395,11.483333333333333,0.7255418719211822,0.20743075984650944,0.24913625332174255,0.2528643195702169,5.472265625,227.503125,0.0033037527763542366,37.14375,26874.640625,0.017274881833545835,67.8421875,55466.978125,0.02675887027595575,2210.0,4207.0,13570.0,290.0,2743.0,6724.0,4.50703125,24.5765625,26.2953125,-0.1327638296539608,646.5500868055556
1.0,21.158854166666668,13912.602604166666,0.2222323088535521,0.009529437672480854,0.4809400689748648,0.0055115535729790745,11.500520833333333,0.7314215384615385,0.2078100614853576,0.24931363632405476,0.25283997085582743,5.455078125,263.6703125,0.003279926895689629,37.321875,27535.8,0.017328561369242892,67.8109375,54885.134375,0.026728357082883708,2184.0,4241.0,13693.0,316.0,2766.0,6625.0,4.4875,24.6796875,26.3734375,-0.13566268147398133,647.1929945203992
0.9997395833333333,21.083854166666665,13932.089583333332,0.22211284442477913,0.009408173560519394,0.4808635358374493,0.005492017235391161,11.419791666666667,0.7393839085002841,0.2076635032933619,0.24918938084660613,0.25283367252862105,5.458984375,242.63125,0.003243636732895147,37.2140625,27421.06875,0.017072787462548717,67.453125,55200.94375,0.026401706968987047,2193.0,4199.0,13617.0,303.0,2721.0,6646.0,4.465234375,24.471875,26.1859375,-0.13352879352902214,644.3007809787325
0.9997395833333333,21.1375,13906.171354166667,0.22242681574141063,0.00950753230607886,0.48242513174796037,0.00550599114352696,11.459375,0.7453676325645575,0.20799410729212417,0.24938759633183336,0.25319686894813387,5.491796875,233.63828125,0.003275450262718206,37.2328125,27494.959375,0.01725041564296717,67.625,55007.515625,0.026692977142633155,2182.0,4178.0,13639.0,311.0,2697.0,6714.0,4.51484375,24.4765625,26.2203125,-0.13021699431965703,645.6738020833332
0.99921875,21.1109375,13896.4390625,0.22209700790389436,0.009661548633251268,0.48262248492555315,0.005499072023964574,11.608333333333333,0.7382133076752276,0.20764942616332166,0.24917371036611566,0.2528106324039642,5.45546875,215.5640625,0.0033426378292171015,37.2421875,27639.059375,0.017500263272277418,67.6015625,54877.31875,0.027098477210361783,2153.0,4246.0,13589.0,309.0,2713.0,6707.0,4.4921875,24.871875,26.809375,-0.1322569340317814,646.4517553710938
0.9997395833333333,21.08125,13904.302083333334,0.22223782654674773,0.009608556973092756,0.48348401916099576,0.005491338890336025,11.45703125,0.722897519517739,0.20785348376753682,0.24908463783008344,0.2529283863802556,5.466015625,200.70234375,0.0033063850783620176,37.1015625,27399.13125,0.017388106326811648,67.521875,55223.871875,0.027037695198296813,2187.0,4236.0,13508.0,306.0,2754.0,6650.0,4.51015625,24.45,26.2515625,-0.13320296672282336,641.8933984375001
1.0,21.1625,13903.8296875,0.22249825922453947,0.009513900556091588,0.48307318345731026,0.005512503256056265,11.447916666666666,0.7310740303209293,0.20811810894909036,0.24938938435520766,0.25312773519566784,5.4921875,206.7796875,0.003228546729900369,37.34375,27772.2625,0.01736543708874938,67.6625,54823.596875,0.026803779328198683,2173.0,4273.0,13599.0,305.0,2768.0,6627.0,4.511328125,24.45625,26.1859375,-0.1337164888899071,644.8360937499999
1.0,21.233333333333334,13909.9375,0.2225311444893748,0.009607994328531318,0.48037145633275763,0.00553095424155596,11.676822916666667,0.7442602040816326,0.2081102802173355,0.2494142640225328,0.25333148204437406,5.513671875,218.75546875,0.0032826597665701965,37.36875,27172.3375,0.017471158313659772,67.9765625,55412.265625,0.027046168591247356,2163.0,4259.0,13630.0,300.0,2742.0,6746.0,4.5671875,24.9265625,26.865625,-0.1310841130274339,651.0518055555556
0.9994791666666667,21.1640625,13901.451041666667,0.22215271531718234,0.009524250279577321,0.4797483414160181,0.0055129102630893465,11.45,0.7258274886181862,0.20768075164501498,0.24916304508266124,0.2530302402403728,5.49765625,236.5859375,0.0032750706363783876,37.3078125,28043.1625,0.017262032224781388,67.6859375,54419.2,0.026783186907169,2130.0,4266.0,13580.0,286.0,2771.0,6686.0,4.526171875,24.3859375,26.209375,-0.13176206075194785,647.5256876627604
0.99921875,21.058854166666666,13893.213541666666,0.22204376114960045,0.009679990118101821,0.48303647474324085,0.005485505122861856,11.444270833333333,0.731852694581159,0.2076727162443647,0.24880842900714062,0.25276327291300327,5.475390625,173.67890625,0.00335012101020265,36.978125,27874.625,0.017458648609549397,67.4734375,54789.940625,0.027220808058250928,2187.0,4244.0,13449.0,311.0,2697.0,6725.0,4.50703125,24.428125,26.209375,-0.1299412128939251,638.9314320203994
0.9997395833333333,21.071354166666666,13918.566666666668,0.2221602789720124,0.009357031562237491,0.4833636674694953,0.005488761179126509,11.428645833333333,0.7374496378871395,0.20780218221032065,0.24891589435092887,0.2528370506398631,5.492578125,188.72421875,0.0031887216270776167,36.9046875,27538.865625,0.016936706540185562,67.553125,55217.6375,0.02645059632492892,2167.0,4243.0,13430.0,311.0,2715.0,6736.0,4.5015625,24.353125,26.2125,-0.1286993002995238,641.2360544162326
1.0,21.044791666666665,13949.3609375,0.22203232767886985,0.009088097604521077,0.47938282148322353,0.0054818420595641225,11.353125,0.7485274464188487,0.20766952052242282,0.24875676074235517,0.2527591232411728,5.444921875,200.77421875,0.0030340236962771443,36.971875,27554.1125,0.01652671985180023,67.5171875,55338.95625,0.02586577099021765,2201.0,4222.0,13432.0,308.0,2727.0,6731.0,4.4546875,24.221875,26.078125,-0.12969685545031898,643.3443478732638
1.0,21.141666666666666,13930.960416666667,0.2222529796244889,0.009216483964152731,0.4821033942814848,0.005507076495615178,11.44609375,0.7402443831296808,0.20788171761147528,0.24909609434881572,0.25289491295221633,5.5203125,200.7796875,0.003140456007077215,37.1640625,27767.375,0.016727832552116954,67.6046875,55015.26875,0.02600924720449057,2164.0,4262.0,13479.0,315.0,2727.0,6709.0,4.543359375,24.353125,26.15,-0.12932361957726113,645.2163888888889
0.9997395833333333,21.149479166666666,13887.65625,0.22243352392139276,0.009329658488324462,0.4846127669186807,0.005509111530780585,11.384635416666667,0.725293668579309,0.2080430474106217,0.24931614597853535,0.2531128079073343,5.49765625,212.70546875,0.003172103175965553,37.2078125,27499.86875,0.016947894884472136,67.6984375,54975.246875,0.02634164334161243,2181.0,4268.0,13471.0,306.0,2753.0,6704.0,4.514453125,24.2546875,25.9953125,-0.13143133023856693,647.8651559787327
0.9997395833333333,21.130208333333332,13934.900520833333,0.2220114788184871,0.009546428917444005,0.4818649808388268,0.0055040917773725795,11.594270833333333,0.734113877249199,0.2075611497022139,0.24901443301194037,0.2528098410901265,5.505078125,257.6265625,0.0032916675504290225,37.08125,27436.65625,0.01724230134742482,67.6796875,55142.240625,0.026869601955523133,2176.0,4208.0,13519.0,291.0,2767.0,6695.0,4.53125,24.71875,26.721875,-0.12971549987761813,646.0351291232639
1.0,21.202083333333334,13956.00625,0.2220220095278425,0.009638076184594902,0.4801175349862792,0.00552281410089433,11.457552083333333,0.7526284759752383,0.2075329389457991,0.24904140291869264,0.252958898465166,5.541796875,254.68125,0.0033500909709069035,37.19375,27891.85625,0.017391030786686412,67.8515625,54825.45625,0.0270370624372554,2192.0,4219.0,13588.0,301.0,2776.0,6675.0,4.533984375,24.384375,26.225,-0.13062613835030626,647.3430164930556
0.9994791666666667,21.176041666666666,13860.371354166668,0.22259874203717925,0.009561429688676874,0.48506198673784745,0.005516030650342971,11.576041666666667,0.747306803089183,0.2081555953207383,0.249526106051617,0.2534439648885053,5.491796875,173.709375,0.003304511525513215,37.26875,27582.6328125,0.017293439339696244,67.8203125,54884.7578125,0.026857092690312123,2164.0,4219.0,13615.0,295.0,2798.0,6679.0,4.496875,24.7125,26.75625,-0.13230450960041348,648.901300998264
0.9994791666666667,21.133333333333333,13881.38671875,0.22243088851430107,0.00945864861332493,0.48625905804838626,0.005504905791438743,11.572135416666667,0.7551754731861199,0.20796566563466276,0.24941214964598268,0.2533105189011726,5.450390625,224.62109375,0.003279052580206563,37.2984375,27878.703125,0.017082683741935754,67.7,54511.1328125,0.02655299761718758,2173.0,4287.0,13527.0,279.0,2797.0,6658.0,4.4875,24.7703125,26.7125,-0.13560350501433932,646.9650347222222
1.0,21.061979166666667,13907.819270833334,0.22258120460854033,0.00966874163626927,0.48662302717556105,0.005486319136928019,11.388541666666667,0.7566705408145602,0.20825669421457987,0.2492805012135914,0.2531799495793311,5.449609375,197.8,0.0033957624646049427,37.221875,28289.984375,0.01743128557235777,67.3515625,54365.73125,0.02699811438683808,2149.0,4283.0,13467.0,293.0,2743.0,6631.0,4.498828125,24.25625,26.0796875,-0.13610200851167317,640.0675127495659
1.0,21.21875,13885.2515625,0.22286736171443391,0.009539807724889724,0.4887735427033278,0.0055271555092472,11.45546875,0.7259695630829651,0.2084325987054858,0.2498845502595753,0.2535892252050849,5.46484375,209.7625,0.0033465709708293302,37.53125,27593.425,0.017216501424798702,67.921875,54879.034375,0.026636061041222327,2172.0,4264.0,13687.0,300.0,2746.0,6656.0,4.517578125,24.4796875,26.1828125,-0.13966753581955152,652.3151692708333
1.0,21.109895833333333,13854.54453125,0.22309571519582186,0.009546120239819529,0.484744322824984,0.00549880068594252,11.444270833333333,0.7447139226764699,0.20879676835534156,0.2497925732337097,0.25359464451985547,5.46875,173.81171875,0.003310392811780134,37.2171875,27569.9765625,0.017236085385772593,67.5671875,54862.04375,0.026799064806024047,2164.0,4245.0,13555.0,304.0,2723.0,6683.0,4.5078125,24.465625,26.16875,-0.13469416296033276,643.5660479058159
0.9997395833333333,21.147395833333334,13862.522916666667,0.22282897805244944,0.00951071999368201,0.4821262998448057,0.005508568854736476,11.547395833333333,0.7354628968302834,0.20853776517966455,0.24945951261161187,0.2533632949844268,5.467578125,173.7328125,0.003277298193692821,37.165625,27027.740625,0.017227793437809107,67.8484375,55452.465625,0.026727333749511688,2205.0,4179.0,13536.0,286.0,2778.0,6730.0,4.50234375,24.6859375,26.5890625,-0.1342023237907006,647.9345244683159
1.0,21.238020833333334,13856.796875,0.22311026935615635,0.009635482843792986,0.4888681863051308,0.005532175262655205,11.503645833333334,0.7297005664958187,0.20879945528951396,0.24980396147984463,0.25365983349903776,5.509375,158.82578125,0.0033755294773449283,37.3984375,27585.79375,0.0173720618023341,67.9921875,54919.684375,0.026938717351044104,2142.0,4230.0,13617.0,296.0,2758.0,6742.0,4.5609375,24.459375,26.31875,-0.13476430050370294,649.1152210828993
0.9994791666666667,21.167708333333334,13872.836458333333,0.222560405856453,0.009301748324401109,0.48566186636707404,0.005513859946166536,11.459375,0.7391368535013041,0.20814511952258705,0.2494430583818752,0.2533388986664947,5.42421875,191.69296875,0.003183947538585782,37.365625,27439.6625,0.01687725408527956,67.94375,55030.584375,0.02619744570678395,2196.0,4217.0,13613.0,284.0,2760.0,6754.0,4.4875,24.5515625,26.2546875,-0.13695941544270815,650.6197905815972
1.0,21.261979166666666,13891.117708333333,0.22281788747313383,0.009378943548627772,0.4859557075424732,0.005538416037162455,11.599739583333333,0.7514636356955637,0.20835690903978715,0.249685592465097,0.25379409621455745,5.47265625,230.7453125,0.003240869136322444,37.4703125,27299.0875,0.0169252975190345,68.2109375,55124.6375,0.02638488722744236,2229.0,4193.0,13664.0,308.0,2779.0,6755.0,4.5390625,24.765625,26.6765625,-0.13556934972902335,654.7506377495661
0.9997395833333333,21.221354166666668,13865.699479166668,0.2227795671894676,0.009462325262889973,0.488055492174719,0.005527833854302336,11.596875,0.7294146521045527,0.20840488742718694,0.24951891074875956,0.25353894267929816,5.4796875,185.765625,0.0032528602790097907,37.4546875,27942.840625,0.017098582801661412,67.9546875,54508.29375,0.026663927659639257,2203.0,4314.0,13543.0,296.0,2790.0,6675.0,4.508203125,24.765625,26.7828125,-0.13634005284936052,652.2838148328992
1.0,21.313541666666666,13868.106770833334,0.22308030912964363,0.009379672111347588,0.48359913802616294,0.005551847269254146,11.585677083333334,0.7334441131909486,0.2087046980844523,0.2498571533630784,0.25380590907697426,5.5265625,191.8015625,0.003212862297646253,37.5109375,27913.3875,0.016978482416007194,68.2640625,54528.046875,0.026448101061493322,2200.0,4212.0,13685.0,281.0,2848.0,6700.0,4.55703125,24.6265625,26.659375,-0.1345804180414635,657.0121082899306
1.0,21.217708333333334,13895.683854166668,0.22271716005385103,0.009459213940309763,0.4838709937396651,0.005526884171225145,11.583854166666667,0.7286808385291375,0.20841255512059745,0.24936604773627852,0.2532866921044379,5.497265625,191.809375,0.0032536217118767836,37.3171875,27422.15,0.01712198035593486,68.0,55184.715625,0.026618816438416588,2153.0,4291.0,13583.0,286.0,2786.0,6704.0,4.53359375,24.696875,26.671875,-0.13454461887807312,649.9812489149305
0.9997395833333333,21.165625,13863.7,0.22286951962298515,0.009431198851990282,0.4891201618818507,0.005513317270122428,11.438541666666667,0.7435405285693194,0.20856372100818507,0.2494918526566635,0.25347038104850705,5.46328125,158.79609375,0.003232276908124067,37.2421875,27715.809375,0.017112033811113363,67.8984375,54831.20625,0.02654605166833207,2186.0,4258.0,13551.0,273.0,2799.0,6685.0,4.49609375,24.4359375,26.2109375,-0.1368299904050491,646.475693359375
0.99921875,21.230208333333334,13863.446875,0.22248285747114152,0.009575052019501113,0.4820248936732458,0.005530140227489798,11.611197916666667,0.7417447622785928,0.20798830557601708,0.24949455512771382,0.2534493673950669,5.461328125,194.625,0.0032732869963746558,37.4125,28081.30625,0.017375618819410958,68.1234375,54320.875,0.0269815453120971,2187.0,4302.0,13591.0,303.0,2811.0,6727.0,4.49140625,24.8453125,26.85625,-0.13426121038806008,653.6897124565971
1.0,21.174479166666668,13889.002604166666,0.22268500233091412,0.00947362074853755,0.4841305534689472,0.00551562364330989,11.433333333333334,0.7551346697823146,0.20825263768746655,0.24964052662262243,0.2534589366129963,5.46328125,212.75234375,0.0032455665205997795,37.4609375,27962.41875,0.017216508255756695,67.7328125,54520.5875,0.02664295015306949,2163.0,4283.0,13649.0,296.0,2738.0,6696.0,4.5,24.4109375,26.1890625,-0.13442407391676445,649.1638278537325
0.9997395833333333,21.130729166666665,13878.020833333334,0.22263742350940194,0.009251260481274327,0.48380129968106506,0.005504227446383607,11.45,0.7356486160065071,0.2082580159119173,0.24946501915288638,0.2533274582558562,5.43515625,200.70078125,0.0031468197993399865,37.2984375,28125.8375,0.01687382955119987,67.7453125,54339.484375,0.02604645413908615,2164.0,4305.0,13524.0,292.0,2755.0,6731.0,4.51015625,24.4375,26.221875,-0.13440687451237687,647.3704098849826
0.9997395833333333,21.101041666666667,13883.7734375,0.22250725098314647,0.009503114193415218,0.487202830458132,0.005496494312755058,11.473697916666667,0.7525053068075234,0.20816149947824739,0.24935392755706118,0.2530435804288281,5.46171875,215.69296875,0.0032822304662881554,37.2375,27873.85625,0.017257716581408032,67.521875,54566.0125,0.026632046713930657,2194.0,4193.0,13546.0,289.0,2740.0,6698.0,4.50390625,24.54375,26.2828125,-0.1330993383961503,641.8283322482639
0.9997395833333333,21.159375,13884.175,0.22263615647997742,0.009032334712655042,0.4821947258083828,0.005511689241990102,11.430989583333334,0.7390587308620096,0.20823737942618833,0.24940093051532736,0.2534664906597839,5.518359375,215.70234375,0.0030458074456998323,37.0453125,26856.978125,0.01641157652379289,67.8375,55585.2625,0.025599201969338025,2194.0,4193.0,13472.0,277.0,2781.0,6788.0,4.534375,24.315625,26.1328125,-0.12665067842678607,647.4522037760418
1.0,21.026041666666668,13928.294270833334,0.22222122935168814,0.00903217635983491,0.48314435470471373,0.005476957975167144,11.39453125,0.7312608372553877,0.2079285352162236,0.24873470573857626,0.2528785295066583,5.445703125,203.7515625,0.003019437542600209,36.9453125,27311.825,0.016462712455962116,67.428125,55442.934375,0.025652595532646504,2194.0,4196.0,13419.0,281.0,2796.0,6694.0,4.480078125,24.3,26.146875,-0.12884183283992826,640.5555718315971
0.9994791666666667,21.120833333333334,13916.596875,0.22201685745285965,0.009060494542812002,0.4835716781587403,0.005501649735174091,11.44375,0.7110869994081673,0.20766914310108717,0.24875184601082728,0.25267272630198184,5.45625,251.575,0.003055869561238804,37.2625,27657.878125,0.016512107488077448,67.6375,54835.403125,0.025627381523839355,2203.0,4332.0,13444.0,296.0,2743.0,6712.0,4.477734375,24.5234375,26.228125,-0.13141208759240566,644.4114409722222
0.9997395833333333,21.004166666666666,13949.7484375,0.22183959781683824,0.008992492371888936,0.47987273501248673,0.005471259876704003,11.307552083333333,0.7479418766117834,0.20749196417273313,0.2486624203727569,0.2524073098373399,5.43046875,272.6046875,0.0030271034075156503,37.0515625,27893.915625,0.016434496546904927,67.2515625,54714.15625,0.02541204405436608,2196.0,4261.0,13457.0,306.0,2736.0,6625.0,4.44765625,24.1765625,25.878125,-0.13245243429856124,637.8041493055556
1.0,21.094791666666666,13929.5859375,0.22221794469480993,0.008936849692641873,0.47976215773068337,0.005494866284622732,11.423177083333334,0.7465310355044196,0.20781301665475554,0.2491132917662502,0.25294230978358706,5.444921875,245.71171875,0.0030127774488326983,37.25625,28011.346875,0.016250174551632263,67.5328125,54583.321875,0.025319813808888182,2205.0,4224.0,13591.0,288.0,2772.0,6646.0,4.48203125,24.43125,26.1796875,-0.13313574910557574,644.2457020399306
0.9997395833333333,21.077604166666667,13901.829166666666,0.22238340689593844,0.00939599004208515,0.48014498360503843,0.005490389207258835,11.419791666666667,0.7539598210976303,0.20805308987637566,0.2491868449186292,0.2529012369514988,5.421484375,224.6875,0.0032156723453246965,37.3296875,28010.759375,0.017110186598647666,67.45,54501.465625,0.02640306427256444,2181.0,4308.0,13508.0,298.0,2747.0,6641.0,4.4734375,24.4671875,26.1578125,-0.13550235245658282,643.0684567599826
0.9997395833333333,21.042708333333334,13939.6328125,0.22188909985369945,0.009717295537438459,0.48440027920311357,0.005481299383520014,11.386197916666667,0.7574129993564676,0.20747205413745284,0.24886406589969665,0.2525823166726887,5.4,254.65859375,0.0033643476045712383,37.1609375,27624.7125,0.017623745801203943,67.4953125,54994.45,0.027222637005141846,2227.0,4183.0,13536.0,306.0,2722.0,6703.0,4.446875,24.4078125,26.121875,-0.13456542657628365,642.1471343315972
1.0,21.0734375,13958.60625,0.22190167292444418,0.009308369676112356,0.4853025420688201,0.0054893038551706175,11.428645833333333,0.7425669162897605,0.20752584331111815,0.24875279270187126,0.25255387160032144,5.44765625,269.69375,0.003183227468396996,37.1046875,28185.484375,0.01694511480527584,67.5453125,54487.378125,0.026172193377810314,2227.0,4195.0,13526.0,296.0,2727.0,6686.0,4.46796875,24.45625,26.24375,-0.1340434870026861,641.5591902669272
0.9997395833333333,21.172916666666666,13917.193229166667,0.2221691575285614,0.009144999274815562,0.4839894598098402,0.005515216636276808,11.439322916666667,0.7136672242448096,0.2077010275672609,0.24917073196151646,0.25304010294080836,5.442578125,209.69765625,0.0030938354134923468,37.3765625,27576.571875,0.01666635165547039,67.890625,55087.796875,0.025828302339453584,2197.0,4232.0,13641.0,300.0,2783.0,6689.0,4.483203125,24.4875,26.215625,-0.1349814635122383,649.438849826389
0.9994791666666667,21.175,13919.014583333334,0.22188975907154032,0.00942784425222156,0.4853144996013453,0.005515759312320917,11.472916666666666,0.748573396300669,0.20743247371423407,0.2488284156357227,0.25278024393658294,5.45625,212.67578125,0.003223994135506432,37.4421875,27639.45625,0.017120376080403323,67.7828125,55023.928125,0.02655071289090031,2219.0,4189.0,13668.0,309.0,2723.0,6711.0,4.49140625,24.54375,26.328125,-0.1352144587402882,646.3678125
1.0,21.255208333333332,13904.31875,0.2225447044844044,0.009107093826800515,0.4866384164893296,0.005536652340019102,11.478645833333333,0.7351629502572898,0.20806406376114434,0.2495797922072535,0.25343217965459564,5.454296875,227.74609375,0.003071036663685225,37.490625,27335.89375,0.01658439453655622,68.2234375,55179.034375,0.025774021769505974,2222.0,4260.0,13661.0,315.0,2751.0,6733.0,4.498046875,24.5625,26.3171875,-0.13797594623375806,656.1411187065974
1.0,21.1703125,13879.764583333334,0.2227457582842112,0.008910091037330647,0.48723289953560545,0.005514538291221672,11.470833333333333,0.7513715649371417,0.20833504943313813,0.24964996846013152,0.2534843835125828,5.4453125,164.8265625,0.003006832105630008,37.296875,27648.23125,0.016223017638016417,67.94375,54971.05,0.025210200163447438,2160.0,4294.0,13574.0,296.0,2760.0,6720.0,4.499609375,24.509375,26.3171875,-0.13687041178022402,649.9819311523438
0.9997395833333333,20.994270833333335,13966.794791666667,0.22166884417536667,0.009275339387361296,0.4836902897776045,0.005468682165494486,11.417447916666667,0.7573990920141904,0.20732297589009302,0.2485963615867802,0.2521247999050481,5.3953125,221.70390625,0.0031733469149754384,37.121875,28387.840625,0.01690320407626589,67.2625,54526.1125,0.026055444588000132,2177.0,4280.0,13462.0,302.0,2751.0,6603.0,4.450390625,24.4703125,26.2328125,-0.1374609517827808,635.6473630099828
0.9997395833333333,21.0546875,13921.064583333333,0.2220839531941719,0.009059751038071858,0.48486353225333073,0.005484419770773639,11.415885416666667,0.727569573283859,0.20774114512553007,0.24911207323918064,0.25242706542373056,5.445703125,188.75078125,0.003077810831745218,37.2703125,27907.196875,0.01655039046372354,67.275,54864.1875,0.025496872437726737,2159.0,4274.0,13496.0,291.0,2735.0,6617.0,4.495703125,24.4015625,26.1109375,-0.13606240269224903,638.4001342773438
1.0,21.203645833333333,13923.694791666667,0.22229809646155238,0.009227224836350972,0.48244470719899496,0.005523221107927412,11.434375,0.743484561912014,0.20782141523068853,0.24944481716046454,0.25305810068609563,5.474609375,173.828125,0.0031143120696940528,37.48125,27849.39375,0.016810696006286412,67.8421875,54997.4625,0.026095404733043216,2184.0,4254.0,13629.0,301.0,2766.0,6704.0,4.519140625,24.359375,26.1703125,-0.13427486887856427,650.6434242078993
0.9994791666666667,21.188541666666666,13863.578125,0.22263024197788214,0.009494055950037735,0.48392792625082504,0.005519286706607623,11.569010416666666,0.7406961309670125,0.20814940650082142,0.24972828670848096,0.2534555391555263,5.4625,122.8109375,0.0032093423639936005,37.45,28235.93125,0.017325670021483337,67.83125,54454.29375,0.026801296222768674,2171.0,4257.0,13636.0,290.0,2749.0,6709.0,4.509375,24.690625,26.6859375,-0.13555169726436692,649.9139312065971
1.0,21.25,13935.0421875,0.22222179344836554,0.009206516887845375,0.48679369168927866,0.005535295649908831,11.553385416666666,0.7536519607843137,0.20765739414501164,0.2495374233782171,0.2531637607319296,5.472265625,215.73515625,0.0030598534629181903,37.5421875,27609.840625,0.016888295305782404,68.06875,55137.471875,0.02611139216961709,2200.0,4236.0,13696.0,308.0,2747.0,6731.0,4.50703125,24.6625,26.6296875,-0.13497822483761038,657.3427083333333
0.99921875,21.242708333333333,13910.305208333333,0.22195956314354617,0.009392581623089294,0.4818072055464302,0.00553339628375445,11.605208333333334,0.7457460893443829,0.20721814376295855,0.2496900264449038,0.2531947773645391,5.398828125,218.58046875,0.003106795076755867,37.6671875,28497.315625,0.017277834770968586,68.19375,54090.19375,0.026650474660543703,2169.0,4341.0,13750.0,298.0,2753.0,6744.0,4.44140625,24.8984375,26.9671875,-0.138144801152138,659.5989051649307
1.0,21.330729166666668,13948.5921875,0.22207793241843135,0.009457552360218958,0.48886978904275064,0.005556324346618043,11.576041666666667,0.7153216945427908,0.20731718508014468,0.24969474101057587,0.25350411317943344,5.3859375,191.8015625,0.00310914469322597,37.803125,27650.85,0.01735028163976574,68.6375,55273.496875,0.026958453748644147,2197.0,4260.0,13891.0,297.0,2822.0,6753.0,4.45390625,24.871875,26.76875,-0.14040495710017042,668.4354098849825
0.9997395833333333,21.394791666666666,13957.341145833334,0.22173616165783774,0.009641201922824345,0.48341045531905347,0.005573011634974386,11.65,0.7669312040508302,0.206965220794896,0.24946270586982874,0.2530933808976139,5.461328125,239.671875,0.0031879130115463686,37.9484375,27895.109375,0.017707736969137668,68.575,54890.25,0.02738782252162294,2229.0,4252.0,13947.0,309.0,2836.0,6689.0,4.4921875,25.0140625,26.9171875,-0.13716821383577046,663.7363270399306
0.9997395833333333,21.352083333333333,14010.855729166668,0.22117522524263414,0.009637241099893643,0.47945430198532496,0.005561886776070157,11.636458333333334,0.7594643379841935,0.2063965937142612,0.24869694667093217,0.25276802992782793,5.489453125,311.55625,0.00321361925441951,37.728125,27682.43125,0.017606252073250193,68.4265625,55136.478125,0.02736271750843362,2183.0,4320.0,13780.0,314.0,2817.0,6712.0,4.50625,24.90625,26.8875,-0.13426123304947485,661.4145789930556
1.0,21.3015625,13930.602604166666,0.22228877316128076,0.009702946388896645,0.4825854957417735,0.005548726882000521,11.613020833333334,0.7251522042103719,0.20755955984074995,0.24977020992168414,0.25372418968300064,5.474609375,215.74921875,0.003280737694929741,37.53125,27552.5671875,0.017640910470998767,68.3796875,55168.0515625,0.027453817082662136,2153.0,4330.0,13703.0,300.0,2839.0,6730.0,4.51171875,24.809375,26.821875,-0.1335910805660523,663.6278100585937
1.0,21.363020833333334,13944.948958333332,0.22194379985412754,0.009655675667116335,0.4851485954665192,0.0055647358253017275,11.808333333333334,0.7409366847892337,0.2072386676535274,0.2491939100424832,0.2535142184681723,5.473046875,236.73984375,0.0032301843648240894,37.5015625,27250.46875,0.01753460791533515,68.784375,55472.265625,0.027478708628066506,2220.0,4308.0,13650.0,315.0,2812.0,6862.0,4.48984375,25.3,27.590625,-0.13263809500623697,665.3968617078993
0.9997395833333333,21.344270833333333,13949.094791666666,0.2217995874867628,0.009680302652448647,0.4852455560680139,0.005559851740904749,11.61953125,0.7540323564578707,0.20711399927921725,0.24914961877092318,0.25319190903278466,5.4484375,212.72265625,0.003262897402311331,37.7015625,27274.91875,0.017606751423475647,68.5703125,55568.759375,0.027423474881970906,2205.0,4229.0,13784.0,302.0,2822.0,6777.0,4.490234375,24.89375,26.8625,-0.137430922583976,664.0111650933161
0.9997395833333333,21.240104166666665,13931.967708333334,0.2219723125348595,0.00966223825180713,0.48386322461198256,0.005532717938699314,11.523177083333334,0.7365930212599004,0.20731106528045923,0.24938653472479722,0.2532030793625229,5.40625,230.68203125,0.0032586928342782104,37.5765625,27899.3375,0.017591235186261933,68.2390625,54769.740625,0.027347422987468017,2201.0,4318.0,13653.0,294.0,2819.0,6739.0,4.437109375,24.71875,26.671875,-0.1349779314352067,658.3121416558157
1.0,21.3140625,13964.4734375,0.22194138997210383,0.009697175771599741,0.48162342131194236,0.0055519829382651735,11.60546875,0.7412457542213425,0.20723660841259695,0.24947999530850806,0.2532219108737272,5.39453125,281.66640625,0.0032734921024048583,37.79375,28069.915625,0.017695362168695678,68.5125,54590.259375,0.02739372405128334,2230.0,4247.0,13860.0,302.0,2786.0,6773.0,4.45078125,24.959375,26.8703125,-0.13866606322807196,664.7992814127604
0.99921875,21.382291666666667,13909.641145833333,0.22189900038607605,0.009745925080649014,0.483745679424165,0.005569755578709734,11.645833333333334,0.7495250158328056,0.20717049831290507,0.24937877203656197,0.25333323702827387,5.39453125,248.509375,0.0032683757487557115,37.903125,28066.121875,0.017797070609432662,68.8125,54397.6875,0.02760497687943858,2200.0,4315.0,13882.0,313.0,2773.0,6827.0,4.44765625,25.0609375,27.0234375,-0.13986861761146827,669.9236447482638
1.0,21.238020833333334,14001.566666666668,0.2215847311133569,0.00972460226174308,0.4862076191421536,0.005532175262655205,11.591145833333334,0.7520906393309954,0.20700598597074746,0.24892408490051823,0.252560357896633,5.462890625,254.68125,0.003303813429437842,37.4859375,27360.59375,0.017701173107507774,68.090625,55630.08125,0.027431186745199326,2180.0,4348.0,13602.0,279.0,2790.0,6732.0,4.495703125,24.815625,26.7484375,-0.13466555179124942,656.1886585828993
1.0,21.338020833333335,13979.458333333334,0.22171404944065076,0.009684387553810021,0.4826422703404219,0.005558223712772424,11.77265625,0.7138080011716176,0.20693489655575634,0.249459849324655,0.2530848610962243,5.4,227.7453125,0.003237190451427785,37.7859375,28138.725,0.01773400708039075,68.6421875,54827.04375,0.02742355643675824,2211.0,4338.0,13828.0,311.0,2767.0,6778.0,4.4546875,25.35,27.4671875,-0.13989990462578406,667.2149085828993
1.0,21.2546875,13969.504166666668,0.22166692819126535,0.009524360705099787,0.4801044140742145,0.005536516671008075,11.611979166666666,0.7443211056384621,0.206986911592055,0.24922091804765087,0.25283300473172093,5.443359375,215.76171875,0.003159641112517449,37.5453125,27953.334375,0.0175095952845545,68.209375,55000.64375,0.026998004495974413,2186.0,4300.0,13729.0,297.0,2767.0,6769.0,4.46328125,24.915625,26.903125,-0.13282960957967138,659.0960717773437
0.9994791666666667,21.283333333333335,13963.054166666667,0.22147963073121957,0.009441443674862235,0.4843400337160825,0.00554397846661457,11.563802083333334,0.7511990994518403,0.20667559842275435,0.24934422724351327,0.25283116345278667,5.4234375,230.63046875,0.0031462961890087347,37.5640625,27890.496875,0.017326757911904907,68.4421875,54965.30625,0.026736719381233558,2231.0,4279.0,13751.0,292.0,2781.0,6784.0,4.434765625,24.8765625,26.7671875,-0.13562203895470465,664.9452430555556
1.0,21.183854166666666,13974.394791666668,0.2216516533034349,0.00913883316441503,0.478619535952164,0.005518065685508379,11.523177083333334,0.7211417893934551,0.2069993700646145,0.2490915296720916,0.25282090989005984,5.383984375,257.69453125,0.002995066132766714,37.45625,28272.046875,0.01675196260857768,68.1109375,54543.54375,0.02610077184684565,2192.0,4256.0,13733.0,293.0,2804.0,6727.0,4.42265625,24.715625,26.7328125,-0.13585638018745078,659.3146351453994
0.9994791666666667,21.1625,13982.964583333332,0.2213327477427029,0.009382495867675275,0.478806987888686,0.005512503256056265,11.52890625,0.7456684386690293,0.20655589193098595,0.24913876011102748,0.25263415862124605,5.37890625,260.55390625,0.0031121531310715675,37.4578125,28614.596875,0.01721191326416207,68.0015625,54240.975,0.0266344494176033,2176.0,4301.0,13701.0,299.0,2761.0,6736.0,4.401953125,24.8,26.765625,-0.13653851926523994,656.1605729166666
1.0,21.225,13967.450520833334,0.2218544912152228,0.009213726322606456,0.4836436322250898,0.005528783537379526,11.580729166666666,0.743031016882607,0.20719177958595775,0.24928140582287392,0.253078423124632,5.446484375,203.76015625,0.0030337698738089136,37.5015625,28131.2625,0.016905346436208574,68.0625,54858.4,0.026241932004194512,2167.0,4301.0,13662.0,312.0,2776.0,6722.0,4.49296875,24.734375,26.778125,-0.1346663646886115,657.505625
1.0,21.198958333333334,14012.197916666666,0.2212282709393114,0.009487939278175761,0.48004279347530265,0.005522000086828167,11.591927083333333,0.7453933467642868,0.206553543559216,0.24872720006737814,0.25242825133162605,5.45625,284.66640625,0.0031582851790182094,37.3546875,27847.10625,0.01740789475600372,68.0140625,55087.415625,0.026886600196978007,2198.0,4276.0,13620.0,303.0,2743.0,6749.0,4.4765625,24.8140625,26.83125,-0.133073616094858,653.4494780815971
1.0,21.176041666666666,13971.357291666667,0.22174346879571033,0.00945504325351961,0.483974171695913,0.005516030650342971,11.425,0.7448718579369373,0.20710958256432993,0.24914058328119984,0.25288189923574256,5.437109375,236.70859375,0.0031721731578515677,37.340625,27817.0296875,0.017292909350073694,67.9671875,55064.2796875,0.026748657539637687,2164.0,4301.0,13608.0,309.0,2721.0,6775.0,4.487109375,24.4,26.2015625,-0.13386275868609515,652.7539051649306
1.0,21.250520833333333,13919.172395833333,0.2222072130438618,0.009543517591278415,0.4841228348672143,0.005535431318919858,11.677864583333333,0.7427268939486777,0.2077491537014912,0.24917545348692882,0.2530712099702771,5.50859375,161.82265625,0.0032522146132242928,37.384375,27304.31875,0.017319215234790197,68.084375,55563.425,0.026933031859983126,2182.0,4302.0,13547.0,316.0,2757.0,6782.0,4.53125,24.94375,26.9984375,-0.12969893746290037,652.1643226453994
0.9994791666666667,21.09375,13935.629166666668,0.2218726373545562,0.009555728407433272,0.482255614939824,0.005494594946600677,11.51875,0.7446666666666667,0.20731985748495796,0.2490699509237523,0.252886443263753,5.399609375,209.66640625,0.0032401022354826446,37.328125,27731.56875,0.017389134537445755,67.6359375,55043.540625,0.026984826965223307,2168.0,4279.0,13586.0,318.0,2711.0,6706.0,4.451953125,24.6796875,26.625,-0.13614611463985216,650.8182942708333
0.9994791666666667,21.171875,13889.728645833333,0.2222932247629919,0.009480664695878032,0.48243564423572693,0.005514945298254754,11.605208333333334,0.7428044280442805,0.20781617783932343,0.24939626897261508,0.2530983682480424,5.471875,191.69140625,0.003245602679452535,37.453125,28105.34375,0.01724057150851488,67.690625,54466.2625,0.02666100594894318,2158.0,4254.0,13655.0,296.0,2756.0,6670.0,4.497265625,24.83125,26.8109375,-0.1336953629845196,649.1402506510417
0.9994791666666667,21.196354166666666,13907.202083333334,0.22211912067839706,0.00967336496679383,0.48164625929949667,0.005521321741773031,11.69609375,0.746492370444996,0.2076591425900336,0.24914174872789657,0.25293640498235154,5.515234375,266.525,0.003365668179376559,37.3515625,27812.5125,0.017517916290755393,67.765625,54564.6,0.02705960079250134,2160.0,4237.0,13672.0,283.0,2731.0,6697.0,4.533984375,25.021875,27.01875,-0.13293528769399682,647.1025908745659
1.0,21.115625,13999.8015625,0.22141215900016956,0.009680979934261948,0.4799504919808559,0.005500293045063819,11.631510416666666,0.7456958216170885,0.20697236300921035,0.24837128708692463,0.2522122148772512,5.490234375,311.57421875,0.0033499520292073646,37.165625,28324.546875,0.01750511081010133,67.5671875,54427.965625,0.027180960678640887,2180.0,4258.0,13506.0,305.0,2741.0,6697.0,4.519140625,24.8484375,26.8640625,-0.1300579954409458,644.1918391927084
1.0,21.046875,13995.610416666666,0.22143525530384517,0.009412035625422623,0.47715847425817504,0.005482384735608231,11.375260416666666,0.7512991833704529,0.2069824014685942,0.24838172628629418,0.2523001996624,5.4546875,284.63359375,0.003178712824300922,36.9859375,27821.446875,0.01714819401588944,67.4765625,55013.68125,0.02660916843944261,2193.0,4230.0,13474.0,301.0,2735.0,6714.0,4.459375,24.30625,26.1078125,-0.12749933164624633,642.3254069010417
1.0,21.080208333333335,13951.620833333332,0.22206302908206157,0.009028095520066863,0.4826286402349947,0.00549106755231397,11.4046875,0.7371893067154223,0.2077035221471199,0.24877617436353647,0.2527879115403532,5.45078125,248.7078125,0.0030796774357017697,37.075,26999.0328125,0.016392865955073103,67.603125,55715.8609375,0.025456997422520992,2204.0,4206.0,13467.0,312.0,2702.0,6766.0,4.501953125,24.328125,26.0921875,-0.1313199979506589,647.3284624565973
1.0,21.209895833333334,13921.541145833333,0.22240971598554418,0.009042231363969228,0.48558765676307836,0.005524849136059738,11.664322916666666,0.7320678731920536,0.20796507553496962,0.24934920562721424,0.25324878814617235,5.473046875,221.74765625,0.0030638950300160193,37.30625,26975.915625,0.01645432608090728,68.0609375,55666.340625,0.025543481982844007,2243.0,4202.0,13611.0,287.0,2840.0,6673.0,4.5265625,24.9765625,26.903125,-0.1348746904010538,653.7970895724826
0.9997395833333333,21.2515625,13930.922395833333,0.22233250154731896,0.009593191207443168,0.4825477980167417,0.005535702656941912,11.664583333333333,0.7296522314535696,0.20785033082388554,0.24933289330562314,0.25326079268274826,5.481640625,257.64765625,0.003348070730259267,37.4734375,27606.046875,0.01731633756198985,68.109375,54948.896875,0.026850526761632097,2176.0,4245.0,13665.0,310.0,2757.0,6737.0,4.516796875,24.95625,26.9640625,-0.13640992696668672,654.912237141927
0.9997395833333333,21.278645833333332,13920.047395833333,0.22229770926736075,0.009533701793399216,0.4873020129241715,0.005542757445515325,11.6640625,0.7326398237669808,0.20775346635798506,0.24939569535561468,0.25337669481660957,5.4359375,194.72578125,0.0032582927069488288,37.5609375,27990.440625,0.0172695816103763,68.3671875,54750.940625,0.02689945832222369,2170.0,4332.0,13683.0,302.0,2806.0,6768.0,4.49765625,24.996875,26.996875,-0.13523892515866223,658.6072523328995
1.0,21.249479166666667,14003.697916666666,0.22150524347566294,0.009452391092002568,0.4837448690697124,0.0055351599808978035,11.465104166666666,0.7541606411921861,0.2069108018005319,0.24873231324762343,0.2526559404042264,5.459765625,272.68828125,0.0032127165624045023,37.46875,27669.54375,0.017171340027567362,68.1890625,55261.890625,0.02669214027483003,2220.0,4221.0,13688.0,300.0,2793.0,6743.0,4.50859375,24.4921875,26.2640625,-0.13470656233513723,654.1695309787326
0.9994791666666667,21.2203125,13983.571875,0.22116966799528365,0.00946580762458987,0.4813451801120403,0.005527562516280281,11.550260416666667,0.7290577522519206,0.2064948110054384,0.24847783758251304,0.25256092636743527,5.446875,254.57421875,0.003167455670478219,37.31875,27566.596875,0.01726536591198687,68.215625,55316.5375,0.02685965715363948,2220.0,4293.0,13568.0,316.0,2771.0,6805.0,4.46328125,24.7265625,26.721875,-0.13101243873295113,654.9561499023438
1.0,21.216666666666665,13984.618229166666,0.22181220393867174,0.00921567747103205,0.47684249746023183,0.005526612833203091,11.429166666666667,0.7444520816967792,0.20720550946396488,0.24903405597991918,0.25301712979625196,5.4328125,242.709375,0.003090612322332856,37.540625,28106.290625,0.016823740590928903,68.028125,54830.58125,0.026107874945931975,2190.0,4328.0,13657.0,307.0,2828.0,6649.0,4.466796875,24.4984375,26.209375,-0.13498140854512455,654.5171180555554
0.9994791666666667,21.148958333333333,14026.906770833333,0.22084235701995183,0.009191424453407015,0.4795403268136297,0.005508975861769558,11.44765625,0.7582376988622371,0.20620418126961298,0.2480875017611052,0.2521499152801539,5.41328125,299.46015625,0.003089489131130584,37.3,27445.934375,0.01674295681024645,67.940625,55517.665625,0.026047633385673306,2225.0,4255.0,13599.0,283.0,2806.0,6718.0,4.467578125,24.5109375,26.3046875,-0.13389827664062184,648.7637489149306
1.0,21.1953125,14005.4234375,0.2215221081561332,0.009505308693372435,0.47718000166257196,0.005521050403750977,11.638541666666667,0.7330630298562477,0.2069678218442319,0.24864870500578107,0.2526126565540904,5.46328125,332.60390625,0.0032584757957229704,37.3203125,27482.36875,0.01723747926355313,67.9984375,55219.75625,0.026760469713789592,2195.0,4227.0,13682.0,310.0,2742.0,6743.0,4.503515625,24.9046875,26.9125,-0.1322212723505492,650.7660196940104
0.9986979166666666,21.1875,13884.403645833334,0.22181346383708908,0.00975857222857074,0.4830633617591033,0.0055190153685855696,11.480989583333333,0.7465830875122911,0.20726722556643332,0.24891632168050823,0.2528955590762928,5.42109375,218.47734375,0.003391971259440465,37.253125,27112.209375,0.017615107968038814,68.1875,55320.303125,0.027368440365623768,2192.0,4308.0,13578.0,289.0,2795.0,6749.0,4.487890625,24.5953125,26.3390625,-0.13526534093406836,651.1778645833333
1.0,21.2203125,13904.859375,0.2225337598879199,0.009655293401511956,0.48186517314301497,0.005527562516280281,11.635677083333333,0.749453893920428,0.20817004627609464,0.2491083790000796,0.2534139952230613,5.4875,191.7890625,0.003354214827255468,37.24375,27539.746875,0.01737415958845176,68.128125,55122.253125,0.02714074151159811,2175.0,4267.0,13560.0,284.0,2815.0,6736.0,4.52109375,24.8296875,26.9,-0.13287436573092185,649.5634415690105
1.0,21.2046875,13933.397916666667,0.22229957467830577,0.009814366144658004,0.4866369471288764,0.005523492445949466,11.594791666666667,0.7458305700881782,0.20789990320538027,0.24911334470318228,0.2530844905451311,5.500390625,209.76953125,0.0034514343712452556,37.3109375,27937.959375,0.017649161196592367,67.915625,54823.35,0.02743129818637463,2180.0,4367.0,13460.0,293.0,2756.0,6733.0,4.549609375,24.70625,26.6640625,-0.13287446120885366,647.352373860677
0.9986979166666666,21.2390625,13862.595833333333,0.22201002192644548,0.009565660673183039,0.4875867475025285,0.0055324466006772596,11.445052083333334,0.7306947203217342,0.20745845208421984,0.2491651662800714,0.25306115694172204,5.449609375,179.57109375,0.0032942593037846345,37.3484375,27617.815625,0.01729998197433345,68.2875,54839.475,0.026916944849626246,2185.0,4293.0,13653.0,306.0,2750.0,6760.0,4.492578125,24.459375,26.240625,-0.13689730634719302,657.5959741210937
1.0,21.13125,13968.4640625,0.22186687181220716,0.00958578137874741,0.48365192900983445,0.005504363115394634,11.566666666666666,0.7401163363896283,0.20743423390528246,0.24859530855034295,0.2528689867017701,5.4640625,230.75,0.0032980091430890694,37.171875,27590.296875,0.01732281158908654,67.759375,55297.4875,0.02699984011104164,2181.0,4245.0,13561.0,320.0,2706.0,6759.0,4.505078125,24.671875,26.7078125,-0.13042649395663716,645.8280859375001
1.0,21.136979166666666,13965.433333333332,0.22181615139617908,0.009794388963150739,0.48389642811832373,0.005505855474515933,11.641666666666667,0.7469876549294039,0.20746641540297764,0.248533125425827,0.25249812133933675,5.4609375,245.71875,0.0034123693610941196,37.2515625,28035.371875,0.017698364814363644,67.7265625,54774.353125,0.02741849152016431,2182.0,4284.0,13522.0,318.0,2736.0,6703.0,4.490234375,24.95,26.9390625,-0.1325765340065603,640.5801950412327
0.99921875,21.188020833333333,13895.948958333332,0.22195387771886085,0.009501735373406792,0.48282425180629857,0.005519151037596597,11.641145833333333,0.7297755709053366,0.2074980601860928,0.24874866243823499,0.2529823631305591,5.44375,215.590625,0.0032627553424136547,37.23125,27736.60625,0.017153291901026452,68.121875,54776.725,0.026806098969759683,2217.0,4252.0,13514.0,300.0,2768.0,6823.0,4.476171875,24.9484375,26.99375,-0.13108904905362023,652.1438148328994
0.99921875,21.172916666666666,13888.4921875,0.22205084743179876,0.009586019405939636,0.48071124098286633,0.005515216636276808,11.6609375,0.743358260356194,0.20754949347414514,0.24910225882790904,0.2530048518663032,5.4109375,179.678125,0.003291082439884588,37.353125,27962.821875,0.017334659214073362,68.040625,54649.41875,0.027017127462026107,2203.0,4296.0,13561.0,313.0,2752.0,6782.0,4.446484375,25.1296875,27.05,-0.13484057439009797,650.357599826389
0.9997395833333333,21.1203125,13909.797395833333,0.2222164913147387,0.009475820574454763,0.4837094353294421,0.005501514066163064,11.425520833333334,0.7349510492959483,0.20781302437463012,0.24904137486140548,0.25300547552850616,5.433203125,206.740625,0.0032629961496558725,37.2125,27501.834375,0.017150955606998634,67.7765625,55129.9875,0.02665198324110645,2200.0,4249.0,13558.0,304.0,2753.0,6705.0,4.475390625,24.4578125,26.19375,-0.1342262195174511,645.6527124023437
0.9997395833333333,21.200520833333332,13923.250520833333,0.22227616296897088,0.009408346010563895,0.48214179120004463,0.005522407093861249,11.495052083333333,0.737894607542071,0.2078098450748736,0.24947023940799604,0.2529473581063349,5.45078125,239.66953125,0.003245257827392481,37.6171875,28178.0578125,0.017129205640182377,67.7828125,54402.7671875,0.026339839113631074,2185.0,4257.0,13721.0,302.0,2759.0,6648.0,4.50546875,24.653125,26.2953125,-0.1366035929160961,647.5202080620661
0.9994791666666667,21.19375,13902.6328125,0.22207781901411125,0.009395352674047881,0.48906608556030534,0.005520643396717895,11.4796875,0.7462891968937383,0.20757143027648534,0.24920537860489617,0.25297581437382977,5.443359375,197.6640625,0.0032277563810540295,37.4375,27470.39375,0.017023307351679413,67.9515625,55154.746875,0.026437783168391765,2183.0,4293.0,13612.0,304.0,2753.0,6720.0,4.48984375,24.5703125,26.3484375,-0.13586195372072712,649.9025651041668
0.9997395833333333,21.241145833333334,13899.931770833333,0.222396729478221,0.009473728078181507,0.48336890736811644,0.005532989276721368,11.496614583333333,0.7338351764215482,0.2078919230320449,0.24941044528198647,0.25340223945915985,5.457421875,254.63984375,0.003292436420330759,37.46875,27304.65625,0.017060066072006202,68.1484375,55076.375,0.02661255671575981,2187.0,4220.0,13713.0,295.0,2785.0,6754.0,4.4875,24.6453125,26.384375,-0.13386664005168453,654.0840361870661
1.0,21.256770833333334,13884.239583333334,0.22279950515648322,0.009408809536894217,0.4826341274532737,0.005537059347052183,11.47734375,0.7434395903266117,0.2083640275398007,0.24973410169063062,0.253606819089066,5.5078125,230.73984375,0.003273854430197591,37.5234375,27691.778125,0.016951407958966554,67.9859375,54690.7,0.026406031541608376,2162.0,4295.0,13653.0,308.0,2770.0,6667.0,4.53671875,24.503125,26.2140625,-0.13587819479812213,650.9293812391494
0.9997395833333333,21.046354166666667,13944.718229166667,0.22197654624851365,0.009454570310140936,0.47847184198244186,0.005482249066597204,11.419791666666667,0.7624786557450073,0.20746646954602627,0.24903776401293767,0.25295563529403925,5.40078125,257.63203125,0.003258577899933756,37.1,27580.01875,0.017101763257459397,67.575,55057.7625,0.02659134700365119,2169.0,4233.0,13593.0,298.0,2711.0,6728.0,4.46640625,24.4546875,26.1984375,-0.13225613415748244,644.2452471245658
1.0,21.0515625,13958.28125,0.22190207573571927,0.009310650029811714,0.4783611978099419,0.005483605756707476,11.416927083333333,0.7408644449392613,0.207525386692339,0.24872530266577683,0.252585604979183,5.449609375,242.7375,0.0031936724886331876,37.025,27250.60625,0.01683164181387084,67.4859375,55528.13125,0.02625756841046669,2178.0,4169.0,13569.0,305.0,2777.0,6643.0,4.48046875,24.4140625,26.165625,-0.1311815670246963,639.5171329752603
0.9994791666666667,21.040625,13917.203125,0.22208095609427314,0.009427640676017646,0.48426822680817533,0.005480756707475905,11.4375,0.7387989504430913,0.20770674586221868,0.24899080956224057,0.2526679435545236,5.490234375,194.67578125,0.003295095618420744,37.1078125,28237.9078125,0.017048179122073095,67.175,54486.6078125,0.026337282460349797,2196.0,4152.0,13534.0,287.0,2759.0,6576.0,4.511328125,24.428125,26.1515625,-0.13345914352369498,633.4379329427082
0.9997395833333333,20.973958333333332,13924.232291666667,0.222104004501687,0.009254865808233138,0.48259550289893943,0.005463391074064426,11.383072916666666,0.7182518003476533,0.20775150206575782,0.24896352524415094,0.25265449350293967,5.433984375,203.71875,0.0032307338436566658,36.990625,27709.884375,0.016685967477541346,67.1171875,55020.634375,0.02592029199723081,2164.0,4222.0,13434.0,305.0,2728.0,6602.0,4.494921875,24.290625,26.028125,-0.1345169433343827,635.6060926649305
1.0,21.0484375,13952.20625,0.22208077210972685,0.009181605190797025,0.48162717148033657,0.005482791742641313,11.421354166666667,0.7388711553213075,0.20767726512259524,0.24908457238785955,0.25269099978012044,5.466015625,254.68828125,0.0031761575760571813,37.171875,27500.3625,0.01662045755526299,67.2546875,55194.121875,0.025764543285290424,2200.0,4272.0,13431.0,298.0,2714.0,6651.0,4.505859375,24.4265625,26.078125,-0.1331886187927859,637.6236954752603
1.0,21.059375,13953.633333333333,0.22190035747759876,0.009355331613399484,0.4801411750090654,0.005485640791872883,11.409114583333333,0.759088885591334,0.2074969772212146,0.24883723194981497,0.2525770040309192,5.49453125,260.68671875,0.003239256819078115,37.109375,28093.3546875,0.016956090124449895,67.26875,54585.6984375,0.026218872279634542,2187.0,4234.0,13436.0,302.0,2751.0,6606.0,4.521484375,24.3125,26.05625,-0.1326174340932855,637.6751204427081
1.0,21.041145833333335,13922.6671875,0.22228386021490165,0.009394980661586795,0.48501644590379606,0.005480892376486932,11.404427083333333,0.7474194905814501,0.2078736192139899,0.24926716975747382,0.2529415146759765,5.47578125,179.803125,0.003251695394877986,37.1609375,28255.2625,0.017043192209654105,67.1828125,54561.528125,0.026319910180354726,2184.0,4278.0,13443.0,306.0,2732.0,6597.0,4.4828125,24.390625,26.1046875,-0.13343765123766255,634.8128903537327
1.0,21.080208333333335,13900.466666666667,0.22249954744245304,0.009529013945053759,0.4829947204324563,0.00549106755231397,11.46328125,0.7508029846321095,0.20813018183426676,0.24941678176397622,0.25305977555367487,5.459765625,176.81171875,0.003332828087794501,37.290625,27521.690625,0.017236772593837303,67.3515625,55173.8625,0.026605998725307244,2190.0,4255.0,13503.0,281.0,2754.0,6638.0,4.5078125,24.528125,26.2203125,-0.13433632421121086,638.2414832899307
1.0,21.15625,13927.313541666666,0.22227869683608978,0.00944931265508839,0.4843507947700532,0.0055108752279239386,11.461458333333333,0.7320039389463319,0.20788935331934547,0.2491724930221863,0.25294227471697045,5.505078125,263.69375,0.0033178425840841097,37.3875,27629.95,0.01705500617843072,67.5296875,54879.15625,0.02636949941576317,2168.0,4274.0,13535.0,295.0,2753.0,6639.0,4.5546875,24.4046875,26.1453125,-0.13349349411969572,643.4063151041667
0.9997395833333333,21.060416666666665,13909.321875,0.22235779319228072,0.009359721236224482,0.4818240369038294,0.005485912129894938,11.377083333333333,0.7498268869324365,0.20786457955846133,0.24946312434656628,0.2532253165732726,5.4078125,242.65,0.0032313482421768027,37.1484375,27296.40625,0.016972294585967895,67.5828125,55188.925,0.026260639862671797,2189.0,4206.0,13542.0,279.0,2746.0,6719.0,4.448046875,24.3515625,26.11875,-0.13390872261135736,646.1479123263889
0.9997395833333333,21.0953125,13880.878645833332,0.22263715596179565,0.009448390874193028,0.48489719222917965,0.005495001953633759,11.456510416666667,0.7455497123669852,0.20825509071633935,0.24944939051068166,0.2533531823947347,5.471484375,233.66484375,0.003323048635405443,37.234375,27374.096875,0.017039271600590083,67.4515625,54976.515625,0.02635887910294632,2198.0,4306.0,13453.0,294.0,2739.0,6641.0,4.5,24.5109375,26.228125,-0.13447883643731515,640.9023738606771
0.9989583333333333,20.941666666666666,13940.944791666667,0.2214272011519824,0.009319464366306854,0.4790373045991218,0.005454979595380742,11.22890625,0.7474880620771985,0.20696897899809982,0.24852064739017812,0.25216664352931706,5.41796875,284.37265625,0.003236099094737925,37.01875,27748.91875,0.016881011001977815,66.959375,54759.259375,0.026091378816911613,2207.0,4228.0,13427.0,292.0,2780.0,6539.0,4.460546875,23.99375,25.5375,-0.1334553310399703,631.1622222222223
0.99921875,20.941666666666666,13934.5796875,0.22154754589123543,0.009235725737472878,0.48406429186597794,0.005454979595380742,11.400520833333333,0.7219707520891365,0.20715944025215843,0.24830248623612022,0.2523450281026588,5.458984375,236.51953125,0.0031928280086594625,36.8609375,27566.840625,0.016707812732350384,66.953125,55094.559375,0.025935229657849036,2172.0,4231.0,13327.0,301.0,2750.0,6604.0,4.49453125,24.3,26.125,-0.1300358725403138,628.3361805555556
1.0,21.0875,13887.584895833334,0.2227812193794743,0.00950879174410139,0.4873077498486664,0.005492966918468351,11.438802083333334,0.7421705196601462,0.20846688799657373,0.24940111851370572,0.2534186457768449,5.469140625,179.8109375,0.003330971757135183,37.0734375,28015.0859375,0.017117246536700187,67.575,54591.1796875,0.02661161689936743,2163.0,4265.0,13476.0,307.0,2740.0,6669.0,4.516015625,24.421875,26.146875,-0.13411460309071752,639.8319270833333
1.0,21.1609375,13886.631770833334,0.22300350159396762,0.009543090261301235,0.4948444030502613,0.005512096249023183,11.4921875,0.7399394521154841,0.20872734457497222,0.24955958534334285,0.2535520459205738,5.545703125,215.73203125,0.0034055158397808248,37.0609375,27605.6625,0.017047226284212798,67.721875,54851.2,0.026589251924471313,2165.0,4228.0,13505.0,307.0,2793.0,6635.0,4.56953125,24.434375,26.240625,-0.13127931409253385,641.6990991210936
1.0,21.1625,13846.2078125,0.22324769959639224,0.009616866837668858,0.48748832215830024,0.005512503256056265,11.499479166666667,0.7394172081118331,0.20904736188734518,0.2494484588370131,0.25384829119195945,5.534765625,182.803125,0.003450118036404576,37.075,27132.7125,0.017118716709814585,67.7609375,55213.321875,0.02678201217058026,2200.0,4194.0,13440.0,311.0,2745.0,6720.0,4.567578125,24.459375,26.2671875,-0.131844984390823,640.1413020833334
1.0,21.1375,13907.095833333333,0.22250602939379954,0.0094605471511562,0.4850282575932353,0.00550599114352696,11.4796875,0.7306574019317957,0.20820539967246338,0.2491351679432842,0.25307940972965953,5.5046875,233.75078125,0.003346324525557326,37.0984375,27025.753125,0.016992690598339428,67.7078125,55481.81875,0.02638529420636847,2207.0,4194.0,13486.0,279.0,2798.0,6691.0,4.5546875,24.434375,26.225,-0.13009134109005108,641.4331770833334
1.0,21.144791666666666,13909.2828125,0.22236367731674533,0.009445495060681168,0.4859123947462834,0.00550789050968134,11.571875,0.7455293364205133,0.2079925780220071,0.2490163155709279,0.25319543624151547,5.493359375,251.7109375,0.0032938435160043363,37.2328125,27621.7375,0.017026773577042905,67.6625,54827.115625,0.026470822723026755,2220.0,4168.0,13564.0,297.0,2824.0,6643.0,4.53125,24.6703125,26.6359375,-0.1296453053672068,642.2712228732639
0.9997395833333333,21.18125,13877.726041666667,0.22272399469642584,0.009666187020588562,0.4855200617594041,0.005517387340453243,11.50546875,0.7507130913740533,0.20833919720391053,0.2493547063629622,0.25363247299995056,5.533984375,191.746875,0.0034502062209639745,37.165625,27290.0359375,0.017269180206395666,67.7859375,55209.3328125,0.026927117033279813,2149.0,4346.0,13416.0,298.0,2801.0,6677.0,4.56796875,24.46875,26.2921875,-0.12981061024195745,642.4671484375
1.0,21.1546875,13881.280729166667,0.2228738011310038,0.00972846060690035,0.484995171642883,0.005510468220890857,11.470572916666667,0.7389516704828027,0.20850028801042134,0.24958820490010308,0.25365344984423444,5.507421875,227.68515625,0.0034723047693430457,37.171875,27133.74375,0.017400878472073573,67.7265625,55243.2,0.027080666091956345,2203.0,4205.0,13547.0,316.0,2761.0,6659.0,4.5125,24.490625,26.2828125,-0.13210080134365657,644.2646134440105
0.99921875,21.124479166666667,13873.077083333334,0.2222838703386501,0.009607547806688436,0.4868948477066824,0.00550259941825128,11.515364583333334,0.7497719371779383,0.20791000566311174,0.24916670768624094,0.25289649169321254,5.51328125,236.528125,0.0034037635292706856,37.1890625,27218.796875,0.017267613298734157,67.5046875,55073.553125,0.026762619424313728,2171.0,4281.0,13475.0,315.0,2721.0,6660.0,4.544921875,24.5953125,26.3171875,-0.1314371336354365,638.2792966037326
1.0,21.142708333333335,13911.049479166666,0.22247625852919944,0.009459395001189686,0.48524680210938376,0.005507347833637232,11.50390625,0.744962309700941,0.20809731430885364,0.24925280962677557,0.2532154843130069,5.47421875,236.7328125,0.0033415624594825915,37.2421875,27961.5734375,0.016944108866804215,67.7171875,54557.7921875,0.026446011302403538,2206.0,4190.0,13546.0,312.0,2796.0,6686.0,4.5171875,24.5609375,26.39375,-0.13222952882122663,643.5202593315973
0.9997395833333333,21.134895833333335,13948.2375,0.22194882022561574,0.0096013254485473,0.4860994489811771,0.005505312798471824,11.495833333333334,0.737376475516893,0.2074977376313274,0.2489907618483218,0.252711208980063,5.4328125,284.575,0.003365655578973753,37.2125,27857.334375,0.017305957710469923,67.865625,54693.790625,0.02683937266491887,2235.0,4227.0,13512.0,291.0,2792.0,6730.0,4.456640625,24.7125,26.4359375,-0.13314983311296097,646.1396156141493
1.0,21.104166666666668,13949.2625,0.22201488555916538,0.009582548779118027,0.4811740458036396,0.0054973083268212205,11.462239583333334,0.698050345508391,0.20753902334403823,0.2491847055354643,0.25274851444337515,5.45859375,257.7125,0.0033680810368662516,37.225,27556.39375,0.017270666842600153,67.565625,55108.33125,0.026752301684643008,2207.0,4262.0,13490.0,295.0,2794.0,6631.0,4.5125,24.5359375,26.1875,-0.13331239297187278,643.8276909722222
0.9994791666666667,21.06875,13941.749479166667,0.22171639866195422,0.009531070717867882,0.4813494821601697,0.005488082834071373,11.4265625,0.7404825472164541,0.20717333486717582,0.24900275666224903,0.25260229584077293,5.415625,266.571875,0.0032858884602038354,37.190625,27669.8859375,0.0172958088938232,67.559375,54914.3234375,0.026747061572568766,2222.0,4227.0,13551.0,277.0,2776.0,6666.0,4.459375,24.5046875,26.2171875,-0.13446078964598338,644.0786067708334
0.9994791666666667,21.141145833333333,13917.233333333334,0.2219545605755429,0.009581731938041618,0.487283937006387,0.005506940826604151,11.612239583333333,0.7566948338301593,0.2074498325386557,0.2491135615097375,0.25281447178889704,5.432421875,239.609375,0.003303350086929327,37.2296875,27689.95,0.01738717395534787,67.8875,54855.0125,0.02688981732518453,2175.0,4337.0,13546.0,310.0,2776.0,6662.0,4.485546875,24.903125,26.828125,-0.13627593249632441,646.835286187066
0.9997395833333333,21.2125,13891.731770833334,0.22243661696943404,0.009426399282882433,0.48421068482222107,0.005525527481114873,11.48359375,0.7566047927715577,0.20802747616955736,0.24932151742064024,0.2531882797177346,5.480859375,206.71796875,0.003274067448330329,37.26875,27571.10625,0.017011076743917768,68.0828125,54952.4125,0.026451049160055508,2185.0,4278.0,13632.0,297.0,2803.0,6676.0,4.4984375,24.5953125,26.3125,-0.1349350973303246,649.6824479166667
0.9997395833333333,21.172916666666666,13967.94375,0.2215945145259928,0.009505136739779273,0.48342465965583853,0.005515216636276808,11.4671875,0.7307143559972449,0.2071387263457313,0.2485021061208789,0.2525100756521526,5.44921875,290.57890625,0.0032709961202272418,37.2390625,27502.8125,0.01716112711986334,68.0015625,55142.534375,0.02678570883790335,2227.0,4271.0,13556.0,298.0,2778.0,6739.0,4.463671875,24.6265625,26.321875,-0.1325991692474611,648.3336414930557
1.0,21.160416666666666,13969.150520833333,0.22176835494410269,0.009372580688005946,0.4832423581979633,0.005511960580012156,11.487760416666667,0.7240326868169735,0.20725136684368475,0.24895200308126747,0.25265265920860996,5.46328125,269.67109375,0.0032014911965247946,37.1921875,27161.246875,0.017039912497838466,67.9171875,55574.971875,0.026389606844098024,2169.0,4351.0,13502.0,298.0,2765.0,6739.0,4.49921875,24.6109375,26.31875,-0.13121816892414906,649.1961414930556
1.0,21.163020833333334,13982.708333333334,0.22167829017474436,0.009331663814932618,0.48560549846809986,0.005512638925067292,11.416666666666666,0.7422784436295622,0.20706191909411445,0.2490410426235344,0.2527810220484739,5.41640625,245.71015625,0.003156623676348344,37.3234375,27491.975,0.017008078486115488,67.9890625,55421.434375,0.02635540969808684,2207.0,4291.0,13616.0,301.0,2782.0,6708.0,4.44921875,24.48125,26.221875,-0.13428688537847586,653.2692575412326
0.9997395833333333,21.2265625,13943.311979166667,0.22195962977471934,0.009398185352262034,0.48540278270182763,0.005529190544412608,11.420572916666666,0.7511470985155195,0.20738319117459164,0.2491393061896356,0.2530857077603139,5.46953125,239.653125,0.0032142762819636385,37.3921875,27857.253125,0.01705666499908661,68.0890625,54844.00625,0.02647534198663105,2185.0,4373.0,13537.0,304.0,2759.0,6753.0,4.49296875,24.41875,26.1328125,-0.1335865212616023,652.3757527669271
1.0,21.248958333333334,13984.343229166667,0.22176514096926497,0.009258468837508528,0.48900263417302114,0.005535024311886776,11.452083333333333,0.7578312662385411,0.20715782149365344,0.24908531905227446,0.2528742407887016,5.41484375,275.67421875,0.0030983517515668947,37.43125,28028.153125,0.016926088972350106,68.403125,54775.209375,0.02623131704643348,2201.0,4347.0,13628.0,310.0,2769.0,6784.0,4.462890625,24.5953125,26.265625,-0.13678394489782644,659.4822905815971
1.0,21.170833333333334,13984.259895833333,0.22168212489307162,0.009468044693556448,0.48606404965964106,0.005514673960232699,11.4171875,0.7476628616414092,0.20706663173382153,0.24900319517696134,0.2528230272461822,5.4015625,284.70546875,0.0032351988488310028,37.346875,27894.575,0.017189229864175558,68.071875,54872.1625,0.026678242901839122,2216.0,4326.0,13540.0,304.0,2746.0,6765.0,4.46171875,24.471875,26.184375,-0.13766351530045834,655.4906076388888
0.99921875,21.307291666666668,13887.803645833334,0.22218931446850876,0.009196406399204155,0.484655803218599,0.00555021924112182,11.482552083333333,0.7426057198728917,0.207495968915366,0.2496267472888805,0.25352526386070817,5.465625,245.51484375,0.003114321832344412,37.5859375,27686.103125,0.016746975950792276,68.3953125,54658.659375,0.025974175115055,2210.0,4269.0,13665.0,300.0,2780.0,6793.0,4.522265625,24.5046875,26.3015625,-0.13632026822002752,661.0389051649305
0.9997395833333333,21.24375,13954.8640625,0.22180398262769138,0.00943261173464545,0.48583909126525715,0.005533667621776504,11.458072916666667,0.7444346376385211,0.2072176561336465,0.24909246658459067,0.25286080464697147,5.431640625,242.67890625,0.003216354487674957,37.5140625,27713.2734375,0.01714231578205242,68.221875,55045.1953125,0.02658793667512045,2157.0,4353.0,13656.0,300.0,2752.0,6749.0,4.484765625,24.553125,26.25625,-0.13728868413333997,658.2952734374999
0.9997395833333333,21.278645833333332,13933.274479166666,0.22206004021006906,0.009408060547837268,0.4865292060930662,0.005542757445515325,11.69375,0.7308774935748379,0.20749711689288408,0.24924689112322018,0.2531248825656579,5.4359375,236.6671875,0.003186160110940326,37.571875,28098.665625,0.017139702896278235,68.35625,54554.3125,0.026564019946984062,2206.0,4333.0,13678.0,307.0,2820.0,6701.0,4.478515625,25.09375,27.1546875,-0.13704410949495666,657.3213148328995
0.9997395833333333,21.259375,13890.014583333334,0.22252487623954983,0.009430464344105667,0.48225406465868664,0.005537737692107319,11.5109375,0.7358273310794258,0.20804305154646946,0.24947436101926276,0.2535026902321585,5.451953125,185.76015625,0.0032325406413364994,37.53125,27578.06875,0.017121090174979134,68.2171875,55018.978125,0.026531533324308874,2171.0,4350.0,13674.0,293.0,2815.0,6685.0,4.50546875,24.6015625,26.4421875,-0.13659727099845412,655.0509537760415
1.0,21.3109375,13934.85625,0.22217572953401013,0.009266140592571883,0.4835731111487251,0.00555116892419901,11.51171875,0.7368086614365668,0.2076440666790212,0.24919649100245006,0.25328161948552597,5.458984375,263.715625,0.003130411131755703,37.5671875,27385.79375,0.016877933823715878,68.4625,55168.48125,0.02619726520469261,2193.0,4282.0,13712.0,311.0,2795.0,6755.0,4.484375,24.6375,26.4953125,-0.13581704825421842,660.1559220377603
0.9994791666666667,21.2859375,13893.795833333334,0.2223809748737013,0.009412671427190138,0.48428149724357855,0.005544656811669706,11.674739583333333,0.7426655900560327,0.20783471885167376,0.24958410543830462,0.2533628683972081,5.4296875,230.63125,0.0032146031672589856,37.6125,28024.33125,0.01708763682047962,68.384375,54415.91875,0.026529979073625275,2255.0,4260.0,13705.0,310.0,2785.0,6763.0,4.469140625,25.096875,27.075,-0.1349660560555479,658.9796980794271
1.0,21.289583333333333,13897.5390625,0.22257710467448427,0.00958129509978654,0.4880301212072483,0.005545606494746896,11.501302083333334,0.7328750366963499,0.20811445870149442,0.24952929071029964,0.253475502530628,5.47421875,215.75078125,0.003331932408331539,37.48125,27538.1,0.017300503655917156,68.359375,54984.13125,0.026859537309475934,2197.0,4236.0,13688.0,304.0,2768.0,6775.0,4.518359375,24.5421875,26.3921875,-0.1357924862811574,656.7458289930556
1.0,21.433333333333334,13858.41875,0.2230587416378379,0.009439230330521377,0.49128603425480516,0.005583051141790397,11.553645833333333,0.7436090590979783,0.20844883351511312,0.250258952469616,0.254298163296959,5.48671875,209.76953125,0.003262742403966149,37.6265625,26993.559375,0.0170635913028782,69.0265625,55317.875,0.026520821064385462,2174.0,4392.0,13665.0,300.0,2773.0,6911.0,4.534765625,24.7203125,26.4625,-0.13536470348744822,670.7632638888888
0.9997395833333333,21.192708333333332,13899.032291666666,0.22247755781607328,0.009303660529245897,0.4847283891331955,0.005520372058695841,11.504166666666666,0.7441140329319244,0.208044386989583,0.24952607379725672,0.253161725140851,5.504296875,194.72734375,0.003252598001113458,37.3421875,27983.228125,0.016846291724152758,67.796875,54632.05625,0.025965279446868793,2183.0,4323.0,13464.0,299.0,2734.0,6725.0,4.534765625,24.5671875,26.31875,-0.1338654130811233,647.2477593315973
1.0,21.198958333333334,13935.355208333332,0.2222286491056637,0.009620032583736894,0.4840155438305333,0.005522000086828167,11.638541666666667,0.7497911650533143,0.20776644730296848,0.24917570254072352,0.25313040288138494,5.4640625,203.77421875,0.0033612024118439736,37.253125,27444.81875,0.01737072317849554,68.084375,55352.215625,0.02690466267654993,2171.0,4283.0,13526.0,301.0,2765.0,6786.0,4.49921875,24.9234375,26.9109375,-0.134123863400615,650.9848947482639
0.9997395833333333,21.2453125,13914.215104166668,0.22230967818769123,0.009516290886395022,0.4838357005913752,0.005534074628809586,11.454947916666667,0.7545291853595156,0.20773926191208453,0.249529608856506,0.253371412621303,5.476953125,209.725,0.003270718336164842,37.4734375,27576.440625,0.017269428157400152,68.090625,55069.95,0.02674544381631061,2187.0,4260.0,13648.0,293.0,2792.0,6715.0,4.530859375,24.475,26.13125,-0.13520120371373176,654.860655110677
0.9997395833333333,21.368229166666666,13859.740625,0.22281613410840076,0.009713305641157414,0.4924549541026353,0.0055660925154119995,11.68671875,0.7504082677261316,0.20832758295276382,0.2497949430111444,0.25379152982820496,5.530859375,164.7671875,0.0033867182677232684,37.559375,27131.253125,0.017518487080403135,68.5265625,55368.121875,0.02721447369564829,2164.0,4294.0,13655.0,276.0,2816.0,6789.0,4.570703125,24.8875,26.95,-0.13500251365145377,660.1597197808159
0.9994791666666667,21.348958333333332,13872.086979166666,0.22257120786915632,0.009677583968317732,0.4868239667514755,0.005561072762003994,11.5234375,0.735325689192486,0.20798066560612982,0.24990160369730932,0.2536029810931093,5.509765625,194.67265625,0.0033600094836229747,37.64375,28002.05,0.01751202267364791,68.4109375,54451.78125,0.027113443201766584,2191.0,4307.0,13690.0,279.0,2772.0,6776.0,4.566015625,24.590625,26.2859375,-0.13697414377950995,658.5443739149307
0.9989583333333333,21.3171875,13834.026041666666,0.22256679172494923,0.009199837032191273,0.4859854178733133,0.005552796952331337,11.611197916666667,0.7339539202032789,0.20797902983879363,0.24971238043590133,0.2537722505586195,5.46796875,197.57265625,0.003147017421964102,37.6125,27055.478125,0.016662248457653583,68.41875,55158.3875,0.025948704047637654,2194.0,4263.0,13705.0,276.0,2793.0,6778.0,4.5234375,24.790625,26.7828125,-0.13826861083564787,662.6717879231771
1.0,21.3875,13927.765104166667,0.22224712457783571,0.009612551306667041,0.48453823237456983,0.005571112268820005,11.653125,0.7529953243717125,0.20756862836610104,0.2497241870315842,0.25348404697102583,5.4609375,224.73828125,0.0032805843648839755,37.69375,27048.58125,0.017478192359318457,68.7875,55619.05625,0.027074778021147883,2204.0,4293.0,13766.0,277.0,2850.0,6779.0,4.49921875,24.9609375,26.9609375,-0.1385650731720551,667.09828125
0.9994791666666667,21.377604166666668,13880.001041666666,0.22250844191607708,0.009694996935319203,0.48954470521440296,0.005568534557610489,11.638541666666667,0.7574369594347667,0.20790417001982503,0.24998518955287724,0.2534487818642853,5.489453125,188.68671875,0.003349399697037543,37.76875,28227.659375,0.017571918136380364,68.5390625,54297.6,0.02720046468738469,2213.0,4251.0,13791.0,291.0,2802.0,6742.0,4.543359375,24.890625,26.7671875,-0.13948936219809613,661.6084567599826
1.0,21.3515625,13934.145833333334,0.2222626421728681,0.009471497952769452,0.48502392989723825,0.00556175110705913,11.605208333333334,0.742310037809489,0.20762188571531057,0.24963306463659546,0.253455245539371,5.4265625,233.74375,0.0032178687751310366,37.6875,27493.83125,0.017218104921489986,68.715625,55176.06875,0.02673940769460259,2192.0,4267.0,13787.0,297.0,2783.0,6848.0,4.46953125,24.88125,26.871875,-0.13851463325203067,669.7529663085937
0.9997395833333333,21.329166666666666,13926.896354166667,0.22200914616700937,0.009371691889904886,0.4823355580570045,0.005555917339584961,11.62578125,0.7508058214495018,0.20733856913527865,0.24940535540509573,0.2532952450558456,5.443359375,251.67265625,0.003184999105980417,37.7265625,27647.209375,0.017022290269784652,68.475,54907.478125,0.026467864645722993,2186.0,4218.0,13865.0,296.0,2772.0,6789.0,4.488671875,24.9375,26.8625,-0.13734765005795377,666.309357638889
1.0,21.361458333333335,13936.119791666666,0.2222168675290975,0.009336136796754475,0.4882390370316355,0.005564328818268647,11.579166666666667,0.7466718681425855,0.2075227108669874,0.24967360062186855,0.25353676108476686,5.4515625,215.74921875,0.003130029658085537,37.7421875,27926.046875,0.017036605113030758,68.6203125,54827.675,0.02646009703515394,2199.0,4225.0,13870.0,298.0,2728.0,6840.0,4.497265625,24.7703125,26.715625,-0.1382103758058583,668.1073687065972
0.9997395833333333,21.340104166666666,13957.615625,0.22166774487861382,0.009478225150225405,0.4807233750155119,0.0055587663888165325,11.605208333333334,0.7544968637883485,0.2068874705474067,0.24916392903596316,0.2532926580460929,5.446875,281.590625,0.0032003091741265267,37.6375,27996.046875,0.01724360770129384,68.615625,54623.284375,0.026824506503552486,2204.0,4303.0,13746.0,317.0,2755.0,6864.0,4.464453125,24.8953125,26.878125,-0.1330574168859865,668.7259958224827
0.9997395833333333,21.259375,13985.940625,0.22145839939361636,0.009458755821684709,0.4816697562385183,0.005537737692107319,11.567708333333334,0.7616002743887501,0.20666520305466451,0.249025802945226,0.2530637811978139,5.4078125,296.546875,0.0031621112844605185,37.5828125,27820.015625,0.017260872111309045,68.3421875,54909.440625,0.026843217680957134,2226.0,4228.0,13767.0,290.0,2840.0,6752.0,4.437890625,24.81875,26.8359375,-0.13417132739363255,661.9545996093749
0.9997395833333333,21.2328125,13941.951041666667,0.2219196467490532,0.009385368700902761,0.4823181950884135,0.005530818572544933,11.381510416666666,0.7555620967939756,0.2072346435652112,0.24927925005819693,0.2533000561752775,5.398828125,272.6234375,0.003159464942903359,37.459375,27575.30625,0.017051416244659234,68.3421875,54985.90625,0.02662293618914391,2191.0,4242.0,13749.0,292.0,2818.0,6747.0,4.4484375,24.35,26.1453125,-0.13665074089300475,664.4504858398437
0.9997395833333333,21.2328125,13960.730208333332,0.2218093779777974,0.009145181723954217,0.48275451145941417,0.005530818572544933,11.517447916666667,0.7414575514509284,0.20713180745447243,0.24919266594797299,0.25313637210092166,5.415234375,263.62890625,0.0030690557963032397,37.4734375,27207.54375,0.016645618904636277,68.2625,55502.321875,0.025949248253876074,2210.0,4153.0,13759.0,295.0,2828.0,6749.0,4.458203125,24.6484375,26.6234375,-0.13542042666292983,664.2353816731771
1.0,21.2625,13945.596875,0.22215518700666456,0.009231998916840801,0.4838394708189905,0.005538551706173483,11.613541666666666,0.741965510484029,0.20753182948642707,0.2493451117329346,0.25345869236134455,5.4171875,239.71796875,0.0030946090656960214,37.515625,27385.8875,0.016791664523417276,68.390625,55328.821875,0.02622189271484344,2173.0,4270.0,13725.0,297.0,2808.0,6770.0,4.46796875,24.8859375,26.9234375,-0.1363269407742589,663.3961979166666
0.9994791666666667,21.286979166666665,13901.380208333334,0.2223787170962774,0.009273879344733971,0.486064869708285,0.00554492814969176,11.434375,0.739570844853319,0.20765618327178315,0.24971584379428785,0.253931725696244,5.398046875,206.67890625,0.0031365773148457595,37.4875,27021.99375,0.01679576841703211,68.6421875,55559.571875,0.02630119839198868,2196.0,4249.0,13706.0,298.0,2832.0,6833.0,4.465625,24.4671875,26.2765625,-0.1361553514568925,667.474934624566
1.0,21.326041666666665,13900.559895833334,0.22248637225497703,0.00899689017963012,0.48758001606514806,0.005555103325518798,11.585416666666667,0.7575343134860548,0.20775854674331526,0.24984531712353975,0.25403872943306116,5.415625,164.83203125,0.0030008691445917897,37.5359375,27139.65,0.016359169413848542,68.7578125,55604.38125,0.025618695085565017,2220.0,4242.0,13760.0,311.0,2860.0,6760.0,4.474609375,24.759375,26.8546875,-0.1378981951780829,669.6718218315971
1.0,21.274479166666666,13900.969270833333,0.2227366554888168,0.008946704449218674,0.48770444032330157,0.005541672093427108,11.491145833333333,0.7430411046098857,0.20803876594597032,0.250163977380773,0.25410089176824663,5.452734375,194.79375,0.002979118681955086,37.5125,27975.40625,0.01629867328648745,68.3234375,54651.234375,0.025465078681004248,2215.0,4254.0,13681.0,271.0,2848.0,6752.0,4.472265625,24.5390625,26.51875,-0.13448951461809974,663.5022653537327
0.9997395833333333,21.228645833333335,13877.830208333333,0.22280355874281718,0.009104184518088131,0.4852570152574069,0.0055297332204567165,11.4046875,0.7540911209794156,0.20823484254573862,0.24998924694527175,0.25389273532867696,5.483984375,212.7125,0.003119665358742733,37.3359375,27087.990625,0.016436243924148126,68.1,55328.140625,0.025710201749409724,2191.0,4209.0,13644.0,289.0,2793.0,6730.0,4.5234375,24.2828125,26.0515625,-0.1336328390556332,657.7695960828993
0.9994791666666667,21.216145833333332,13876.865104166667,0.22248756049228463,0.008876279863849446,0.48497731893529494,0.005526477164192064,11.428385416666666,0.7410580581809255,0.2078354216804056,0.24976144171621542,0.2538222345158701,5.436328125,218.62265625,0.0029821291576850803,37.25625,27021.6203125,0.016129690962627532,68.2953125,55365.0796875,0.025199471589728815,2220.0,4247.0,13614.0,275.0,2803.0,6788.0,4.492578125,24.403125,26.196875,-0.13331982571034853,659.7772393120662
0.9997395833333333,21.221875,13873.555208333333,0.2226988967215486,0.009191725082055003,0.4902947728146013,0.005527969523313363,11.426302083333333,0.7419869435036568,0.20815890877603643,0.249807419432217,0.2537503257929291,5.4671875,179.76171875,0.0031711924242027296,37.3125,26493.178125,0.01659201393386737,68.15,56029.10625,0.025873566861651716,2212.0,4173.0,13643.0,277.0,2818.0,6724.0,4.508984375,24.3671875,26.1546875,-0.13567173238039304,658.2596256510418
0.99921875,21.21875,13874.956770833332,0.22238942881255278,0.009079598315588546,0.48881740094214304,0.0055271555092472,11.54921875,0.7472508591065292,0.20779880751667754,0.24954272120704743,0.25359862160155916,5.47109375,209.59609375,0.0030756955645609824,37.321875,27541.70625,0.01647356112043504,68.10625,54869.65,0.025701246514852304,2211.0,4243.0,13570.0,304.0,2779.0,6752.0,4.498828125,24.6546875,26.6453125,-0.13388659518487717,659.4552734375
0.9997395833333333,21.188020833333333,13902.319791666667,0.2224588787680178,0.009043935917347864,0.4807838726610941,0.005519151037596597,11.420833333333333,0.7550207713674688,0.20789516042836037,0.24954976182100053,0.25362286907366477,5.452734375,254.6421875,0.0030589805802936987,37.3140625,27133.234375,0.016430848328922172,68.003125,55262.115625,0.025596844853990212,2219.0,4279.0,13491.0,307.0,2780.0,6754.0,4.5046875,24.3671875,26.1390625,-0.13269196378172055,657.4177731662327
0.9997395833333333,21.158333333333335,13942.434895833334,0.22194998384135625,0.009016814501354494,0.4803040106254914,0.005511417903968047,11.423697916666667,0.744535250098464,0.20738548802840592,0.24906003775690894,0.2530979131776049,5.478515625,275.60625,0.003031024506148756,37.2453125,27640.490625,0.016388948274348406,67.790625,54911.69375,0.02558784070918354,2173.0,4264.0,13514.0,308.0,2708.0,6788.0,4.509375,24.3453125,26.159375,-0.12991327725171495,651.3707638888889
1.0,21.161458333333332,13895.213541666666,0.22260683491833871,0.008982447688986676,0.4805092338496805,0.0055122319180342105,11.35703125,0.7362786118631554,0.20812500699638825,0.24949815972730843,0.2536428217971709,5.459375,224.7734375,0.003007824168456343,37.3109375,27560.378125,0.016330079283761963,67.8203125,54911.809375,0.02553331017633272,2160.0,4249.0,13623.0,282.0,2740.0,6768.0,4.472265625,24.253125,26.0,-0.13075024577022396,653.3254937065973
0.9994791666666667,21.240104166666665,13862.511458333332,0.22261395508749313,0.009115774871023287,0.48125354209045373,0.005532717938699314,11.3921875,0.7249454402785611,0.20806108922837963,0.2497185945110103,0.25372077910043017,5.4921875,185.6953125,0.003055388812951246,37.3640625,27422.3625,0.016559391684978664,68.1078125,55009.925,0.025913702289356078,2165.0,4270.0,13637.0,304.0,2767.0,6744.0,4.525390625,24.2203125,26.03125,-0.132206065445368,657.0142249891493
0.9997395833333333,21.136979166666666,13926.073958333332,0.222172222536724,0.009046197729325415,0.480918506214633,0.005505855474515933,11.325260416666667,0.7571643298918266,0.2076264537712591,0.24939361254312287,0.25313390759218457,5.455078125,245.671875,0.0030389199342425767,37.2875,27303.490625,0.016471717110015105,67.7140625,55270.265625,0.02564978952896708,2173.0,4253.0,13633.0,308.0,2763.0,6626.0,4.484375,24.15,25.8640625,-0.1362752070687426,651.346340874566
0.9989583333333333,21.175,13851.7296875,0.22241751809633506,0.009250194067713548,0.48405757702668534,0.005515759312320917,11.3796875,0.750590318772137,0.20789489004942122,0.24952289052964574,0.25340265785067956,5.462109375,239.4703125,0.0031762518447715896,37.328125,27668.821875,0.01673979095789235,67.8734375,54483.675,0.026056366069302582,2153.0,4311.0,13558.0,313.0,2661.0,6795.0,4.49296875,24.2890625,26.0171875,-0.1353250889199046,651.7881250000002
1.0,21.172916666666666,13893.4203125,0.22277690489811194,0.009060362129613283,0.4861028765796821,0.005515216636276808,11.3515625,0.7524845026074978,0.20837191873739425,0.24965258126668138,0.25352117317241313,5.48359375,197.7859375,0.0031013931028672625,37.3015625,27699.19375,0.016389781882223838,67.8015625,54870.184375,0.02556681848398682,2182.0,4211.0,13606.0,303.0,2758.0,6693.0,4.50859375,24.159375,25.915625,-0.13407556131277298,652.556037326389
0.9997395833333333,21.169791666666665,13880.034375,0.22272299960352668,0.009226514581095751,0.48609399904310363,0.005514402622210645,11.515104166666667,0.7485361413177188,0.20826129169038515,0.24967367577694857,0.2536191550826708,5.4734375,185.74140625,0.003147968697027477,37.353125,28003.56875,0.016702497024036124,67.771875,54533.671875,0.026064715674428474,2188.0,4184.0,13628.0,296.0,2755.0,6694.0,4.528515625,24.478125,26.4984375,-0.13534626459208055,650.7399207899305
1.0,21.157291666666666,13892.340625,0.2227921410344612,0.009154445268809935,0.48094087776532546,0.005511146565945993,11.4390625,0.7421594210033972,0.20832955606673545,0.24970483897605997,0.2537297829637654,5.471875,221.76171875,0.0030920232216672477,37.2328125,27380.371875,0.01655962627697654,67.8234375,55086.625,0.02599895244921408,2153.0,4253.0,13611.0,298.0,2796.0,6700.0,4.48671875,24.3,26.3875,-0.1296203543897804,652.7242176649306
1.0,21.148958333333333,13894.374479166667,0.22270625070684472,0.009289305755545119,0.48791946938112407,0.005508975861769558,11.490885416666666,0.7573757572772497,0.20830153396202858,0.24955474841458689,0.25347661997836707,5.462109375,218.75234375,0.0031859320013812665,37.2734375,26950.653125,0.016790165479145563,67.771875,55540.584375,0.026201941048600085,2167.0,4249.0,13586.0,289.0,2761.0,6673.0,4.5109375,24.465625,26.4359375,-0.13674188217204805,650.161144748264
1.0,21.23125,13941.382291666667,0.22228309530345303,0.009118547297987022,0.47973449196527107,0.0055304115655118525,11.457291666666666,0.723236188794034,0.20766800867058927,0.24963737800718952,0.2533891591311715,5.41953125,257.71328125,0.00304360525949792,37.4484375,27573.203125,0.016640519582071574,68.2609375,55044.2375,0.025896343167858864,2176.0,4288.0,13723.0,295.0,2725.0,6795.0,4.477734375,24.4640625,26.36875,-0.1369375766213446,662.6006901041666
1.0,21.321354166666666,13903.045833333334,0.2225823286671287,0.009140488091866706,0.48722685950180733,0.005553882304419553,11.552604166666667,0.7507633681022058,0.20795934212807993,0.24992100497606398,0.2537355985143884,5.473046875,191.77421875,0.0030315274612113066,37.440625,26671.2234375,0.01668492085794705,68.5953125,55979.9546875,0.026031897848407946,2170.0,4243.0,13780.0,294.0,2773.0,6822.0,4.49609375,24.6671875,26.6640625,-0.13401368835905897,666.2456898328993
1.0,21.229166666666668,13930.808854166668,0.22223655029343384,0.009155016610643116,0.48161201368748235,0.005529868889467744,11.478385416666667,0.7301766437684004,0.20759425577897347,0.24971545692066477,0.2533268217240443,5.480859375,236.71875,0.003050825418295107,37.375,27799.059375,0.01679010248854044,68.0765625,54838.91875,0.02593669550213784,2201.0,4230.0,13703.0,294.0,2760.0,6723.0,4.51484375,24.41875,26.3921875,-0.13379971097697307,658.0120659722221
1.0,21.146875,13948.733854166667,0.22196937736997663,0.00930860749402022,0.47791886789149457,0.005508433185725449,11.479166666666666,0.7419338948820255,0.20737553972201664,0.24922300537156872,0.2530910999602243,5.444921875,233.72421875,0.003092917041339737,37.18125,27045.91875,0.017024635655677474,67.9203125,55711.5875,0.02645534114308491,2188.0,4269.0,13543.0,286.0,2752.0,6788.0,4.457421875,24.5203125,26.525,-0.1313820370286212,653.3200944010417
1.0,21.219791666666666,13963.376041666666,0.22195796039492818,0.009227843084078556,0.48100509601130137,0.005527426847269254,11.461458333333333,0.7293210937116489,0.20722327509810698,0.24950137756845328,0.253353284408688,5.4421875,269.6765625,0.003053644989291082,37.35625,27423.034375,0.016898915493699106,68.19375,55278.515625,0.026253563053607903,2182.0,4295.0,13625.0,287.0,2807.0,6766.0,4.4828125,24.4234375,26.4140625,-0.13141244831508567,661.981379123264
1.0,21.216666666666665,13993.9359375,0.22159315326585352,0.0091528605063393,0.47924767674997854,0.005526612833203091,11.444010416666666,0.7403770620581304,0.20681213493405776,0.24930085621476894,0.253009523644121,5.41328125,302.5984375,0.003003045511591093,37.5140625,28078.2078125,0.016852162553102866,68.1328125,54675.0140625,0.02605281843856857,2154.0,4320.0,13728.0,291.0,2801.0,6715.0,4.445703125,24.5125,26.36875,-0.13433708962938676,661.1233680555555
0.9997395833333333,21.196354166666666,13938.147916666667,0.2220103099883011,0.009173577331199025,0.47925386474931886,0.005521321741773031,11.492708333333333,0.7441089023760965,0.20732916121867256,0.2494600898109569,0.25328512524415925,5.417578125,251.6515625,0.003033179747564737,37.5046875,28074.9203125,0.016860226639327514,68.003125,54547.3609375,0.026048518357607686,2208.0,4369.0,13577.0,275.0,2824.0,6675.0,4.445703125,24.59375,26.5796875,-0.1360945663954779,659.3317575412326
1.0,21.253645833333334,13929.393229166666,0.22231439748010084,0.009154089573673729,0.4859738694172311,0.00553624533298602,11.505208333333334,0.7236748597054427,0.20770021498715807,0.24961054208321015,0.25347498284876246,5.4234375,272.69453125,0.0030669335809889167,37.5453125,27656.15,0.016726150326645407,68.2828125,54829.43125,0.025930652791441307,2208.0,4275.0,13692.0,283.0,2822.0,6721.0,4.462109375,24.64375,26.5390625,-0.1371276723823515,661.0913929578993
1.0,21.325520833333332,13941.120833333332,0.22212338476489193,0.009129749519146737,0.4852099313939629,0.005554967656507771,11.49609375,0.7302723165221638,0.20740238338630287,0.24961738029228334,0.253513394751857,5.44140625,221.76328125,0.003001829999296582,37.6984375,28182.496875,0.016734908346208093,68.4890625,54577.175,0.026036268771485994,2210.0,4249.0,13807.0,309.0,2753.0,6787.0,4.47265625,24.6,26.4859375,-0.13757811944338594,666.9607028537328
0.9994791666666667,21.308854166666666,13902.180208333333,0.22222150901473067,0.009006444385154128,0.4861743940663466,0.0055506262481549015,11.384895833333333,0.7513504265147997,0.20749506243524912,0.24979283417896198,0.2535559701684256,5.456640625,203.66953125,0.00297527325338198,37.753125,28513.146875,0.01650272035262597,68.2734375,54085.25625,0.025634852944770876,2207.0,4235.0,13793.0,307.0,2775.0,6719.0,4.497265625,24.265625,26.0546875,-0.13930991134486478,662.606692437066
0.9997395833333333,21.255729166666665,13923.769791666668,0.2219779229903015,0.009160906276694731,0.4859833083276908,0.005536788009030129,11.540104166666667,0.7422998701330523,0.20737606735242772,0.24923055002864647,0.2531327185034516,5.46640625,221.66015625,0.003026945125917465,37.6109375,28146.696875,0.01683669047473916,68.0578125,54509.28125,0.026020966681759378,2185.0,4283.0,13739.0,304.0,2765.0,6697.0,4.49296875,24.6640625,26.6046875,-0.13498073227206997,655.0679359266493
1.0,21.027083333333334,13949.049479166666,0.22188833930497256,0.009043227875792955,0.483672354797401,0.005477229313189199,11.326302083333333,0.754953928465273,0.2074355025308297,0.24898775698297104,0.2526002687235455,5.44375,248.72109375,0.0030527930374560077,37.2109375,28244.9625,0.016515017729597188,67.1765625,54454.45,0.025533177375336502,2188.0,4254.0,13491.0,294.0,2764.0,6567.0,4.474609375,24.1421875,25.9171875,-0.13628912655157166,640.6180164930555
1.0,21.1640625,13923.721875,0.22218021307268898,0.008916976899798834,0.486241539998449,0.0055129102630893465,11.51171875,0.7471637750707518,0.2076194225004321,0.2494172270670174,0.2531863613673881,5.461328125,215.76640625,0.002964911981676,37.3953125,28007.8,0.01632669603703264,67.74375,54671.465625,0.02531551743505637,2173.0,4246.0,13623.0,314.0,2743.0,6669.0,4.510546875,24.55625,26.471875,-0.135286813786737,651.4027709960938
1.0,21.215625,13910.4671875,0.22244029072084898,0.008838774812472156,0.48685760928725696,0.0055263414951810365,11.395572916666667,0.7532773604359995,0.20786475146391387,0.2497327835031796,0.25344995496625894,5.4640625,197.778125,0.0029245342917731095,37.5828125,27841.45625,0.016236898248061193,67.8546875,54830.234375,0.025097613459679303,2182.0,4233.0,13695.0,304.0,2748.0,6672.0,4.516015625,24.2421875,26.0671875,-0.1377480596891562,655.0738183593749
0.9997395833333333,21.158333333333335,13866.003645833332,0.22273672825854618,0.00872565258739525,0.48370108401234746,0.005511417903968047,11.36640625,0.7528554549035054,0.2082472322458238,0.24990618318698407,0.25352525738099796,5.466796875,188.72421875,0.0028764000080099906,37.459375,27924.675,0.016040990791265662,67.6234375,54516.45,0.024807324701065874,2227.0,4179.0,13619.0,300.0,2742.0,6670.0,4.508984375,24.1828125,25.9796875,-0.13579385927621607,652.2811805555556
0.9997395833333333,21.1421875,13912.678125,0.2222185425447011,0.008840645811969377,0.481905726815237,0.005507212164626205,11.385677083333333,0.7473948710368783,0.20769020169666225,0.24930479978139167,0.2532456487001661,5.471484375,239.64765625,0.002933821444918723,37.3703125,27861.221875,0.016193220138501708,67.596875,54656.25625,0.025115368953639656,2188.0,4232.0,13572.0,287.0,2783.0,6642.0,4.519921875,24.2328125,26.0015625,-0.13551795377696482,649.4110327148438
1.0,21.1921875,13895.652083333332,0.22268613869575019,0.008993580000947141,0.48443683191833703,0.0055202363896848135,11.426822916666667,0.7407653174076532,0.2081180278399283,0.24981496963946254,0.2538297511753253,5.501953125,185.77734375,0.0030002604925546913,37.25625,27425.4875,0.016410763816615485,67.8890625,55205.315625,0.025549674218848593,2196.0,4218.0,13571.0,301.0,2709.0,6772.0,4.521875,24.2328125,26.240625,-0.1325859893687192,654.7115014648436
0.9997395833333333,21.136458333333334,13924.544791666667,0.22219737763252867,0.008733418924809706,0.48479254420220863,0.005505719805504906,11.339322916666667,0.7346853284707506,0.20758857960945507,0.24938229503520848,0.2534476523221431,5.469140625,203.7046875,0.0028809647417350646,37.2671875,27956.228125,0.016009015655958515,67.675,54776.221875,0.024867638925959466,2142.0,4302.0,13515.0,322.0,2686.0,6741.0,4.48671875,24.11875,25.9703125,-0.13303150336439262,652.2308582899306
1.0,21.1984375,13951.497395833334,0.2220833481479553,0.00885951019070311,0.48295534538870055,0.00552186441781714,11.325,0.7493181985700597,0.20743510271416604,0.24939545392607093,0.2533642241049967,5.409765625,218.7609375,0.002880676597800706,37.5234375,28545.475,0.016295710459191187,68.028125,54288.465625,0.025338644293824653,2185.0,4308.0,13651.0,331.0,2701.0,6752.0,4.45625,24.178125,25.946875,-0.13689590227883985,659.5371850585939
0.9994791666666667,21.1875,13897.5609375,0.22227694516254198,0.009041161195457765,0.48434283209458884,0.0055190153685855696,11.3875,0.7323500491642084,0.20766940293805164,0.2495328078647331,0.2534512513583122,5.4765625,221.63515625,0.003018661220964193,37.371875,27876.6875,0.016504368558544136,67.846875,54622.1375,0.025667953730345694,2192.0,4240.0,13606.0,314.0,2714.0,6736.0,4.513671875,24.259375,26.0109375,-0.13315392137175916,655.18984375
0.9994791666666667,21.097916666666666,13941.272916666667,0.22166077004294152,0.008980346568184321,0.4822056345034429,0.005495680298688895,11.434375,0.7218820973634837,0.20693136307226875,0.2492524768639849,0.2529866911045893,5.437109375,239.6140625,0.00296284196279428,37.21875,28057.134375,0.016517719105589794,67.6203125,54632.046875,0.02551299245233901,2213.0,4222.0,13583.0,302.0,2692.0,6713.0,4.471875,24.3796875,26.3390625,-0.13430902629379335,653.1440581597222
1.0,21.015104166666667,13969.0,0.2216621385795848,0.008974970625976745,0.4775583751045717,0.005474108925935573,11.376822916666667,0.756003866266822,0.2069825524428081,0.24909865074448984,0.25294397096178656,5.40390625,245.728125,0.0029370388745955088,37.1421875,27853.95625,0.016501987006622656,67.3328125,54977.13125,0.025599681250855776,2159.0,4263.0,13506.0,312.0,2684.0,6716.0,4.4390625,24.26875,26.2359375,-0.13295776455081862,650.6461260308159
0.9997395833333333,21.2484375,13925.747916666667,0.22218523393049747,0.008863240695383445,0.4853904280942149,0.005534888642875749,11.369010416666667,0.7183126210260559,0.20748478430999184,0.24963876638449256,0.2535334999585251,5.489453125,239.64453125,0.0029311620350143523,37.46875,28281.196875,0.016228982130487235,68.0640625,54314.7125,0.025225813901756034,2185.0,4282.0,13674.0,308.0,2740.0,6718.0,4.501171875,24.2234375,25.9859375,-0.13452182678315722,660.0669246419271
1.0,21.178645833333334,13942.924479166666,0.22208119148971542,0.008863557789100928,0.48389920926545194,0.005516708995398107,11.382291666666667,0.7420505127511497,0.20743416815492893,0.24943726013011744,0.25331321618845914,5.50625,218.7328125,0.0029085831070609887,37.303125,27611.946875,0.016287655979097995,67.74375,55170.66875,0.025259358327263625,2180.0,4264.0,13507.0,303.0,2700.0,6762.0,4.536328125,24.1828125,25.965625,-0.1314446094229532,653.0316273328993
1.0,21.107291666666665,13951.528125,0.221920134536152,0.008707742861644451,0.48269809659887775,0.005498122340887384,11.328385416666666,0.7499136356906677,0.20720510724883523,0.24938359589887513,0.25331678232269617,5.470703125,236.72578125,0.0028329531931462334,37.1484375,27203.28125,0.01602124853161981,67.6125,55558.984375,0.024893395865661968,2157.0,4229.0,13557.0,293.0,2704.0,6770.0,4.496875,24.0875,25.8953125,-0.12908543589976038,653.6921343315971
1.0,21.18125,13952.200520833334,0.22196157120896268,0.008805205394656639,0.4829745718451118,0.005517387340453243,11.410416666666666,0.7475410642274024,0.20722745208753426,0.24939463760345829,0.2534649813001809,5.44765625,212.74296875,0.0028602747353475553,37.409375,27767.6765625,0.01617001165119174,67.8875,55094.5546875,0.025220121775357866,2172.0,4230.0,13642.0,307.0,2729.0,6765.0,4.4796875,24.2734375,26.2703125,-0.13456577673471062,659.1473567708332
1.0,21.160416666666666,13964.044270833334,0.22179497926018113,0.0088262342702455,0.48135909669168764,0.005511960580012156,11.474479166666667,0.727552426897706,0.20709419589953387,0.2492866275909315,0.2531064643720199,5.484765625,218.721875,0.00291841981265674,37.25,27327.090625,0.016177386578700458,67.7734375,55582.2875,0.025106339792145594,2206.0,4188.0,13589.0,294.0,2723.0,6755.0,4.517578125,24.3984375,26.378125,-0.13226116426233409,657.6081206597223
1.0,21.182291666666668,13958.2,0.22189490214291593,0.008885376943211738,0.47814825446762715,0.005517658678475298,11.440364583333333,0.733021883452176,0.20725493584741153,0.2492400811279186,0.253109588339931,5.483203125,218.734375,0.002933109769560828,37.4359375,28035.1,0.016332390224576325,67.725,54839.1625,0.02524743235645079,2181.0,4229.0,13643.0,300.0,2743.0,6711.0,4.508203125,24.3484375,26.2609375,-0.13142026689950362,653.0360405815971
1.0,21.108333333333334,13933.322395833333,0.22227139874375415,0.008986672197111441,0.4868997682941367,0.005498393678909438,11.39375,0.7406731148835373,0.20772308810428486,0.2493660915582993,0.25336994848708605,5.454296875,188.78515625,0.003016706504062658,37.225,27417.6625,0.01637484613319539,67.6078125,55427.13125,0.025478361033222614,2161.0,4276.0,13542.0,283.0,2732.0,6696.0,4.490234375,24.3046875,26.096875,-0.13448563069106942,649.3455555555555
0.9997395833333333,21.144791666666666,13953.764583333334,0.22182000988051834,0.00886026597599606,0.48165894473793197,0.00550789050968134,11.456510416666667,0.7313168136361398,0.20704839352002669,0.24947666673369798,0.25324981846930517,5.426171875,224.678125,0.0028836245250004706,37.378125,27375.55,0.016323002401217496,67.7859375,55448.325,0.02530409535475699,2177.0,4221.0,13651.0,311.0,2746.0,6717.0,4.4625,24.465625,26.4234375,-0.1339292897589169,657.2108062065973
1.0,21.221875,13941.717708333334,0.22210173358113633,0.008937200155489005,0.48668440145831954,0.005527969523313363,11.3546875,0.7449811024395032,0.20738129513022216,0.2495220942667009,0.25356312669922837,5.438671875,230.73359375,0.002936351906213594,37.425,27337.7578125,0.016372894323956326,68.1515625,55389.6140625,0.025504898984123316,2218.0,4295.0,13594.0,323.0,2722.0,6788.0,4.46875,24.2,26.053125,-0.1342927993216803,662.0674381510418
0.9997395833333333,21.3015625,13940.521354166667,0.2219775597711906,0.008803512217210836,0.4841606487364865,0.005548726882000521,11.388541666666667,0.7448103865620186,0.20718543051699329,0.24960713112578853,0.25351650543338183,5.481640625,257.63046875,0.0028975932472786892,37.6515625,28415.95625,0.016121581698400063,68.23125,54196.65,0.025109118615750187,2181.0,4304.0,13747.0,315.0,2751.0,6713.0,4.5265625,24.246875,25.978125,-0.13684213039119758,664.876768391927
0.9997395833333333,21.259895833333335,13942.6453125,0.22199214545179125,0.008877924659404438,0.4844872728432558,0.005537873361118347,11.391666666666667,0.7455351674465323,0.2072308204472285,0.2496171357547349,0.25341245516709865,5.487109375,227.63671875,0.002933743431932166,37.49375,27586.3671875,0.016221547315228284,68.1171875,55158.9578125,0.025311026913469682,2200.0,4219.0,13728.0,298.0,2775.0,6719.0,4.516796875,24.25625,26.0265625,-0.13394043255395907,661.6012041558159
1.0,21.260416666666668,13997.979166666666,0.22156187096877597,0.00915336204969116,0.4813534676757231,0.005538009030129374,11.415885416666667,0.7469867711905929,0.20681706376291445,0.24907457282827114,0.2530283979327269,5.46875,302.57734375,0.003042383707084896,37.45625,27921.890625,0.01671082708520762,68.23125,54855.675,0.02603981038459976,2200.0,4273.0,13683.0,282.0,2797.0,6749.0,4.50703125,24.35625,26.1109375,-0.13441137073263473,661.0488498263888
1.0,21.216666666666665,13988.390364583332,0.22177155157022715,0.00910861855789721,0.4839134002058068,0.005526612833203091,11.398697916666666,0.7499018067556952,0.20703517899020057,0.24942456208212285,0.25306403137843786,5.45546875,293.66328125,0.003069317704900501,37.490625,27607.871875,0.016653292770894675,67.9875,55147.8171875,0.025721147756886574,2192.0,4284.0,13663.0,301.0,2778.0,6700.0,4.4875,24.3484375,26.09375,-0.13452183651028915,658.6686805555554
0.9997395833333333,21.307291666666668,13908.331770833332,0.22218842003755113,0.009117167838688588,0.4847204526722542,0.00555021924112182,11.519270833333334,0.7433634808115375,0.20737798814194802,0.24994169291382645,0.2536768747436883,5.448828125,188.71953125,0.003017832292610256,37.603125,27656.271875,0.016704037899030178,68.4453125,55038.840625,0.025927639962660325,2202.0,4221.0,13863.0,300.0,2758.0,6764.0,4.4671875,24.6671875,26.5796875,-0.13647537897828987,666.9014051649305
0.9997395833333333,21.289583333333333,13929.549479166666,0.22206354957204477,0.009097287774835268,0.4831253963601404,0.005545606494746896,11.505208333333334,0.7568989137880419,0.2073165006332848,0.2495083271240793,0.25360696777505004,5.415625,212.70234375,0.0029908875415301005,37.5859375,27718.7375,0.016696915685061327,68.4890625,55007.75,0.025923260797829882,2215.0,4277.0,13713.0,304.0,2767.0,6837.0,4.479296875,24.59375,26.5203125,-0.13570273161781338,666.7609331597222
0.9997395833333333,21.280729166666667,13968.0203125,0.221681183626945,0.009216522708956638,0.4825132265901851,0.005543300121559434,11.565104166666666,0.752000783181184,0.20693614269293775,0.24926061281336048,0.25308191817655856,5.4421875,266.6125,0.0030488190951593703,37.5359375,27949.009375,0.016890359554623056,68.3796875,54792.6625,0.026213500318479282,2246.0,4287.0,13653.0,304.0,2798.0,6752.0,4.487890625,24.6875,26.7515625,-0.13651847395473898,662.7425453016492
1.0,21.293229166666666,13960.588541666666,0.22202633961080936,0.00914641929478978,0.489394969792347,0.005546556177824086,11.41953125,0.7540787124232566,0.20731400392746352,0.24953864539667067,0.2533633765583313,5.459765625,254.6796875,0.0030206198833439115,37.5421875,27991.465625,0.01681457806452135,68.378125,54753.346875,0.025981458170841687,2225.0,4323.0,13640.0,305.0,2777.0,6752.0,4.50078125,24.3484375,26.165625,-0.1361181361058251,661.4978708224827
1.0,21.288541666666667,13952.693229166667,0.22201548121870723,0.009211287203029321,0.48688870824885727,0.005545335156724842,11.434895833333334,0.748324118021236,0.20727788561076022,0.24956291701235345,0.25341842785684915,5.476953125,233.71640625,0.0030383670757543105,37.496875,27711.98125,0.01691073801909505,68.3265625,55069.3125,0.02620351689606363,2198.0,4302.0,13673.0,299.0,2772.0,6769.0,4.5171875,24.384375,26.15625,-0.13383444724980198,661.5339312065972
0.9997395833333333,21.240625,13953.4859375,0.22184182936911723,0.0089705517575288,0.4789809205564247,0.005532853607710341,11.416145833333333,0.743097444951204,0.20708910982640027,0.24941100847875414,0.25328352843034796,5.437890625,275.61171875,0.0029131299337414747,37.50625,28246.38125,0.01655182677298673,68.1859375,54372.0875,0.025618964037220172,2226.0,4355.0,13621.0,320.0,2781.0,6729.0,4.4484375,24.471875,26.23125,-0.1340493549345957,659.5176204427084
1.0,21.216666666666665,14008.3234375,0.22142240105465233,0.00887449793363857,0.48048142389157183,0.005526612833203091,11.3953125,0.7405979968578161,0.20665201954951345,0.24907081806137868,0.2528555100684816,5.390625,290.63515625,0.0028604204089583214,37.4921875,27507.43125,0.016401441684994075,68.2453125,55379.96875,0.025403864281004062,2221.0,4345.0,13676.0,313.0,2794.0,6698.0,4.434765625,24.440625,26.1921875,-0.13770392768649917,662.7259722222221
0.9997395833333333,21.166145833333335,13976.85625,0.22149808475930563,0.009121880965561857,0.48170230904320427,0.005513452939133455,11.429166666666667,0.7563424296857698,0.20682637984471142,0.24893432550294955,0.2527486636740386,5.415625,218.69609375,0.0029606114023269904,37.2578125,27796.728125,0.016817486297914425,68.0765625,55189.625,0.026071353886148757,2199.0,4291.0,13614.0,298.0,2751.0,6795.0,4.442578125,24.515625,26.2890625,-0.13206746126696925,654.0343747287328
1.0,21.144791666666666,13990.496354166668,0.22137271605422018,0.008957951473505123,0.47858233851979437,0.00550789050968134,11.357552083333333,0.7348884181486772,0.20675409529648445,0.24860779770564964,0.2526121174337338,5.406640625,206.78203125,0.0028956020191006956,37.3265625,27787.178125,0.016488606503946283,67.915625,55328.671875,0.025676694260681678,2190.0,4261.0,13614.0,317.0,2771.0,6752.0,4.441015625,24.3109375,26.0703125,-0.13168928028684732,651.5972645399306
1.0,21.2234375,13992.3234375,0.22152571906205362,0.00901144391675666,0.4818182772114959,0.0055283765303464445,11.440364583333333,0.7576136837713809,0.2069671377171512,0.24864997462722185,0.2526357888764953,5.449609375,245.73828125,0.0029650719030337373,37.2578125,27720.640625,0.016472380411808884,68.284375,55250.346875,0.025735995476596118,2192.0,4271.0,13626.0,307.0,2799.0,6753.0,4.484375,24.475,26.2296875,-0.13333674460305334,652.8901798502604
1.0,21.1796875,13962.117708333333,0.22192002174923112,0.00914254155650424,0.4838267245339323,0.005516980333420162,11.445572916666666,0.738079429484815,0.20737699741831048,0.24901863269444352,0.2529935081277012,5.449609375,203.771875,0.0030185863806772937,37.14375,27380.203125,0.016702942894257482,68.1359375,55577.415625,0.026077960922058784,2155.0,4332.0,13564.0,297.0,2776.0,6751.0,4.48359375,24.4765625,26.2625,-0.13290812272101105,652.2927124023438
1.0,21.1734375,13945.2953125,0.22200123576436795,0.008950119744386777,0.4812732566829067,0.005515352305287835,11.382552083333334,0.7337957838289917,0.20754274463397193,0.2489930052780295,0.2528434307722901,5.49375,248.69375,0.0030053952543205474,37.3390625,27594.753125,0.016363467654287624,67.7265625,55082.24375,0.025315669794750854,2200.0,4295.0,13552.0,291.0,2793.0,6633.0,4.501953125,24.309375,25.978125,-0.13212514475592646,648.2912736002603
1.0,21.130729166666665,13952.771875,0.2219027684250295,0.009028367711629327,0.4769734777314755,0.005504227446383607,11.37265625,0.744891671390895,0.20739541843213774,0.2488906565427877,0.2529442802788385,5.459765625,302.62109375,0.0030330527202240306,37.1890625,27175.03125,0.016446685789383554,67.75625,55331.115625,0.025591309599496292,2200.0,4247.0,13560.0,308.0,2765.0,6692.0,4.47890625,24.296875,26.0234375,-0.13219187320958567,648.944368218316
0.9997395833333333,21.190625,13913.296354166667,0.22218233641270718,0.008866473693147081,0.47588349850469136,0.005519829382651732,11.383333333333333,0.7520031460453227,0.20759474823629542,0.24935635709735654,0.25335866843370464,5.474609375,245.6640625,0.002933663509229913,37.240625,27524.603125,0.016248908619467685,68.0046875,54972.51875,0.025215279502495146,2190.0,4244.0,13614.0,314.0,2770.0,6739.0,4.5046875,24.25625,26.025,-0.1301030452370068,653.9006412760417
0.9997395833333333,21.153125,13973.9625,0.22161676879984332,0.008982089637851272,0.4775024577109412,0.005510061213857775,11.4546875,0.7447924361057763,0.20703251890573643,0.24872708776370475,0.2528434494124093,5.412109375,260.63671875,0.0029774034444751017,37.2046875,28005.95,0.016381586378953567,68.065625,54795.278125,0.025601337670253667,2182.0,4349.0,13498.0,321.0,2761.0,6781.0,4.466015625,24.5140625,26.35,-0.13159019746803166,652.4656152343749
0.9994791666666667,21.272916666666667,13926.863541666668,0.22202353410332965,0.00900439289840416,0.48633929476061516,0.0055412650863940266,11.534114583333333,0.7356282440505337,0.20744377979240758,0.24909540834968916,0.2532706771006585,5.452734375,251.58046875,0.002992603126525452,37.2421875,27004.64375,0.016373205984193735,68.584375,55550.215625,0.02568273890012942,2200.0,4293.0,13638.0,303.0,2825.0,6797.0,4.4703125,24.6671875,26.65625,-0.13259900690384968,658.7343706597222
0.9997395833333333,21.2703125,13907.1984375,0.22220278637817908,0.0091534392905728,0.4872553664323869,0.005540586741338891,11.490104166666667,0.7320698352065428,0.20770172126782124,0.2491374634260331,0.2532723697717566,5.49609375,233.6421875,0.0030798395082781453,37.3875,27501.20625,0.01664054996248016,68.25,55007.415625,0.02596072774784407,2204.0,4301.0,13589.0,320.0,2800.0,6738.0,4.508984375,24.559375,26.3453125,-0.13114164176709162,654.0993269856771
1.0,21.257291666666667,13931.719791666666,0.22229755207450516,0.009054766921096554,0.48595773599998765,0.005537195016063211,11.460416666666667,0.7554760621355417,0.20780692488066865,0.24928358636705533,0.2532740265573011,5.450390625,215.7828125,0.0030423634326845104,37.484375,27530.6875,0.016473224360467227,68.2578125,55196.5,0.025685923435374063,2209.0,4301.0,13644.0,323.0,2797.0,6704.0,4.49140625,24.56875,26.228125,-0.1353016904804071,652.3660926649305
0.9994791666666667,21.1625,13876.8171875,0.22243843599465854,0.00904277770171098,0.4870092571142671,0.005512503256056265,11.370572916666667,0.7321323095097461,0.20788404363833698,0.24957486339533555,0.2535195780192678,5.491015625,188.68515625,0.0030651769927353676,37.3234375,27897.475,0.016419526243605553,67.6875,54608.6875,0.02557643199571885,2233.0,4228.0,13558.0,317.0,2766.0,6659.0,4.512890625,24.2265625,25.9453125,-0.13132502240869892,647.8032812500002
1.0,21.2296875,13906.193229166667,0.22256495055943618,0.008871409345504717,0.4890166749136533,0.005530004558478771,11.37578125,0.7033438826329089,0.2081195698346919,0.24949190391278248,0.25341952010506696,5.453125,230.759375,0.002966633404198904,37.3078125,27264.240625,0.016189088257336396,68.2578125,55249.88125,0.025172834198896286,2171.0,4279.0,13610.0,309.0,2772.0,6780.0,4.482421875,24.2765625,26.0484375,-0.1347717463445797,656.6847436523439
0.9997395833333333,21.172916666666666,13955.674479166666,0.22174893135091325,0.009000010964258408,0.4850607100633517,0.005515216636276808,11.408854166666666,0.7143313982091902,0.2071873549681354,0.24896631301086858,0.2527778552220693,5.430859375,266.628125,0.0029999380882849134,37.2828125,27575.2,0.01642126185939637,68.03125,55092.334375,0.025579051573014433,2222.0,4268.0,13566.0,303.0,2835.0,6680.0,4.4578125,24.44375,26.178125,-0.1339448534200536,650.7789539930557
1.0,21.272395833333334,13952.264583333334,0.22198858441923708,0.008915414572176285,0.4775347481861317,0.005541129417382999,11.58125,0.7410572191073134,0.2072919824246946,0.24940331297313975,0.2533602638435045,5.4265625,254.721875,0.0029090353711981346,37.5875,27864.95,0.01639214366434888,68.340625,54829.75,0.025464202283916288,2165.0,4319.0,13734.0,319.0,2789.0,6760.0,4.451953125,24.853125,26.8265625,-0.13363357700001233,659.7659046766493
0.9997395833333333,21.282291666666666,13925.0515625,0.2221028817333261,0.008831300540253417,0.4804974388010988,0.005543707128592515,11.6375,0.7498654006167099,0.20747698599469624,0.24936226765489092,0.2533470787662808,5.445703125,239.6765625,0.0029058942532343645,37.5265625,28268.215625,0.016215894255993037,68.384375,54323.3875,0.02514833197259001,2227.0,4252.0,13750.0,303.0,2796.0,6762.0,4.457421875,24.9765625,27.01875,-0.1342578542236424,659.225519748264
1.0,21.175,13963.890625,0.22183730869835724,0.008783249792209352,0.48344778866278754,0.005515759312320917,11.415625,0.7369637937819756,0.20722667594896915,0.2492891987457943,0.2528279496484725,5.38828125,254.71484375,0.0028451565470247685,37.2828125,27757.8296875,0.01620977587396839,68.2140625,55006.6546875,0.02510909669118865,2240.0,4284.0,13643.0,300.0,2772.0,6754.0,4.41171875,24.540625,26.30625,-0.13541719425168802,655.7475000000001
0.9997395833333333,21.166145833333335,13910.768229166666,0.22215622482357436,0.008941889398584552,0.4846404122723703,0.005513452939133455,11.446354166666667,0.7481237235168188,0.2076404228945611,0.24935509051391663,0.253020566849285,5.44453125,221.7125,0.0029467499343917456,37.359375,27722.20625,0.016449067413624036,67.859375,54855.553125,0.025415269240316295,2217.0,4232.0,13686.0,294.0,2779.0,6650.0,4.447265625,24.6046875,26.284375,-0.13497523328597968,646.8760413953993
0.9997395833333333,21.113020833333334,13943.596354166666,0.22189441986697123,0.009450439436333875,0.4844837864192267,0.005499614700008683,11.45234375,0.7241039050743765,0.20740204047135374,0.2491394447851905,0.2526189125312219,5.396875,239.67890625,0.003197744269709189,37.2625,27451.7125,0.01730698108398497,67.828125,55251.15,0.02660467845518153,2216.0,4293.0,13593.0,289.0,2837.0,6612.0,4.42734375,24.6359375,26.36875,-0.13756606049355574,646.725247124566
0.9997395833333333,21.0578125,13951.924479166666,0.22183320063680173,0.00905395349457635,0.48141700373854496,0.005485233784839802,11.415625,0.7088620118226113,0.20736257895305005,0.24899608390948202,0.2525528040991284,5.403125,245.64921875,0.002985643399179298,37.171875,27742.225,0.01663262048597203,67.5625,54986.725,0.025748526884768873,2226.0,4250.0,13544.0,292.0,2761.0,6656.0,4.43203125,24.5390625,26.2265625,-0.13431132679989696,643.1867618815104
1.0,21.113020833333334,13949.980729166668,0.22189629741692282,0.008831813913639946,0.48161907273302323,0.005499614700008683,11.451822916666666,0.7511409329748131,0.2074322873394845,0.24894879754955648,0.25269983759404235,5.434765625,224.7515625,0.0029042364976983415,37.28125,28003.6265625,0.01626210532051421,67.6578125,54797.2515625,0.0251118321705321,2206.0,4284.0,13526.0,324.0,2756.0,6663.0,4.465625,24.5625,26.2859375,-0.13219202765652302,643.826809624566
0.9997395833333333,21.098958333333332,13982.072395833333,0.22130655604125618,0.00919570713666839,0.4798913620345994,0.005495951636710949,11.551822916666667,0.7360404838311528,0.20680218033774853,0.2485030230425375,0.25212759185400535,5.41875,260.65546875,0.003064759388760549,37.240625,28039.3625,0.016915353284020378,67.678125,54810.45,0.025999851980947765,2210.0,4267.0,13578.0,313.0,2789.0,6643.0,4.44296875,24.821875,26.7171875,-0.13285579048325313,644.8474989149306
1.0,21.154166666666665,13979.763020833334,0.22163134125190934,0.009676336779973305,0.4822366487151024,0.00551033255187983,11.627864583333333,0.7521173921607248,0.20720914213289704,0.24860121709286087,0.252350261887007,5.459765625,257.6765625,0.003291037468324732,37.26875,27895.525,0.01765847007648247,67.8171875,54952.346875,0.027235400730058434,2198.0,4239.0,13613.0,313.0,2767.0,6681.0,4.4796875,24.94375,26.9046875,-0.13195113187607896,645.5408159722223
0.9997395833333333,21.230729166666666,13924.698958333332,0.22200468828117106,0.009340335784983734,0.48564511872628785,0.005530275896500825,11.7015625,0.7323553222284915,0.20750233707175642,0.24917715882428704,0.25284162257571363,5.426171875,221.696875,0.00310713987271086,37.4640625,27035.890625,0.017122577957207834,68.215625,55625.515625,0.02649087726185113,2231.0,4263.0,13663.0,305.0,2831.0,6695.0,4.4625,25.215625,27.14375,-0.13609890746869752,653.2139515516494
0.9994791666666667,21.302083333333332,13911.277083333332,0.22205044169493,0.009313538045278746,0.4861328403586577,0.005548862551011548,11.711979166666667,0.7513936430317848,0.2074154828454347,0.24947351331340037,0.25316720547444077,5.438671875,212.6640625,0.0031174991948116587,37.6375,27846.415625,0.01705646093826517,68.4203125,54770.590625,0.02635477055416068,2192.0,4349.0,13693.0,327.0,2721.0,6796.0,4.490625,25.175,27.134375,-0.13780581074553583,658.2186414930555
0.9997395833333333,21.232291666666665,13997.139583333334,0.22129011154694975,0.009339143973062543,0.48391389987355354,0.005530682903533906,11.655208333333333,0.748638571358485,0.20668500690038633,0.24867836070833374,0.25232228097181947,5.44296875,317.54375,0.003140516673727385,37.3703125,28311.31875,0.017073501997279077,68.2515625,54401.34375,0.026399295146186642,2205.0,4404.0,13530.0,322.0,2739.0,6756.0,4.46953125,25.075,26.978125,-0.13587446562852423,653.4903114149306
0.9994791666666667,21.228125,13996.941666666668,0.22111093783052418,0.009670376017416547,0.4852554271188074,0.005529597551445689,11.712760416666667,0.7412287158349281,0.20654451369114687,0.24833379863189892,0.2521537735866583,5.4515625,320.384375,0.003289526999429221,37.3484375,28369.7703125,0.017611998870853556,68.2140625,54330.3421875,0.027252149235928846,2205.0,4347.0,13581.0,314.0,2746.0,6776.0,4.48671875,25.1609375,27.16875,-0.13331990378329692,650.1891048177083
1.0,21.2359375,14012.269791666668,0.22135879815722193,0.009958821896366116,0.4808932198736746,0.005531632586611096,11.668229166666666,0.7336717926078532,0.2068663409278256,0.24844035473895812,0.2522470704930709,5.449609375,347.51484375,0.0034208655995021874,37.3640625,27343.94375,0.01803760176086982,68.253125,55339.615625,0.028031867219318125,2184.0,4312.0,13593.0,306.0,2751.0,6826.0,4.464453125,25.0890625,27.0625,-0.13162516005078678,653.4969376627604
0.99921875,21.253645833333334,13933.0296875,0.2216867232721763,0.00979451609178002,0.48068586078653647,0.00553624533298602,11.663541666666667,0.7479599088391697,0.20715874249424485,0.24879487580076284,0.2526904938553155,5.430078125,260.51015625,0.0033364467587703324,37.35,27658.359375,0.017758557734302672,68.4515625,54897.778125,0.027662751781296124,2166.0,4347.0,13626.0,312.0,2742.0,6865.0,4.470703125,25.0359375,27.0625,-0.13262896012493344,658.2070179578991
1.0,21.317708333333332,13965.370833333332,0.221802805412272,0.009980294897696078,0.4831401757745411,0.005552932621342364,11.75859375,0.732299047153677,0.20731642259854216,0.24893997871595558,0.25261116336350786,5.45703125,251.72890625,0.0034618122844259024,37.5984375,27721.365625,0.01808079198197109,68.4796875,55063.94375,0.027953728266501766,2198.0,4343.0,13673.0,293.0,2796.0,6776.0,4.513671875,25.2828125,27.2140625,-0.13596792486433673,656.7251030815972
1.0,21.2984375,13950.765104166667,0.22197588654098904,0.010013033632732794,0.4896904341126876,0.0055479128679343575,11.505989583333333,0.7567065267894261,0.20746219207101965,0.24909045518126857,0.2529160957805871,5.43203125,233.71328125,0.0034845320254317997,37.4625,27370.59375,0.018100767136452624,68.6,55399.14375,0.028039306558216952,2206.0,4315.0,13691.0,296.0,2809.0,6766.0,4.466796875,24.75,26.41875,-0.13803446360947705,658.4911433919272
1.0,21.310416666666665,13936.525520833333,0.22213463235352163,0.009939919682671708,0.48561935655706123,0.005551033255187983,11.638541666666667,0.742643464659302,0.20758417372882185,0.2493578217138161,0.2531132774920263,5.4390625,242.70078125,0.003430005125410499,37.496875,27369.925,0.017982895490970117,68.609375,55278.425,0.02793660210341813,2199.0,4341.0,13672.0,325.0,2769.0,6800.0,4.465234375,25.009375,26.9609375,-0.13589659427599804,662.1578081597222
1.0,21.308333333333334,13929.301041666668,0.22216309446883725,0.009860485889765496,0.4890120209066114,0.005550490579143874,11.641666666666667,0.7298836527180289,0.2075938571231764,0.24943279429327497,0.25317034402704286,5.4078125,245.69921875,0.003393210718410134,37.4859375,27493.49375,0.017851688362479433,68.7328125,55099.515625,0.027738384102473014,2208.0,4359.0,13658.0,298.0,2793.0,6837.0,4.448828125,25.0796875,26.975,-0.13720082794404015,663.1236805555556
1.0,21.180729166666666,13964.591145833334,0.22171357131126956,0.009894933590525753,0.48438082201251226,0.005517251671442216,11.63046875,0.747682396045934,0.20719082446107123,0.24891565110756791,0.2526024789157647,5.4296875,218.75234375,0.003424078957701339,37.4234375,27816.26875,0.01797491281499978,67.9421875,55096.26875,0.02769837289734938,2191.0,4373.0,13542.0,311.0,2744.0,6715.0,4.4765625,25.01875,26.8578125,-0.1353419426518931,647.6787953016494
0.9994791666666667,21.106770833333332,14021.660677083333,0.2208700844930389,0.009817548654663997,0.47979366379806776,0.0054979866718763565,11.454166666666667,0.7372239358420728,0.20626946933040888,0.24834518031984976,0.25179744931674797,5.39140625,296.46875,0.0033646443897087015,37.39375,28452.646875,0.01789393701908949,67.68125,54491.4421875,0.027552777350059687,2202.0,4297.0,13636.0,313.0,2764.0,6612.0,4.43203125,24.64375,26.353125,-0.13815949533204522,644.5287041558161
0.9997395833333333,21.33125,13980.501041666666,0.22143923966452236,0.00971773482362854,0.4827204472564585,0.00555646001562907,11.491927083333334,0.7271950385779862,0.20670248781441494,0.24910513829009848,0.25272034843937596,5.4359375,257.63984375,0.0032797212514128413,37.7125,28041.2546875,0.01773587336978914,68.53125,54811.1921875,0.027451650566330747,2206.0,4312.0,13787.0,311.0,2761.0,6784.0,4.455078125,24.7453125,26.3859375,-0.13587048512289848,659.1600651041667
1.0,21.147395833333334,14038.575520833334,0.22085642648632894,0.009626207099075796,0.48170374256859366,0.005508568854736476,11.595833333333333,0.754279240450213,0.20616797417094374,0.24857018743596954,0.25189647479822924,5.421484375,278.60703125,0.0032213238274354746,37.43125,28014.7,0.01763859262089405,67.7671875,55102.325,0.02723335466381882,2191.0,4264.0,13695.0,324.0,2744.0,6664.0,4.45703125,24.9390625,26.8078125,-0.13379861247259275,645.9340036349827
0.9997395833333333,21.243229166666666,13979.477083333333,0.22140801231539864,0.009696510953242787,0.4843349954200092,0.005533531952765477,11.50078125,0.7383234854242774,0.20670117963730839,0.2491452994887317,0.25249805585442664,5.445703125,281.58046875,0.0033021317263798615,37.403125,27393.34375,0.017675321467378685,68.2734375,55357.196875,0.027295217346558598,2220.0,4336.0,13617.0,302.0,2799.0,6697.0,4.4828125,24.646875,26.4265625,-0.1361380946069385,654.5205270724825
1.0,21.316145833333334,13991.125520833333,0.22171032141090763,0.009563858653103129,0.48819326706686217,0.005552525614309282,11.6703125,0.7370928726757398,0.20694799390735502,0.2494526835346552,0.25301726930137053,5.441015625,305.578125,0.003258836962219231,37.6203125,27653.83125,0.01742538020981369,68.5125,55070.609375,0.02692242385992815,2212.0,4294.0,13754.0,289.0,2813.0,6744.0,4.4921875,25.0375,27.015625,-0.13814706020699594,660.1854684787327
0.9997395833333333,21.291666666666668,14016.659895833332,0.22105525900862666,0.009622065281814637,0.48544640347422036,0.005546149170791005,11.647395833333333,0.7644814090019569,0.20626505359986438,0.24877754122499768,0.25249379842730474,5.3953125,284.57578125,0.0032378112710518547,37.69375,28031.8875,0.01757691049077245,68.475,54929.76875,0.027204236115907943,2207.0,4345.0,13720.0,294.0,2826.0,6748.0,4.43828125,25.0921875,27.0390625,-0.13841650915063358,658.9430555555555
1.0,21.491145833333334,13950.934635416666,0.22216304448535312,0.009490533799383562,0.4911680786880775,0.005598110402014414,11.7,0.7605845430530984,0.20742204619254076,0.2496208323632246,0.2536692497787313,5.46015625,215.74375,0.003235465266035703,37.89375,27652.1,0.01719034557596575,69.2125,55190.5328125,0.026810996156192805,2199.0,4363.0,13786.0,306.0,2832.0,6866.0,4.508984375,25.0890625,27.075,-0.13847137553536532,673.8952341037327
1.0,21.380729166666665,13961.904166666667,0.22188690906992276,0.009498240309994977,0.4847268697689004,0.005569348571676652,11.5359375,0.7429295266863171,0.20716112457026012,0.2493521264208714,0.2533248297176246,5.48203125,233.75859375,0.003249186515136963,37.740625,27486.84375,0.01725281636396745,68.615625,55349.546875,0.026739879435454583,2181.0,4345.0,13720.0,291.0,2830.0,6762.0,4.523046875,24.6578125,26.465625,-0.13617127218992062,661.4092119683158
1.0,21.409375,13977.152864583333,0.22184780176210028,0.009652164451528424,0.48849045251759193,0.005576810367283146,11.647135416666666,0.7629786405877488,0.20705504218991194,0.24950852300080673,0.2533581188121472,5.479296875,263.6953125,0.003324672666964003,37.809375,27911.859375,0.01748869410935805,68.7296875,54896.2765625,0.02712560193195649,2215.0,4302.0,13764.0,314.0,2770.0,6825.0,4.534375,24.946875,26.7984375,-0.13625735670509942,666.7761621093752
1.0,21.319270833333334,13987.210416666667,0.22171200003147382,0.009642902078447797,0.4828140064176732,0.005553339628375445,11.501822916666667,0.7393056946717808,0.20700407829834971,0.24934788391465057,0.25290780308079347,5.463671875,239.721875,0.00332780594657552,37.7359375,28473.75,0.017533114926738327,68.325,54490.625,0.02701307375764639,2190.0,4358.0,13727.0,308.0,2767.0,6707.0,4.493359375,24.6890625,26.3484375,-0.13832808893233886,659.8037953016494
1.0,21.359895833333333,13955.91875,0.22205228198945026,0.00940578070562097,0.4834711484400404,0.005563921811235565,11.49140625,0.744727024456853,0.20729322357111216,0.24978434530714053,0.25335645234511256,5.49921875,245.68984375,0.003204215590563829,37.75625,27895.7125,0.017111881559514104,68.40625,54857.040625,0.026505940311956404,2176.0,4312.0,13769.0,283.0,2796.0,6761.0,4.5328125,24.5421875,26.275,-0.13508222855499483,662.841829155816
0.9994791666666667,21.347916666666666,13931.141145833333,0.22191748090973745,0.009321012870146214,0.4832973316734907,0.00556080142398194,11.472395833333334,0.7277983800136625,0.20712772456397568,0.2496450085498351,0.2533489786526869,5.475,251.578125,0.003164301615141284,37.6796875,27986.184375,0.01696265872453699,68.5078125,54594.35,0.02630621203577515,2163.0,4327.0,13757.0,314.0,2773.0,6763.0,4.5,24.5359375,26.2984375,-0.1370229025627037,664.5888498263889
1.0,21.356770833333332,13979.326041666667,0.22176988081879656,0.00929725744450496,0.4872895803672571,0.005563107797169402,11.4734375,0.7402755761492501,0.2069588583534295,0.24954214835425664,0.25324170314480454,5.446484375,254.66484375,0.003143275304112398,37.715625,27659.59375,0.016962741078250045,68.6390625,55197.703125,0.026247702372330112,2196.0,4241.0,13833.0,284.0,2821.0,6771.0,4.48359375,24.5734375,26.3328125,-0.13863757126538764,665.2461520724827
0.9994791666666667,21.355729166666666,13997.098958333334,0.2210615351162324,0.009438644710072554,0.48045672389470806,0.005562836459147348,11.5046875,0.7520425334731605,0.20620402195449858,0.24883583485974267,0.2527172880196573,5.409765625,254.5703125,0.0031331057190074592,37.775,28204.0609375,0.017258414831295782,68.7203125,54760.2515625,0.026841030553109713,2215.0,4338.0,13782.0,293.0,2821.0,6796.0,4.4609375,24.6984375,26.4859375,-0.1375156176035547,664.1776234266493
0.9997395833333333,21.397395833333334,13988.919270833334,0.22146508218385458,0.00946848985211469,0.48092072702376426,0.005573689980029522,11.6859375,0.7532312635396636,0.2066316847521205,0.24926399669859772,0.2529997573960479,5.439453125,269.62421875,0.003170131040441207,37.80625,28536.90625,0.017267117023827237,68.8203125,54318.1125,0.026863297927096075,2203.0,4326.0,13851.0,307.0,2818.0,6777.0,4.48203125,25.0765625,27.1109375,-0.1371771371386018,664.3983265516492
0.9997395833333333,21.28125,13989.3953125,0.22141038208342562,0.009352801572223854,0.47693723828089196,0.005543435790570461,11.571354166666667,0.7566568771414587,0.2065977638844747,0.2490320352027288,0.253039201759926,5.387890625,278.6109375,0.0031010204213888773,37.44375,27617.0375,0.017064007389874597,68.6921875,55204.890625,0.02664872035791303,2218.0,4287.0,13732.0,299.0,2844.0,6801.0,4.43203125,24.8515625,26.8484375,-0.13536583109159303,664.8360026041667
0.9997395833333333,21.327083333333334,14022.783854166666,0.22097193206820348,0.009622747394793211,0.4791416736130498,0.0055553746635408525,11.644270833333334,0.7455309172609162,0.20615619497726984,0.248695322147438,0.25251149035270354,5.396875,299.54921875,0.00321529980498948,37.7515625,28143.109375,0.017606733374793203,68.6234375,54795.396875,0.027268551774008137,2237.0,4320.0,13789.0,294.0,2810.0,6789.0,4.4421875,25.0828125,27.0140625,-0.1371306437592551,663.3013498263888
0.9994791666666667,21.327604166666667,13994.734375,0.22126550493418323,0.009302702116611022,0.48461342695110204,0.00555551033255188,11.5,0.7034115607218735,0.2064136075992562,0.24897393661221195,0.25296466259586275,5.4359375,242.609375,0.0031319168308137787,37.5546875,27576.759375,0.01690177185143198,68.6671875,55421.209375,0.026386773524979045,2169.0,4378.0,13666.0,300.0,2796.0,6831.0,4.4875,24.61875,26.43125,-0.1361317440774171,662.4499671766492
0.9994791666666667,21.2828125,14018.409895833332,0.22071196373411237,0.009578436589286045,0.47727468670242695,0.0055438427976035425,11.58046875,0.727748819225216,0.2058147193762105,0.2485118463596999,0.25250105854013233,5.38203125,257.54765625,0.0031733268382287795,37.5453125,27843.7875,0.017520697814746286,68.6234375,55236.48125,0.02725661436805487,2215.0,4367.0,13684.0,301.0,2806.0,6828.0,4.4,24.9578125,26.925,-0.134920783849923,662.9877254231772
1.0,21.309375,14076.8609375,0.2206466172559724,0.009375520149685134,0.4839143880228679,0.005550761917165929,11.595833333333333,0.7329031627315833,0.20571549291206895,0.24850911379378723,0.25250861809377145,5.432421875,317.64921875,0.0030915952293796315,37.6171875,28175.0375,0.017192584596778228,68.509375,55015.53125,0.026694155383814044,2196.0,4297.0,13805.0,314.0,2783.0,6739.0,4.46875,24.8484375,26.8515625,-0.1372717333357475,662.8579329427082
0.9994791666666667,21.397395833333334,13982.5765625,0.22132050479385085,0.00937120560614956,0.4810504355913645,0.005573689980029522,11.626041666666667,0.7403305503492928,0.20631272901988393,0.24940012510817694,0.2532719875753924,5.408203125,230.60859375,0.003081720431622918,37.8875,27798.465625,0.01718533694959825,68.8640625,55174.559375,0.026715014960807425,2206.0,4320.0,13876.0,316.0,2804.0,6795.0,4.4640625,24.990625,26.909375,-0.1392625980709453,672.4905140516491
1.0,21.4484375,13963.92109375,0.22202695762347802,0.009314413222006372,0.48868329455700965,0.005586985543110185,11.632291666666667,0.760277798013647,0.20709573294780093,0.24986713884675166,0.2539116751029129,5.421875,260.71171875,0.0030887051789226104,37.86875,27451.59375,0.017001632997976877,69.134375,55289.0859375,0.026530025618370916,2202.0,4297.0,13888.0,291.0,2813.0,6880.0,4.46171875,24.9546875,26.9921875,-0.14023181040752347,677.7452579752605
0.99921875,21.4359375,13984.534375,0.22107595065973623,0.009532581676216028,0.4849587065810096,0.005583729486845533,11.663541666666667,0.7531647107417936,0.20609735901425963,0.24901770042548793,0.2530485674758909,5.444921875,284.4484375,0.0031844328482574778,37.8390625,27375.5625,0.017398455949127218,68.996875,55393.85,0.02705930271513903,2197.0,4311.0,13868.0,312.0,2788.0,6861.0,4.481640625,25.0078125,27.046875,-0.13695651899493866,672.1979793294271
0.9997395833333333,21.423958333333335,13980.138020833334,0.22140449978352103,0.00932495274213079,0.48394919532005404,0.005580609099591908,11.673177083333334,0.74298633733651,0.20642028867472675,0.24956341189120462,0.2531824321110146,5.43046875,260.6203125,0.003089640170093443,37.9546875,28013.825,0.01713896176311776,68.8671875,54824.521875,0.026452194009293207,2194.0,4369.0,13859.0,301.0,2773.0,6831.0,4.499609375,25.053125,26.9875,-0.1398375027896455,672.5655718315971
1.0,21.368229166666666,14026.0953125,0.22124966492337528,0.009333727040659287,0.48380200813838675,0.0055660925154119995,11.594270833333333,0.7447534550418018,0.20635973566401072,0.24906545936204885,0.2529935875221599,5.435546875,284.6609375,0.003099978295357659,37.775,27367.684375,0.017044423036907133,68.6921875,55650.24375,0.026558026025617947,2175.0,4375.0,13752.0,315.0,2773.0,6821.0,4.480859375,24.8546875,26.7875,-0.13688037107826803,667.2800322808159
0.9997395833333333,21.315104166666668,14028.6453125,0.22105517063376787,0.009486824147486335,0.48566103751100065,0.005552254276287228,11.63828125,0.7467562614538791,0.2062195758568864,0.24875845753428502,0.25269426284077656,5.455859375,263.63046875,0.003201091618766784,37.653125,28185.196875,0.017261181214876582,68.4140625,54932.153125,0.026855397194974297,2211.0,4259.0,13752.0,317.0,2809.0,6711.0,4.50234375,24.915625,26.9046875,-0.13860515270336646,658.2928968641493
1.0,21.34375,14009.488541666668,0.22136746715272876,0.009258228295980003,0.4791124474073271,0.005559716071893722,11.571614583333334,0.7257442654953636,0.20641607809257004,0.24934201756093524,0.25319847298515696,5.390234375,257.71796875,0.003031172253393162,37.79375,27666.8875,0.017007454126072036,68.7078125,55359.171875,0.026417226636235337,2208.0,4276.0,13857.0,330.0,2774.0,6808.0,4.445703125,24.8328125,26.8140625,-0.1394894242946484,669.0344401041667
1.0,21.404166666666665,14008.791145833333,0.2214300376908,0.009378417720034551,0.4856389334255251,0.005575453677172875,11.679166666666667,0.7353270391278957,0.20648378720595026,0.2494413474848117,0.253203729836187,5.4296875,260.69453125,0.003112737744701719,37.94375,27940.759375,0.017170845766140638,68.7625,55069.209375,0.026648709575259777,2193.0,4390.0,13796.0,309.0,2800.0,6783.0,4.45625,25.153125,27.096875,-0.13992346780097528,668.2918576388889
1.0,21.428125,13969.023958333333,0.22187842069610664,0.009163443881916877,0.4860140390068039,0.005581694451680125,11.484895833333333,0.7591755383792718,0.20695590379142326,0.24971965336224072,0.2537272556487059,5.4921875,167.8296875,0.003022448182966541,37.7703125,28676.821875,0.016740878874428627,68.8296875,54466.003125,0.026149991685206465,2204.0,4349.0,13749.0,317.0,2795.0,6826.0,4.5109375,24.565625,26.3,-0.13469700691510644,666.8021256510417
1.0,21.36875,14021.784375,0.22122418130896318,0.009026157385536474,0.4830960606108728,0.005566228184423027,11.448958333333334,0.7530954470117969,0.20623055148265612,0.2492119704895175,0.253210911433637,5.4125,245.74296875,0.0029210501534591817,37.803125,27923.96875,0.016600211069045315,68.759375,55223.765625,0.025872532630336807,2227.0,4318.0,13817.0,318.0,2810.0,6795.0,4.4484375,24.60625,26.29375,-0.13738220494654685,667.9942317708333
1.0,21.30625,14014.678645833334,0.22129800056072474,0.00905654485800097,0.4830083621204393,0.0055499479030997655,11.445833333333333,0.7510022489488608,0.20640353994145996,0.2491735682362036,0.25300027536230474,5.4234375,221.75703125,0.002958226860989265,37.6828125,27834.7,0.016655563092559476,68.4609375,55366.34375,0.02585079861148929,2200.0,4337.0,13718.0,309.0,2790.0,6759.0,4.469921875,24.5421875,26.253125,-0.13908445876672818,662.0400651041667
1.0,21.3859375,14015.180729166666,0.22141946669310705,0.009026031526143773,0.48533623197150205,0.005570705261786923,11.599739583333333,0.7390467840529943,0.20645548579263684,0.24940384867714363,0.25329100831095136,5.430078125,287.67578125,0.002952450239903959,37.9609375,27837.6,0.016552224081595533,68.634375,55102.78125,0.025794164115651264,2160.0,4310.0,13860.0,301.0,2805.0,6775.0,4.513671875,24.8234375,26.7203125,-0.1400795179793921,669.9369897460939
1.0,21.303645833333334,14015.5109375,0.22133438561253183,0.008917903344670354,0.47778376699495884,0.0055492695580446295,11.511197916666667,0.7440774515316725,0.20641917308710042,0.24932633946538654,0.25300328186140264,5.465234375,224.74609375,0.0029098850217281953,37.7765625,28219.3625,0.01644546411722985,68.184375,54974.71875,0.02542241586387949,2135.0,4349.0,13717.0,296.0,2771.0,6763.0,4.503515625,24.5765625,26.4765625,-0.13509014123504506,662.0635283745659
1.0,21.363020833333334,13997.350520833334,0.22162569417259334,0.00894259121363867,0.4840534749529357,0.0055647358253017275,11.424739583333333,0.7466416363946656,0.20673850284779824,0.24955046859152655,0.25324968505284046,5.46484375,227.73515625,0.0029200499012875655,37.878125,28233.928125,0.016488182522050327,68.440625,54839.234375,0.025487165154631432,2178.0,4271.0,13888.0,293.0,2782.0,6728.0,4.494921875,24.41875,26.15,-0.13927078752259445,664.988528374566
0.9997395833333333,21.4203125,13993.1296875,0.22158348646137582,0.009074013879208415,0.49067465839126867,0.0055796594165147175,11.6265625,0.7394655579059984,0.2066711004552622,0.2494551810615035,0.25336133588570264,5.456640625,260.6265625,0.002988900151286182,37.80625,28019.284375,0.016614179661515887,68.8890625,54896.9875,0.025874303008589873,2200.0,4275.0,13821.0,304.0,2751.0,6897.0,4.48515625,24.8953125,26.9234375,-0.13779272070088,670.7582332356773
0.9997395833333333,21.394270833333334,13994.660416666668,0.2213967969988901,0.009415223441036935,0.4835712130648316,0.0055728759659633585,11.47578125,0.7385885045159092,0.20648486309726835,0.24910624877136325,0.2533350808329041,5.440234375,269.609375,0.0031234349558949687,37.690625,27916.015625,0.01720538374027893,68.9140625,54973.509375,0.0267922170823628,2185.0,4329.0,13749.0,308.0,2770.0,6905.0,4.480859375,24.5671875,26.3640625,-0.13606832263359117,668.7336130099827
0.9997395833333333,21.4734375,13977.7765625,0.22158860700085375,0.009310570106868553,0.48567968508012116,0.005593497655639489,11.646354166666667,0.7485992869096995,0.20656723813235445,0.24976731951127826,0.25349536996442634,5.443359375,239.65078125,0.0030391822640924914,37.9765625,28086.8484375,0.01716242865060968,69.090625,54821.2078125,0.026544262934231667,2235.0,4313.0,13918.0,278.0,2839.0,6838.0,4.4796875,25.03125,26.928125,-0.13721779470157533,674.4737736002604
0.9997395833333333,21.463020833333335,14005.938020833333,0.22132357667046554,0.009198246876410958,0.48213302969648714,0.005590784275418946,11.58125,0.7484772743818098,0.20623861617641776,0.24961247276957862,0.2533745225475436,5.401953125,242.6640625,0.002973013456867,37.99375,28433.321875,0.016945264776234353,69.1765625,54631.65,0.0263521626547634,2181.0,4358.0,13964.0,282.0,2832.0,6856.0,4.45703125,24.89375,26.765625,-0.1398989946443298,677.4871742078993
1.0,21.4671875,14052.254166666668,0.22102640734396092,0.009339718760088964,0.4823589250079169,0.005591869627507164,11.609375,0.7552223597059465,0.2059837970530359,0.2490808411138618,0.2531424147377601,5.424609375,299.6078125,0.003056167722885194,37.9375,28019.946875,0.01715629284674377,69.1671875,55095.146875,0.02665734882224923,2198.0,4269.0,13965.0,282.0,2842.0,6876.0,4.46171875,24.921875,26.8875,-0.1372773833524429,676.611944173177
1.0,21.480208333333334,14009.328645833333,0.22136897783077195,0.009388873605072127,0.4839053478230396,0.005595261352782843,11.645833333333334,0.7580379225061831,0.20633663147934964,0.2494232144934812,0.25344412657375204,5.443359375,218.75078125,0.0030819885815306022,37.9265625,28114.971875,0.01720296819230861,69.18125,55065.996875,0.02680231911200174,2205.0,4367.0,13849.0,288.0,2769.0,6949.0,4.482421875,24.9640625,26.98125,-0.1365240302474643,674.6818999565971
0.9997395833333333,21.450520833333332,13995.753645833332,0.2212808509201996,0.009460683277153126,0.48265399098603723,0.005587528219154293,11.675520833333334,0.741532111205536,0.20620738191617108,0.24953803428443364,0.2533175435720797,5.40546875,242.6859375,0.0030984961586242726,37.9296875,27813.540625,0.0173881335565921,69.1515625,55190.2375,0.026981981471829557,2206.0,4329.0,13914.0,314.0,2800.0,6879.0,4.458984375,25.1109375,27.10625,-0.13857739071377487,674.5183851453993
0.9994791666666667,21.436979166666667,13963.116666666667,0.2214710554404051,0.009215582233069638,0.48509513814750077,0.005584000824867587,11.6015625,0.752617896450351,0.20643265774492545,0.24960260184294328,0.2534930998197854,5.448046875,203.66640625,0.0030126224759994893,37.9296875,28042.728125,0.016916000180530417,68.9,54921.30625,0.02632700331388945,2177.0,4322.0,13849.0,304.0,2742.0,6916.0,4.485546875,24.84375,26.8234375,-0.13711863831203733,672.5434242078993
0.9997395833333333,21.390625,14015.0078125,0.2212262118851842,0.009238984358705985,0.4821029414345991,0.005571926282886168,11.472916666666666,0.7449233016800585,0.20630754172845914,0.2491402397025304,0.2529868646947383,5.451171875,242.6703125,0.003022608678836697,37.7296875,27423.934375,0.01694224892559418,68.809375,55695.43125,0.026401222511294953,2163.0,4296.0,13852.0,305.0,2797.0,6836.0,4.484375,24.55625,26.34375,-0.1358263103703213,669.6041829427083
1.0,21.406770833333333,14038.41875,0.2209698949677733,0.009279083314063555,0.4842443612431761,0.00557613202222801,11.621354166666666,0.7525364346366269,0.2060287841583039,0.24876090513788518,0.25294332803553893,5.4296875,254.70703125,0.003052089836661765,37.6328125,27838.909375,0.016923352760817956,69.0890625,55372.775,0.026542787776916314,2188.0,4322.0,13824.0,297.0,2780.0,6918.0,4.4625,24.9125,26.965625,-0.136418749331008,671.9069333224827
0.9997395833333333,21.453125,13956.115625,0.22184983300829886,0.009247185275299392,0.48479498035690155,0.005588206564209429,11.609635416666666,0.741029376062151,0.2068754127483218,0.24966286651932962,0.25393448053717627,5.48046875,218.70625,0.0030573797886603465,37.7453125,27398.965625,0.01681322896689436,69.0515625,55462.903125,0.026440363530260608,2225.0,4266.0,13844.0,293.0,2807.0,6878.0,4.494140625,24.8390625,26.8421875,-0.1347713277185355,673.4847819010416
0.9997395833333333,21.4546875,14003.376041666666,0.22129613589253502,0.009383562169429356,0.48900350487663585,0.005588613571242511,11.623958333333333,0.7398344378899328,0.2063134716911006,0.24918253979366836,0.2533403887971395,5.44140625,254.653125,0.0031310039306360754,37.784375,27905.0375,0.01701479292473728,69.178125,55096.60625,0.02676256436929455,2145.0,4382.0,13788.0,305.0,2824.0,6886.0,4.488671875,24.90625,26.8828125,-0.13850115412116035,673.1630509440104
1.0,21.503125,13977.60625,0.22171805419040086,0.00921080251476782,0.48795037931701846,0.0056012307892680385,11.6265625,0.7414862180884562,0.20673102367589474,0.24974490394033927,0.2536393264984869,5.493359375,230.7453125,0.003037207184232384,37.8484375,27607.5375,0.016815090005787008,69.196875,55335.11875,0.02630089634589037,2177.0,4412.0,13742.0,292.0,2826.0,6880.0,4.53203125,24.834375,26.796875,-0.13668293707824528,675.0984277343752
0.9997395833333333,21.50625,13961.640104166667,0.22191169154374218,0.00926559437066879,0.4893225665354476,0.005602044803334202,11.611458333333333,0.7453017533662695,0.20697249923071653,0.249697180881744,0.2538829714578429,5.50078125,230.6890625,0.0031069929992097256,37.7640625,27657.4125,0.016795797404244382,69.2703125,55189.671875,0.026369796822929448,2167.0,4365.0,13796.0,300.0,2812.0,6887.0,4.53046875,24.7453125,26.8015625,-0.13630955744330786,678.7822526041666
0.9994791666666667,21.416666666666668,13972.940104166666,0.2215103444570192,0.009112965930077445,0.4879156883980035,0.005578709733437527,11.539322916666666,0.7565661478599222,0.20655729087535274,0.2494342433042263,0.25339865993647803,5.44765625,245.61484375,0.0030081889050179635,37.734375,27909.584375,0.016633625533417268,68.975,54945.596875,0.02601141442697555,2204.0,4359.0,13736.0,294.0,2844.0,6804.0,4.48125,24.684375,26.6265625,-0.13905234583322865,675.2852430555555
1.0,21.4765625,13965.243229166666,0.22185457296365083,0.008878231458153139,0.4865441133889057,0.005594311669705652,11.586979166666667,0.7525888201770341,0.2069118361271475,0.24982489444176262,0.25365519883155246,5.477734375,236.71015625,0.0028940582920077475,37.890625,27832.0,0.01624600638905313,69.0578125,55012.61875,0.025447149191834707,2175.0,4372.0,13818.0,302.0,2812.0,6842.0,4.51171875,24.771875,26.703125,-0.1368596104504101,676.8796590169271
1.0,21.432291666666668,14027.457291666668,0.22144792600816654,0.009107105057165867,0.4857318946105447,0.005582779803768342,11.60078125,0.7467071688942892,0.20649170731423191,0.24935527551878237,0.2533654512732892,5.453515625,281.65234375,0.003014439476027899,37.7734375,27654.859375,0.016585916879070833,69.00625,55383.275,0.025998955559812763,2186.0,4313.0,13846.0,299.0,2782.0,6848.0,4.512890625,24.79375,26.759375,-0.14005141791638928,675.0443739149305
0.9994791666666667,21.315104166666668,14020.252604166666,0.2209986461149526,0.009277074510941648,0.48273882703739435,0.005552254276287228,11.569791666666667,0.7326328649969457,0.20608242515731207,0.24879300075822344,0.2528691753022441,5.44375,302.459375,0.0030796272200957686,37.609375,28123.23125,0.016937924384377023,68.50625,54788.446875,0.026406013800889794,2194.0,4271.0,13772.0,293.0,2792.0,6789.0,4.47578125,24.7546875,26.7609375,-0.1364201884581427,666.3819593641492
1.0,21.36875,14024.438020833333,0.22136559367570943,0.009140840481239318,0.48803029074856946,0.005566228184423027,11.4515625,0.7292093204640733,0.2065207433144486,0.24899387944477963,0.2531167093516824,5.478515625,281.67421875,0.0030131833437290973,37.6796875,27692.821875,0.016744974307071957,68.61875,55327.109375,0.026047335205447573,2182.0,4280.0,13790.0,305.0,2795.0,6771.0,4.511328125,24.39375,26.2703125,-0.13527758347315988,665.5744401041667
0.9997395833333333,21.253645833333334,13991.323958333332,0.22123527199352225,0.009175178422658591,0.4857361534676127,0.00553624533298602,11.3890625,0.7236993653049721,0.20636306581587222,0.2489288178956181,0.2530305508020264,5.414453125,221.6921875,0.0030134838995690997,37.4171875,27450.384375,0.016820859495025015,68.446875,55610.790625,0.026176275442650127,2182.0,4354.0,13670.0,298.0,2799.0,6773.0,4.449609375,24.36875,26.1671875,-0.13590264267306068,664.5408721245659
0.9997395833333333,21.398958333333333,13948.522916666667,0.22186320085097247,0.009312673953897576,0.4841640455107504,0.005574096987062603,11.602083333333333,0.752543445455873,0.20694918405580962,0.24985549545963126,0.2535269734229648,5.43359375,245.6453125,0.003066724666047866,37.8234375,27300.0875,0.017105496581427897,68.8359375,55408.46875,0.026503648477766102,2198.0,4354.0,13771.0,295.0,2834.0,6791.0,4.49296875,24.871875,26.76875,-0.13913795391777892,670.7434364149306
1.0,21.4375,13917.189583333333,0.22255183086531166,0.009266133614986785,0.49264115475334896,0.005584136493878614,11.630989583333333,0.7465743440233236,0.2077410679011482,0.2502588981403894,0.2540878154468874,5.471875,134.87109375,0.003076869134316815,37.7546875,27749.9171875,0.016912329304417623,68.9828125,55213.7359375,0.02637699584823582,2162.0,4352.0,13787.0,303.0,2783.0,6841.0,4.523046875,24.840625,26.853125,-0.139112524410849,674.4309895833334
0.9997395833333333,21.403125,13957.245833333332,0.22180113225579765,0.009336925600891936,0.48335855593105653,0.005575182339150821,11.57421875,0.7517642478220665,0.20684187205134683,0.24981788122539497,0.2536214241040037,5.419140625,203.703125,0.0030609716917179997,37.8609375,27830.11875,0.01715030953902035,68.88125,55098.54375,0.026627357299459264,2188.0,4326.0,13869.0,299.0,2779.0,6839.0,4.47421875,24.790625,26.7578125,-0.13811309894370186,674.7291569010417
0.9997395833333333,21.457291666666666,13998.033854166666,0.2215125865093609,0.009409325041969967,0.489020920266429,0.005589291916297647,11.576302083333333,0.7522938006699355,0.20654967560273976,0.24953219276559366,0.2533446238796128,5.453125,236.675,0.0031299956720117457,37.9,27317.353125,0.017195987668221113,69.03125,55724.15,0.026739979895551713,2167.0,4350.0,13879.0,302.0,2766.0,6859.0,4.491796875,24.803125,26.6875,-0.13956255201291298,674.348175998264
1.0,21.4046875,13968.5609375,0.22188626644516585,0.009294485446135588,0.4835146579388108,0.0055755893461839024,11.578125,0.7526583448913546,0.20700369356550738,0.2497222802305039,0.2535805441784614,5.51328125,230.75546875,0.003118724336770622,37.6265625,27275.01875,0.01693334672588597,68.7484375,55613.325,0.02635866860384507,2187.0,4293.0,13725.0,295.0,2739.0,6883.0,4.53671875,24.65,26.671875,-0.13383741793435172,671.7065405273438
1.0,21.330729166666668,13980.878645833332,0.2217723840595375,0.009389716386805694,0.4899058416949767,0.005556324346618043,11.490885416666666,0.7506043218166281,0.20691810796881924,0.24958515648359597,0.253376715998352,5.422265625,212.7703125,0.0031697650007896636,37.725,28108.0125,0.01707737017943974,68.5703125,54926.178125,0.02658186813823577,2175.0,4297.0,13793.0,309.0,2777.0,6757.0,4.492578125,24.559375,26.415625,-0.1406830146404275,668.4885348849826
0.9994791666666667,21.4921875,13937.0328125,0.2218814644833699,0.00932409293891053,0.49327018930921174,0.005598381740036468,11.594270833333333,0.7328728947049558,0.2068890530732089,0.24982433761944903,0.25390823698793485,5.45625,254.55234375,0.003118031006088593,37.915625,27711.253125,0.016976068541209005,69.2125,54892.734375,0.0264963650678998,2181.0,4350.0,13849.0,296.0,2770.0,6907.0,4.511328125,24.7953125,26.725,-0.14056502257994993,679.3994181315104
0.9997395833333333,21.4015625,13975.585416666667,0.22162033886556767,0.009346502380067533,0.48996281728360924,0.005574775332117739,11.56796875,0.7540580662432163,0.20665314631653459,0.24955727161338226,0.2535521763138853,5.430078125,239.64609375,0.0031088835611227357,37.771875,27279.453125,0.01704860462595813,68.9171875,55615.475,0.026594875409956108,2171.0,4375.0,13726.0,296.0,2760.0,6889.0,4.4890625,24.76875,26.6828125,-0.14031977461948306,672.1043725585938
0.9994791666666667,21.408333333333335,13956.9453125,0.2215881995670959,0.009045811800558308,0.48342129086186975,0.005576539029261092,11.530729166666667,0.7510217983651226,0.2065094292201411,0.2497838051985327,0.2537076753234783,5.44609375,251.5921875,0.00296344293658082,37.8265625,27465.628125,0.016541043925545985,68.8390625,55269.675,0.025880055131480582,2212.0,4332.0,13779.0,309.0,2818.0,6803.0,4.50234375,24.63125,26.54375,-0.1391096562183857,672.1129513888889
0.9997395833333333,21.3578125,14034.3875,0.2208748713882436,0.00912980894608781,0.48266990546396193,0.005563379135191456,11.51875,0.7508718023752042,0.20578132589536402,0.24905555677757923,0.25306836797042653,5.444140625,275.6125,0.0029818575783954887,37.625,27459.75,0.016728459893445125,68.7453125,55644.125,0.026122963469499782,2218.0,4337.0,13721.0,320.0,2772.0,6843.0,4.4765625,24.665625,26.540625,-0.13421619321508044,667.8813452148438
1.0,21.25,14095.643229166666,0.22042139807017047,0.009151181838889903,0.4802142169801191,0.005535295649908831,11.373697916666666,0.7521568627450981,0.20541002001285694,0.24852020051676268,0.2523681078528325,5.389453125,308.57265625,0.0029774735206680885,37.6109375,28004.3046875,0.01681582937248694,68.33125,55335.2640625,0.026181367578180133,2196.0,4312.0,13731.0,315.0,2810.0,6727.0,4.423046875,24.40625,26.14375,-0.1369776450924366,661.759375
0.9994791666666667,21.194791666666667,14022.978125,0.22097483797756373,0.009199301502908704,0.48304708635996796,0.0055209147347399495,11.36484375,0.7551481790927409,0.2060478081786128,0.24896222951487768,0.2526955656360536,5.448828125,236.6125,0.0030499678431674874,37.4515625,28182.084375,0.016832860810899106,67.921875,55009.334375,0.026163076833883157,2200.0,4269.0,13624.0,302.0,2776.0,6673.0,4.5125,24.190625,25.9484375,-0.1373406259884097,655.538097873264
1.0,21.171875,14011.893229166666,0.2214417967299541,0.009202987618681715,0.4858899709613048,0.005514945298254754,11.451302083333333,0.7398277982779827,0.20653591770753538,0.24944871575501248,0.2530583937945707,5.41640625,221.74921875,0.0030622381443309705,37.440625,28101.00625,0.016839259960190645,67.925,55083.35625,0.026129713174575762,2139.0,4299.0,13647.0,294.0,2775.0,6721.0,4.471484375,24.4640625,26.3578125,-0.13610149587565326,655.531396484375
0.9994791666666667,21.271354166666665,14037.1171875,0.22071230243091194,0.009179961848203928,0.47757391308387376,0.005540858079360945,11.5015625,0.7419994613256287,0.2057542567785549,0.24890241174260708,0.2523543757286448,5.43046875,299.50390625,0.003047073604443537,37.6546875,27822.0859375,0.01682624757392241,68.2515625,55202.6015625,0.02606522909752701,2182.0,4343.0,13711.0,314.0,2790.0,6698.0,4.497265625,24.58125,26.4390625,-0.13760107385845147,663.5180335828992
0.9997395833333333,21.236979166666668,13985.658333333333,0.2213471519280952,0.009322676593446036,0.48748883542658594,0.005531903924633151,11.397916666666667,0.7421704475781729,0.20649119778686278,0.24921635382723845,0.2529017665938817,5.4171875,221.69140625,0.0031023324412443997,37.56875,27552.159375,0.017092903200737343,68.184375,55475.025,0.026433826594961275,2189.0,4296.0,13707.0,312.0,2784.0,6708.0,4.480078125,24.3859375,26.08125,-0.1387526223559943,660.9563408745659
0.9997395833333333,21.141145833333333,14080.445833333333,0.22033206964418733,0.009057265816985438,0.47618279319892487,0.005506940826604151,11.326822916666666,0.7417161439728018,0.20539613867892462,0.24842786002639325,0.25198000312303215,5.380078125,332.4875,0.0029545619769902136,37.4453125,28293.890625,0.016730856641367645,67.88125,54858.834375,0.02579449035258412,2204.0,4298.0,13672.0,308.0,2781.0,6684.0,4.399609375,24.3328125,26.0296875,-0.1346175534426587,659.5253903537326
0.9997395833333333,21.182291666666668,14021.517708333333,0.2209237961297659,0.00926831214519308,0.47601554945020186,0.005517658678475298,11.40546875,0.7346447012539956,0.20605756113393164,0.24867679914123242,0.25263573310163634,5.39375,284.5640625,0.003046297925417983,37.48125,27707.190625,0.016981827717975444,68.0375,55283.659375,0.026442853451511105,2211.0,4341.0,13604.0,304.0,2801.0,6736.0,4.466015625,24.434375,26.134375,-0.132579746999311,657.5016655815972
1.0,21.25,14019.623958333334,0.22120714945416628,0.009139140399842285,0.4818437600190053,0.005535295649908831,11.408854166666666,0.7372549019607844,0.20632671204585548,0.24900966329679014,0.2529263852447857,5.428125,308.62109375,0.0029937590282571036,37.371875,26796.19375,0.01675301345131533,68.415625,56087.065625,0.026106792834709968,2193.0,4311.0,13667.0,316.0,2788.0,6793.0,4.461328125,24.4078125,26.2,-0.1317187288839238,663.4677083333333
0.9997395833333333,21.380208333333332,13976.8546875,0.22159564899749504,0.009114694456994983,0.4864492291298712,0.005569212902665625,11.499739583333334,0.7414372716199756,0.20671497304780492,0.24934329592756543,0.25337070586618515,5.475390625,242.61328125,0.003015822929986021,37.76875,27829.615625,0.016631052541905,68.6109375,55061.059375,0.02599382248012082,2169.0,4331.0,13820.0,309.0,2785.0,6800.0,4.48671875,24.5953125,26.45625,-0.1328920966396958,668.3184624565972
0.9994791666666667,21.25625,13991.60859375,0.22111048887304427,0.009297622956479805,0.48201815085227384,0.005536923678041156,11.44296875,0.7328971871018328,0.20625495704012248,0.24888601268310726,0.2527570923946686,5.403515625,245.60703125,0.003090980120752291,37.5546875,28146.7328125,0.016950194580777227,68.36875,54820.490625,0.026471622675092437,2209.0,4328.0,13713.0,307.0,2795.0,6754.0,4.45390625,24.5453125,26.296875,-0.1346534321024958,662.6218359375
1.0,21.254166666666666,14038.075520833334,0.2210353751128941,0.009312135971500364,0.480481899828619,0.0055363810019970474,11.42421875,0.7410066653597334,0.20618802369619932,0.2487959954788468,0.2526641604137204,5.416796875,284.6546875,0.003086625103405822,37.5265625,27895.575,0.017053110211465244,68.33125,55194.259375,0.026473205203913646,2224.0,4243.0,13790.0,291.0,2807.0,6734.0,4.44453125,24.509375,26.2578125,-0.13585548026145416,660.692170138889
0.9997395833333333,21.215625,14023.428645833334,0.22109828442713914,0.009170614595483361,0.47882173079247886,0.0055263414951810365,11.383072916666666,0.7505278146020523,0.20624055236989572,0.24902238065222396,0.25260511643102823,5.384375,284.57109375,0.0030191044829564763,37.6,28654.525,0.016872481116593094,68.15625,54347.7625,0.026074788524481175,2226.0,4251.0,13794.0,286.0,2830.0,6702.0,4.408203125,24.5140625,26.1515625,-0.13464349167730058,659.870693359375
0.9997395833333333,21.178125,13993.9265625,0.22142418276072648,0.00926254967687911,0.4809099220107881,0.00551657332638708,11.381510416666666,0.7546111848900694,0.20671771512836443,0.24893619139432416,0.25273804465657695,5.44375,281.5640625,0.003137138758746569,37.3765625,27725.85,0.016840421968875623,67.9171875,55111.453125,0.026186321057412754,2202.0,4237.0,13642.0,287.0,2795.0,6712.0,4.469921875,24.328125,26.08125,-0.13288510114321359,654.7224381510417
1.0,21.117708333333333,14008.0671875,0.2212568431790468,0.009268779792055362,0.47632128563246495,0.005500835721107928,11.420052083333333,0.7505795886153998,0.2065520109469293,0.24883410776645415,0.2524989075201095,5.446875,281.565625,0.003121005509701719,37.303125,28119.15625,0.016920400669183756,67.615625,54802.984375,0.026208256044341537,2212.0,4245.0,13607.0,305.0,2792.0,6648.0,4.4453125,24.503125,26.2359375,-0.12968435090233582,647.309582248264
0.9997395833333333,21.15625,13980.644791666668,0.22150029240876454,0.009223136947607728,0.4790987524707431,0.0055108752279239386,11.41328125,0.741999015263417,0.20688590327660217,0.24884141908151128,0.25261672226466725,5.425390625,260.5890625,0.0030708425156589234,37.3125,28294.434375,0.01687553010114286,67.9234375,54547.078125,0.026179921521867804,2239.0,4207.0,13636.0,305.0,2785.0,6736.0,4.448046875,24.453125,26.234375,-0.12968861995242337,652.9063151041667
1.0,21.034375,13958.94375,0.22190660379930602,0.009387925758837953,0.4834254734446667,0.005479128679343579,11.370572916666667,0.7327539246273461,0.20744202816966778,0.2488500339905249,0.25282147612664,5.430859375,242.7046875,0.0032013697956604914,36.9859375,27498.00625,0.01705276070170459,67.496875,55284.8375,0.026469314668681153,2193.0,4189.0,13486.0,294.0,2757.0,6721.0,4.4609375,24.2421875,26.1375,-0.12997745312525827,645.7436100260418
1.0,21.088541666666668,13954.208333333334,0.2220284122939241,0.009310289330750192,0.478606571930005,0.005493238256490405,11.410677083333333,0.7369967893306989,0.20751655312708106,0.24907171286083632,0.2530325483943841,5.480859375,215.74765625,0.003183035725794913,37.15,27529.946875,0.016915541132714908,67.4578125,55332.3125,0.026214051948606598,2167.0,4222.0,13507.0,305.0,2740.0,6674.0,4.521875,24.2546875,26.121875,-0.13228657479332262,643.6249728732639
0.9997395833333333,21.121354166666666,13933.099479166667,0.2220373069391414,0.009385869714464675,0.4788267591811471,0.005501785404185118,11.4375,0.7431016201020886,0.20747235690587,0.24915987553072477,0.25317453848064364,5.469921875,230.6796875,0.0032181816214474613,37.2390625,27492.878125,0.017041152202281355,67.609375,55183.0,0.026401339598716843,2198.0,4229.0,13580.0,303.0,2752.0,6679.0,4.499609375,24.40625,26.2203125,-0.1300288713837798,647.0889189995661
0.9997395833333333,21.0171875,13958.5265625,0.2217609785289668,0.00934454208090542,0.47879197146910973,0.005474651601979682,11.371875,0.7384828885089089,0.20725942864987804,0.24879439179470797,0.2527337647795808,5.425390625,260.6078125,0.0031886416457197987,36.9578125,27425.634375,0.01695282944757015,67.44375,55283.09375,0.02635985645498317,2191.0,4214.0,13523.0,306.0,2762.0,6657.0,4.433203125,24.334375,26.1640625,-0.131345267345193,642.634600423177
1.0,20.969270833333333,14018.314322916667,0.22145169486538283,0.009301672617482345,0.4815168884549433,0.005462170052965182,11.510677083333333,0.7204242318869377,0.20697065541514434,0.24844390316585888,0.2523836443658609,5.42265625,296.62890625,0.0031810080316081735,36.878125,27342.996875,0.016886703606288498,67.246875,55580.3734375,0.02619929997217288,2149.0,4306.0,13404.0,303.0,2705.0,6688.0,4.461328125,24.5734375,26.6453125,-0.13007475257004084,642.9948890516494
0.9994791666666667,21.130208333333332,13880.25,0.22239395405064072,0.009208361774562225,0.48478509630625444,0.0055040917773725795,11.409114583333333,0.7414838550653192,0.20787278126855163,0.24943518387089242,0.2534374153587454,5.45703125,221.60234375,0.003141366535925858,37.1859375,27730.175,0.0167143599171575,67.7671875,54664.915625,0.025970344586512418,2211.0,4209.0,13586.0,298.0,2770.0,6686.0,4.49296875,24.315625,26.1671875,-0.13300689362555537,652.3486707899306
1.0,21.031770833333333,14020.1609375,0.22128570027444125,0.009169484632813517,0.477133022080382,0.0054784503342884434,11.345833333333333,0.7438646888388103,0.2067032854109759,0.24848384607095636,0.2524172139317874,5.418359375,320.56953125,0.0030982913467666024,36.9953125,27339.24375,0.01670991425105884,67.521875,55499.44375,0.02591382815875584,2159.0,4276.0,13521.0,312.0,2776.0,6632.0,4.434765625,24.2109375,26.125,-0.13260025693629235,648.8177406141493
1.0,21.086458333333333,13932.6015625,0.22224716903756106,0.00916214405678641,0.4820206504865047,0.005492695580446297,11.41640625,0.7188657807637208,0.20777088042222744,0.24923648364319728,0.25316300889325927,5.49765625,236.69609375,0.003097905148293923,37.109375,27397.1375,0.016713143579353256,67.41875,55251.6875,0.025868100168189502,2168.0,4222.0,13557.0,281.0,2771.0,6634.0,4.507421875,24.340625,26.128125,-0.13035376681028626,643.2414832899306
1.0,21.113541666666666,13965.680208333333,0.2218386003723973,0.009346766599036991,0.48030470801767466,0.00549975036901971,11.53984375,0.7411811140164783,0.20724627489387776,0.24904260121758665,0.2530039014412864,5.4296875,293.621875,0.003142819892375809,37.2515625,27254.75,0.017057944528736876,67.7109375,55364.84375,0.02645137549598183,2196.0,4217.0,13634.0,298.0,2764.0,6682.0,4.455859375,24.6796875,26.7359375,-0.13244462092554787,652.5558582899306
1.0,21.151041666666668,13931.946875,0.22219928632333075,0.009350541042007526,0.48478449226199294,0.005509518537813667,11.3859375,0.7360502339325289,0.20767581583804162,0.24929241510207345,0.25320003948574454,5.456640625,269.67109375,0.003145803535675193,37.1484375,27443.675,0.01704307204859737,67.93125,55069.321875,0.026476960060747023,2207.0,4189.0,13614.0,291.0,2765.0,6744.0,4.46015625,24.3015625,26.1734375,-0.130823211852,653.158957248264
0.99921875,21.0875,13931.673958333333,0.22163103509649032,0.00924249280590123,0.4801578406696986,0.005492966918468351,11.386979166666666,0.7565698478561549,0.20701149800678337,0.24909556886581313,0.2526446496859952,5.43359375,281.43515625,0.003108710245493713,37.3453125,28243.371875,0.016938999947947835,67.4453125,54220.93125,0.026081115905484686,2204.0,4189.0,13655.0,295.0,2773.0,6591.0,4.469921875,24.3265625,26.115625,-0.1342391509185276,647.2657812499999
0.9997395833333333,21.045833333333334,13928.0953125,0.22198685593510495,0.00931643076612875,0.48132962697648385,0.005482113397586177,11.361197916666667,0.7498267669768363,0.20752490849274982,0.2489922787960797,0.2528292228435508,5.46328125,251.6171875,0.0031430917734913593,37.121875,27415.665625,0.017055704466109045,67.3,55146.4375,0.026270513036698008,2219.0,4207.0,13460.0,290.0,2766.0,6622.0,4.484765625,24.221875,26.00625,-0.13143038177586125,641.2723784722223
0.9997395833333333,21.297395833333333,13893.0140625,0.22249659631841023,0.009167685491691759,0.48820869377249015,0.005547641529912303,11.453385416666666,0.718153138832506,0.2078994177357139,0.2496586372535386,0.2537232697140673,5.512890625,209.68125,0.0030910448837896155,37.528125,27832.54375,0.01669999062362479,68.2046875,54686.815625,0.02594194279136731,2224.0,4220.0,13709.0,303.0,2787.0,6700.0,4.53671875,24.4078125,26.165625,-0.13458300378370291,655.8094723849827
0.9997395833333333,21.314583333333335,13917.3453125,0.2221868035925924,0.009313357375794423,0.48767107456240055,0.005552118607276201,11.681510416666667,0.7403723976150914,0.20757234041097386,0.24962781439233767,0.2532036455193215,5.483984375,227.6671875,0.0031642875036168917,37.6375,27499.671875,0.01693391934552621,68.3140625,55093.73125,0.02628907489477276,2184.0,4288.0,13715.0,301.0,2803.0,6714.0,4.53125,25.00625,26.9578125,-0.1361688880457993,659.7572873263889
0.9994791666666667,21.188020833333333,13917.534895833332,0.22195555580235593,0.009449835896771286,0.4835857317912826,0.005519151037596597,11.58125,0.7436395368845407,0.20732773033878002,0.2493105231763632,0.25311189028265224,5.426953125,242.58359375,0.003230408956715801,37.41875,27647.3625,0.01714964919182963,68.0015625,54887.5125,0.026627730361934877,2188.0,4261.0,13631.0,313.0,2740.0,6764.0,4.455859375,24.840625,26.8234375,-0.13457867091997663,654.3318356662327
1.0,21.297916666666666,13952.109375,0.22203042680211033,0.009530902192827765,0.4857160364040293,0.00554777719892333,11.608333333333333,0.7565049398415338,0.20742712621965237,0.24922483912842391,0.25324921680562856,5.466015625,281.6671875,0.00325284875767473,37.4328125,27747.859375,0.01726001058307606,68.490625,54838.128125,0.026914007543191627,2201.0,4275.0,13673.0,304.0,2799.0,6800.0,4.50390625,24.828125,26.80625,-0.13383696575524642,661.3846831597223
0.9997395833333333,21.132291666666667,13959.502083333333,0.2217671154270723,0.009416721518050324,0.48369393039856895,0.005504634453416688,11.524479166666667,0.7512446394242619,0.20719919679457172,0.2488542920096286,0.2529516133745185,5.400390625,272.59609375,0.0032197397057646673,37.23125,27735.6,0.017023211607018546,67.9609375,54931.028125,0.026598158678224737,2207.0,4299.0,13519.0,290.0,2790.0,6749.0,4.449609375,24.6984375,26.65,-0.13384643797995127,652.1908322482639
0.9997395833333333,21.14375,13979.518229166666,0.22167718352360385,0.009233182045402263,0.4825135005497053,0.005507619171659287,11.396875,0.7372154892107596,0.2070703818243412,0.2488705509664741,0.2529110228777841,5.4203125,308.53359375,0.0031183210568199566,37.309375,27816.5125,0.016748508246588696,67.871875,54826.4625,0.02617729979854505,2220.0,4269.0,13582.0,319.0,2766.0,6712.0,4.47421875,24.3390625,26.1453125,-0.1333497185481718,651.3741276041667
0.9997395833333333,21.115104166666665,13969.3484375,0.22148719085119686,0.009282376910798843,0.48127897201600855,0.005500157376052792,11.371875,0.7536814582768062,0.20688588219858223,0.24865939499561146,0.2527202213172408,5.37265625,260.61171875,0.003136472176659607,37.34375,27972.790625,0.01685719710121908,67.85625,54800.853125,0.02629117565693555,2215.0,4321.0,13513.0,324.0,2764.0,6718.0,4.401953125,24.421875,26.2015625,-0.1352958345995855,651.1226885308159
1.0,21.042708333333334,14001.294270833334,0.2213818559728269,0.00931804415303147,0.4813787734644411,0.005481299383520014,11.371614583333333,0.7468937181327657,0.20682377759646844,0.24854119413132542,0.25245483131976226,5.3828125,284.6375,0.0031291378477712488,37.109375,27444.2375,0.01697892173348563,67.615625,55424.978125,0.026412791793618197,2224.0,4252.0,13509.0,316.0,2733.0,6711.0,4.411328125,24.4359375,26.1484375,-0.13233781513378476,646.0023426649307
0.9997395833333333,21.095833333333335,13945.0609375,0.22195616750201871,0.00928384168258221,0.47814358073165614,0.005495137622644786,11.5453125,0.755036539601027,0.20736552574080416,0.24914020381559343,0.25313469823330226,5.359375,263.62265625,0.003156027248082527,37.3265625,28081.021875,0.016821937709265,67.8109375,54534.853125,0.026257003393898158,2215.0,4251.0,13626.0,329.0,2761.0,6692.0,4.402734375,24.8515625,26.809375,-0.13629013766851206,652.5668576388889
0.9994791666666667,21.2125,13930.890625,0.22181828056943764,0.00945971401589781,0.48228318823094585,0.005525527481114873,11.6125,0.7415537222549597,0.2071551648577188,0.24922173750808466,0.25306728647766613,5.430078125,308.47421875,0.0032367728662184405,37.440625,27605.05625,0.0171338023180777,68.1140625,54746.390625,0.02667739031243539,2207.0,4288.0,13592.0,297.0,2764.0,6791.0,4.462109375,24.9265625,26.9,-0.1341749753585615,655.4105729166665
1.0,21.120833333333334,13965.24375,0.2218605969717585,0.009277193683622975,0.48397355910009654,0.005501649735174091,11.373177083333333,0.7337492602091142,0.2073323311908632,0.24888847443477696,0.25294578263232115,5.37734375,221.7640625,0.003157263144832427,37.3078125,28264.7125,0.016764876154383924,67.9078125,54639.69375,0.026269233368024225,2217.0,4288.0,13560.0,303.0,2784.0,6738.0,4.42265625,24.36875,26.1796875,-0.1345187260420133,654.8025868055556
0.9997395833333333,21.1484375,14016.0921875,0.22111852580776906,0.009257531781019615,0.476423113238298,0.005508840192758531,11.436979166666667,0.7340229035833026,0.20640794625320374,0.24867476302559183,0.25240460680820764,5.376953125,308.57578125,0.003102594700559415,37.496875,28104.2375,0.016913045836515896,67.8859375,54758.0125,0.026221766047364127,2220.0,4303.0,13628.0,314.0,2810.0,6650.0,4.4125,24.6546875,26.3171875,-0.13676277237988232,651.3191121419271
0.9997395833333333,21.159375,13969.394270833332,0.22155399923963698,0.009263981036049343,0.4818861823962352,0.005511689241990102,11.435677083333333,0.7529660808349333,0.20690335445000665,0.2489300487916717,0.2527805288461236,5.425,290.5734375,0.003138455940553629,37.3796875,27935.453125,0.016838459730771096,67.8765625,54718.61875,0.026191602723310455,2207.0,4323.0,13570.0,318.0,2770.0,6704.0,4.462109375,24.5,26.265625,-0.13246458437213043,652.7084537760418
0.9997395833333333,21.117708333333333,13985.510416666666,0.22147286551925138,0.009325615564758211,0.47962472301346776,0.005500835721107928,11.363541666666666,0.749395748039264,0.20683532031409504,0.24874666892761113,0.252749242931517,5.405859375,317.5234375,0.0031652860009029485,37.3671875,27798.909375,0.016951437083894995,67.715625,54844.059375,0.02634111230104248,2207.0,4304.0,13528.0,325.0,2764.0,6682.0,4.436328125,24.3390625,26.096875,-0.134298826867369,650.2699989149306
0.9994791666666667,21.156770833333333,13926.845833333333,0.2218802043828384,0.009289307574241396,0.48556468423084476,0.005511010896934966,11.45234375,0.7316658871027301,0.207339340295931,0.24896816620726647,0.25295569890603997,5.462109375,233.60234375,0.003153883176045278,37.3703125,27962.559375,0.016880927160717228,67.721875,54664.10625,0.026239385580550036,2191.0,4291.0,13515.0,322.0,2734.0,6714.0,4.51484375,24.4421875,26.2125,-0.13273211376173208,645.1608395724827
0.9997395833333333,21.122916666666665,13936.802604166667,0.22201079678479416,0.009531750964199285,0.4844333981466763,0.0055021924112182,11.444791666666667,0.7360933030870894,0.20751106573084735,0.24916161770398443,0.2528589000813911,5.413671875,236.6640625,0.00329885421167061,37.378125,28305.365625,0.017294085736947313,67.7046875,54368.79375,0.026701003201565966,2173.0,4349.0,13521.0,310.0,2778.0,6650.0,4.484765625,24.515625,26.2140625,-0.1358675774098966,646.754162326389
0.9997395833333333,21.218229166666667,13913.327604166667,0.2222703591195634,0.009537709796182818,0.484160752666511,0.0055270198402361725,11.52421875,0.7335231596259113,0.20775861521963063,0.249263660397971,0.2533240334408867,5.50546875,233.67421875,0.0033301493612376493,37.365625,27960.575,0.01719400313363556,67.921875,54584.69375,0.026711658198510745,2146.0,4344.0,13509.0,316.0,2699.0,6792.0,4.52421875,24.6375,26.4109375,-0.1314137980397009,647.2502926974826
0.9997395833333333,21.1078125,13941.420833333334,0.22187109633831456,0.009598984216393965,0.4830940386885773,0.005498258009898411,11.435416666666667,0.7514249759419647,0.207430200431151,0.24875315072364254,0.25275262558164074,5.451953125,230.66484375,0.003314646722103245,37.2390625,28118.065625,0.017364480288914196,67.6,54607.8,0.026970838121036615,2168.0,4283.0,13445.0,315.0,2721.0,6763.0,4.48671875,24.4421875,26.2234375,-0.1315769080651292,645.4758764648437
0.9997395833333333,21.119791666666668,13901.723958333334,0.22238523375035185,0.009614149256422698,0.48661962998161706,0.005501378397152036,11.429166666666667,0.7468310727496917,0.20787974056463118,0.2495533667258374,0.2532390735177488,5.44609375,206.7234375,0.003323133986423854,37.178125,27722.9,0.01741012979094357,67.75625,54860.55,0.026982229801897194,2196.0,4297.0,13453.0,309.0,2747.0,6725.0,4.489453125,24.434375,26.1828125,-0.13450672108763412,647.0653374565971
1.0,21.090104166666666,13946.659375,0.22195581040158482,0.009545442351453227,0.4775792149459832,0.005493645263523487,11.578125,0.7501049564122194,0.20739589890726134,0.2491496444226387,0.253001622357825,5.407421875,278.6890625,0.003248160372503846,37.178125,27399.8765625,0.017353034943972286,67.7328125,55165.3234375,0.026926977674731706,2170.0,4288.0,13515.0,311.0,2699.0,6787.0,4.455078125,24.8,26.8484375,-0.13270156452194823,649.0694854058161
0.9997395833333333,21.096875,13914.405208333334,0.22213742925309193,0.00961020846481653,0.4813215641743163,0.005495408960666841,11.592447916666666,0.7525798647114008,0.2076397973027822,0.24918811857622236,0.25307726773120054,5.454296875,203.70859375,0.00329184906130289,37.121875,27235.88125,0.017428511028145566,67.6421875,55435.715625,0.027065343515542052,2175.0,4253.0,13533.0,303.0,2765.0,6695.0,4.494921875,24.7625,26.8125,-0.13136499930054646,645.320302734375
1.0,21.015625,13977.675520833332,0.2217481175139609,0.00960657747613092,0.4767153655903672,0.0054742445949466,11.375260416666666,0.7314250309789343,0.20725313938856305,0.24872345700720544,0.25275269052230753,5.416796875,302.63203125,0.0032946339323387183,37.003125,27320.66875,0.017404094497438544,67.4234375,55334.85625,0.02705683462999211,2193.0,4189.0,13514.0,321.0,2703.0,6732.0,4.46796875,24.2625,26.1171875,-0.13011255437067598,643.709130859375
1.0,21.067708333333332,13912.505729166667,0.2222795672466285,0.00968303869967283,0.4783282858118136,0.005487811496049318,11.5703125,0.7377503090234858,0.20783375449084943,0.24916758312493054,0.25317480239144263,5.4578125,227.7375,0.003329223902048389,37.05,27322.46875,0.017557675948103046,67.525,55241.615625,0.027223660641740376,2195.0,4254.0,13461.0,301.0,2758.0,6691.0,4.470703125,24.7453125,26.79375,-0.12987638731430592,643.4688530815971
1.0,21.1234375,13922.289583333333,0.22226945915126586,0.009503420624874553,0.4811461418787333,0.005502328080229226,11.405208333333333,0.7493157777942155,0.20774244401455738,0.24943013388564,0.25321684496372565,5.424609375,209.765625,0.0032370358931702093,37.246875,27602.796875,0.017307635280037086,67.7953125,55091.878125,0.026764744896529396,2179.0,4287.0,13584.0,300.0,2764.0,6679.0,4.462109375,24.421875,26.1609375,-0.13528947085361823,649.2337215169272
1.0,21.067708333333332,13925.1,0.22208149442453254,0.009450284905382291,0.47801689981403095,0.005487811496049318,11.405729166666667,0.7540420271940668,0.20758854044387406,0.24930880430593225,0.2528260004657666,5.460546875,206.77890625,0.0032320254587142883,37.2015625,27722.884375,0.017213822300117476,67.3625,55000.6,0.026559785297319116,2153.0,4259.0,13566.0,312.0,2764.0,6560.0,4.48515625,24.371875,26.121875,-0.13424147969589578,640.158957248264
0.9994791666666667,21.059375,13944.107291666667,0.2216422949381714,0.009565561125588384,0.47982019298182915,0.005485640791872883,11.378645833333334,0.7568630360587624,0.20710870564845388,0.2487985961795621,0.25262035085565077,5.4296875,233.6125,0.003262218642075198,37.1828125,27832.203125,0.01741360325580315,67.4546875,54897.990625,0.026930888929426366,2155.0,4250.0,13567.0,305.0,2739.0,6648.0,4.469140625,24.3109375,26.084375,-0.1332778932096474,643.4647037760417
0.9997395833333333,21.0734375,13924.2390625,0.22206828849646365,0.009436311019580099,0.4807070860977898,0.0054893038551706175,11.3921875,0.7313215194879019,0.207598129340031,0.24910346796754607,0.2529137456511118,5.46484375,212.696875,0.0032206055123132652,37.1109375,27877.89375,0.017178886467210278,67.4703125,54816.753125,0.02655655760101726,2196.0,4263.0,13470.0,297.0,2738.0,6697.0,4.486328125,24.3078125,26.1,-0.1288416888523923,645.0550236002605
0.9986979166666666,21.097395833333334,13867.547916666666,0.22187173632038643,0.009588372092977224,0.480870755180236,0.005495544629677868,11.41953125,0.746759819290493,0.207371391376586,0.2488356843003457,0.25290916811562864,5.460546875,221.4484375,0.003309816084462934,37.1578125,27651.95625,0.017344319923289397,67.584375,54667.5375,0.026946648296722213,2174.0,4231.0,13523.0,296.0,2791.0,6667.0,4.494921875,24.321875,26.215625,-0.13094510688332017,645.2493682183159
0.9994791666666667,21.153125,13894.3734375,0.22228372458426374,0.009525543192047549,0.486319599674317,0.005510061213857775,11.461458333333333,0.7378490175801448,0.20780152674333796,0.2492722051434278,0.2532240353888027,5.4546875,221.63125,0.0032938477082900897,37.3515625,27240.7734375,0.01723872435442859,67.7484375,55238.9421875,0.02673914396469635,2196.0,4234.0,13612.0,291.0,2762.0,6669.0,4.4796875,24.5453125,26.3046875,-0.136172442938263,648.9239485677082
1.0,21.06875,13952.06875,0.22203400708100715,0.0095647094391377,0.48404885409556186,0.005488082834071373,11.406770833333333,0.7253040640759418,0.20756085908550662,0.24914350920855483,0.2528170969354616,5.4640625,245.7203125,0.003311366280557987,37.096875,27898.446875,0.01733739940138491,67.459375,54831.084375,0.026805392111209338,2221.0,4278.0,13407.0,297.0,2742.0,6660.0,4.501953125,24.328125,26.1046875,-0.13286996538964374,642.2999609375
0.9997395833333333,21.113541666666666,13905.381770833334,0.22240538620629488,0.009512815322241902,0.4848299358825214,0.00549975036901971,11.407291666666667,0.744165967733978,0.20794580203832322,0.24940929574148515,0.2532398133429913,5.5078125,248.621875,0.00331557861191438,37.303125,27984.365625,0.017191833468554123,67.346875,54453.4375,0.02662274401723977,2192.0,4261.0,13511.0,282.0,2792.0,6576.0,4.51640625,24.3296875,26.0484375,-0.13197020808293433,641.3647124565973
0.9997395833333333,21.04375,13917.7953125,0.22214755757666393,0.009568861624399816,0.4785054460588384,0.005481570721542068,11.382291666666667,0.7475992475992476,0.20771252489008596,0.2491630513154784,0.2528721945841612,5.465234375,233.67265625,0.0033209609089962107,37.1296875,27951.296875,0.01730269552481037,67.271875,54620.784375,0.026826630585603684,2153.0,4301.0,13476.0,284.0,2780.0,6607.0,4.501171875,24.309375,25.9796875,-0.13114675087970978,640.0038151041667
0.9997395833333333,21.0703125,13914.411458333334,0.2221247775464022,0.009585944484117988,0.47770987515193386,0.005488489841104454,11.434114583333333,0.7309603262884686,0.20769332856253567,0.2490649221987601,0.25291042882951015,5.4703125,257.6421875,0.0033263964405391136,37.19375,27517.9,0.01734176370150157,67.346875,54938.0,0.026868317441049904,2171.0,4310.0,13448.0,302.0,2749.0,6644.0,4.508984375,24.3859375,26.1828125,-0.13198475896017378,641.7591186523438
0.9997395833333333,21.108854166666667,13900.022395833334,0.22246998653469943,0.009529226235088449,0.4806242930494869,0.005498529347920465,11.396614583333333,0.7518566952059019,0.2081132824641406,0.2491507832397489,0.2532160061118852,5.46328125,227.69375,0.003318078263690917,37.21875,27458.725,0.017198674670613694,67.58125,55030.634375,0.02670436968515333,2198.0,4168.0,13596.0,283.0,2800.0,6658.0,4.4859375,24.2984375,26.1375,-0.13231466271533246,647.3511716037326
0.9994791666666667,21.024479166666666,13866.751302083334,0.22241561071223614,0.009664167196955006,0.4856957955537222,0.005476550968134063,11.456770833333334,0.7457329006366586,0.2081336195098713,0.24895521071571833,0.2530039755182134,5.4421875,185.69609375,0.0033870538035004893,37.08125,27921.6625,0.017417912193911134,67.296875,54536.0609375,0.027018875773816935,2188.0,4283.0,13410.0,285.0,2812.0,6590.0,4.4828125,24.49375,26.315625,-0.1334792828176787,636.8697132703994
0.9997395833333333,21.071875,13931.354166666666,0.22191036295753547,0.009784313831225466,0.4828127022584224,0.005488896848137536,11.6,0.734292352563152,0.2075118821736889,0.24871648812773364,0.25269816092272357,5.415234375,266.6171875,0.0034192128511022326,37.1265625,27903.621875,0.017636316420119234,67.64375,54618.034375,0.02739271516282462,2197.0,4206.0,13521.0,314.0,2768.0,6720.0,4.45546875,24.871875,26.90625,-0.1325745305531267,642.9687923177084
0.9994791666666667,21.183854166666666,13836.130208333334,0.2229008219636982,0.009784391621210814,0.48650072781794174,0.005518065685508379,11.4796875,0.7475966857620534,0.20852954628573445,0.24967280586117396,0.2536139407780776,5.471484375,197.67109375,0.0034582333402599454,37.3578125,27751.4875,0.017594281461343127,67.859375,54474.609375,0.02727913490488198,2186.0,4262.0,13540.0,304.0,2730.0,6765.0,4.5046875,24.5390625,26.3203125,-0.13395099501152272,648.3073434787327
1.0,21.15,13928.626041666666,0.22212339818625715,0.009864225396860181,0.48529756883413006,0.005509247199791612,11.464322916666667,0.7540632387706856,0.20777805473410177,0.24879054239128284,0.2528376277898532,5.459765625,254.72109375,0.003458094904357794,37.20625,27591.88125,0.017774539767788276,67.8546875,54960.990625,0.02757843299594162,2185.0,4233.0,13532.0,311.0,2779.0,6720.0,4.475390625,24.55625,26.328125,-0.1317835226734007,644.7629166666666
0.9997395833333333,21.128645833333334,13911.134895833333,0.22226249870729997,0.009873980514622599,0.48035283082187286,0.005503684770339498,11.6078125,0.7523602928488673,0.2078313323449718,0.24912586717655757,0.25312379568735477,5.41328125,269.64609375,0.003470907380944113,37.2046875,27486.2265625,0.017739845143043047,67.9140625,54901.9984375,0.0276204084209161,2201.0,4272.0,13521.0,300.0,2780.0,6743.0,4.44296875,24.9328125,26.9421875,-0.13490338796148574,649.3318877495659
0.9997395833333333,21.183333333333334,13887.564583333333,0.22245404355222712,0.00987336780357139,0.4845075468448878,0.005517930016497352,11.669010416666667,0.7304042092840283,0.20810620302187033,0.24918339908617967,0.25311605013970173,5.455078125,236.64375,0.0034982194142637773,37.284375,27947.159375,0.017701609534443795,67.9953125,54431.653125,0.02754571962992943,2190.0,4210.0,13608.0,313.0,2783.0,6734.0,4.494921875,24.9796875,27.0546875,-0.13421709894134365,648.9028472222221
0.99921875,21.111458333333335,13888.50625,0.2220856947835948,0.00989388001085295,0.4866722616559335,0.005499207692975601,11.4875,0.7457689840627622,0.20777897196805303,0.2487643260347075,0.252633954794649,5.478125,236.540625,0.0035513848082702982,37.171875,27244.784375,0.017735599483219077,67.584375,55140.090625,0.02742214134881742,2189.0,4233.0,13472.0,305.0,2768.0,6665.0,4.5109375,24.578125,26.303125,-0.1332506410312935,640.103722873264
0.9997395833333333,21.168229166666666,13895.715104166668,0.22235309670957834,0.009756696314175242,0.48555270340441964,0.005513995615177563,11.484895833333333,0.7338040991068573,0.208059033632621,0.2489510860490854,0.2529313596779009,5.44765625,206.72109375,0.0034203935673120995,37.434375,28030.7140625,0.017600137371828795,67.784375,54516.6921875,0.027258466243974256,2199.0,4276.0,13532.0,333.0,2722.0,6728.0,4.508203125,24.575,26.3015625,-0.13481683546680065,644.3711781141494
0.9997395833333333,21.211979166666666,13924.561979166667,0.2220959198316665,0.009981051571460276,0.4833554558636513,0.005525391812103846,11.6703125,0.738895572961426,0.20771757300904242,0.2488640264160594,0.25284120053777004,5.45078125,257.66015625,0.003511931453920833,37.3375,28190.975,0.017927954321741723,68.13125,54325.75625,0.027910629291336593,2158.0,4311.0,13578.0,322.0,2784.0,6762.0,4.480859375,25.0640625,27.034375,-0.13284286034717915,650.3316273328994
1.0,21.219791666666666,13922.338020833333,0.22242018895518828,0.009852983991078899,0.48340201889501083,0.005527426847269254,11.65703125,0.7503558980904227,0.2080869463006782,0.2490748229083386,0.2530985256200783,5.427734375,248.7125,0.0034463324232858394,37.475,27779.7875,0.017731321033747714,68.1328125,54759.390625,0.027601253219582324,2227.0,4213.0,13654.0,309.0,2741.0,6814.0,4.4609375,25.084375,27.0140625,-0.13385486509321254,652.0417957899306
0.99921875,21.144270833333334,13875.594270833333,0.22234927414745165,0.009876563882761159,0.47877676704044475,0.005507754840670314,11.619791666666666,0.732246225090524,0.20795904638347315,0.24905469603252736,0.2532047633182898,5.444140625,227.5734375,0.0034599375914685926,37.1703125,27128.096875,0.017740406282483974,67.91875,55215.175,0.027679226648208616,2232.0,4235.0,13479.0,306.0,2758.0,6791.0,4.473828125,24.9015625,26.921875,-0.1321487378591011,646.0911650933158
1.0,21.26875,13857.997395833334,0.22310465663792448,0.009726010783776825,0.48784967796245,0.005540179734305809,11.48515625,0.729748261338035,0.2087440488142466,0.24982021759029532,0.25383152698026495,5.45703125,158.81796875,0.0033984092423019092,37.4359375,27980.665625,0.01752845340772049,68.3484375,54532.046875,0.027233974325732824,2209.0,4261.0,13665.0,288.0,2820.0,6732.0,4.471875,24.640625,26.3828125,-0.13666165244987277,654.0496484375
0.9997395833333333,21.232291666666665,13887.711458333333,0.22250236127478312,0.009749465240992404,0.484349871567035,0.005530682903533906,11.52109375,0.7296521611146544,0.20813790909931776,0.24918218080844187,0.2532803504429859,5.4859375,230.696875,0.0034264623453361316,37.3625,27517.521875,0.017540025777946066,68.0875,54885.959375,0.027250916286663825,2189.0,4258.0,13608.0,293.0,2828.0,6701.0,4.521875,24.6234375,26.415625,-0.13365981094020402,648.8298947482639
0.9997395833333333,21.190104166666668,13882.48125,0.22256028030142183,0.009837521813695512,0.4852696456730025,0.005519693713640705,11.52109375,0.7397320879931178,0.20822309369056108,0.2492917360400432,0.2531775710062436,5.455859375,203.7203125,0.003437722292730755,37.2640625,27406.3125,0.017718850178342287,68.053125,55073.69375,0.027555391532907758,2182.0,4246.0,13551.0,294.0,2798.0,6767.0,4.5015625,24.6421875,26.478125,-0.132361885454891,647.104485405816
0.9994791666666667,21.209375,13893.983333333334,0.2224701260483705,0.009725715385320292,0.4862504334810039,0.005524713467048711,11.515885416666666,0.7245469279504936,0.20810256798643828,0.2491767751251409,0.253233709219329,5.5125,218.6625,0.00344462744118652,37.1640625,26979.60625,0.01745081881582759,68.0421875,55509.64375,0.027124963731348085,2172.0,4260.0,13548.0,280.0,2823.0,6723.0,4.54140625,24.559375,26.3703125,-0.13064573769388302,648.6759537760416
1.0,21.184375,13912.549479166666,0.2224386603871776,0.009889840802853656,0.4845374683907143,0.005518201354519406,11.506770833333333,0.7463490190293554,0.20811340868144113,0.2490929275381623,0.25308540005913865,5.51640625,212.7546875,0.0034964845564217613,37.225,27739.990625,0.017757767680238717,67.815625,54884.2875,0.02759533891119617,2164.0,4276.0,13522.0,278.0,2771.0,6731.0,4.544921875,24.5875,26.2734375,-0.13111002589011395,644.325380859375
0.99921875,21.165104166666666,13919.627083333333,0.22175199161756118,0.009919157877313243,0.4856820001100528,0.005513181601111401,11.64140625,0.7359303098161774,0.2072346942476171,0.24886522593628127,0.2527079467786174,5.43671875,302.375,0.0034533252200979756,37.2953125,27807.8875,0.01789435096918263,67.9484375,54500.375,0.027807295414304933,2215.0,4263.0,13547.0,278.0,2781.0,6767.0,4.478515625,24.99375,26.940625,-0.13383172738585938,650.844094780816
0.9997395833333333,21.2390625,13880.9234375,0.2227339509309553,0.009906536231864502,0.48573186014090053,0.0055324466006772596,11.648697916666666,0.7339316805218372,0.20829562763495538,0.24970959178412416,0.25351160326178634,5.492578125,188.728125,0.0034736497621404095,37.29375,27377.93125,0.01784280205959519,68.1703125,55152.696875,0.027701816283030183,2186.0,4220.0,13625.0,288.0,2786.0,6779.0,4.516015625,24.9390625,26.8890625,-0.13157748294026933,655.0157657877603
0.9989583333333333,21.23125,13892.859895833333,0.22210736433048417,0.009900568104084207,0.4837975728566992,0.0055304115655118525,11.656510416666666,0.7432047885389069,0.20763767727227597,0.24906895159356357,0.2530245253002374,5.4671875,236.4859375,0.0034705952214494342,37.390625,27657.9875,0.017816036812118623,68.128125,54753.228125,0.02770499092658888,2193.0,4247.0,13604.0,303.0,2767.0,6801.0,4.50546875,24.9453125,26.971875,-0.13179709244997706,652.9418359375
0.9997395833333333,21.248958333333334,13865.776041666666,0.22271286478346805,0.009941693049524985,0.48448600371241557,0.005535024311886776,11.49921875,0.7504044315897838,0.20836385860665968,0.24931109280732086,0.25351066146684864,5.478515625,167.7890625,0.0035051047776614636,37.4078125,27574.090625,0.01784299689342046,68.171875,54949.409375,0.02778674229308359,2211.0,4269.0,13533.0,307.0,2792.0,6765.0,4.522265625,24.5453125,26.3609375,-0.13418503239867086,650.7874989149307
0.9997395833333333,21.14375,13916.878645833332,0.22220279928377884,0.009857481393321512,0.48557475358833696,0.005507619171659287,11.6375,0.7582027785988767,0.20783724521450023,0.24889898991206366,0.2529688249326084,5.415625,209.69296875,0.0034571549112419274,37.2171875,27228.88125,0.017753839764711482,67.9828125,55433.61875,0.02756242895024988,2203.0,4247.0,13558.0,293.0,2768.0,6755.0,4.4578125,25.0109375,26.9828125,-0.134838603748572,647.6460026041666
0.99921875,21.238541666666666,13872.891666666666,0.22232665274406088,0.009695978899712632,0.4850617292519851,0.005532310931666232,11.584375,0.7419441855902693,0.20784456346944769,0.24932724528140565,0.253254417305169,5.4390625,215.57265625,0.003362614737997251,37.4390625,27418.4,0.01751754245243282,68.2359375,54956.659375,0.027207871993853973,2183.0,4317.0,13575.0,289.0,2780.0,6787.0,4.469140625,24.88125,26.7484375,-0.13536312154312824,655.1358062065973
0.9994791666666667,21.266666666666666,13866.94375,0.22258710724644015,0.009710190019508177,0.4907327906373768,0.0055396370582617,11.653385416666667,0.7466202978056427,0.20815997325866373,0.24941792556510728,0.2534648248788788,5.4578125,230.6203125,0.0033809577074259216,37.509375,28019.665625,0.017471414010543834,68.259375,54259.515625,0.02726589527680154,2219.0,4255.0,13655.0,292.0,2806.0,6719.0,4.526171875,24.915625,26.9,-0.1377987333425606,654.166388888889
1.0,21.206770833333334,13909.834895833334,0.2224556548366777,0.009570551664029975,0.4825090677426965,0.005524035121993575,11.479947916666667,0.7552619299064273,0.20812785184470456,0.24911813624355186,0.25310438539769625,5.501171875,212.78515625,0.00332582191831616,37.2125,27626.0125,0.017189024259264808,68.0234375,54981.85625,0.0269309980516504,2184.0,4287.0,13517.0,292.0,2790.0,6727.0,4.530078125,24.4734375,26.2859375,-0.13262422832411985,647.2155791558159
0.9997395833333333,21.1640625,13875.012760416666,0.2228864447467967,0.0096763573366067,0.4873608292833353,0.0055129102630893465,11.469791666666667,0.7491817398794143,0.20856084941347222,0.24954605574289648,0.25352921508399495,5.48515625,203.728125,0.0034065874378291657,37.1671875,27072.01875,0.017326668554479587,67.8765625,55363.1453125,0.027105125713843947,2141.0,4341.0,13484.0,281.0,2748.0,6738.0,4.538671875,24.4796875,26.184375,-0.13396369217190401,646.3220418294271
1.0,21.080729166666668,13902.036979166667,0.22273676292962508,0.009741437966935655,0.4909330785958499,0.0054912032213249974,11.449739583333333,0.7323285978999382,0.20850941898339678,0.24928382205164903,0.25309907959251443,5.458984375,263.66875,0.0034571243733435867,37.1234375,27646.746875,0.017471626149266596,67.525,54710.8,0.027148504158972984,2204.0,4218.0,13495.0,279.0,2793.0,6612.0,4.51015625,24.475,26.1828125,-0.13575711032829757,640.9710869683161
0.99921875,21.123958333333334,13839.772916666667,0.22264392130740968,0.009515169419459134,0.4924990287755138,0.005502463749240253,11.43984375,0.7345529858474283,0.20835939443917156,0.24920798130821514,0.2532179687795567,5.460546875,209.6,0.0033341786286332255,37.0890625,27511.23125,0.01708495822290269,67.8125,54689.00625,0.026669343779319222,2155.0,4308.0,13433.0,286.0,2755.0,6750.0,4.50859375,24.415625,26.1890625,-0.133946425048217,646.4039051649306
1.0,21.065625,13880.171354166667,0.22280589493634823,0.009501532184584712,0.4896168888116288,0.00548726882000521,11.409635416666667,0.7273154329229096,0.2085958578601354,0.24929750681000443,0.2531544313675433,5.51640625,212.7625,0.003346856002575633,37.0265625,27131.26875,0.017076530001987132,67.3015625,55298.709375,0.026545239095218616,2154.0,4246.0,13365.0,290.0,2720.0,6680.0,4.539453125,24.2765625,26.0234375,-0.13134378296414598,636.3602766927085
0.9997395833333333,21.077083333333334,13844.221875,0.22292497650124285,0.00974506380439646,0.48836760657628636,0.005490253538247808,11.460677083333334,0.7415488781259266,0.20874780596105857,0.24939139036300065,0.2531672448002221,5.477734375,173.75859375,0.003438111273982585,37.059375,28126.234375,0.017553692973962177,67.4921875,54244.0625,0.027164244756486232,2184.0,4148.0,13527.0,284.0,2702.0,6730.0,4.514453125,24.4609375,26.2453125,-0.13304296767029752,638.1195789930556
1.0,21.028645833333332,13910.3390625,0.2225426586457474,0.009611832291759841,0.4834541437046269,0.00547763632022228,11.45390625,0.7453869969040248,0.20833762219856747,0.24907169961038286,0.25283376346983155,5.46484375,230.72421875,0.003396263776039453,37.0234375,28121.85,0.017320835939169173,67.2890625,54417.2875,0.026765102707232057,2184.0,4181.0,13517.0,286.0,2718.0,6655.0,4.50390625,24.4890625,26.21875,-0.1329969543172402,634.5038669162326
1.0,21.0359375,13895.380729166667,0.22257781869334056,0.009600230752179518,0.48267510140686504,0.00547953568637666,11.456770833333334,0.7379979697442373,0.20827654876823393,0.24919565968150464,0.253165057405603,5.459765625,239.72578125,0.003395713125078379,36.96875,27163.275,0.017263331728699472,67.4078125,55250.10625,0.026755200284064105,2155.0,4177.0,13520.0,287.0,2741.0,6693.0,4.496484375,24.4453125,26.309375,-0.1303749051246017,638.8763126627603
0.9997395833333333,21.175520833333334,13866.184375,0.22287599387076854,0.009650443162095233,0.4831774059960241,0.005515894981331944,11.44921875,0.7211550286543522,0.2084704949825979,0.24977683759506314,0.25359714569915653,5.498046875,167.76796875,0.003373520295400229,37.275,26994.125,0.017423799952956488,67.7859375,55531.909375,0.026984777838013996,2181.0,4211.0,13617.0,285.0,2764.0,6692.0,4.525,24.4296875,26.165625,-0.13237654279867767,646.7910674370659
0.9997395833333333,21.16875,13880.9296875,0.2226033711897108,0.009559001232931253,0.48157094565627845,0.0055141312841885904,11.43046875,0.7331955516189351,0.20826680557496643,0.2492600167599937,0.2532929880784053,5.48828125,215.7125,0.00335227817173791,37.284375,27403.025,0.017199508558084647,67.775,55019.703125,0.02674538615255124,2166.0,4241.0,13596.0,312.0,2727.0,6707.0,4.5078125,24.3953125,26.15625,-0.13362837919297135,645.1501692708333
0.99921875,21.094270833333333,13815.086979166666,0.22291889285308558,0.009694140899835842,0.48947897091851544,0.005494730615611705,11.502083333333333,0.7263524357423273,0.20877517390852907,0.24923003972199692,0.2531826217624004,5.5140625,155.703125,0.0034765336796759873,37.1171875,27925.546875,0.01731741531829272,67.3921875,54342.1625,0.02694129536201838,2164.0,4186.0,13540.0,299.0,2739.0,6596.0,4.55625,24.49375,26.29375,-0.13541227089230393,634.694758843316
1.0,21.065625,13851.709375,0.2231727944658872,0.009677977890787576,0.4895946708624675,0.00548726882000521,11.489583333333334,0.756094545814172,0.2090806399475567,0.24943857093331853,0.2532756360717777,5.477734375,164.83125,0.0034417238571959516,36.9953125,27244.628125,0.01734983314935499,67.4875,55206.303125,0.026951138766586658,2155.0,4180.0,13519.0,283.0,2718.0,6673.0,4.516796875,24.553125,26.3171875,-0.13644711609594684,634.9941308593751
0.9997395833333333,21.168229166666666,13800.819270833334,0.2235361381225701,0.009474524115367294,0.4874740235799388,0.005513995615177563,11.489583333333334,0.759146716531752,0.20939994494504627,0.24989231248083285,0.2537247364744026,5.50234375,152.8015625,0.0033498648576016686,37.2296875,27853.940625,0.017013899505056752,67.7703125,54339.76875,0.026433785756740345,2182.0,4212.0,13541.0,293.0,2729.0,6726.0,4.5296875,24.509375,26.309375,-0.13515544197664903,644.0493031141493
0.9997395833333333,21.075,13832.378645833332,0.22317696960382213,0.00971874482092429,0.48592380215987524,0.005489710862203699,11.50234375,0.7495057334914986,0.20908134089803948,0.24942187621766987,0.25331457781310485,5.51015625,131.81796875,0.0034799855742342423,37.1859375,27822.315625,0.017455377361900098,67.2234375,54644.684375,0.02693714926670867,2153.0,4230.0,13489.0,300.0,2700.0,6621.0,4.5640625,24.5140625,26.24375,-0.13517571831891717,632.4407291666666
0.9994791666666667,21.140625,13807.2578125,0.22318288296270367,0.00958115995844518,0.48604684527686154,0.0055068051575931235,11.495052083333333,0.7393446661739345,0.20901632453438285,0.24956011413416085,0.2534718855045298,5.50625,173.71796875,0.003391504652015187,37.2609375,27463.015625,0.017242595370526397,67.5578125,54685.659375,0.026678345772083934,2178.0,4226.0,13504.0,318.0,2691.0,6704.0,4.546484375,24.5234375,26.2609375,-0.13357770661687715,639.7479329427083
1.0,21.0828125,13878.8734375,0.22281830248441942,0.0094423399152045,0.4850747747679506,0.005491745897369106,11.554427083333334,0.7481163072210282,0.20859296677861378,0.2492635292465996,0.25327441854546195,5.41328125,218.7625,0.00330471447062857,37.38125,27949.815625,0.017062943673140495,67.4625,54448.375,0.02637223793557223,2161.0,4218.0,13592.0,305.0,2727.0,6657.0,4.459375,24.7828125,26.70625,-0.1376849928834639,641.5796004231769
1.0,21.077083333333334,13843.2140625,0.22328063013878582,0.00958834615582956,0.485854446282691,0.005490253538247808,11.42109375,0.7551151527132549,0.20908568066841166,0.24970656504869035,0.25363449311037783,5.44296875,185.80625,0.0033764681607278356,37.121875,27357.653125,0.017268943727977368,67.56875,54958.40625,0.02675526056408865,2196.0,4217.0,13494.0,293.0,2720.0,6707.0,4.478125,24.428125,26.1859375,-0.13521075470178479,641.5242664930556
1.0,21.068229166666665,13862.630729166667,0.2231144485001922,0.009465386816897547,0.4842496977482062,0.0054879471650603456,11.4421875,0.7497960495414205,0.20890571381362832,0.24951768919245074,0.25354614655418894,5.4546875,194.7921875,0.00331102465773665,37.0859375,27864.225,0.017036419342224336,67.5046875,54532.390625,0.026511802928214357,2201.0,4224.0,13463.0,281.0,2805.0,6629.0,4.494140625,24.4703125,26.20625,-0.13369961945328865,637.4573239474827
1.0,21.131770833333334,13874.983854166667,0.22291216318965715,0.009467938488657717,0.48930918185398903,0.005504498784405661,11.455989583333333,0.7194686121312203,0.20869068906434424,0.24950680099482342,0.2532034218857426,5.477734375,200.7640625,0.003311062202061864,37.3421875,28368.19375,0.017148463561072056,67.5375,54078.653125,0.0264149185626268,2200.0,4241.0,13545.0,289.0,2773.0,6601.0,4.532421875,24.4671875,26.1390625,-0.13715921628098643,640.217532280816
0.9997395833333333,21.0515625,13883.419791666667,0.22267449406137776,0.009342012979101035,0.48452668473408084,0.005483605756707476,11.24375,0.7330463395927658,0.2084270263677678,0.24927568212662926,0.2530631767705659,5.483203125,191.72734375,0.0032562100754237335,37.140625,27991.6625,0.016917551926344802,67.2359375,54541.946875,0.026109685646566468,2193.0,4254.0,13413.0,295.0,2719.0,6646.0,4.491796875,23.978125,25.5171875,-0.13311514604741012,635.1650496419271
1.0,21.0609375,13902.557291666666,0.2224844105910251,0.009367104136501488,0.48310829913947895,0.005486047798905965,11.486458333333333,0.744466701288424,0.20821483897473642,0.2491268180570551,0.25292028959015,5.471875,251.70234375,0.0032527902927171224,37.1125,27885.315625,0.016992119153211,67.365625,54523.21875,0.026199344494929437,2207.0,4231.0,13467.0,295.0,2758.0,6637.0,4.503515625,24.5921875,26.3125,-0.1312940242174079,635.9363907877604
1.0,21.033854166666668,13878.496354166668,0.22282198942208448,0.00932774016357275,0.4824160898181334,0.005478993010332552,11.25546875,0.7336387272502166,0.20855436183016848,0.2494619267545981,0.25325256245723493,5.496875,185.790625,0.003270686953389603,37.053125,27392.05,0.016826178939689067,67.1625,55135.765625,0.026057514228189034,2173.0,4234.0,13416.0,298.0,2736.0,6621.0,4.5375,23.9265625,25.45625,-0.13121086555800704,635.9754163953993
0.9997395833333333,21.098958333333332,13900.708854166667,0.22241676698004012,0.009172653197999888,0.4835728596910351,0.005495951636710949,11.4,0.7351024438410269,0.20810712461074043,0.24907198352527526,0.25300011991200355,5.48203125,230.621875,0.0031376911138356264,37.121875,27278.115625,0.016655000026025317,67.54375,55203.65,0.025830154706631504,2183.0,4273.0,13448.0,291.0,2782.0,6669.0,4.504296875,24.3140625,26.06875,-0.13019035545554364,639.7318739149307
0.9997395833333333,21.0921875,13879.929166666667,0.22275280569710498,0.008926101681749201,0.48398891776428654,0.005494187939567596,11.440885416666667,0.7364249203644715,0.20847342041774705,0.24934304440318406,0.2532801081084576,5.421875,233.66484375,0.0030459173667878375,37.146875,27639.60625,0.01620332398160262,67.71875,54705.309375,0.025169616641741232,2205.0,4242.0,13482.0,298.0,2739.0,6731.0,4.46875,24.5234375,26.246875,-0.13566208840796115,644.1477514648437
0.9997395833333333,20.967708333333334,13893.093229166667,0.22238083883949442,0.009187168547508296,0.4849476889761066,0.005461763045932101,11.28203125,0.75657012270853,0.20819063042503,0.24873119289706946,0.2527913184397769,5.4390625,200.72578125,0.0031473278570670676,36.8359375,27590.91875,0.01665609699442542,67.2140625,54964.7375,0.025877602862356096,2186.0,4206.0,13346.0,308.0,2751.0,6647.0,4.490234375,24.015625,25.715625,-0.1324937513945915,632.8015614149305
1.0,21.147916666666667,13874.01875,0.22285685822015758,0.009093735509698653,0.4841250993150245,0.005508704523747503,11.382291666666667,0.7481528913407546,0.20856774878113082,0.24941993270370402,0.25345022149271823,5.51796875,170.809375,0.003092316896220773,37.128125,27604.36875,0.016517274856474456,67.6875,54956.50625,0.025675870616834368,2176.0,4253.0,13491.0,303.0,2760.0,6699.0,4.551953125,24.2125,25.8734375,-0.13060329571831306,640.3468706597222
0.9997395833333333,21.0046875,13899.138020833334,0.2224500689640798,0.008915391576069872,0.4790264837847274,0.00547139554571503,11.3265625,0.7302437451957648,0.20809866355476778,0.24912927304034094,0.25317648652506647,5.448046875,197.72734375,0.002958738960412789,36.953125,27755.903125,0.016292471732150295,67.2828125,54848.015625,0.025364921882617786,2193.0,4216.0,13420.0,303.0,2750.0,6668.0,4.504296875,24.1171875,25.825,-0.12948708585546467,637.3223738606771
0.99921875,21.1953125,13830.3875,0.22272373931292508,0.008997112076053726,0.4820599692329065,0.005521050403750977,11.364583333333334,0.7416635950362452,0.20828450422181238,0.24964234989206577,0.2535620690982353,5.522265625,212.57890625,0.003028692049869869,37.2578125,27787.728125,0.016417281008759204,67.825,54344.28125,0.02545062324808367,2161.0,4281.0,13536.0,281.0,2797.0,6698.0,4.53671875,24.190625,25.85,-0.130915654389705,648.0139363606771
1.0,21.14375,13882.6015625,0.22287646779813014,0.009107988969021605,0.4904917120284425,0.005507619171659287,11.430729166666667,0.7323381613952114,0.20854464844250456,0.24963089984618797,0.2534493131725745,5.491796875,176.8234375,0.0030960111671943695,37.2703125,27741.140625,0.01659264529370303,67.625,54847.175,0.02567124385164913,2158.0,4274.0,13530.0,286.0,2753.0,6668.0,4.528515625,24.3625,26.1078125,-0.13481740144138954,643.5767317708335
1.0,21.0125,13886.9125,0.22258324143373245,0.008864323329189851,0.4841111070050446,0.005473430580880438,11.286458333333334,0.7390937933769581,0.2083007647174972,0.2494272672978563,0.25286912243454973,5.47265625,203.740625,0.003023017549618496,37.01875,27914.4125,0.01614194706647177,67.165625,54592.1,0.024951922710193353,2182.0,4258.0,13470.0,297.0,2721.0,6595.0,4.50078125,24.1203125,25.5953125,-0.1324352653976581,634.1446354166666
0.9986979166666666,20.983854166666667,13861.538020833334,0.22184776720344399,0.008982576779229262,0.4752718103674252,0.005465968785273943,11.40703125,0.7404006056243639,0.2074808497728137,0.24881362505707774,0.25234957907233135,5.447265625,248.396875,0.003062545209847735,36.91875,27943.321875,0.016314365897832955,67.1953125,54232.31875,0.025330913938151678,2162.0,4255.0,13425.0,321.0,2744.0,6592.0,4.469921875,24.4234375,26.1390625,-0.13267029308928502,635.5460934787327
0.9997395833333333,21.005208333333332,13892.9984375,0.22237337246917982,0.009169592124710116,0.4834969573884366,0.005471531214726057,11.274739583333334,0.7465658318869328,0.2080843417329345,0.24926020571668667,0.2526426621666545,5.4515625,197.70546875,0.003141387556559477,37.115625,28368.665625,0.01671157802339366,67.109375,54198.503125,0.025740424498629132,2145.0,4298.0,13475.0,318.0,2700.0,6577.0,4.492578125,24.1171875,25.5609375,-0.13452425482042243,633.1650770399306
0.9997395833333333,20.975520833333334,13923.0625,0.22204520539546024,0.009301270964495583,0.4841538862033669,0.005463798081097508,11.388802083333333,0.7373674670374692,0.20770976245011763,0.2489018274467354,0.25253035512555566,5.418359375,227.68515625,0.0032195841274406944,36.96875,27955.071875,0.016871105173516504,67.2109375,54672.5625,0.02605818410369421,2147.0,4289.0,13430.0,292.0,2716.0,6624.0,4.455859375,24.3890625,26.1203125,-0.13555630063994792,634.9608591037327
1.0,21.056770833333335,13909.488541666668,0.22239862804272476,0.00912798188318286,0.48424683867044427,0.005484962446817748,11.397916666666667,0.7392713151450692,0.20805415913354958,0.24921319368487654,0.2529619380372736,5.46875,227.7515625,0.003083095762810828,36.990625,28214.0375,0.01666095566924352,67.475,54331.8875,0.025774552578610322,2186.0,4257.0,13428.0,292.0,2747.0,6691.0,4.49453125,24.35625,26.053125,-0.12970394460884774,639.180110405816
0.9997395833333333,21.010416666666668,13908.6859375,0.22221045615560514,0.009150699075441106,0.4865265438000897,0.005472887904836329,11.308854166666666,0.7247645017352504,0.20789529558328157,0.24891602768415017,0.25276552691635445,5.48125,194.725,0.0031287651303636907,36.8875,27971.9703125,0.0165891803342841,67.25,54701.2453125,0.02579995359690777,2185.0,4258.0,13373.0,286.0,2754.0,6649.0,4.48359375,24.1359375,25.7828125,-0.12852342359793623,632.9957248263888
1.0,21.030208333333334,13939.854166666666,0.22209070114495916,0.009148404413935888,0.48225283057494966,0.005478043327255362,11.377604166666666,0.7554856605081975,0.20777732151988443,0.248746917228224,0.25268800356199334,5.4734375,236.7328125,0.0031071358269604238,36.9734375,28081.096875,0.016636264151381218,67.3140625,54611.096875,0.02582561902439241,2183.0,4273.0,13396.0,297.0,2761.0,6635.0,4.494921875,24.2796875,26.00625,-0.13070807571064386,635.9954416232638
0.9997395833333333,21.077604166666667,13890.4328125,0.22246426417430662,0.009164418446421041,0.4802814787717623,0.005490389207258835,11.422916666666667,0.7460278237663397,0.20814782089436176,0.24915125636122687,0.2530430451071659,5.495703125,212.725,0.0031508092047334304,37.0984375,27979.915625,0.016637400723876865,67.384375,54511.78125,0.025745873135715653,2162.0,4271.0,13423.0,310.0,2739.0,6657.0,4.48828125,24.3875,26.196875,-0.13020347714289407,637.6090817599827
0.9997395833333333,21.1078125,13869.906770833333,0.2226923592823132,0.009225081352092691,0.4873597733305138,0.005498258009898411,11.438020833333333,0.7365460063661263,0.20846145085108597,0.24912679289860193,0.2531815593909332,5.4796875,182.765625,0.0031855912371701947,37.15625,27449.0375,0.016688816888039644,67.571875,55039.340625,0.025919306275835736,2164.0,4345.0,13359.0,331.0,2697.0,6715.0,4.521484375,24.3796875,26.1625,-0.13315732211758852,641.4941056315104
1.0,21.1453125,13864.901041666666,0.2230691974372131,0.009135778237703441,0.48828318957316535,0.005508026178692367,11.454947916666667,0.7492056454592477,0.2088213251663921,0.24963853680763431,0.25349134715007593,5.449609375,209.7796875,0.0031583589959928403,37.23125,26750.953125,0.016518395567970835,67.8421875,55599.334375,0.02566283787427844,2181.0,4298.0,13437.0,304.0,2748.0,6737.0,4.490625,24.50625,26.2609375,-0.13531034993167906,647.5002384440104
1.0,21.041145833333335,13900.568229166667,0.22264901249364574,0.00916383289889298,0.48940229867670554,0.005480892376486932,11.397135416666666,0.7512562192133468,0.20842828845358047,0.24905224474437704,0.2531286764031755,5.4484375,218.75,0.0031926090776626297,37.03125,27513.65625,0.016538555101048014,67.421875,55014.753125,0.025674005981659347,2145.0,4324.0,13336.0,297.0,2728.0,6691.0,4.48046875,24.3171875,26.14375,-0.13439125931906176,638.5925778537327
0.9997395833333333,20.968229166666667,13898.553125,0.22237783249129145,0.009519191914664708,0.48188556536634086,0.005461898714943128,11.40703125,0.7296753520951836,0.20814460965236448,0.2489203826089071,0.25276817372938376,5.46875,215.6953125,0.0033482302817601866,36.871875,27054.490625,0.01715913706718374,67.0625,55474.046875,0.026563093293763766,2143.0,4294.0,13322.0,307.0,2709.0,6646.0,4.4859375,24.3375,26.1609375,-0.13064429570053906,631.1219072808159
0.99921875,21.045833333333334,13811.491666666667,0.22303346599072776,0.009647780762658107,0.48278694066582645,0.005482113397586177,11.440364583333333,0.7354731736289843,0.20878866718037808,0.24972130357629735,0.25332482364655684,5.49921875,158.69609375,0.0034231177360105223,37.0,27627.2,0.01736469986759108,67.278125,54606.965625,0.026829513764315478,2148.0,4325.0,13326.0,304.0,2764.0,6603.0,4.53359375,24.3484375,26.159375,-0.13121304252461805,635.8223784722221
0.9997395833333333,21.0515625,13823.382291666667,0.22312082627421914,0.009784679651074987,0.4909108385837089,0.005483605756707476,11.475,0.7415819292906801,0.20894088310641515,0.24962742448725922,0.25333400073239515,5.485546875,143.79609375,0.003479480005354799,37.021875,27396.490625,0.0176232657871523,67.3453125,54968.61875,0.027166892097878415,2158.0,4246.0,13434.0,279.0,2744.0,6658.0,4.536328125,24.4734375,26.23125,-0.13320407578871893,634.9353621419269
0.9997395833333333,21.080208333333335,13834.31875,0.22304604137998954,0.00955685188421368,0.49216669887676845,0.00549106755231397,11.441927083333333,0.741290705144043,0.20886141939395575,0.24953809134163768,0.25329247936247634,5.484765625,182.74375,0.003407341011677946,37.19375,28252.834375,0.017211936318954135,67.3484375,54022.103125,0.026499810939616154,2153.0,4276.0,13413.0,288.0,2697.0,6684.0,4.5421875,24.353125,26.1296875,-0.13551618020952622,638.479504123264
0.9994791666666667,21.1171875,13894.125,0.22224426697979388,0.009562968597287039,0.4813070478119947,0.0055007000520969004,11.4734375,0.7082500924898261,0.20782723213475354,0.24925974459824474,0.2528969287415045,5.473828125,260.5953125,0.0033278608554033065,37.3703125,27848.325,0.017340299039104654,67.4375,54474.04375,0.02672606912300436,2186.0,4284.0,13547.0,312.0,2745.0,6617.0,4.49765625,24.5953125,26.2546875,-0.1327556809620664,640.755537923177
1.0,21.0171875,13885.1453125,0.22256849828798755,0.009663235727267646,0.47850676062575637,0.005474651601979682,11.41484375,0.7265630808118355,0.20837348712550846,0.2490235930828221,0.25289344814306913,5.490625,179.821875,0.003405046014302341,37.1421875,28070.8671875,0.017439906384700613,66.9984375,54520.7171875,0.0269193239216959,2161.0,4246.0,13424.0,293.0,2705.0,6630.0,4.508203125,24.375,26.08125,-0.1309349544059611,629.7231420898437
0.9994791666666667,21.122395833333332,13821.19375,0.2231438354097127,0.009566069028563303,0.4875806492915958,0.005502056742207172,11.488020833333334,0.7516212550856861,0.20888539859632743,0.24971286861794026,0.2536085494550261,5.49609375,143.784375,0.0033740866615405824,37.2421875,27449.946875,0.01724165557606159,67.5078125,54902.078125,0.026658411949155893,2196.0,4234.0,13473.0,304.0,2742.0,6662.0,4.54609375,24.5296875,26.2140625,-0.1338292193918283,638.5110609266492
1.0,21.043229166666666,13874.467447916666,0.2228550688068683,0.009537560649497328,0.4878335170873748,0.005481435052531041,11.565885416666667,0.7367769720070292,0.20865851681053343,0.24943142130795865,0.2530649242911175,5.441796875,173.82890625,0.003386681738042125,37.18125,27188.915625,0.01719933785306859,67.3109375,55362.5734375,0.02647929909174688,2133.0,4287.0,13468.0,284.0,2750.0,6599.0,4.512109375,24.690625,26.65625,-0.1385765256165725,637.3845895724827
0.9989583333333333,21.155208333333334,13841.266145833333,0.22252111899331423,0.009618662133147715,0.4890014464181112,0.005510603889901884,11.501822916666667,0.710399330346152,0.20813743693252285,0.2493749331042035,0.25320203312559053,5.432421875,227.52109375,0.0033829054512711245,37.3890625,27945.009375,0.017365416052450986,67.8125,54192.503125,0.026814934941350805,2213.0,4260.0,13597.0,277.0,2857.0,6600.0,4.464453125,24.703125,26.45,-0.1377531102596691,644.4936187065972
1.0,21.086458333333333,13885.8953125,0.22279453464933868,0.00959545369099792,0.4862498368526328,0.005492695580446297,11.489583333333334,0.7547794299263944,0.20857080132194109,0.24933227499751945,0.25315172761074844,5.470703125,191.78203125,0.0034044055662713754,37.3375,28054.553125,0.017265821060885637,67.2984375,54493.690625,0.02668927882001638,2207.0,4224.0,13537.0,318.0,2773.0,6526.0,4.52578125,24.54375,26.290625,-0.13672140587812698,636.0987749565974
0.9994791666666667,21.0890625,13878.616145833334,0.22243752614487425,0.00944908936122858,0.4835085664114171,0.005493373925501433,11.48515625,0.7218888147983502,0.20808920377119966,0.24912003067050675,0.25314831111394,5.447265625,212.6796875,0.0032932546198624567,37.2640625,27498.821875,0.017058878092155245,67.48125,54922.15625,0.026462639595766425,2196.0,4265.0,13532.0,315.0,2740.0,6634.0,4.498046875,24.5921875,26.3265625,-0.13459284145473316,638.9004012044272
0.9994791666666667,21.039583333333333,13875.610416666666,0.22228310706027202,0.009427782491367338,0.4844317629173132,0.0054804853694538505,11.470052083333334,0.7422764630161403,0.20804488038850028,0.2487736222521455,0.2527454985554852,5.502734375,218.64296875,0.003301865710514619,37.053125,27257.0421875,0.017038778044738863,67.1734375,55122.0484375,0.0263204540614067,2182.0,4336.0,13348.0,332.0,2679.0,6610.0,4.51875,24.5375,26.2078125,-0.13210795177827225,630.5927039930556
1.0,21.073958333333334,13865.253645833332,0.22296729303759827,0.009600718776420818,0.487168646542574,0.005489439524181645,11.498177083333333,0.7592308832979091,0.20877539427429723,0.2492433240512777,0.253458857077123,5.48671875,203.74453125,0.003412947144813443,37.1453125,27070.25,0.017227074014206332,67.3515625,55306.29375,0.02672545006506479,2210.0,4204.0,13449.0,325.0,2722.0,6635.0,4.523828125,24.5828125,26.3109375,-0.1330822759323221,634.9929676649305
0.9994791666666667,21.109375,13846.895833333334,0.22281085569043924,0.009426280636698302,0.4898808430824714,0.0054986650169314925,11.525520833333333,0.7399950653836664,0.20848725604711546,0.24940740872669695,0.25350870122747654,5.423828125,194.68828125,0.0033329520260461285,37.19375,27046.584375,0.01694021284617451,67.7671875,55256.0375,0.02628566286983079,2197.0,4293.0,13452.0,324.0,2727.0,6701.0,4.509375,24.6953125,26.4203125,-0.13785968093697243,642.9682454427083
0.9997395833333333,21.097395833333334,13878.694791666667,0.22258377367649915,0.00954564990949572,0.48832642740013216,0.005495544629677868,11.481770833333334,0.7280716913126126,0.20824305807687032,0.2492405471298788,0.2532898626216348,5.440234375,218.68671875,0.0033605135710823636,37.0203125,27139.515625,0.017153974483434815,67.803125,55257.90625,0.026677870689210053,2216.0,4260.0,13469.0,317.0,2751.0,6695.0,4.487109375,24.5578125,26.384375,-0.1343460321449021,642.9228057183159
0.99921875,21.1328125,13874.139583333334,0.22237782580981205,0.009600523845974237,0.48256800512981246,0.0055047701224277155,11.521875,0.7281084411583487,0.20799232300940176,0.24915281124905003,0.25314485157221517,5.4578125,227.56640625,0.003403261661815963,37.2046875,27342.0,0.017217635743016615,67.7609375,54992.571875,0.026772460685564946,2209.0,4220.0,13542.0,300.0,2788.0,6691.0,4.505078125,24.6703125,26.440625,-0.1328841247848626,641.8323608398438
0.9994791666666667,21.184895833333332,13843.440104166666,0.22282351085039948,0.009714369045681735,0.4851073325410084,0.005518337023530434,11.51484375,0.7215980331899201,0.20839764499603378,0.24966314361158978,0.25368734150667216,5.4453125,185.71328125,0.0034365360503951217,37.334375,27867.85625,0.017437987221637325,67.99375,54449.93125,0.0271020828508726,2206.0,4336.0,13513.0,304.0,2764.0,6712.0,4.4859375,24.7328125,26.4125,-0.13694650455711835,647.4475843641493
1.0,21.164583333333333,13905.978645833333,0.22256437211639232,0.009668478812465733,0.48110829338803224,0.005513045932100374,11.675,0.7517226104931588,0.20819260810251242,0.2494102265663755,0.25320557372192887,5.43125,254.74296875,0.003404938983066547,37.30625,26745.571875,0.017393208002816945,67.95625,55671.328125,0.026997908939711268,2193.0,4236.0,13606.0,298.0,2793.0,6691.0,4.466796875,25.1078125,27.075,-0.13614580210874874,648.461974826389
1.0,21.336458333333333,13836.172916666666,0.22323369686079364,0.009784198803254093,0.48824850214104487,0.005557816705739342,11.532291666666667,0.7331445589025045,0.20888411754016847,0.24983134842801363,0.2540343625760741,5.504296875,230.7671875,0.0034724973892022878,37.4390625,27138.409375,0.017527629045940164,68.5625,54955.559375,0.027287574216775225,2195.0,4341.0,13585.0,299.0,2771.0,6821.0,4.526953125,24.671875,26.4140625,-0.13476295413719178,656.5295041232639
0.99921875,21.259895833333335,13811.571875,0.22298967612641846,0.009688163423492215,0.486644802632649,0.005537873361118347,11.69921875,0.7487934540287611,0.2085860691659062,0.2497828087811147,0.253810971313771,5.494921875,167.6953125,0.003406263360512579,37.384375,27412.9375,0.017441550475457156,68.1953125,54785.7125,0.027062376623445804,2204.0,4263.0,13610.0,293.0,2757.0,6767.0,4.532421875,25.0125,27.053125,-0.13332252110093407,651.2866208224827
0.9997395833333333,21.216666666666665,13842.538541666667,0.22296587281773084,0.009722008094926949,0.4872750521153982,0.005526612833203091,11.6234375,0.7525775726630007,0.20854636272330276,0.2498724297911717,0.2537373562220024,5.424609375,140.8421875,0.0033647219424635553,37.3484375,27513.465625,0.017553139957225166,68.253125,54978.396875,0.0273200208424823,2179.0,4293.0,13654.0,296.0,2769.0,6753.0,4.464453125,24.9375,26.9453125,-0.1373793214557864,654.9395138888889
0.9997395833333333,21.2546875,13858.148958333333,0.22280702424348456,0.009752230468614172,0.48602093000127206,0.005536516671008075,11.664322916666666,0.7566223137053101,0.2084289151233348,0.24951293726512133,0.2536135477024467,5.453125,155.80859375,0.0033862899474119365,37.409375,27523.359375,0.017573006092415484,68.30625,55002.3,0.027395216929621814,2210.0,4209.0,13657.0,282.0,2803.0,6796.0,4.49140625,25.00625,27.0140625,-0.1342834977048025,654.5195092773437
0.9997395833333333,21.248958333333334,13888.1125,0.22260491771882568,0.009567612662958578,0.486405062192972,0.005535024311886776,11.641927083333334,0.7204274719348988,0.20817484883157328,0.24940674947222102,0.25352336151443977,5.408984375,230.68828125,0.003313416748112302,37.4796875,27111.5703125,0.017238028435408708,68.378125,55294.3515625,0.02691398054989356,2222.0,4223.0,13721.0,296.0,2793.0,6773.0,4.465234375,25.0375,26.953125,-0.1373873833436564,658.8947905815971
1.0,21.261979166666666,13944.6171875,0.22201351893125507,0.009403574602262295,0.48700727017845663,0.005538416037162455,11.611458333333333,0.7496509320726061,0.20754164378622547,0.24896343546966,0.2529511029729684,5.427734375,272.67734375,0.0032005684947625105,37.475,27470.1125,0.017082904358876164,68.3859375,55106.88125,0.026536269275647572,2211.0,4296.0,13667.0,290.0,2829.0,6751.0,4.451953125,24.975,26.8859375,-0.133591856376533,659.855325249566
0.9997395833333333,21.253645833333334,13958.3578125,0.22168326287036083,0.009492417951456165,0.4829767865227177,0.00553624533298602,11.590625,0.7551155439017816,0.20711327182531,0.248915228497728,0.25273126142319696,5.40390625,290.6109375,0.003224834145447139,37.5640625,28228.128125,0.01727295795224653,68.3421875,54359.575,0.026782213174701898,2180.0,4362.0,13656.0,308.0,2815.0,6753.0,4.4375,24.9515625,26.8421875,-0.13542545363106503,659.0710804578993
0.9997395833333333,21.216145833333332,13922.890104166667,0.22208548536428557,0.009395362216938966,0.4836809687514502,0.005526477164192064,11.609375,0.7506321345280471,0.20761829643566831,0.24900859199727732,0.25303113444576275,5.446875,236.67578125,0.003223060387176911,37.38125,27738.065625,0.017007673767378235,68.128125,54852.571875,0.02647225798554791,2174.0,4284.0,13631.0,306.0,2768.0,6758.0,4.485546875,24.865625,26.8484375,-0.13429811198977354,656.4345309787327
1.0,21.156770833333333,13921.9484375,0.22223666053055036,0.009438192640278368,0.4868694348002267,0.005511010896934966,11.526302083333333,0.7398636173407843,0.20785232748142443,0.24911500486380547,0.2528956483937988,5.448828125,224.73671875,0.003246924846720027,37.2890625,27694.51875,0.017109487183338705,67.85625,54938.225,0.026531969271451395,2161.0,4312.0,13536.0,317.0,2758.0,6717.0,4.4640625,24.6796875,26.621875,-0.13380486245666795,648.7556312391494
0.9994791666666667,21.14375,13902.008854166666,0.22206250409932085,0.009483656380513837,0.4811152927784041,0.005507619171659287,11.46015625,0.7365011331165632,0.20760146258887557,0.24908637216453303,0.25288280207588987,5.455859375,200.68515625,0.00327447037822295,37.2890625,27495.14375,0.017196745271753737,67.75,55114.16875,0.02660731149843748,2215.0,4156.0,13647.0,294.0,2785.0,6664.0,4.5078125,24.5203125,26.209375,-0.13351835892359448,647.5038151041667
0.9997395833333333,21.311458333333334,13831.9859375,0.22317202678714868,0.009345599416499598,0.48543204606227514,0.0055513045932100375,11.46171875,0.7300943350114864,0.20866529182796972,0.25018831070155834,0.25418268270945477,5.522265625,188.75234375,0.003233774277533747,37.5015625,27558.8875,0.016890208480367944,68.278125,54678.01875,0.02624829090849466,2206.0,4273.0,13638.0,295.0,2773.0,6760.0,4.542578125,24.4125,26.1875,-0.13419920329982168,658.363410373264
0.9997395833333333,21.199479166666666,13872.680729166666,0.22274634862193382,0.009620121751390678,0.4877189811500514,0.005522135755839194,11.47421875,0.7496744711692013,0.20839109685177354,0.2495724056489129,0.2533412986755958,5.51015625,197.7328125,0.003394594653193235,37.3359375,27951.625,0.017363970123508567,67.8203125,54493.528125,0.026778381772062564,2169.0,4299.0,13551.0,282.0,2762.0,6683.0,4.54140625,24.4984375,26.18125,-0.1341128993559276,646.7294788953992
0.9997395833333333,21.166145833333335,13844.0109375,0.22292264532815878,0.00940587763292042,0.490937303556154,0.005513452939133455,11.446875,0.7405447968700017,0.20854994419545786,0.24978097303690072,0.2535551221502204,5.46796875,176.77578125,0.003277243781783798,37.2609375,27336.1359375,0.01703899710808033,67.8640625,55020.8265625,0.02628729356230699,2164.0,4248.0,13592.0,275.0,2745.0,6712.0,4.4921875,24.4984375,26.2140625,-0.13684595893387397,647.622395562066
0.9997395833333333,21.2203125,13902.178125,0.22245468177518188,0.009341776712921267,0.4859243022200319,0.005527562516280281,11.440885416666667,0.7534791252485089,0.20797912657607576,0.24946628952651836,0.25334529482026974,5.473046875,242.6671875,0.0031917166433170193,37.3484375,27476.00625,0.016942127963191472,68.08125,54966.39375,0.026341665741068054,2184.0,4262.0,13592.0,312.0,2724.0,6788.0,4.50703125,24.4296875,26.1875,-0.13385199998976716,651.6946915690104
0.9997395833333333,21.277604166666666,13903.358333333334,0.22235314688778132,0.009285571468100147,0.4852869512088122,0.0055424861074932705,11.495052083333333,0.7462120284923995,0.20786665288919598,0.24946859848461952,0.25318367128528446,5.47109375,257.64609375,0.003178596404968451,37.515625,27733.64375,0.01684725194552057,68.265625,54655.921875,0.02615179124320651,2173.0,4241.0,13709.0,305.0,2793.0,6744.0,4.5,24.603125,26.3671875,-0.1349719805662229,654.3547067599827
0.9994791666666667,21.179166666666667,13931.071875,0.2219691073464369,0.009157627263112077,0.48188234568657556,0.005516844664409134,11.37265625,0.738269722604761,0.20740820874599492,0.24921046755662318,0.25297134153801865,5.442578125,230.615625,0.003092447410800433,37.4515625,28071.875,0.016686162335997186,67.853125,54592.09375,0.025889811599473532,2194.0,4240.0,13650.0,304.0,2796.0,6665.0,4.5046875,24.2375,25.9796875,-0.13458729805503475,651.7090451388888
0.9994791666666667,21.319270833333334,13896.6625,0.22230408440616395,0.009368082421644242,0.4880887011242116,0.005553339628375445,11.650520833333333,0.736496225539296,0.20767580351811069,0.24957681441625562,0.25354447794828544,5.478125,212.646875,0.0032071195659753395,37.5765625,26952.2109375,0.016986769494936837,68.4265625,55577.1765625,0.026393246771027244,2205.0,4307.0,13671.0,302.0,2827.0,6725.0,4.512109375,24.9609375,26.89375,-0.1347169233487678,660.0043161349827
0.99921875,21.348958333333332,13875.0640625,0.22232074236277174,0.009417787352715262,0.48978870592478607,0.005561072762003994,11.583333333333334,0.7527689680409856,0.207711281093433,0.24952411073895928,0.2535552190639391,5.43984375,245.528125,0.003209839638438354,37.684375,26906.5546875,0.01709373332608364,68.65,55361.7171875,0.026573632236454526,2239.0,4317.0,13701.0,303.0,2823.0,6771.0,4.48125,24.84375,26.73125,-0.1369318959487165,663.2891655815973
1.0,21.166666666666668,13933.947916666666,0.2220123656010176,0.009520275437376387,0.4861201684410185,0.005513588608144482,11.49609375,0.7522637795275591,0.20760564123156916,0.24880034038261334,0.2528512882972156,5.478125,218.72109375,0.003253872085229393,37.2359375,27929.178125,0.01725885169957289,67.8515625,54799.625,0.026847312583767862,2238.0,4201.0,13533.0,295.0,2772.0,6734.0,4.5421875,24.475,26.3328125,-0.1309004429305488,644.6295138888888
0.9994791666666667,21.213020833333335,13913.9015625,0.22206976621156016,0.009479224328344612,0.47831059299938566,0.0055256631501259005,11.464322916666667,0.7442853986103268,0.207538734669832,0.24911555359914078,0.2531481049908924,5.472265625,245.5890625,0.003243431612995655,37.4,27979.153125,0.017173421513895802,67.9890625,54521.9,0.02672819800418925,2171.0,4239.0,13646.0,300.0,2772.0,6750.0,4.49765625,24.4828125,26.3125,-0.13217430622706697,650.6369137912327
1.0,21.208854166666665,13914.3984375,0.22245129621247414,0.009091605945377662,0.48239499212196446,0.005524577798037684,11.426822916666667,0.7586257704869723,0.2079513478394785,0.2493840904848396,0.2535182954320915,5.430078125,236.72734375,0.0031006162427015906,37.4859375,27994.31875,0.01645658084436029,68.046875,54545.1625,0.025690589857099315,2169.0,4296.0,13664.0,310.0,2779.0,6697.0,4.478125,24.4703125,26.178125,-0.13732490406714326,655.1136716037325
1.0,21.1453125,13935.560416666667,0.22229302895304803,0.00925838703365204,0.48257087567827384,0.005508026178692367,11.42265625,0.7320377349195794,0.20782022675760267,0.24923575001778325,0.2532415166700943,5.466015625,263.64453125,0.0031561286519931355,37.178125,27696.25,0.016750275663601877,67.8296875,54862.534375,0.02617553193033782,2171.0,4292.0,13573.0,296.0,2816.0,6631.0,4.489453125,24.41875,26.159375,-0.13300727273146878,648.7314884440104
1.0,21.0515625,13957.5296875,0.2219550869777421,0.009171301244096066,0.48204580932460034,0.005483605756707476,11.356770833333334,0.7372028006630545,0.20748836819546135,0.24888742120271684,0.2528896278818905,5.450390625,257.70078125,0.003105033959316842,37.0265625,28186.56875,0.016666218744933046,67.48125,54527.80625,0.02594145288237598,2227.0,4210.0,13486.0,316.0,2758.0,6633.0,4.476171875,24.2328125,26.003125,-0.13299562335891257,642.2671329752604
0.99921875,21.075520833333332,13930.896354166667,0.22163397633984966,0.009168592534313987,0.4843581607920696,0.005489846531214726,11.36875,0.7433090324972198,0.20710240351587972,0.24876636632291094,0.25262787765266803,5.441796875,251.5140625,0.003117279605459966,37.1328125,27579.93125,0.016667545216935514,67.553125,54999.390625,0.025874891567108545,2164.0,4327.0,13454.0,312.0,2727.0,6673.0,4.46875,24.28125,26.05625,-0.1345278428923324,644.8067966037327
1.0,21.193229166666665,13918.093229166667,0.22234375396766498,0.009271000379301435,0.4876215469551789,0.005520507727706868,11.479427083333333,0.751468383672065,0.2079211524089998,0.24919062628940153,0.2531872878805891,5.46875,215.76328125,0.00316941393527871,37.3140625,27818.915625,0.016819972968351367,67.9703125,54826.590625,0.02612837356634241,2206.0,4300.0,13533.0,312.0,2762.0,6715.0,4.521875,24.4953125,26.29375,-0.13492476451290863,646.9334958224825
1.0,21.084895833333334,13946.502083333333,0.2219413601485713,0.009469673996919826,0.47740064433567386,0.005492288573413215,11.423958333333333,0.7418669565002594,0.20751530120810785,0.2488369929388973,0.252749963120099,5.43125,251.6984375,0.003227969904595397,37.128125,28223.621875,0.01718148656244707,67.65625,54448.596875,0.0267246778006903,2205.0,4271.0,13497.0,302.0,2750.0,6716.0,4.4765625,24.4375,26.2,-0.13139615323898177,641.6407093641494
1.0,21.1953125,13922.651041666666,0.22222211469417594,0.0094582459221264,0.484388198172671,0.005521050403750977,11.491145833333333,0.7434328541589876,0.20779089458671382,0.24909950544372364,0.25306960437447656,5.425390625,251.71015625,0.0032371759419533184,37.309375,28041.728125,0.017142951680525185,68.1609375,54487.3375,0.026657820084419942,2188.0,4401.0,13480.0,301.0,2814.0,6750.0,4.471484375,24.6546875,26.40625,-0.13336878586815998,652.5946655273438
0.9994791666666667,21.1890625,13870.7,0.2225710892290246,0.009361131121678455,0.48892432803980124,0.00551942237561865,11.44609375,0.7256593663200845,0.20815626786432656,0.24948931922745426,0.25331214468938734,5.47890625,191.68828125,0.0032498740866274086,37.278125,27133.740625,0.01690552579007304,67.940625,55323.70625,0.026261764593488057,2188.0,4291.0,13525.0,303.0,2766.0,6705.0,4.51796875,24.4578125,26.146875,-0.13564826665836818,648.3632137044272
0.9997395833333333,21.184375,13894.935416666667,0.2222962433583923,0.009304286223291169,0.48437037411225686,0.005518201354519406,11.463541666666666,0.754339381423022,0.20785910023939086,0.24927596090681048,0.25306509828597995,5.461328125,236.684375,0.0032167078006876725,37.290625,27675.915625,0.016814842488616217,67.9703125,54746.959375,0.026144043648380112,2216.0,4320.0,13471.0,307.0,2793.0,6704.0,4.50546875,24.546875,26.2125,-0.13514403981126383,648.4456933593749
0.99921875,21.183854166666666,13893.1484375,0.22201444711090165,0.00925387471387173,0.48378758197441474,0.005518065685508379,11.475520833333333,0.7434415951614093,0.20748233993819162,0.24913666427526787,0.2530206586373753,5.434375,224.590625,0.0031453733147209575,37.28125,27478.696875,0.01681487055437836,68.084375,54981.83125,0.026126884469968185,2222.0,4316.0,13527.0,294.0,2793.0,6750.0,4.46015625,24.621875,26.390625,-0.13306764295467985,650.8286976453993
1.0,21.123958333333334,13932.213020833333,0.22216015110446896,0.009392127639065473,0.48741122638823736,0.005502463749240253,11.466145833333334,0.737018590660289,0.20771551457620197,0.2490702077509348,0.2530286405710712,5.466796875,263.69765625,0.003232608473409633,37.1359375,27979.04375,0.016979177914325322,67.740625,54559.44375,0.026443154026428987,2225.0,4268.0,13444.0,304.0,2820.0,6659.0,4.500390625,24.521875,26.2734375,-0.1312365654057039,644.9929676649306
0.9997395833333333,21.163020833333334,13926.8671875,0.22206437374858534,0.009313514344577993,0.4755788117464501,0.005512638925067292,11.449739583333333,0.7349937243127507,0.20749267264700305,0.24923202600136968,0.2531835259021301,5.43203125,236.64765625,0.0031467655842539423,37.2984375,27546.053125,0.016946170881740767,67.9515625,55068.559375,0.026347852848711432,2198.0,4192.0,13692.0,311.0,2796.0,6704.0,4.444140625,24.571875,26.35,-0.1320584771010526,651.1249867078993
1.0,21.086979166666666,13917.938541666666,0.22222402441555447,0.00934221988369486,0.4831867842067626,0.005492831249457324,11.4484375,0.7487094622965397,0.20783593421215169,0.2490413189539642,0.25295909069075606,5.45625,197.78046875,0.003191969422306615,37.1515625,27852.0171875,0.016957663742220668,67.5453125,54864.4921875,0.026327777870722036,2220.0,4195.0,13552.0,284.0,2834.0,6597.0,4.492578125,24.4890625,26.23125,-0.13173347492253248,641.4679554578994
1.0,21.108854166666667,13892.8234375,0.22259442218541994,0.009258003312987489,0.48843927002273646,0.005498529347920465,11.45390625,0.7457869673567076,0.20815239269134939,0.24945854106188703,0.2534984212852351,5.46015625,179.78984375,0.0031726408727758746,37.190625,27499.8203125,0.016753167536090595,67.621875,55137.9609375,0.02610428885073084,2233.0,4143.0,13601.0,308.0,2793.0,6636.0,4.499609375,24.478125,26.246875,-0.13170352295600485,644.5246091037327
0.9997395833333333,21.055729166666666,13925.245833333332,0.22205451958191047,0.009356768301097667,0.48138228451065584,0.005484691108795694,11.374479166666667,0.7425730328740693,0.20761452588226295,0.248973696977877,0.252895316984534,5.436328125,209.715625,0.003217275428072569,37.115625,27551.53125,0.016973639761841026,67.4734375,55161.08125,0.02629786833245471,2214.0,4190.0,13533.0,297.0,2759.0,6641.0,4.459765625,24.36875,26.0390625,-0.13358202001306557,639.7416859266493
1.0,21.1953125,13902.808333333332,0.2226133504694818,0.009401525489366758,0.48768240482018715,0.005521050403750977,11.444010416666666,0.7239955768521932,0.20811291636350404,0.2496811804793193,0.2535472568835554,5.4203125,218.76328125,0.0031816108799804918,37.35625,27742.6953125,0.017144211286341266,68.134375,54799.1015625,0.026538498129937315,2199.0,4276.0,13621.0,294.0,2767.0,6763.0,4.442578125,24.578125,26.315625,-0.13423819629720163,651.5238321940104
1.0,21.131770833333334,13887.555208333333,0.22269651444200764,0.00949643226877127,0.48702034319200344,0.005504498784405661,11.630729166666667,0.7337145392255934,0.20836818436349053,0.24927703111916663,0.25342931807891694,5.44296875,173.79453125,0.003292262460861513,37.2203125,27843.5265625,0.01712228225723257,67.7984375,54786.6265625,0.02668726151194898,2162.0,4281.0,13543.0,310.0,2746.0,6703.0,4.523828125,24.825,26.8640625,-0.13529906744582143,646.265969780816
0.9994791666666667,21.195833333333333,13910.399479166666,0.22214487225844876,0.009400333913539314,0.4792700810985341,0.005521186072762004,11.616666666666667,0.7554796540200511,0.20758299119382,0.24931237316979793,0.2532248956056148,5.43671875,245.5953125,0.003222893830597438,37.321875,27571.76875,0.01701246657958544,68.10625,54908.246875,0.02649796157926069,2215.0,4241.0,13605.0,287.0,2797.0,6758.0,4.479296875,24.9296875,26.853125,-0.1331399910344477,653.8033159722222
0.9994791666666667,21.141666666666666,13887.096875,0.2223775736454209,0.009341503402058582,0.487464618097653,0.005507076495615178,11.439583333333333,0.744481671265274,0.20794205487694217,0.24916723319255124,0.2533299891722055,5.480859375,182.70078125,0.003237337676066107,37.0953125,27263.059375,0.016833958105551293,67.83125,55328.71875,0.02626571160253578,2170.0,4261.0,13518.0,289.0,2796.0,6671.0,4.505078125,24.3890625,26.228125,-0.1338538089294959,645.9377430555555
0.9997395833333333,21.109895833333333,13888.428645833334,0.222526041193298,0.009341904747548698,0.4777315640146863,0.00549880068594252,11.422135416666666,0.7422220029113518,0.20811203124676841,0.24931965773117462,0.2533884644415399,5.481640625,212.71953125,0.003220635415557721,37.059375,27716.203125,0.016888970733111696,67.6734375,54763.490625,0.026279916089949607,2178.0,4271.0,13539.0,292.0,2803.0,6641.0,4.496484375,24.3984375,26.1484375,-0.13028919103123585,644.2811520724827
0.9997395833333333,21.000520833333333,13921.180729166666,0.22203486766222416,0.009595919467165287,0.4804909611175193,0.005470310193626812,11.419270833333334,0.7517422682969173,0.2076581422552916,0.24880209434442496,0.25277454260775334,5.46640625,245.65625,0.0033312080244938106,36.925,27403.9359375,0.017356890626667416,67.2125,55140.5234375,0.026893794078349065,2182.0,4233.0,13422.0,290.0,2762.0,6621.0,4.473046875,24.3875,26.2359375,-0.12972576855707235,635.5291663953993
0.9997395833333333,21.038541666666667,13912.513541666667,0.22212586533289666,0.009571819644553317,0.48234501041329764,0.005480214031431796,11.517447916666667,0.7319651433381196,0.20781969455125116,0.24885676356198355,0.25261965023039185,5.460546875,230.64375,0.0033028820939043297,37.025,27440.14375,0.017331062904500934,67.3640625,55112.3625,0.02688832658720165,2159.0,4223.0,13499.0,309.0,2750.0,6629.0,4.46328125,24.6421875,26.609375,-0.13204823964689333,637.9162228732639
1.0,21.0359375,13894.2234375,0.22259633595177267,0.009503701390616553,0.48086369257940426,0.00547953568637666,11.439583333333333,0.7603060239174032,0.20837267455966502,0.24909602206115872,0.25299129541081716,5.4828125,221.74921875,0.003338030377163,37.10625,28075.8125,0.017128096213068822,67.178125,54402.53125,0.026541990621978505,2173.0,4281.0,13392.0,299.0,2719.0,6630.0,4.50625,24.4328125,26.1796875,-0.13306343111278882,636.9408959960937
0.9994791666666667,21.100520833333334,13863.240104166667,0.2225039778697568,0.009439708858753828,0.48572834712579205,0.005496358643744031,11.46484375,0.7462789721817689,0.20822297676766288,0.24900174392238306,0.25313021622550613,5.530078125,260.54921875,0.0033342508917829734,37.0609375,27333.653125,0.016955962468899844,67.421875,54803.590625,0.02634528711649122,2170.0,4310.0,13359.0,304.0,2775.0,6606.0,4.5578125,24.3796875,26.178125,-0.13140491092882803,639.4648955620659
0.9997395833333333,21.119791666666668,13841.115625,0.22295757565107152,0.009437588032362436,0.4856758565194153,0.005501378397152036,11.460416666666667,0.7467570900123305,0.20874769955751935,0.249406421138857,0.253348234537495,5.498046875,197.71015625,0.0033067759109463744,37.1375,27126.934375,0.0170054779941942,67.5890625,55128.91875,0.026392946556194907,2194.0,4207.0,13549.0,295.0,2813.0,6589.0,4.516015625,24.4546875,26.24375,-0.1330087844462262,643.1278374565971
1.0,21.046354166666667,13886.447395833333,0.22264571717150364,0.009209736232239696,0.48684606927751606,0.005482249066597204,11.594270833333333,0.7392660050978742,0.20844542166309693,0.24914651670436944,0.2529460996722647,5.4609375,215.72578125,0.0032040543944880998,37.0640625,27718.303125,0.016613604874932165,67.3703125,54737.478125,0.025828594940553617,2190.0,4195.0,13524.0,283.0,2825.0,6556.0,4.505859375,24.803125,26.7390625,-0.1346963935156746,639.5218096245659
0.9994791666666667,21.0265625,13862.759895833333,0.22247091240875877,0.009221763824060569,0.4874095663577664,0.0054770936441781715,11.431770833333333,0.7481855787570285,0.20822366069898696,0.24906706818924018,0.25286376346736456,5.51640625,182.68359375,0.003234361126106524,37.034375,27278.096875,0.0166220363216865,67.059375,55167.728125,0.025771102118250816,2148.0,4314.0,13344.0,295.0,2732.0,6563.0,4.53359375,24.353125,26.103125,-0.13291571813712894,633.8534611002605
1.0,21.183854166666666,13858.8734375,0.22300437413273325,0.009490941431636235,0.48812121985634077,0.005518065685508379,11.48203125,0.7340250288889435,0.2086655340089875,0.24980696589550444,0.2535571428649449,5.509765625,179.8109375,0.0032790410145102943,37.2640625,27385.69375,0.017165771587935995,67.8,55048.303125,0.026663712943840245,2183.0,4287.0,13488.0,288.0,2765.0,6707.0,4.536328125,24.5171875,26.2296875,-0.13305826276763164,648.5505726453994
0.9994791666666667,21.103125,13902.816145833332,0.22211716833716047,0.009367253373754192,0.486964492263458,0.005497036988799166,11.451302083333333,0.7542573670961055,0.2076858125987032,0.24906157296681783,0.25289818666133207,5.478125,203.6625,0.003245725966515081,37.059375,27445.88125,0.016905432700922637,67.646875,55156.365625,0.026315183675542187,2201.0,4256.0,13453.0,285.0,2761.0,6679.0,4.50859375,24.4546875,26.21875,-0.13397956247220041,643.9508235677082
0.9994791666666667,21.085416666666667,13892.7140625,0.22219674954891824,0.00923129713065776,0.4893566608516135,0.005492424242424242,11.423177083333334,0.7446892599545499,0.2077151609203482,0.2492419919560592,0.2530778616560573,5.441015625,197.6921875,0.003169388347828288,37.1359375,27896.39375,0.016690055432676494,67.6125,54669.121875,0.026020173959956906,2174.0,4286.0,13453.0,327.0,2731.0,6676.0,4.488671875,24.4140625,26.1703125,-0.13556374814840622,644.6979123263889
1.0,21.099479166666665,13931.473958333334,0.22221792446972563,0.009472875880107008,0.48437780959569765,0.005496087305721977,11.604947916666667,0.7400459134556047,0.2077780102564331,0.24915455254749927,0.2530409532451219,5.4578125,203.7734375,0.0032586980444422086,37.234375,27575.26875,0.017176912212527422,67.53125,55198.48125,0.026625550890345802,2158.0,4256.0,13525.0,309.0,2721.0,6692.0,4.521875,24.796875,26.7453125,-0.13358407492706761,644.1921872287327
1.0,21.064583333333335,13941.347395833332,0.22223155619657162,0.009371196148380341,0.4894359143915176,0.005486997481983155,11.3765625,0.728587676787657,0.20782189632842937,0.24906695172633486,0.2530348001393771,5.446484375,278.64140625,0.003226715933090385,37.1390625,27774.7515625,0.016974798825219784,67.4625,54758.7671875,0.026345514332700735,2179.0,4282.0,13428.0,316.0,2732.0,6671.0,4.500390625,24.2421875,26.015625,-0.13353396961786757,645.6015581597222
1.0,21.1828125,13925.541666666666,0.22228493539401253,0.009697110590690916,0.4852409012844997,0.005517794347486325,11.4796875,0.7208822010769345,0.20790108105500119,0.2491275427400402,0.2529777454040304,5.51953125,227.74609375,0.0033963864007175667,37.271875,27695.590625,0.017520703248658377,67.746875,54946.675,0.027076414692616853,2153.0,4214.0,13629.0,285.0,2745.0,6692.0,4.543359375,24.49375,26.2109375,-0.132656824062198,644.6384545898438
1.0,21.066145833333334,13884.430208333333,0.22289485669027884,0.009520008341347076,0.4880380358861423,0.005487404489016237,11.430208333333333,0.747348381833016,0.20856536513067328,0.24959786992637228,0.2535098096926077,5.4375,182.80234375,0.003341710264117266,37.025,27680.528125,0.01713175854564301,67.621875,54894.84375,0.026621450445970363,2171.0,4228.0,13509.0,298.0,2771.0,6652.0,4.4890625,24.409375,26.215625,-0.13585829290046997,645.3128122287327
1.0,21.15625,13898.4453125,0.22258159090868138,0.009634090639449222,0.4878222042138594,0.0055108752279239386,11.428385416666666,0.7173067454455933,0.20812285486622942,0.2496179267616423,0.25338019922552824,5.446875,188.77578125,0.0033260969854483,37.26875,27364.55,0.017432407618379088,67.88125,55271.01875,0.027067748276523047,2169.0,4297.0,13522.0,315.0,2750.0,6708.0,4.4984375,24.3796875,26.196875,-0.1357791428877278,650.1078776041667
0.9989583333333333,21.1546875,13871.321875,0.22219678710672372,0.009567238217371384,0.48988998593141514,0.005510468220890857,11.462760416666667,0.7354555974099515,0.20766126351925324,0.24936100555572177,0.25317466300760777,5.455859375,179.621875,0.0033174010442474284,37.23125,27828.834375,0.017299939400248633,67.8734375,54680.609375,0.02683388572698997,2197.0,4207.0,13627.0,293.0,2758.0,6701.0,4.520703125,24.465625,26.228125,-0.13406061217246135,648.5880509440104
1.0,21.017708333333335,13913.4109375,0.22233668395033385,0.009621147110464896,0.4862215458843972,0.005474787270990709,11.393229166666666,0.7445854190414829,0.20796779494555523,0.24927170519089442,0.2528772187288877,5.41015625,173.80390625,0.003331874986325442,37.190625,27732.60625,0.017420612571582957,67.275,55052.64375,0.026978770145904645,2212.0,4264.0,13474.0,294.0,2744.0,6609.0,4.43984375,24.446875,26.153125,-0.13606682746574608,639.8679155815972
1.0,21.186458333333334,13924.9671875,0.22235318246084457,0.009603757444396033,0.4889563105762711,0.005518744030563515,11.613802083333333,0.7393185505678745,0.207886611951474,0.24933032577502198,0.25324232118414935,5.441015625,254.690625,0.003345546057643224,37.3671875,27379.846875,0.017333392979630612,67.9875,55151.19375,0.026906967456172687,2194.0,4251.0,13577.0,288.0,2762.0,6757.0,4.501171875,24.8484375,26.8296875,-0.13528878307081008,650.5501291232639
1.0,21.152604166666666,13947.163020833334,0.22202369623307508,0.00958927163643629,0.48119684842390537,0.005509925544846748,11.5671875,0.7520744589170955,0.20754297207627256,0.24906123990105797,0.2529090491923022,5.45390625,194.784375,0.0032494399393333886,37.21875,27789.8125,0.01744337026501728,67.88125,55114.028125,0.027094499796266915,2196.0,4285.0,13535.0,295.0,2740.0,6772.0,4.4671875,24.7890625,26.7453125,-0.13034716011913855,647.948586968316
0.9997395833333333,21.202083333333334,13933.688020833333,0.22204646539681233,0.009532637137338845,0.4851718400865438,0.00552281410089433,11.61875,0.7480102191215486,0.20748399688977215,0.24922491283537931,0.253117891986406,5.473828125,299.45859375,0.003269062624455915,37.346875,27660.7828125,0.017274655209253902,67.9703125,54743.5109375,0.026844917116955514,2213.0,4325.0,13494.0,296.0,2764.0,6768.0,4.485546875,24.8890625,26.88125,-0.13067797047411495,650.9789539930555
0.9994791666666667,21.053645833333334,13954.377604166666,0.22175556889794665,0.009534982409446379,0.4823538741659567,0.005484148432751585,11.548697916666667,0.7487321574351236,0.20724074272353832,0.24894536688543756,0.25262507560808906,5.408203125,263.515625,0.0032654442122813177,37.1859375,27927.621875,0.017303971412939535,67.503125,54744.58125,0.02684414619461347,2180.0,4316.0,13474.0,280.0,2751.0,6676.0,4.467578125,24.746875,26.675,-0.13522925081503628,643.618997124566
1.0,21.159895833333334,13933.061197916666,0.22194176050715278,0.009690797429158939,0.4855498054001282,0.005511824911001129,11.50390625,0.7433726339626356,0.20743142681181723,0.24922280928037802,0.2527020465152697,5.44375,233.7234375,0.003317718685813631,37.3859375,27337.4296875,0.017644950355569275,67.7984375,55326.04375,0.027228959476129837,2175.0,4328.0,13599.0,306.0,2766.0,6641.0,4.48828125,24.6890625,26.38125,-0.13586866397508057,647.3489124891493
0.9997395833333333,21.06875,14008.289583333333,0.2212061111844929,0.009667386471566449,0.47460963911994775,0.005488082834071373,11.565885416666667,0.7473796104024523,0.20662612735008926,0.24866752576731493,0.2520646319392858,5.380078125,329.41796875,0.0032951539983808315,37.259375,27877.73125,0.01760566641313109,67.6328125,54854.334375,0.027218036422744278,2183.0,4242.0,13635.0,304.0,2763.0,6660.0,4.418359375,24.8875,26.834375,-0.13555965800574696,645.7968359375001
1.0,21.210416666666667,13981.461979166666,0.22170800167295265,0.009864241954773572,0.477431807162721,0.0055249848050707645,11.494270833333333,0.7354385620273057,0.20717307263200085,0.24890472684307277,0.25265099266663976,5.463671875,266.6546875,0.003394453615530102,37.3140625,27786.9625,0.017876366683615634,68.09375,55035.190625,0.0277312705829054,2194.0,4323.0,13602.0,307.0,2797.0,6712.0,4.49609375,24.6234375,26.3578125,-0.1322124640334917,649.9088498263889
0.99921875,21.045833333333334,13975.475520833334,0.22094576500748972,0.009694019384703156,0.4754255002757552,0.005482113397586177,11.617708333333333,0.7431696693724015,0.2063289401188615,0.24828444388234622,0.25207438568714613,5.380859375,293.38984375,0.0032782482005834245,37.090625,27384.88125,0.017658833309372405,67.6609375,55294.4125,0.027392290196512837,2202.0,4314.0,13506.0,307.0,2770.0,6691.0,4.408203125,25.0375,27.0359375,-0.1327977260316019,642.4156076388889
1.0,21.1421875,13982.947395833333,0.22163224479907148,0.009687768811012746,0.48045894451212223,0.005507212164626205,11.471354166666666,0.733426945532481,0.20706831531877845,0.24881613727397375,0.2527040702453414,5.414453125,293.63046875,0.0033191073735011527,37.3140625,27506.29375,0.01760529187150911,67.88125,55216.86875,0.02724489150056275,2192.0,4276.0,13645.0,299.0,2782.0,6695.0,4.438671875,24.6796875,26.39375,-0.13275241742196184,647.0282202148438
0.99921875,21.1421875,13889.711458333333,0.2220551541123749,0.009790975657081603,0.48158235271047883,0.005507212164626205,11.4828125,0.7268740915921464,0.20759465407875063,0.24899521937918453,0.25295708898006225,5.465625,239.54921875,0.0034205267863125265,37.1515625,27782.0640625,0.017631112163731127,67.8390625,54598.0078125,0.02743263463350839,2203.0,4282.0,13535.0,292.0,2741.0,6726.0,4.47578125,24.628125,26.365625,-0.1321151179533174,644.7094702148438
1.0,21.065104166666668,13944.038541666667,0.22203860794303706,0.009855453005730753,0.4806775169242337,0.005487133150994182,11.465625,0.740066757324762,0.20762309903296655,0.24894510601230602,0.2527941455140499,5.444921875,242.69765625,0.003456678608364426,37.00625,27510.659375,0.01776834853972703,67.6046875,55182.78125,0.027537655061199783,2185.0,4271.0,13499.0,284.0,2782.0,6657.0,4.48828125,24.528125,26.3125,-0.13157099428268468,641.3796156141492
1.0,21.054166666666667,13982.975,0.22168878483371995,0.009714885464089487,0.483691737528499,0.005484284101762612,11.4328125,0.7069810013853156,0.20727846119062104,0.2486114114386445,0.2524074528011909,5.43203125,275.68046875,0.0033897555302336096,36.9703125,27693.85625,0.01753304439995667,67.6265625,55101.271875,0.0271972462636458,2180.0,4368.0,13410.0,298.0,2774.0,6668.0,4.4546875,24.5171875,26.2609375,-0.13065033925610237,641.2439409722222
1.0,21.011458333333334,13928.450520833334,0.22218971940464713,0.009919756572171002,0.4816381968844292,0.005473159242858384,11.612760416666667,0.7282236874721134,0.20787057868577374,0.24896872560882954,0.2526872760759583,5.415625,242.67265625,0.0035024695448513292,37.015625,27621.971875,0.017861067335174473,67.390625,54978.040625,0.027647593918446213,2194.0,4213.0,13510.0,297.0,2776.0,6626.0,4.454296875,24.8953125,26.9640625,-0.13367656358633961,640.2998687065972
1.0,21.107291666666665,13928.144791666668,0.22233495840583875,0.009947957459370537,0.4826072617402152,0.005498122340887384,11.604166666666666,0.7375018506637714,0.2080154078688115,0.24914057844724105,0.2528075405125456,5.4515625,236.7375,0.0035149074632983405,37.15625,27906.284375,0.017937909939426358,67.68125,54715.634375,0.0276902049636035,2194.0,4308.0,13475.0,289.0,2791.0,6661.0,4.475,24.8796875,26.8453125,-0.1336049226864809,641.8291134982638
1.0,21.269791666666666,13886.406770833333,0.22276405218599737,0.010043476312363598,0.481806908767072,0.005540451072327863,11.6734375,0.7408296194720604,0.2083825961385159,0.24947179338676478,0.25358213517515577,5.50703125,200.7859375,0.003538364386941888,37.4453125,27252.665625,0.01807299780828418,68.1453125,55262.63125,0.028034402518129865,2191.0,4237.0,13640.0,295.0,2808.0,6744.0,4.542578125,24.9375,26.9328125,-0.1310933251030391,650.6537749565972
0.9994791666666667,21.1828125,13897.240625,0.22223113271097217,0.009655759343627014,0.48607337020189273,0.005517794347486325,11.626302083333334,0.7395195593912124,0.20775912527547344,0.24918650752210186,0.2531637876418373,5.449609375,215.646875,0.003365056713881842,37.409375,27429.86875,0.01746080883338365,67.8890625,55090.9875,0.027013520372851076,2215.0,4211.0,13662.0,296.0,2801.0,6669.0,4.46875,24.978125,26.9046875,-0.13447578504728913,649.0254337565106
0.99921875,21.131770833333334,13936.043229166668,0.2216947260654407,0.009603843239342253,0.4845430854025813,0.005504498784405661,11.45625,0.7453232445222192,0.20714797772069932,0.24892794155751147,0.25264850395233557,5.391015625,269.465625,0.0033138207379167796,37.375,27759.265625,0.017448714178406217,67.8515625,54779.13125,0.02691906230598019,2219.0,4254.0,13588.0,287.0,2778.0,6708.0,4.446875,24.646875,26.303125,-0.1365321229418112,647.2586781141493
0.9994791666666667,21.2203125,13964.919791666667,0.22153458840052637,0.009741475138239971,0.4833234285065749,0.005527562516280281,11.486197916666667,0.7364946125714846,0.20696255311113204,0.2487894595145038,0.25256785844412627,5.410546875,263.57578125,0.0033774602572310642,37.3984375,27280.246875,0.017619284646197896,68.28125,55454.96875,0.02731972515431767,2207.0,4267.0,13673.0,292.0,2840.0,6717.0,4.454296875,24.709375,26.390625,-0.13592141236156358,653.4337540690103
0.99921875,21.2859375,13927.516145833333,0.2220258672881737,0.009624131569647218,0.4876948769299939,0.005544656811669706,11.488020833333334,0.7406102424820769,0.20750946352370284,0.24904065238747433,0.2530766972467566,5.46328125,332.303125,0.0033700124869806255,37.4671875,27696.8125,0.01732374894292617,68.3953125,54539.071875,0.026940990527034626,2185.0,4262.0,13661.0,307.0,2804.0,6771.0,4.4734375,24.6234375,26.4109375,-0.1347974039728485,657.3161564127604
0.9997395833333333,21.0734375,13954.1328125,0.22182504501211345,0.009663287687114296,0.47993119966826553,0.0054893038551706175,11.450520833333334,0.7576925928672055,0.20738524735372907,0.24887352101379884,0.2525357596439656,5.35,251.63125,0.003323276197447954,37.3359375,27800.628125,0.017519509431330852,67.7046875,54917.64375,0.027167111901563103,2201.0,4298.0,13572.0,291.0,2771.0,6674.0,4.40078125,24.703125,26.396875,-0.13916700332476944,644.602940266927
0.99921875,21.069791666666667,13925.186458333334,0.22162147179597577,0.009674793111118603,0.4766494799271912,0.005488354172093427,11.437239583333334,0.735230137934444,0.2071149007950372,0.2488111521392567,0.2524580754564491,5.371875,263.528125,0.0033454611509948,37.3296875,28229.675,0.017551139190115646,67.6015625,54267.33125,0.027115774872616773,2204.0,4271.0,13593.0,326.0,2705.0,6686.0,4.41328125,24.609375,26.3609375,-0.13732429905916557,643.1920041232638
1.0,21.196875,13933.382291666667,0.22214000229522152,0.009271088045291245,0.4868402586794243,0.005521457410784058,11.69609375,0.741952921519485,0.20773723751478804,0.2490108831401716,0.2528801805720055,5.455859375,227.75,0.0031928140059774486,37.3765625,27992.4375,0.016780550060701956,67.98125,54696.85625,0.026074722187135708,2208.0,4257.0,13597.0,322.0,2791.0,6677.0,4.468359375,25.1453125,27.1578125,-0.13385767506106724,645.7086360677083
0.9997395833333333,21.14375,13955.4359375,0.22165808993000885,0.009567245623591616,0.48015561932954764,0.005507619171659287,11.50625,0.7398265838998916,0.20720474498260213,0.24867977289511023,0.25244978675453406,5.418359375,302.53828125,0.003297702782688158,37.2390625,27588.68125,0.0173332365124922,67.95,54933.78125,0.02687942609830487,2220.0,4279.0,13500.0,330.0,2724.0,6782.0,4.478125,24.7,26.425,-0.13357148898226498,646.4798567708334
0.9994791666666667,21.05,13955.821354166666,0.2216083289793889,0.00933959286530073,0.47786245398151456,0.0054831987496743945,11.444010416666666,0.7517072446555819,0.20717360053067502,0.24873069407348689,0.25222487768014656,5.384375,284.51328125,0.003194677721369699,37.2578125,28179.234375,0.017055431978814546,67.5046875,54417.640625,0.026203414327511033,2209.0,4290.0,13513.0,309.0,2766.0,6639.0,4.4140625,24.6515625,26.35625,-0.13548980787785386,641.7402083333334
0.9989583333333333,21.096875,13918.255729166667,0.2215649575803467,0.009071220861339725,0.4799524593148752,0.005495408960666841,11.514583333333333,0.7312990668049177,0.20707964388377925,0.24877745747441887,0.2522937124725443,5.4375,260.41484375,0.0030579912437261594,37.33125,28263.7828125,0.016603296854297088,67.5,54204.0921875,0.025592063338836624,2204.0,4277.0,13608.0,323.0,2728.0,6646.0,4.46796875,24.790625,26.425,-0.13186995415957437,639.6234277343751
0.99921875,21.119791666666668,13959.592708333334,0.22122348115315246,0.009259683525302957,0.47949802242304795,0.005501378397152036,11.490625,0.7370653514180024,0.20674670335156647,0.248308727049196,0.25204534646345317,5.36171875,299.41484375,0.0031046015207879104,37.3109375,27799.315625,0.016904245355420306,67.9609375,54760.58125,0.02623544971324579,2210.0,4357.0,13589.0,299.0,2764.0,6722.0,4.396484375,24.83125,26.5265625,-0.13558600917004857,645.1538791232638
0.99921875,21.065625,13854.567708333334,0.22234844001546966,0.009587641866053542,0.48547822903532456,0.00548726882000521,11.5046875,0.7357217030114226,0.208055980333452,0.2491117537059086,0.2527549650531013,5.43515625,191.6453125,0.0033705914552698986,37.13125,27595.615625,0.017304160265873482,67.521875,54765.209375,0.02673932510936817,2192.0,4279.0,13476.0,296.0,2734.0,6659.0,4.47890625,24.6921875,26.4203125,-0.1363213788708203,637.4081933593751
0.9994791666666667,21.048958333333335,13945.9375,0.22163508278389052,0.009536045805919113,0.4822437274843331,0.00548292741165234,11.634375,0.7526599693175632,0.2073026904367495,0.24838623108518715,0.2522135038711578,5.43359375,245.59765625,0.003307418180012961,37.0703125,27932.2625,0.017290718067848404,67.4890625,54760.971875,0.026695884047614436,2194.0,4251.0,13505.0,312.0,2785.0,6593.0,4.45859375,25.0,26.971875,-0.13265975749368555,636.1069780815973
1.0,21.119791666666668,13917.059895833334,0.22231822471487045,0.009794963786059289,0.48292332254153414,0.005501378397152036,11.46875,0.7462392108508015,0.20796765213076096,0.24914179542108647,0.25289694434509247,5.425,206.76328125,0.0034147348455719857,37.1359375,27060.690625,0.017685823827045415,67.8828125,55614.615625,0.02742501950702238,2207.0,4285.0,13521.0,292.0,2801.0,6703.0,4.4484375,24.6375,26.38125,-0.13280256946970562,645.1908582899305
0.9989583333333333,21.134375,13917.951041666667,0.2215390368461967,0.009720149357896555,0.47974281720502165,0.005505177129460797,11.636458333333334,0.7395633101680714,0.2070743252919895,0.24853603757689252,0.2524008823323297,5.4203125,266.41640625,0.0033916004050413492,37.2359375,27756.196875,0.017555037520688783,67.8890625,54685.84375,0.02719945700652516,2152.0,4368.0,13495.0,288.0,2791.0,6724.0,4.470703125,24.996875,26.9390625,-0.133498917595102,645.7324641927082
0.9997395833333333,21.243229166666666,13911.480729166668,0.22226550571722944,0.009917818997473652,0.48527939547048243,0.005533531952765477,11.542447916666667,0.7454090764214087,0.20793584020835892,0.249072057097054,0.2527776163728868,5.490234375,239.653125,0.003510631929989441,37.5125,27960.0625,0.01785667394319224,67.9859375,54550.209375,0.027607712321691912,2180.0,4354.0,13572.0,301.0,2766.0,6684.0,4.523828125,24.6953125,26.4640625,-0.13617313621620714,645.5934437391493
0.9997395833333333,21.128645833333334,13896.605208333332,0.22241451510376853,0.009721304375471036,0.488937282618341,0.005503684770339498,11.604166666666666,0.7497719821529815,0.20816649365743797,0.24905851553383976,0.2527626004590194,5.478515625,188.74453125,0.0034267928741493646,37.253125,28306.8875,0.017483524188335615,67.6046875,54317.765625,0.027137130567893148,2221.0,4246.0,13469.0,313.0,2755.0,6651.0,4.5125,24.7828125,26.7921875,-0.13538833674680917,639.5818877495659
1.0,21.130208333333332,13919.760416666666,0.22225703184519194,0.009701878058137912,0.4870680142409684,0.0055040917773725795,11.66328125,0.7480897214690658,0.20793967394801455,0.2490716136503896,0.25271188162870395,5.47109375,215.75,0.0033954757140483944,37.15625,27413.2765625,0.0175223959951853,67.740625,55242.2859375,0.027106969497448598,2214.0,4280.0,13458.0,308.0,2739.0,6698.0,4.497265625,25.0109375,26.9796875,-0.13376536974811648,643.397629123264
1.0,21.092708333333334,13931.316666666668,0.2221402564978353,0.009439954943415988,0.4881908410820076,0.005494323608578623,11.488802083333333,0.7399130821275125,0.20783119203972394,0.2489215174631671,0.2525952533649488,5.45078125,239.6984375,0.003265322344610722,37.1921875,27702.621875,0.01712734126691403,67.5609375,54926.484375,0.026451099015139014,2196.0,4272.0,13477.0,302.0,2759.0,6645.0,4.505078125,24.6015625,26.3109375,-0.13472283458974993,640.5065093315972
0.9994791666666667,21.107291666666665,13965.008854166666,0.2214577537926651,0.00894955355038076,0.4745553496583776,0.005498122340887384,11.42265625,0.733997927256576,0.20690667788873407,0.2486906916905701,0.25242911951048413,5.38671875,290.503125,0.0029485006689402753,37.2921875,27846.525,0.016377033078090457,67.8046875,54781.515625,0.025526285548433003,2218.0,4294.0,13567.0,314.0,2779.0,6708.0,4.41953125,24.5453125,26.3125,-0.13255972466634294,649.1686968315972
1.0,21.156770833333333,13976.221354166666,0.2217393622093765,0.009403364622258463,0.48138859577083876,0.005511010896934966,11.705729166666666,0.7422515447674848,0.20732173013234362,0.24856464261737363,0.25258461010951117,5.440625,254.709375,0.003212540377687237,37.065625,27207.4,0.017004725521996646,68.1125,55631.090625,0.026565300700805195,2226.0,4283.0,13477.0,313.0,2812.0,6742.0,4.4953125,25.096875,27.15625,-0.1311683285504965,646.4478187391494
0.9997395833333333,21.292708333333334,13929.845833333333,0.22208813308307024,0.009420745614354933,0.48890437588176366,0.005546420508813059,11.497395833333334,0.7392495474781077,0.20755079312142408,0.24929576549880447,0.2530298605139206,5.4515625,245.646875,0.003207393640465157,37.609375,28168.5609375,0.01707582022669966,68.340625,54427.9265625,0.026619078897569315,2224.0,4330.0,13657.0,316.0,2774.0,6747.0,4.4921875,24.6703125,26.3453125,-0.13641655966879726,658.3361968315971
1.0,21.290625,13942.85,0.22209702070591378,0.009631711246252596,0.4831215413669397,0.00554587783276895,11.667447916666667,0.7548069866431821,0.20759576848070474,0.2492669627591649,0.25293208755349883,5.46640625,266.65703125,0.0032964665028462183,37.6125,27969.25625,0.017487196223964125,68.265625,54621.215625,0.02711720524216658,2191.0,4385.0,13664.0,308.0,2768.0,6722.0,4.477734375,25.075,27.01875,-0.13528248685577887,655.8962662760417
1.0,21.224479166666665,13943.657291666666,0.22194662767571743,0.009472518530110975,0.4812046967262425,0.005528647868368499,11.652864583333333,0.7408897941154818,0.20743713314090892,0.2488808825619825,0.2530503509286863,5.423046875,239.69921875,0.0032007652383201322,37.3984375,27221.515625,0.017176735440071374,68.25625,55481.63125,0.026855314787313945,2203.0,4294.0,13627.0,315.0,2798.0,6769.0,4.454296875,25.025,27.075,-0.13282840889905773,655.9912757703993
0.9997395833333333,21.347395833333334,13950.326041666667,0.2219202256775014,0.009297931092508347,0.48229270372459043,0.005560665754970912,11.746875,0.7493107570693147,0.20732136916745675,0.2491928439807789,0.25304303341440226,5.480078125,272.57890625,0.0031481909417473176,37.5015625,27211.89375,0.016852587392699563,68.6625,55399.746875,0.026342235395361246,2193.0,4312.0,13654.0,298.0,2843.0,6810.0,4.530078125,25.1734375,27.1875,-0.13217917867895143,660.1256703016493
1.0,21.233333333333334,13944.95,0.22199839346621614,0.009722391113584897,0.4847479310734538,0.00553095424155596,11.468489583333334,0.750662284144427,0.20756519625000047,0.24881071642796887,0.25291885936932623,5.477734375,197.76484375,0.0033350280855317703,37.359375,28015.296875,0.017569696666711893,68.1296875,54863.34375,0.027424537672670418,2200.0,4303.0,13553.0,296.0,2825.0,6714.0,4.5171875,24.465625,26.2765625,-0.13343126234232375,652.0075347222223
0.9997395833333333,21.1890625,13902.417708333332,0.22241286554769835,0.009813370219255907,0.48692373585566806,0.00551942237561865,11.652083333333334,0.7354914829289876,0.2079690897501319,0.2494950157018355,0.25310581858382697,5.4546875,215.70390625,0.0034110363561229242,37.440625,28006.88125,0.017713621792671774,67.875,54544.809375,0.02752245409837197,2166.0,4308.0,13626.0,300.0,2785.0,6658.0,4.483203125,24.9765625,27.003125,-0.1363510066688461,649.6611303710937
1.0,21.069270833333334,13944.6671875,0.22187250121979935,0.00978526310952615,0.488388846699265,0.0054882185030824,11.645572916666667,0.7496600993745829,0.20754519913185837,0.2485614530692534,0.2524927577221091,5.45,191.7859375,0.003434341520723822,37.125,27780.328125,0.017607421985272972,67.490625,55120.53125,0.027366790588988627,2183.0,4251.0,13475.0,311.0,2793.0,6613.0,4.50078125,24.91875,26.9515625,-0.13445681019734265,637.8311390516493
1.0,21.243229166666666,13943.5265625,0.22220815785753814,0.009610672453506166,0.4904144600506598,0.005533531952765477,11.6625,0.7431534557579621,0.20765510522624328,0.2493434614671095,0.2532850647731462,5.4296875,245.6703125,0.0032996268484785395,37.5265625,27261.1125,0.01740397234761907,68.2140625,55417.365625,0.027061554979503778,2189.0,4311.0,13680.0,311.0,2833.0,6656.0,4.475,25.06875,27.00625,-0.1382425648642141,655.2658395724826
0.99921875,21.144791666666666,13945.777604166668,0.22144113113920824,0.009509184983117534,0.48687700134286066,0.00550789050968134,11.440885416666667,0.729814276565348,0.2068001442590562,0.2487950651961622,0.2526511446028622,5.416015625,227.55625,0.0032539725754657327,37.359375,27795.49375,0.017254448459900432,67.8453125,54968.946875,0.026784771136941842,2218.0,4227.0,13595.0,303.0,2732.0,6747.0,4.451171875,24.5484375,26.2921875,-0.13668775036653233,648.4899728732639
0.9994791666666667,21.190104166666668,13938.071875,0.22187202378463783,0.009340474055834954,0.4836949678842535,0.005519693713640705,11.445052083333334,0.7433452132235467,0.20716780401787843,0.2493055124617003,0.253255414174613,5.4390625,275.52734375,0.0031474931419764305,37.3203125,27089.91875,0.01699619020689553,68.0640625,55436.403125,0.026456681560208462,2239.0,4241.0,13582.0,298.0,2783.0,6760.0,4.470703125,24.478125,26.309375,-0.13202709132885457,653.6659437391493
1.0,21.197395833333335,13949.219270833333,0.2221186121329124,0.009314313363199747,0.4829577038294402,0.0055215930797950855,11.460416666666667,0.7401164647780044,0.20750366094703399,0.24949460123075315,0.2532024277785852,5.460546875,242.6984375,0.003142667186202555,37.4171875,28080.6125,0.017005037604178506,67.925,54643.909375,0.02631017383020976,2185.0,4332.0,13580.0,305.0,2774.0,6706.0,4.48671875,24.53125,26.284375,-0.1330617746355998,652.8339515516493
0.9997395833333333,21.205208333333335,13950.400520833333,0.22186636914827698,0.009280286301476731,0.47823704971955777,0.005523628114960493,11.63515625,0.7443631183376725,0.20717993242351168,0.24932853860901227,0.2531499465866027,5.450390625,245.63203125,0.0031080148817452294,37.4046875,27633.7734375,0.01694143021541028,68.025,55086.1015625,0.02630822806646919,2212.0,4194.0,13733.0,314.0,2800.0,6664.0,4.478515625,24.9265625,26.9703125,-0.1350818349047599,653.2162228732639
0.9997395833333333,21.086458333333333,13952.108854166667,0.22176299949735734,0.009206508574156178,0.47965970441191946,0.005492695580446297,11.430989583333334,0.7519636417527047,0.20719142958144188,0.24895705720035077,0.2528552214580258,5.428515625,290.5625,0.003114882988513543,37.11875,27534.15,0.01672226368085456,67.6859375,55016.253125,0.02605725581002834,2187.0,4283.0,13501.0,311.0,2747.0,6704.0,4.492578125,24.3546875,26.2609375,-0.13248566475925194,648.070129123264
0.9997395833333333,21.194270833333334,13929.769791666668,0.2219894312583582,0.009308047068937378,0.4839268622036062,0.005520779065728922,11.46015625,0.7349421276386602,0.2074018681084317,0.24919784491188518,0.25313127020453735,5.502734375,215.69296875,0.003186467257180909,37.284375,27725.0375,0.01689547170010163,67.8703125,54990.809375,0.026206941684799014,2187.0,4311.0,13516.0,302.0,2753.0,6714.0,4.545703125,24.4046875,26.1734375,-0.13208427248735424,649.8836130099827
0.9994791666666667,21.104166666666668,13948.356770833334,0.22161915155804338,0.009419763887652774,0.48151927834028185,0.0054973083268212205,11.390625,0.7479022704837117,0.20693556991149514,0.24905541363616748,0.2529172160661119,5.423046875,206.6421875,0.003209136496913946,37.18125,27867.596875,0.017134426474417586,67.7515625,54995.975,0.026547610863843253,2173.0,4315.0,13482.0,297.0,2746.0,6752.0,4.4640625,24.3234375,26.1640625,-0.1322814164839294,648.6698784722222
0.99921875,21.154166666666665,13948.375,0.22153274737295056,0.009513038072616943,0.4822801609035058,0.00551033255187983,11.450260416666667,0.7418751231041953,0.2069456037555529,0.24869800120687033,0.25271606800862134,5.463671875,257.4953125,0.003269311195157805,37.2765625,27945.9375,0.017208512262194234,67.79375,54714.33125,0.02679247139287621,2180.0,4327.0,13522.0,299.0,2787.0,6667.0,4.500390625,24.4359375,26.2640625,-0.13365909507787488,647.8626909722221
0.9994791666666667,21.19375,13917.733333333334,0.22199250395761555,0.009331571771513626,0.4884378184672651,0.005520643396717895,11.45,0.748894131524624,0.2074542329555107,0.24900816220519265,0.25312992971845816,5.455078125,233.60546875,0.0031995587535499485,37.3453125,27632.05,0.016869386022871614,67.996875,54939.928125,0.02632180959201035,2181.0,4333.0,13528.0,307.0,2788.0,6708.0,4.496484375,24.4390625,26.275,-0.13511216313794971,651.9739192708333
0.9994791666666667,21.213541666666668,13907.765885416668,0.22217120576021046,0.009367440843533314,0.4897556456289686,0.005525798819136928,11.50625,0.7434814632948686,0.20769347673205343,0.24912421445616584,0.2531291131768832,5.50546875,224.6171875,0.003244483372169296,37.4546875,27995.8859375,0.016984304022476127,67.8046875,54552.240625,0.026242407550046577,2141.0,4310.0,13540.0,304.0,2735.0,6723.0,4.54140625,24.5890625,26.2828125,-0.13403304345511444,647.7585666232638
0.9997395833333333,21.136458333333334,13910.978125,0.2223086478944114,0.009364632465406725,0.485240737948384,0.005505719805504906,11.462239583333334,0.7442215760682076,0.20785128918654666,0.2493014736109136,0.2531452570093683,5.498046875,185.7296875,0.0031979459993603824,37.2140625,27514.83125,0.017042229349401826,67.6125,55208.11875,0.026353781445597003,2220.0,4253.0,13499.0,285.0,2729.0,6704.0,4.516796875,24.4921875,26.2140625,-0.13196358390547014,644.1527332899306
1.0,21.142708333333335,13892.322916666666,0.22262511984292052,0.009344895755986316,0.48271162037933885,0.005507347833637232,11.475,0.7421293787259201,0.20819658589847084,0.24965369210233956,0.2533106833613004,5.495703125,194.78515625,0.003231221839336809,37.296875,27750.35625,0.016976747476175762,67.5765625,54824.440625,0.026167739702394898,2182.0,4254.0,13558.0,304.0,2734.0,6670.0,4.515625,24.528125,26.259375,-0.1322736163498287,644.2233843315973
0.9997395833333333,21.050520833333334,13933.325520833334,0.22217440963266621,0.009283714463131278,0.4805224695254251,0.005483334418685422,11.443489583333333,0.7465175544943959,0.20769797414701788,0.24922984395653208,0.2530247172513936,5.493359375,263.62734375,0.0032204567127245404,37.1328125,28576.7484375,0.016859270639400438,67.196875,53968.6953125,0.025961189288489072,2158.0,4307.0,13441.0,284.0,2740.0,6609.0,4.524609375,24.3984375,26.1640625,-0.13202495692583832,638.5099476453993
1.0,21.134895833333335,13910.107291666667,0.22241911621346244,0.009292852715138656,0.4861131278120109,0.005505312798471824,11.452604166666667,0.7423544197737746,0.20803439370951793,0.249374643882284,0.2530024785604188,5.516796875,248.7171875,0.0032102923118417157,37.2484375,27422.61875,0.01685154410874946,67.49375,55043.15625,0.026064402934715614,2150.0,4249.0,13530.0,296.0,2723.0,6647.0,4.526953125,24.396875,26.2109375,-0.13388024528592,641.4911781141493
0.9997395833333333,21.097916666666666,13917.878645833332,0.22227422685225132,0.00932848085215208,0.484529488189445,0.005495680298688895,11.411197916666667,0.7482966327638985,0.2077336716412604,0.24957264570801146,0.25313802884045505,5.4765625,215.68515625,0.0031857890754233937,37.13125,27726.56875,0.017003418680805883,67.55,54917.9625,0.02622431013041302,2161.0,4224.0,13557.0,293.0,2700.0,6723.0,4.494140625,24.3421875,26.1484375,-0.13253136768926743,645.4992664930555
1.0,21.094270833333333,13911.202604166667,0.22249751549247515,0.009060580531783234,0.48348744925467374,0.005494730615611705,11.36484375,0.7312658946692674,0.20799515329180837,0.2496342655701545,0.25337021421746286,5.448046875,236.7140625,0.0030532446296034606,37.1140625,27950.784375,0.01651123317247594,67.659375,54569.575,0.02563927149980962,2203.0,4174.0,13549.0,277.0,2744.0,6750.0,4.512109375,24.165625,25.975,-0.13271800224642663,651.2827796766493
0.9997395833333333,21.003645833333334,13913.2078125,0.22224412737239732,0.009187482428487293,0.4825998693263259,0.005471124207692976,11.373177083333333,0.751035286532596,0.20781522509866304,0.24919155741581722,0.2530123064239147,5.439453125,227.66875,0.0031208385430143417,37.0234375,27978.884375,0.0167277615652152,67.240625,54589.6875,0.02591377883365119,2186.0,4204.0,13488.0,281.0,2740.0,6645.0,4.49609375,24.215625,26.0390625,-0.13414335993808352,642.5770700412326
1.0,20.983333333333334,13918.4390625,0.22238306168342842,0.009545913526989849,0.47951487600976306,0.005465833116262916,11.4203125,0.7143318109610802,0.20802578316567927,0.24925527076585982,0.2529399666719935,5.438671875,218.7296875,0.0033056424034580987,37.0546875,27807.834375,0.017351815794226316,67.090625,54827.88125,0.026701095753880383,2191.0,4242.0,13466.0,290.0,2718.0,6615.0,4.4828125,24.4203125,26.1703125,-0.13294995760252185,635.9148263888889
0.9997395833333333,20.996354166666666,13900.053645833334,0.222368633885089,0.009335854291029953,0.4808600299733046,0.005469224841538595,11.387239583333333,0.7501798427306328,0.20794695455669432,0.24941466514485988,0.25300931993889686,5.43828125,215.6484375,0.0031997093944111385,36.990625,27320.896875,0.016987375373596632,67.234375,55216.83125,0.02622891279493853,2207.0,4210.0,13488.0,296.0,2756.0,6606.0,4.45390625,24.3625,26.1453125,-0.13324238743589092,638.3442575412327
1.0,21.077604166666667,13885.076041666667,0.22284287249012286,0.00949539947353121,0.48612252800014305,0.005490389207258835,11.42578125,0.7521559712372433,0.20848616511272847,0.2497524707162396,0.25336010377358364,5.491015625,212.73359375,0.0033240194104419835,37.221875,27317.278125,0.017217924333213674,67.2796875,55142.24375,0.026458394866205652,2207.0,4206.0,13545.0,291.0,2755.0,6572.0,4.5171875,24.3796875,26.10625,-0.13487896800368374,640.5866859266492
1.0,20.965104166666666,13946.425,0.22201984181245896,0.009202011741215885,0.4835404385571497,0.005461084700876965,11.397395833333333,0.7505279109631581,0.2076628843624837,0.24889242390026056,0.25257508952455826,5.412890625,224.74296875,0.0031503373129828753,37.028125,27677.1390625,0.016731842354377878,67.1109375,55102.4390625,0.02587887884098594,2179.0,4180.0,13494.0,278.0,2743.0,6614.0,4.466015625,24.365625,26.1546875,-0.13555538774950882,637.195657280816
0.9994791666666667,20.9984375,13893.2234375,0.22212887627119177,0.009052079064671177,0.4803243570829946,0.005469767517582704,11.402864583333333,0.7271870426867079,0.20768791320650326,0.2492022150864739,0.25281938971466383,5.430859375,173.715625,0.0030737093410034217,37.175,27993.834375,0.016523994800915667,67.0921875,54670.64375,0.0254936422230977,2167.0,4219.0,13526.0,307.0,2708.0,6628.0,4.466796875,24.384375,26.165625,-0.1326765061338687,639.1343725585938
0.9994791666666667,21.063541666666666,13890.647916666667,0.22235852789197028,0.00909938628941694,0.48127877355336673,0.005486726143961101,11.386197916666667,0.742792146778102,0.20796670112310398,0.2492044824892375,0.2530798803701685,5.508203125,176.7203125,0.0031043451000854552,37.0796875,28058.084375,0.016505937433199926,67.26875,54578.921875,0.025672999902959886,2195.0,4165.0,13516.0,296.0,2798.0,6591.0,4.503125,24.265625,26.0390625,-0.12915290144948152,637.4813791232639
0.9994791666666667,21.041145833333335,13923.044791666667,0.22196738286102308,0.008947486648649774,0.4826500415135972,0.005480892376486932,11.358333333333333,0.7433104779821282,0.20747733654764694,0.24904470213250515,0.25285024884304547,5.48671875,206.65,0.003026822223598511,36.996875,27586.565625,0.01621281290427056,67.303125,55125.103125,0.025364818093234032,2189.0,4149.0,13468.0,308.0,2746.0,6668.0,4.5390625,24.1234375,25.8703125,-0.12980713849235867,640.7227861870659
0.9994791666666667,20.978125,13889.916145833333,0.22225537962912723,0.00880707931573473,0.4837139315905558,0.005464476426152644,11.195572916666666,0.7396345399473658,0.2078707701689792,0.2490869336611262,0.25296226343772027,5.4703125,152.77109375,0.0029784143344522445,36.934375,28003.925,0.015971055011532755,67.053125,54724.4875,0.024957763545066635,2160.0,4263.0,13334.0,271.0,2709.0,6688.0,4.4875,23.8,25.4234375,-0.13049342791788632,634.2458756510417
0.9994791666666667,21.090625,13846.524479166666,0.22279217715073715,0.008845176273403725,0.4815237281507376,0.005493780932534514,11.350260416666666,0.7494443621277226,0.20834066712223,0.24978444500346947,0.25360594941203335,5.47734375,179.67265625,0.0029875075959066725,37.16875,27857.509375,0.016078894356153856,67.465625,54502.946875,0.0250421329006418,2157.0,4321.0,13393.0,279.0,2734.0,6727.0,4.510546875,24.1453125,25.9140625,-0.1319941325360052,645.2813704427083
0.9997395833333333,21.108333333333334,13877.658854166666,0.22260802308475766,0.008930612331759825,0.4811634375585055,0.005498393678909438,11.34375,0.7314696012633242,0.20815689233717122,0.24962085247706245,0.25339971668279854,5.505078125,197.728125,0.0030284114767626397,37.259375,28214.01875,0.016216375976660917,67.3703125,54261.021875,0.02525365210684748,2192.0,4250.0,13498.0,310.0,2694.0,6683.0,4.50859375,24.14375,25.884375,-0.13144267512096977,642.9132638888889
0.9997395833333333,21.0453125,13872.344791666666,0.22263883119092195,0.009183311370220165,0.4867362795917645,0.00548197772857515,11.407552083333334,0.7477664761056253,0.20822333166620205,0.249512528638196,0.2534271318425275,5.4796875,176.7578125,0.003140877627340453,37.0484375,27931.8984375,0.016662821910368757,67.3046875,54595.1390625,0.02587353580159043,2162.0,4194.0,13475.0,300.0,2727.0,6651.0,4.515625,24.28125,26.1015625,-0.13271022523330828,639.5437801106771
0.9997395833333333,21.113541666666666,13914.783854166666,0.2222692908077508,0.009179462252885719,0.48682456150725495,0.00549975036901971,11.437760416666666,0.749962997681188,0.20785465295866837,0.24916513507764323,0.25303199793418807,5.48828125,230.66875,0.0031495191112808447,37.0953125,27236.8,0.016619357354280162,67.6328125,55329.228125,0.025859339717910775,2177.0,4205.0,13459.0,304.0,2727.0,6738.0,4.5375,24.3203125,26.15625,-0.1318601113100838,645.2298166232638
1.0,21.127083333333335,13945.454166666666,0.2220775128788402,0.009418882599736417,0.4845858875024051,0.005503277763306416,11.436197916666666,0.7582339019820531,0.20760397900481528,0.24905500106293327,0.2529941601908467,5.49296875,233.7125,0.003239657616447264,37.25,27704.471875,0.017074123178123173,67.540625,55033.403125,0.026480541954506276,2182.0,4194.0,13526.0,312.0,2719.0,6702.0,4.52578125,24.3484375,26.165625,-0.13282166054341227,643.4536414930556
0.9997395833333333,21.092708333333334,13934.183854166668,0.22195079931503497,0.00937081289686414,0.47995919587531477,0.005494323608578623,11.439322916666667,0.7372709763445109,0.20738447507792798,0.24932919104341328,0.25283770453508464,5.471875,251.64453125,0.0032225991226487996,37.3125,28013.65,0.017058647247709946,67.35625,54584.875,0.026275833642879685,2182.0,4244.0,13553.0,288.0,2761.0,6599.0,4.529296875,24.390625,26.128125,-0.13451954481511172,644.2638009982638
1.0,21.102083333333333,13982.036979166667,0.22167432560013012,0.009366162327003873,0.4770485977282509,0.005496765650777112,11.429427083333334,0.7271201500641722,0.20714842841266795,0.24893340547570103,0.25251883447440804,5.498828125,275.6453125,0.0031948568049747967,37.1390625,27692.290625,0.01708808181212862,67.478125,55097.35,0.026329464929995418,2204.0,4236.0,13490.0,292.0,2744.0,6680.0,4.49453125,24.4203125,26.178125,-0.13003674684173788,643.4463498263889
1.0,21.178645833333334,13993.084375,0.22156115886820332,0.009411471142747312,0.4783302058225039,0.005516708995398107,11.393489583333333,0.7240734820352654,0.2069428154100703,0.2489797084899379,0.25261598307900074,5.502734375,290.61640625,0.0031638382210342764,37.3703125,27823.903125,0.01717214122596422,67.690625,54972.1375,0.02664133274638254,2162.0,4270.0,13552.0,306.0,2751.0,6715.0,4.521484375,24.2640625,26.0109375,-0.13119982484471132,648.2222523328994
0.9994791666666667,21.134895833333335,13905.340625,0.22206719862548993,0.009261191720307675,0.4811655151621334,0.005505312798471824,11.380208333333334,0.7410483254885532,0.2074273270749067,0.2494215496288179,0.2532723338244948,5.451953125,236.59609375,0.003100110861593848,37.159375,27489.6984375,0.016926201010751003,67.8421875,54995.9609375,0.026240505864719654,2152.0,4333.0,13520.0,318.0,2700.0,6769.0,4.473828125,24.2984375,26.0875,-0.13311437822258873,651.6479489474826
0.9997395833333333,21.158854166666668,13938.950520833334,0.22188286570293833,0.009453806149052814,0.4803485916188806,0.0055115535729790745,11.557291666666666,0.7547076923076923,0.2073071469715943,0.2491257777674823,0.25294282856377026,5.443359375,236.6390625,0.003179776295777461,37.2171875,27598.0953125,0.017254839717704067,67.9625,55089.0515625,0.02674889199350297,2181.0,4249.0,13625.0,308.0,2746.0,6745.0,4.47421875,24.753125,26.69375,-0.13219379908303155,653.1341403537325
0.9997395833333333,21.216145833333332,13910.403125,0.22244609169964016,0.009526308382479781,0.4840222681567711,0.005526477164192064,11.436979166666667,0.7564502270774518,0.20782216457973335,0.24982651915740717,0.25356137272150076,5.4421875,221.690625,0.0032492990580805666,37.3125,27452.9375,0.017338877948748208,68.215625,55122.71875,0.026821776113808222,2169.0,4273.0,13636.0,305.0,2733.0,6790.0,4.481640625,24.4578125,26.2375,-0.13594297431499783,658.6340101453993
1.0,21.0109375,13958.55,0.22192294232315274,0.009466341772502943,0.4830168843871054,0.005473023573847356,11.530208333333333,0.7624996901415434,0.2073961451566718,0.24917040117152783,0.25278267214070144,5.401171875,200.79140625,0.003213096766125563,36.93125,27707.3,0.01727230570387554,67.5296875,55240.834375,0.02667335786663988,2167.0,4170.0,13542.0,322.0,2749.0,6682.0,4.4546875,24.66875,26.69375,-0.13332115566685596,644.3113387044272
0.9989583333333333,21.185416666666665,13883.427083333334,0.22205712077319112,0.009396759098123096,0.48674495104639093,0.005518472692541461,11.448697916666667,0.7421083685711476,0.20745167183870966,0.2495164263821144,0.2530196109021938,5.48125,170.6296875,0.003193285283398858,37.2296875,27325.49375,0.01714153175445903,67.9578125,55292.55,0.02646588170068411,2171.0,4246.0,13610.0,317.0,2751.0,6711.0,4.508203125,24.4296875,26.2296875,-0.13341728507823397,651.5635373263889
1.0,21.161458333333332,13950.417708333332,0.22193173993496623,0.009307800936390973,0.4802966784843477,0.0055122319180342105,11.438541666666667,0.7375092296332759,0.20742455872631851,0.24920434369248284,0.2526878610120402,5.4828125,197.76796875,0.0031621432798171712,37.3421875,28368.06875,0.0170005271096701,67.6953125,54543.365625,0.026197705389407057,2195.0,4281.0,13595.0,322.0,2782.0,6612.0,4.5,24.4453125,26.1859375,-0.13301140446607546,648.214035373264
1.0,21.079166666666666,14028.678125,0.22100963628883147,0.009502478428389418,0.4754208188436995,0.005490796214291917,11.401822916666667,0.7558064834947618,0.20644285713521357,0.24834791878573634,0.2519384704063981,5.44765625,323.6,0.003205843764762272,37.0796875,27571.88125,0.017368753921820464,67.6046875,55305.7875,0.02682274158946696,2176.0,4217.0,13602.0,321.0,2725.0,6689.0,4.454296875,24.4375,26.15625,-0.13062702837674994,647.1228993055555
0.9994791666666667,21.254166666666666,13950.153125,0.2214666115981359,0.009570903646461508,0.47780968191924866,0.0055363810019970474,11.648697916666666,0.7107920015683199,0.20682369214419088,0.24888864908544286,0.2526162519266091,5.509375,290.490625,0.00324685951542686,37.4328125,27702.5125,0.017461146190124933,68.0546875,54836.44375,0.026976837626936666,2206.0,4247.0,13690.0,320.0,2760.0,6726.0,4.50859375,24.9046875,26.953125,-0.13011315448642044,651.9135243055556
1.0,21.193229166666665,13972.784895833332,0.2217645310217128,0.009470519103059396,0.48319156265835705,0.005520507727706868,11.45234375,0.7363790518787938,0.20716102843708056,0.24910143054117428,0.25284164184078045,5.425,221.76015625,0.00319761843688362,37.471875,28208.459375,0.017298076997491092,67.9875,54741.209375,0.026734563873330806,2191.0,4258.0,13704.0,315.0,2733.0,6742.0,4.4625,24.5390625,26.325,-0.1348673473305244,652.9970374891493
1.0,21.307291666666668,13930.523958333333,0.22218765700597817,0.009625910618072627,0.48900687646281565,0.00555021924112182,11.66171875,0.7340503544365681,0.2076418279679519,0.24945799491149456,0.253100635252567,5.455078125,209.76171875,0.00330579519078351,37.621875,27217.771875,0.01749990087296312,68.4015625,55526.325,0.027032382072338608,2205.0,4237.0,13734.0,293.0,2806.0,6760.0,4.495703125,25.0640625,26.9234375,-0.13721454053161858,657.6654676649305
0.99921875,21.1296875,13928.426041666668,0.22189186156788088,0.009340059627950705,0.4843931751728735,0.005503956108361552,11.387239583333333,0.7282900737015948,0.2072566375357005,0.24924520279701096,0.25307941646747223,5.428125,218.58984375,0.0032174459383584922,37.2734375,27459.490625,0.01690211956749097,67.7921875,55236.70625,0.026268454446779287,2175.0,4234.0,13548.0,293.0,2789.0,6696.0,4.465234375,24.35625,26.10625,-0.13632405309847245,652.2545353190103
1.0,21.199479166666666,13918.733333333334,0.22241539813432176,0.009417015018637365,0.4844620867534944,0.005522135755839194,11.42890625,0.7179814755669115,0.2078094730261099,0.2497044977280966,0.2535499989733944,5.487109375,203.78828125,0.003236277435207824,37.215625,27482.165625,0.017014534257035703,68.0328125,55215.08125,0.026542446113957185,2125.0,4317.0,13580.0,273.0,2767.0,6736.0,4.53203125,24.334375,26.1109375,-0.13490124424774708,653.1143747287327
0.99921875,21.318229166666665,13868.715625,0.2225858630102688,0.00919957263548546,0.4866888812761807,0.005553068290353391,11.494791666666666,0.7455229532628082,0.2079172026779365,0.24995329237671043,0.25389307497315666,5.53125,230.54765625,0.0031953815582329965,37.45,27392.653125,0.016576786400386095,68.334375,54897.45,0.025839123179594675,2159.0,4292.0,13643.0,300.0,2798.0,6733.0,4.5890625,24.40625,26.20625,-0.1347169291553215,660.1591468641492
1.0,21.189583333333335,13969.003645833332,0.22190200959852102,0.00923634303843653,0.4761123099633365,0.0055195580446296775,11.423177083333334,0.7417412250516173,0.20725956835176956,0.24917341859704462,0.2532003655870033,5.460546875,233.721875,0.0031314094183322594,37.3140625,27498.86875,0.016761723028194724,67.98125,55380.265625,0.026130697529095415,2154.0,4271.0,13642.0,296.0,2765.0,6762.0,4.49453125,24.38125,26.1796875,-0.1313219857342804,653.3854123263889
0.9994791666666667,21.169791666666665,13896.267708333333,0.22220152916252628,0.009152755613751987,0.4831163887447089,0.005514402622210645,11.40859375,0.7496924666633863,0.20757349299283737,0.24950722583414767,0.25340797716966057,5.453125,194.646875,0.0031011117154262175,37.3359375,27234.95625,0.016632355628854033,67.8703125,55364.0625,0.025879731191953026,2180.0,4252.0,13629.0,328.0,2732.0,6687.0,4.479296875,24.3359375,26.1984375,-0.13490905082304888,650.0123166232638
1.0,21.156770833333333,13923.620052083334,0.2222452017852133,0.009335689941474127,0.48852210761956183,0.005511010896934966,11.590104166666666,0.743802466704414,0.20770460145609926,0.24935499789260085,0.25329780699428184,5.421875,176.79765625,0.00321773941031898,37.29375,27921.134375,0.016883362560867594,67.959375,54913.3953125,0.02625981944670126,2151.0,4252.0,13629.0,301.0,2764.0,6705.0,4.503125,24.7359375,26.7921875,-0.1374954280558702,652.7483395724828
1.0,21.181770833333335,13919.5640625,0.22244570193196408,0.009619436626835228,0.4858873148116834,0.00551752300946427,11.567447916666667,0.7288844082716566,0.2078604470235942,0.24976497512178852,0.2534674483756191,5.4234375,191.80078125,0.003345197368027746,37.4734375,28541.28125,0.017365348124780362,67.9234375,54208.9,0.026970482164120006,2169.0,4270.0,13670.0,306.0,2741.0,6696.0,4.497265625,24.740625,26.675,-0.13978623523584943,652.139876030816
0.9997395833333333,21.1390625,13931.246354166668,0.22206160185342552,0.009601709454460951,0.48166568031173695,0.005506398150560042,11.577864583333334,0.74688939808313,0.20743164699437772,0.24929996712983593,0.25334305601320606,5.421875,227.68125,0.0032881318415850644,37.3265625,27553.890625,0.017413516062245196,67.8203125,55122.8625,0.027044213298180252,2198.0,4294.0,13530.0,314.0,2754.0,6725.0,4.485546875,24.7859375,26.7390625,-0.13391550870326768,649.1468074544271
0.9997395833333333,21.108333333333334,13943.323958333332,0.22193456247485385,0.009624730587553112,0.4828439465910631,0.005498393678909438,11.565625,0.7350227003553099,0.20740320606686638,0.24921168994127899,0.2527828606403787,5.448828125,236.6765625,0.0033505347350193766,37.2890625,27689.35,0.0174198394921663,67.565625,55023.8875,0.026926405093074857,2167.0,4239.0,13544.0,301.0,2720.0,6685.0,4.490234375,24.7484375,26.684375,-0.13521059577456304,645.7528472222222
0.9997395833333333,21.004166666666666,13971.5078125,0.22159253886244035,0.009665100102248195,0.4812655439101346,0.005471259876704003,11.37265625,0.7422138464590359,0.2070721335884441,0.24870871206952402,0.2525579867513418,5.43125,260.61875,0.0033320885077954268,36.9765625,27327.6171875,0.017489489341362636,67.3234375,55458.9546875,0.02717275724094483,2185.0,4215.0,13456.0,307.0,2694.0,6718.0,4.453515625,24.303125,26.11875,-0.13022621971863066,639.418732638889
1.0,21.206770833333334,13927.471875,0.22229282032246905,0.009763270836225997,0.4830472119196311,0.005524035121993575,11.4609375,0.7443573937176118,0.207832712869127,0.24924589766043387,0.25318017279787264,5.524609375,212.74921875,0.0034025932470918307,37.24375,27197.59375,0.017586131230692338,67.8984375,55516.240625,0.027383120798296336,2166.0,4237.0,13617.0,282.0,2751.0,6733.0,4.549609375,24.396875,26.1703125,-0.1309037237502206,647.4614124891493
1.0,21.189583333333335,13926.558854166668,0.22227667260765432,0.009805698303400771,0.4865198831150716,0.0055195580446296775,11.619791666666666,0.7343918985350506,0.20781684567106046,0.2491288996950828,0.2532637532666014,5.4671875,197.79609375,0.003397309461780735,37.2765625,27287.3,0.017690326137246176,67.9921875,55480.86875,0.027554625836035507,2176.0,4261.0,13567.0,305.0,2726.0,6779.0,4.5203125,24.7984375,26.8390625,-0.1338510783040092,649.6791623263889
0.9997395833333333,21.195833333333333,13890.680208333333,0.2224846392782066,0.009778253682202316,0.48521821682211363,0.005521186072762004,11.612239583333333,0.7431197169254964,0.20794254133232695,0.2496266335082468,0.2535110368316853,5.44375,182.7640625,0.003399607634806372,37.3671875,28162.115625,0.01763937134121769,68.0328125,54450.909375,0.027431720212770717,2168.0,4322.0,13603.0,284.0,2803.0,6690.0,4.49296875,24.8546875,26.846875,-0.1366988286280071,654.2173784722222
0.9994791666666667,21.230208333333334,13883.375520833333,0.22246943188963364,0.009710892137133364,0.4835668343601224,0.005530140227489798,11.633854166666667,0.7454737255286786,0.2079330609903116,0.24957671616926955,0.2535076312072856,5.47578125,164.73046875,0.0033784144073045557,37.396875,28045.46875,0.017531531437126435,68.08125,54595.8625,0.02722016375645552,2172.0,4317.0,13630.0,296.0,2800.0,6673.0,4.50078125,24.859375,26.940625,-0.13538839826726598,655.6037749565971
1.0,21.230729166666666,13940.4984375,0.2221913229912884,0.009612003344490189,0.4777340142171402,0.005530275896500825,11.44140625,0.7378750337315703,0.20760991378202842,0.24935867521479227,0.25334960760482444,5.50234375,245.696875,0.003325257598782537,37.315625,27616.540625,0.017361030115469737,68.059375,55043.6625,0.027009959556341258,2196.0,4273.0,13594.0,298.0,2810.0,6708.0,4.509765625,24.38125,26.228125,-0.13137022514459812,654.4821807183159
0.9994791666666667,21.239583333333332,13937.907291666666,0.22178045303197194,0.009642076580790741,0.48300636025979155,0.005532582269688287,11.6375,0.7433300637567435,0.2071291087459291,0.24914631535195692,0.25301996785615855,5.448046875,254.5609375,0.0033023263669063425,37.35625,27394.9125,0.017469511004209598,68.2890625,55214.2875,0.027173643012909476,2221.0,4256.0,13661.0,303.0,2803.0,6731.0,4.48671875,24.9421875,26.9359375,-0.1341444459506533,655.7894748263891
0.9997395833333333,21.301041666666666,13913.5296875,0.22230928836852767,0.009555674804306136,0.4832692380372928,0.0055485912129894935,11.6234375,0.7516259963812412,0.20768340366788926,0.24967391263723684,0.2534482029023722,5.4796875,227.65703125,0.003259860952163608,37.35,27011.490625,0.017330679012169687,68.5375,55559.059375,0.026963926005012694,2195.0,4292.0,13698.0,293.0,2812.0,6765.0,4.50078125,24.85,26.8875,-0.13354692748791286,662.5937489149306
0.9997395833333333,21.229166666666668,13911.665104166666,0.2222721167102903,0.009442087359341688,0.48566267687599246,0.005529868889467744,11.420833333333333,0.7457311089303238,0.2076870823268692,0.24942802092136146,0.25345635003290357,5.444140625,245.6328125,0.0032250472353733913,37.3140625,27891.2125,0.017078374763370888,68.284375,54596.246875,0.026673960451185686,2159.0,4384.0,13556.0,300.0,2765.0,6795.0,4.508203125,24.3140625,26.178125,-0.13316211439150644,659.7662326388888
0.9997395833333333,21.209375,13945.497395833334,0.22202456022467032,0.009581596776516477,0.4869914352281172,0.005524713467048711,11.578645833333333,0.7427925936840037,0.20748765216289095,0.24911153767209906,0.25308521502435893,5.48359375,230.68515625,0.003293408970061072,37.2171875,27320.0828125,0.017328656925313015,68.1046875,55430.1609375,0.02698728785354155,2139.0,4361.0,13494.0,313.0,2724.0,6798.0,4.523046875,24.6984375,26.68125,-0.13134212869049203,652.1160579427085
0.9994791666666667,21.1765625,13905.2109375,0.22211760004667547,0.009663827980615524,0.485595104577389,0.005516166319353998,11.437760416666666,0.7319658624166852,0.20760594735155316,0.24919596938212782,0.2530858414917124,5.45703125,191.62890625,0.0033138515022049634,37.25,27579.8875,0.017493320793583508,67.98125,55084.8625,0.02723424108128979,2163.0,4326.0,13514.0,307.0,2743.0,6769.0,4.495703125,24.4515625,26.1921875,-0.13301929887365452,648.1672631835937
0.9997395833333333,21.141666666666666,13943.370833333332,0.22190452787377174,0.009611732188330861,0.48538513945032746,0.005507076495615178,11.440885416666667,0.7280252266456445,0.20746879156785938,0.24896064654635836,0.25259135442483466,5.478125,233.67109375,0.0033084156937268254,37.2984375,28049.315625,0.017447948923084843,67.6390625,54676.225,0.026988781431993025,2167.0,4325.0,13514.0,299.0,2745.0,6661.0,4.50390625,24.440625,26.1890625,-0.13440378830342117,644.1559722222222
0.9994791666666667,21.316145833333334,13850.680208333333,0.22293193126659805,0.009602313914422405,0.48728187531305023,0.005552525614309282,11.670833333333333,0.7389254037676839,0.2084254085600799,0.2500561282396491,0.25383382511961977,5.548046875,221.62578125,0.003349724965504594,37.5515625,27708.6,0.017356984137027055,68.153125,54508.978125,0.026857999487488998,2192.0,4286.0,13658.0,288.0,2740.0,6734.0,4.559375,24.890625,26.896875,-0.13444009234961296,655.6510934787326
0.9997395833333333,21.284895833333334,13921.2984375,0.22230025067258807,0.009451725094961533,0.4870721490071385,0.005544385473647651,11.45390625,0.7481831306433063,0.20775116309155378,0.2494438520779907,0.2533529995913227,5.4921875,275.5546875,0.0032708564532118053,37.5875,28185.60625,0.017102119963866094,68.153125,54239.965625,0.026524804793055884,2176.0,4276.0,13677.0,287.0,2791.0,6721.0,4.503515625,24.425,26.284375,-0.1355422202210914,656.4448760308159
0.9997395833333333,21.086458333333333,13933.941666666668,0.2219487638343941,0.009689418797396656,0.4854845024968795,0.005492695580446297,11.5828125,0.7516919428938399,0.20751137147777543,0.24896036245446568,0.2526867346407973,5.4546875,209.6828125,0.0033646210124140844,37.2609375,28325.49375,0.017559666859820227,67.4390625,54439.425,0.02711836187490337,2188.0,4244.0,13556.0,290.0,2771.0,6581.0,4.47734375,24.7796875,26.8078125,-0.13701008375549806,640.1685666232639
0.9994791666666667,21.126041666666666,13933.450520833334,0.22188948870994113,0.009774847195252711,0.48279558526612276,0.005503006425284362,11.562239583333334,0.7263695084068833,0.2074534729492991,0.24873435859152632,0.25278868187092424,5.46328125,269.53046875,0.0034356766379024023,37.1484375,27337.8765625,0.01758334710054612,67.7546875,55184.7046875,0.027323029519360532,2191.0,4228.0,13521.0,311.0,2772.0,6680.0,4.495703125,24.6859375,26.7046875,-0.1333778434559445,644.043488498264
0.9997395833333333,21.15,13924.314583333333,0.22206382918695636,0.009739904842295383,0.4817434006447275,0.005509247199791612,11.466666666666667,0.7316292356185973,0.20759056277181692,0.24901081035632777,0.2530099136781427,5.45859375,242.62734375,0.003396863066914785,37.303125,27605.225,0.01761820103716298,67.7625,54970.153125,0.027233775748950174,2198.0,4254.0,13558.0,294.0,2807.0,6656.0,4.49765625,24.4953125,26.3140625,-0.13364778077229825,647.2816666666665
1.0,21.151041666666668,13874.880208333334,0.22287228292299294,0.00968468903211633,0.4849269438430388,0.005509518537813667,11.429947916666666,0.7459000246244767,0.20848661398083465,0.2497925480790244,0.2534946935355948,5.48984375,194.77265625,0.003410403844982064,37.2375,27593.821875,0.017448984784190484,67.709375,54876.36875,0.027017534028579242,2157.0,4235.0,13624.0,295.0,2752.0,6643.0,4.5265625,24.3390625,26.134375,-0.13569875659799244,647.1292697482639
0.9997395833333333,21.180208333333333,13883.897395833334,0.22260346458339267,0.00957200483428542,0.48370525268423187,0.005517116002431189,11.591927083333333,0.7391186740766242,0.2081812585463653,0.24954489266200736,0.25335086065288753,5.47265625,188.72890625,0.0033352912887582888,37.396875,28057.09375,0.01729826016105595,67.79375,54491.375,0.026792603689623423,2181.0,4249.0,13602.0,306.0,2782.0,6661.0,4.502734375,24.78125,26.759375,-0.13459235489058682,649.3159624565973
0.9997395833333333,21.043229166666666,13941.714583333332,0.22193321264508653,0.009652299389170381,0.47797553708711615,0.005481435052531041,11.410677083333333,0.7530628913694528,0.2074642653293739,0.24885259821691616,0.2528896163361075,5.4765625,224.65703125,0.0033642847752266224,37.0625,27764.546875,0.017420602430010763,67.290625,54987.1125,0.02703605480410503,2200.0,4193.0,13453.0,318.0,2743.0,6649.0,4.5296875,24.259375,26.0859375,-0.13160950137712246,638.0590687391493
0.9986979166666666,21.1203125,13890.279166666667,0.2215669956787881,0.009554725996880663,0.4830126436906847,0.005501514066163064,11.359895833333333,0.7446425488890533,0.20698385775093983,0.24879458777748664,0.2526719552914825,5.4421875,233.38203125,0.003292612782618905,37.259375,27691.6125,0.017323644450903713,67.69375,54716.534375,0.026834260399904653,2154.0,4289.0,13544.0,317.0,2713.0,6712.0,4.476953125,24.2828125,25.96875,-0.135187788843121,647.9178165690105
1.0,21.055208333333333,13943.18125,0.222164441833591,0.009745911841444504,0.48346926149850705,0.0054845554397846665,11.519791666666666,0.7317815267402167,0.20771770766912478,0.24914610378048777,0.2529697165445592,5.41484375,224.74296875,0.003410258773971127,37.259375,28114.278125,0.01762435133802641,67.4125,54645.8375,0.02721008461475611,2191.0,4201.0,13573.0,308.0,2754.0,6613.0,4.47578125,24.678125,26.5375,-0.1370093352396262,641.8058062065973
0.9997395833333333,21.1484375,13891.978645833333,0.22257763958454552,0.009718015859953596,0.48792074386370693,0.005508840192758531,11.437760416666666,0.7229405245659402,0.20818541839154875,0.2495111515244992,0.2532130124165789,5.52109375,182.7453125,0.0034242561456783163,37.30625,27621.05,0.0175493077901193,67.5,54999.840625,0.02706176278688901,2211.0,4173.0,13531.0,319.0,2681.0,6715.0,4.54609375,24.35,26.0921875,-0.13169137352229357,642.7654663085938
1.0,21.146354166666665,13879.2296875,0.22289026632141756,0.009715637667786494,0.48596405938504716,0.005508297516714422,11.420572916666666,0.7367798822689097,0.20849377978436512,0.2497406825390283,0.2536257962520167,5.546484375,209.76640625,0.0034278906808668983,37.31875,28246.009375,0.017510590469425474,67.3734375,54190.303125,0.027071672813825897,2182.0,4215.0,13532.0,284.0,2761.0,6602.0,4.562890625,24.2328125,26.0390625,-0.1340730630735068,641.5978512912327
0.9994791666666667,21.066666666666666,13859.065625,0.22258386534460822,0.009697573487484864,0.48998792771849514,0.005487540158027264,11.354166666666666,0.7440911787974683,0.20816617874001495,0.24958741272042717,0.2532510643871624,5.45390625,182.69453125,0.003435893108414246,37.2734375,28338.759375,0.01748204039246152,67.3109375,54084.85625,0.02695982809879068,2169.0,4239.0,13518.0,292.0,2717.0,6617.0,4.490234375,24.2109375,25.953125,-0.13920024321005225,640.772638888889
1.0,21.121875,13903.943229166667,0.2226262558066027,0.00959237170280407,0.48679646197455784,0.005501921073196145,11.419270833333334,0.7423188834640233,0.20820664094737068,0.24962126367791065,0.2533097073722229,5.466015625,203.7796875,0.0033611043920321647,37.25625,27458.40625,0.017333476962055498,67.6109375,55150.134375,0.026776335686640264,2179.0,4245.0,13516.0,315.0,2725.0,6665.0,4.517578125,24.3609375,26.084375,-0.1366842458657969,646.3450423177084
0.9997395833333333,21.1640625,13883.433854166668,0.22241429488010425,0.009471020677684424,0.4815337648514737,0.0055129102630893465,11.392708333333333,0.7392641811246462,0.20790484666119918,0.24939096813488923,0.2534754145009395,5.45,215.6828125,0.0032706178071763735,37.246875,27538.034375,0.017074711603501415,67.9375,54899.8375,0.026668941233899634,2143.0,4324.0,13521.0,320.0,2770.0,6714.0,4.50234375,24.2328125,26.1140625,-0.1337587530933186,652.8939168294271
0.9997395833333333,21.184895833333332,13889.111458333333,0.22257389632743407,0.009589441667319143,0.4828335184364619,0.005518337023530434,11.409114583333333,0.7601475107559926,0.20807668264198229,0.24967985115673946,0.2534567962399358,5.459375,182.771875,0.0033360956924978215,37.4578125,27981.375,0.017311860323597935,67.8140625,54622.20625,0.026880406910325637,2179.0,4270.0,13639.0,311.0,2774.0,6641.0,4.507421875,24.3328125,26.0921875,-0.1359860853676489,652.3522718641493
1.0,21.1734375,13902.4703125,0.22258223707740987,0.009613155721728444,0.48606126301070113,0.005515352305287835,11.428125,0.7531301502964111,0.20811686728625806,0.24960110474921482,0.2534248485702121,5.440625,209.759375,0.0033673292010944723,37.390625,27767.0875,0.017284619483103305,67.8875,54808.696875,0.026924998042889475,2145.0,4287.0,13630.0,316.0,2723.0,6702.0,4.49609375,24.403125,26.18125,-0.1380324583281244,651.109502766927
0.9997395833333333,21.197395833333335,13870.0921875,0.22279306825129855,0.009491121875419058,0.4944154431561595,0.0055215930797950855,11.405729166666667,0.7500184279712032,0.20832914300743113,0.24981241353596606,0.25362942394210075,5.45234375,170.7546875,0.0033237458304163576,37.4109375,27312.6125,0.01709069199171591,67.9640625,55224.921875,0.02656105593913301,2169.0,4287.0,13583.0,290.0,2740.0,6727.0,4.510546875,24.3640625,26.028125,-0.13892063272208238,652.7985348849827
1.0,21.268229166666668,13893.711979166666,0.22272972492208534,0.009516978738417893,0.48745537775686004,0.005540044065294782,11.449739583333333,0.7541569731847679,0.2082050024215146,0.2498140895149636,0.25374425033148995,5.5046875,194.775,0.0033206202715342636,37.5421875,28254.725,0.017172398066902645,68.0484375,54328.446875,0.026646993277467657,2188.0,4262.0,13662.0,308.0,2731.0,6746.0,4.531640625,24.4484375,26.1234375,-0.13431176818710283,653.2160739474825
0.9997395833333333,21.0609375,13874.740104166667,0.22271363761173266,0.009552556903210977,0.4868178564455459,0.005486047798905965,11.43125,0.7418700694908129,0.20822969222940219,0.24976234104949757,0.2536007157032899,5.3953125,182.73828125,0.0033397940756563506,37.225,27522.0875,0.017246948033039458,67.559375,54995.4,0.026709217083601,2215.0,4217.0,13551.0,286.0,2785.0,6630.0,4.484375,24.459375,26.190625,-0.13950858296372845,645.7780574544271
1.0,21.046875,13898.923958333333,0.2226313622622251,0.009577540293599428,0.4833968520713129,0.005482384735608231,11.409375,0.7482553823311061,0.20822312664560502,0.24956677836600977,0.253328888624921,5.4578125,200.784375,0.0033901707779344773,37.0671875,27471.38125,0.017197238012740517,67.3828125,55119.025,0.02670732063711815,2191.0,4143.0,13491.0,295.0,2742.0,6692.0,4.503125,24.3453125,26.0984375,-0.13182008560904604,644.0170735677083
0.9989583333333333,21.077083333333334,13858.797916666666,0.2223461001255941,0.009603063019332593,0.4886820362988509,0.005490253538247808,11.397135416666666,0.7403874666403084,0.20795575635084873,0.24918154571798476,0.253072029632185,5.463671875,179.63203125,0.0034148718914981226,37.10625,27609.865625,0.017218789910716552,67.5015625,54824.39375,0.026740100639286522,2196.0,4231.0,13440.0,299.0,2787.0,6619.0,4.519921875,24.2671875,26.0359375,-0.1357872694190802,641.8383289930555
1.0,21.190625,13878.434895833334,0.2228318703426589,0.009405396673282522,0.48407273979117466,0.005519829382651732,11.403385416666667,0.7416801848301627,0.2083411016803704,0.24980780534240238,0.2538190099920692,5.463671875,167.81484375,0.003261969855865874,37.3734375,27834.053125,0.016956754666410057,67.915625,54765.296875,0.026427745949821578,2193.0,4243.0,13606.0,277.0,2804.0,6700.0,4.494921875,24.3125,26.128125,-0.13487779215248166,653.2402246093751
0.9997395833333333,21.144791666666666,13886.964583333332,0.22268036774327235,0.009529702247009898,0.48872777702696185,0.00550789050968134,11.4359375,0.7338292526725454,0.20825688828370464,0.24973036764800924,0.25332428567680654,5.4875,191.7421875,0.0033531957286216134,37.371875,27625.871875,0.01719960995006742,67.546875,54928.946875,0.026565820617505516,2123.0,4294.0,13589.0,293.0,2743.0,6617.0,4.523046875,24.4171875,26.10625,-0.13708141151796957,647.5352853732641
0.9989583333333333,21.172395833333333,13872.160416666668,0.22211791341108472,0.009480179302154923,0.4830537983447921,0.005515080967265781,11.4515625,0.7451969201249662,0.20755400630082943,0.2494395775184178,0.25305187774477256,5.473828125,188.60625,0.003311960768904829,37.49375,27815.515625,0.017118365786564383,67.6453125,54663.021875,0.02651486695074584,2121.0,4405.0,13561.0,292.0,2743.0,6613.0,4.5375,24.4375,26.121875,-0.1391750894436629,647.336946343316
0.99921875,21.0796875,13899.045833333334,0.2218252268619245,0.009356099655254637,0.48520803925289696,0.005490931883302943,11.5140625,0.7414078521483458,0.20718938561544037,0.24932938699389745,0.2528644317158883,5.458203125,209.58671875,0.0031859140401586097,37.15625,27581.090625,0.01701447276131244,67.4890625,54974.8375,0.026378469009580942,2154.0,4280.0,13510.0,289.0,2767.0,6627.0,4.5,24.58125,26.503125,-0.1340602559207227,643.7285457356771
0.9997395833333333,21.1140625,13930.054166666667,0.22197980024092778,0.009207255493472705,0.48411717137600113,0.005499886038030737,11.414322916666666,0.7432842448013024,0.20736950125238035,0.249376146509212,0.25302464992683316,5.423046875,209.69453125,0.00310018149034585,37.2671875,27861.328125,0.01681572617089305,67.725,54880.21875,0.026027080828559777,2209.0,4287.0,13570.0,304.0,2715.0,6699.0,4.45859375,24.4734375,26.178125,-0.13565584935701608,648.1599064127603
1.0,21.123958333333334,13942.8953125,0.2219828888466658,0.0094924203245102,0.4794186205751617,0.005502463749240253,11.430208333333333,0.7326298140933971,0.20737450628135612,0.24930711365542826,0.25309219429914204,5.439453125,230.74140625,0.003214029418382501,37.34375,27994.99375,0.017312464594064655,67.6421875,54739.4125,0.026785939679466547,2188.0,4254.0,13569.0,306.0,2759.0,6692.0,4.4890625,24.4375,26.1875,-0.13298692147828095,647.5830718315973
1.0,21.228645833333335,13913.259895833333,0.22241302643309827,0.009569913016154612,0.4852825857120167,0.0055297332204567165,11.4765625,0.7356902769940381,0.2078382267000372,0.24973433844600726,0.2533909133524336,5.515625,167.80703125,0.003305019063390556,37.3640625,27615.478125,0.01734925584972192,67.9453125,55192.853125,0.026850145993643538,2159.0,4296.0,13588.0,302.0,2722.0,6737.0,4.53984375,24.4609375,26.2390625,-0.13444769162640638,649.8472002495661
0.9994791666666667,21.254166666666666,13979.834895833334,0.2214410312633167,0.009469154402292084,0.48571734019841944,0.0055363810019970474,11.464322916666667,0.7319643207214271,0.2067116015598076,0.2490993484983493,0.2527004328423204,5.45859375,302.2625,0.0032208668955313637,37.54375,27649.4203125,0.017247776584237685,68.146875,55020.5390625,0.026683682247389363,2167.0,4319.0,13691.0,303.0,2824.0,6653.0,4.491796875,24.5515625,26.2671875,-0.1371529638596287,655.9676909722223
1.0,21.225520833333334,14006.658333333333,0.22143197661724254,0.009471846208891027,0.48296475379454085,0.005528919206390553,11.446875,0.7645572105121096,0.2067324278020552,0.24895460463375096,0.2527075438614834,5.43828125,320.53828125,0.0032452145570620165,37.375,27462.425,0.01715620045582005,68.225,55295.371875,0.026694018569278045,2194.0,4247.0,13642.0,302.0,2852.0,6702.0,4.480859375,24.4640625,26.29375,-0.13509579015083045,656.3288278537326
0.99921875,21.278125,13982.028125,0.22113263834257318,0.00958931295121848,0.4801724941383045,0.005542621776504298,11.645572916666667,0.7282028687521418,0.20632203422507214,0.24881636286636985,0.2526913302887805,5.430859375,275.47578125,0.0032478736205570997,37.3328125,27653.79375,0.017421220892262064,68.6125,55136.471875,0.027123162332820406,2235.0,4272.0,13628.0,301.0,2855.0,6806.0,4.461328125,24.9921875,27.0359375,-0.13372445191894222,661.7507714843748
0.9997395833333333,21.369270833333335,13907.1421875,0.22227415711556348,0.009510717466235163,0.48763868247393405,0.005566363853434054,11.587239583333334,0.7523459016793,0.20755820917513007,0.24968440696397098,0.2537276990288898,5.476171875,188.73203125,0.00324368784892458,37.55625,27458.6625,0.017225502051291565,68.7546875,55229.2625,0.026864051350421102,2217.0,4264.0,13732.0,300.0,2824.0,6802.0,4.50703125,24.7640625,26.73125,-0.1357198956466231,664.3917640516494
0.99921875,21.533333333333335,13844.725520833334,0.22270284868338214,0.00943927916580717,0.49035140501802743,0.005609099591907615,11.716666666666667,0.7304324690402477,0.20791335378084855,0.2503073420727474,0.2542563349041512,5.515234375,185.65546875,0.003207472333375544,37.88125,27011.20625,0.01713850725528189,69.2578125,55314.525,0.026667278406058953,2207.0,4346.0,13758.0,287.0,2830.0,6894.0,4.56953125,25.0453125,26.9765625,-0.13640588772611675,676.0905555555556
0.9994791666666667,21.384375,13922.963020833333,0.2220841885396908,0.009587902730102904,0.48174321892304306,0.005570298254753842,11.57265625,0.7548833357689123,0.2072696462820037,0.24972290270271874,0.2537036434074116,5.40078125,248.60703125,0.003199930973816296,37.796875,27291.95,0.01752490400840786,68.90625,55251.4,0.027202788476944385,2233.0,4233.0,13853.0,304.0,2811.0,6863.0,4.448046875,24.875,26.76875,-0.1377660643029113,671.7798600260417
1.0,21.335416666666667,13961.666666666666,0.22188254208292835,0.009421615121121853,0.48186460381309976,0.005557545367717288,11.496354166666666,0.7445806073625623,0.20723623201845193,0.24923845703798855,0.2531118673857737,5.4953125,245.7140625,0.0031599637667161645,37.6375,27853.903125,0.017185285519093256,68.39375,54933.240625,0.02670455014077321,2176.0,4310.0,13724.0,304.0,2772.0,6785.0,4.547265625,24.5375,26.2515625,-0.1337596996148223,658.1927039930555
1.0,21.38125,13929.063541666666,0.22221284727142773,0.009425825963896576,0.48525786537464644,0.005569484240687679,11.625520833333333,0.7503166715385365,0.2075027551645844,0.2496149633542549,0.25365109961597376,5.453125,212.7640625,0.0031724792138447338,37.7171875,27658.034375,0.017143081854038823,68.7578125,55065.290625,0.0267219570739617,2192.0,4287.0,13740.0,320.0,2793.0,6844.0,4.504296875,24.8453125,26.890625,-0.1371262078498097,666.6135026041667
0.9994791666666667,21.2953125,13922.766145833333,0.22185365896538395,0.009310352075400742,0.48163972133656147,0.005547098853868195,11.42578125,0.7552522806760095,0.20713809998894908,0.2493242579008547,0.2532452959356524,5.458984375,212.64765625,0.0031257707868124693,37.54375,27236.9109375,0.016957484960830226,68.3921875,55449.0953125,0.026401544344324346,2209.0,4278.0,13610.0,305.0,2788.0,6832.0,4.49453125,24.396875,26.1796875,-0.13309323306782056,661.3909155273437
1.0,21.359895833333333,13920.374479166667,0.2224086284452494,0.009395445906735456,0.48201838591950924,0.005563921811235565,11.592447916666666,0.7534320060471581,0.20769653480298417,0.24983729638678948,0.2538283350727702,5.483984375,224.753125,0.0031760832688171314,37.665625,27779.978125,0.017098478984582614,68.5578125,54843.25625,0.026569863380561592,2204.0,4269.0,13727.0,282.0,2812.0,6795.0,4.526171875,24.746875,26.703125,-0.13630002218877146,662.1631833224826
1.0,21.233333333333334,13947.26875,0.22198338599819428,0.00927037723019245,0.4863791334335879,0.00553095424155596,11.45078125,0.750392464678179,0.20732649570216227,0.24936204338857704,0.25323228979193957,5.469140625,191.7890625,0.003106865142761539,37.5109375,27675.5375,0.016935678280406773,68.0125,55240.91875,0.026259124529701777,2170.0,4221.0,13677.0,293.0,2720.0,6805.0,4.53515625,24.409375,26.1546875,-0.13370161480031348,654.1424305555556
1.0,21.2671875,13975.8328125,0.2218247722921221,0.009523421047945891,0.4837880321033303,0.005539772727272727,11.40625,0.7537286018661377,0.20706610126276453,0.24949733052251039,0.2531868981791642,5.428515625,293.64296875,0.003225317807437561,37.471875,27406.71875,0.017355106117363694,68.4171875,55273.70625,0.02688414894056141,2230.0,4241.0,13701.0,307.0,2723.0,6841.0,4.473046875,24.403125,26.1421875,-0.13711674972591179,663.7510066731771
1.0,21.313020833333333,13944.244270833333,0.2221171247440943,0.009432279863297607,0.48603883449474855,0.005551711600243119,11.612760416666667,0.7410620463820532,0.20747334461678824,0.24945252663387585,0.25335684336353703,5.469921875,221.7640625,0.0032026933658373035,37.675,27964.271875,0.017157450960559643,68.3234375,54814.1375,0.026625454755876788,2210.0,4279.0,13669.0,317.0,2771.0,6781.0,4.516015625,24.8234375,26.7890625,-0.13537023092251568,660.3431637912327
1.0,21.172395833333333,13965.147395833334,0.2217421374640847,0.009435880521213452,0.48271250519938863,0.005515080967265781,11.592447916666666,0.7536837962165752,0.20715439015999557,0.24898522052989414,0.2528500436146318,5.451171875,209.7734375,0.0031699950285181597,37.3015625,27864.771875,0.01721670201395604,67.928125,55087.01875,0.026718600999252023,2193.0,4298.0,13569.0,321.0,2719.0,6763.0,4.4859375,24.8171875,26.79375,-0.13195668379653558,649.2530921766494
0.9997395833333333,21.245833333333334,13972.341666666667,0.2215442652388038,0.009468958153884674,0.480058311860855,0.005534210297820613,11.408854166666666,0.7493626201215925,0.20683022234430054,0.2488624121702964,0.2530822898853241,5.40703125,254.6703125,0.0031706386980264777,37.540625,27977.140625,0.017247523035717915,68.30625,54838.228125,0.02688367109548421,2206.0,4276.0,13658.0,330.0,2749.0,6832.0,4.447265625,24.459375,26.2046875,-0.13519642889497616,658.7536284722222
1.0,21.202083333333334,13965.732291666667,0.22173750962306482,0.009427992621954658,0.47909259700767015,0.00552281410089433,11.447395833333333,0.7558465166552029,0.20703404302932843,0.24922629658810225,0.2530625890329728,5.426953125,251.71796875,0.003165058878574329,37.59375,28466.346875,0.017242881470367594,67.9109375,54321.175,0.02666483874706304,2209.0,4256.0,13638.0,305.0,2757.0,6751.0,4.471484375,24.4921875,26.30625,-0.13484027881911004,652.8992664930556
0.9997395833333333,21.214583333333334,13931.461458333333,0.22197772576445443,0.009240983930698748,0.48118421759694957,0.005526070157158982,11.495572916666667,0.7248846116075812,0.20733951331157438,0.2492350338410771,0.2532732674993519,5.42421875,206.71953125,0.0031195206040970517,37.4625,28259.53125,0.01680123219061234,68.128125,54502.359375,0.026166588977191946,2188.0,4251.0,13666.0,308.0,2803.0,6743.0,4.482421875,24.553125,26.490625,-0.13556595107971267,657.1346831597222
1.0,21.252083333333335,13928.309375,0.22224507830715953,0.009466581506555867,0.4844778541474039,0.0055358383259529395,11.447395833333333,0.7439956866973826,0.20768995849338517,0.24937248807580473,0.25333814779361186,5.496484375,215.746875,0.0032567236480575607,37.3453125,27463.79375,0.01710118143454016,68.18125,55243.075,0.026671413012564815,2136.0,4364.0,13568.0,298.0,2774.0,6755.0,4.516015625,24.4046875,26.215625,-0.13339829196941405,653.5932248263889
0.9997395833333333,21.2140625,13863.953125,0.2227367987762913,0.009411360147898905,0.49352036261352394,0.005525934488147955,11.46171875,0.7175370111217501,0.20828098454267305,0.24985657324835447,0.2534402812387012,5.5140625,164.79375,0.0032814441149481496,37.35,28032.978125,0.01698981115745783,67.878125,54491.565625,0.02635257327014301,2134.0,4328.0,13493.0,294.0,2731.0,6727.0,4.572265625,24.309375,26.171875,-0.13603216050398817,650.4895939127604
0.9994791666666667,21.259375,13908.1453125,0.22208787095425706,0.009324069497953126,0.48668319134059007,0.005537737692107319,11.48203125,0.7466558871086285,0.207483985438868,0.24927123259067346,0.2533200513793969,5.48203125,200.68203125,0.003213894278038869,37.35625,27646.496875,0.01685023844793736,68.271875,54999.646875,0.026238601427625925,2195.0,4250.0,13630.0,301.0,2771.0,6763.0,4.51328125,24.4953125,26.34375,-0.13495580046544672,654.5962662760415
1.0,21.1890625,13907.719270833333,0.2225149783005134,0.009514069567075718,0.4890704036972099,0.00551942237561865,11.598177083333333,0.7145736548435464,0.2079856796534803,0.2496369595404983,0.25351019164866084,5.4625,200.77265625,0.003321301606430888,37.309375,27308.675,0.01714626822419469,67.975,55334.55,0.026652942752536064,2152.0,4281.0,13581.0,310.0,2732.0,6724.0,4.501171875,24.76875,26.815625,-0.1374475401633793,651.3085262044272
1.0,21.211979166666666,13883.133333333333,0.22277050355404196,0.009552444313696729,0.4877043709867667,0.005525391812103846,11.471614583333333,0.7458933876789353,0.2083600494629163,0.24970138708885808,0.2534814363837283,5.48984375,167.8078125,0.0033347029707270796,37.321875,27709.4671875,0.01722757541419213,67.990625,54918.1015625,0.02674827858507991,2155.0,4264.0,13596.0,302.0,2744.0,6725.0,4.515234375,24.490625,26.278125,-0.13602583965987203,649.3821481662326
0.9997395833333333,21.265104166666667,13888.90625,0.2225603356402799,0.009276523946794731,0.48523066288064626,0.005539230051228619,11.60390625,0.7660976266869137,0.20801265994719625,0.24968224960836252,0.2536291244445316,5.498046875,230.66796875,0.0031987273518718135,37.4734375,27536.021875,0.016794401976730232,68.125,54874.74375,0.0260698322965509,2141.0,4314.0,13594.0,299.0,2723.0,6787.0,4.52265625,24.7796875,26.753125,-0.1346060158235343,655.7385739474827
1.0,21.107291666666665,13903.4671875,0.22248485780571012,0.009451113968646351,0.48499711296953374,0.005498122340887384,11.39765625,0.7494448008685782,0.20814162767829109,0.2492581576568494,0.25308447846424703,5.47265625,221.703125,0.003288461964892457,37.2375,27952.315625,0.017077825592548092,67.515625,54581.675,0.026475010359760187,2127.0,4306.0,13484.0,281.0,2746.0,6665.0,4.525,24.24375,26.0421875,-0.13606383060521587,643.4858843315973
1.0,21.201041666666665,13830.236458333333,0.22348916949616546,0.009460421986992658,0.48699445188708257,0.005522542762872276,11.407291666666667,0.7425195302903749,0.2091088146036549,0.2502885969977721,0.25421116156460094,5.510546875,152.8390625,0.0033088867405992547,37.31875,27576.590625,0.016996879142679368,67.8453125,54793.471875,0.02653010581687957,2156.0,4270.0,13547.0,281.0,2783.0,6716.0,4.54453125,24.2328125,26.0328125,-0.13306570057079453,651.5783322482639
0.9997395833333333,21.138020833333332,13856.439583333333,0.22289496415751825,0.009483269234053878,0.48549111981406873,0.0055061268125379875,11.4515625,0.7487988172970309,0.20847861190426378,0.24979286118799723,0.2536624761400569,5.466015625,170.76640625,0.0033199903493972066,37.371875,28341.953125,0.0170841341494591,67.5921875,54113.61875,0.02653551985727533,2161.0,4231.0,13629.0,285.0,2763.0,6624.0,4.52578125,24.396875,26.209375,-0.1381281611560438,645.470012749566
1.0,21.188020833333333,13896.2765625,0.22264677093881685,0.009448690374312707,0.48446444228732927,0.005519151037596597,11.586979166666667,0.7482362773776455,0.2081899852434686,0.2494924434891575,0.25362824116986926,5.449609375,212.75078125,0.003257927557895254,37.378125,28353.83125,0.017073414349755737,67.9515625,54172.825,0.02658701766453949,2197.0,4224.0,13627.0,292.0,2735.0,6766.0,4.465234375,24.8171875,26.84375,-0.13446237333188296,652.4438148328993
1.0,21.239583333333332,13937.875520833333,0.22232539754709837,0.009478046587804791,0.4892346872453501,0.005532582269688287,11.569791666666667,0.7517410495340854,0.20776884716402888,0.2492995407841744,0.2535774558423004,5.47109375,224.73125,0.0032662889093544255,37.3375,27921.8875,0.01712212498186776,68.215625,54806.440625,0.026680998907543284,2175.0,4290.0,13566.0,298.0,2755.0,6792.0,4.512890625,24.6484375,26.71875,-0.13459252680865808,657.0806206597223
0.9997395833333333,21.253125,13900.8296875,0.22243358617896086,0.009579094838507983,0.48361673561609236,0.005536109663974994,11.466666666666667,0.7446944076851444,0.20783440160701536,0.24949447697614077,0.2537694336695627,5.505859375,257.6234375,0.003305797775475139,37.2671875,27282.06875,0.01729044905241342,68.228125,55092.415625,0.026960928876733924,2186.0,4271.0,13618.0,309.0,2776.0,6764.0,4.536328125,24.3859375,26.26875,-0.13168362859941493,655.2562402343751
0.99921875,21.281770833333333,13861.914583333333,0.22239770548852053,0.009308718345881258,0.48618906090646596,0.005543571459581488,11.450260416666667,0.7375003059151758,0.20776404435277315,0.24957282646814324,0.25375722905188713,5.465625,200.62578125,0.0031675416900784417,37.41875,27696.540625,0.016862169530081923,68.409375,54672.44375,0.02631997378489185,2220.0,4282.0,13599.0,311.0,2766.0,6814.0,4.51796875,24.3953125,26.234375,-0.13365318252513758,660.2247718641494
1.0,21.154166666666665,13944.777083333332,0.22203786938619702,0.009412750447928869,0.47920149756667046,0.00551033255187983,11.488802083333333,0.7320021666338389,0.2074210025547525,0.249237735289704,0.25330547080846816,5.45859375,212.7515625,0.0031718955565560613,37.14375,27552.95625,0.017116739657010153,67.946875,55264.7,0.026672180804338825,2195.0,4266.0,13560.0,296.0,2756.0,6760.0,4.454296875,24.5453125,26.5703125,-0.13051541885159648,649.8928993055556
0.9997395833333333,21.263020833333332,13878.840625,0.22267273043772348,0.009439242892304847,0.4836008660517429,0.00553868737518451,11.629427083333333,0.7532884262094305,0.20821630755469545,0.24949729024455877,0.25367386216300025,5.51796875,182.76171875,0.0032457002420772665,37.475,27991.08125,0.017052954131053,68.03125,54550.915625,0.026599702254467013,2154.0,4266.0,13609.0,296.0,2772.0,6753.0,4.55078125,24.7734375,26.8,-0.13220969409119607,653.6459242078995
1.0,21.213020833333335,13916.6078125,0.22248060849567927,0.009508822201256319,0.4813602737576568,0.0055256631501259005,11.394010416666667,0.7270004173930124,0.20792975765313093,0.2495746449981649,0.2535899753633874,5.463671875,218.73046875,0.003274972463835979,37.3609375,27562.6875,0.01718501843864153,68.0625,55062.0375,0.026768024913552475,2207.0,4201.0,13623.0,310.0,2785.0,6748.0,4.47734375,24.340625,26.1140625,-0.13385030325573152,653.6082679578993
0.99921875,21.205729166666668,13894.840104166668,0.2221163769950287,0.009371269091336317,0.4793499605788535,0.005523763783971521,11.41640625,0.7452290310696303,0.20751264883253953,0.24935184682600148,0.25329581981401256,5.478515625,218.5953125,0.003207314729568191,37.415625,27805.871875,0.017028655611465056,67.9046875,54688.7875,0.026369700018280078,2182.0,4263.0,13708.0,291.0,2795.0,6641.0,4.51171875,24.3515625,26.1,-0.1345118263427285,652.3451755099827
0.9997395833333333,21.202604166666667,13880.341666666667,0.22262969918392242,0.009423270499077173,0.48607956096790106,0.0055229497699053574,11.45078125,0.7473040359625636,0.208144470742308,0.2496103616096768,0.25358995052462574,5.459375,191.75078125,0.0032678259890960406,37.4,27934.5484375,0.017043229335610817,67.978125,54580.4984375,0.02642508970246805,2196.0,4264.0,13608.0,302.0,2750.0,6720.0,4.520703125,24.4234375,26.1984375,-0.13652760905646286,652.561555718316
1.0,21.2578125,13902.280208333334,0.22260674214559323,0.009447999312052275,0.483195761906225,0.005537330685074238,11.576822916666666,0.744138184490996,0.20804941465743942,0.24970699802307533,0.2537357962207262,5.466015625,236.740625,0.003244517803896737,37.4015625,27263.1203125,0.017083657172146154,68.28125,55203.5984375,0.026626267484580534,2184.0,4263.0,13679.0,309.0,2756.0,6797.0,4.50078125,24.703125,26.7546875,-0.1327465822725205,658.2408243815104
0.9997395833333333,21.158854166666668,13893.467447916666,0.22243878747193585,0.009557261907842578,0.4822865867619407,0.0055115535729790745,11.56640625,0.7358030769230769,0.2079901200842115,0.24930157800827826,0.25337066648649065,5.40859375,203.7328125,0.0033126331845141645,37.34375,27906.75625,0.017279659629696534,67.975,54639.1171875,0.026813379079302268,2173.0,4275.0,13617.0,291.0,2723.0,6797.0,4.44140625,24.815625,26.8171875,-0.13514038325293698,653.126848687066
1.0,21.184895833333332,13860.165625,0.22310504496131364,0.009514223829181774,0.4861170447217039,0.005518337023530434,11.465364583333333,0.7450768285187461,0.20867582193489725,0.249996306426908,0.2539306756013849,5.455078125,203.77265625,0.0033366902205321848,37.234375,27772.1125,0.01713345541358633,68.0546875,54573.790625,0.026605126679375583,2152.0,4267.0,13598.0,294.0,2743.0,6786.0,4.480078125,24.496875,26.375,-0.13358639803005357,652.411126030816
0.9994791666666667,21.396354166666665,13841.788020833334,0.22287325008463094,0.009649051017740546,0.48950801016444045,0.005573418642007467,11.558854166666666,0.7401475134490397,0.20825220109787326,0.2501250364177016,0.254105659698591,5.497265625,212.6203125,0.003391307344910696,37.6109375,27033.5,0.017359068930476666,68.778125,55166.746875,0.02697000779632382,2188.0,4254.0,13786.0,304.0,2823.0,6788.0,4.51875,24.7671875,26.5109375,-0.13504585022173757,662.771028374566
1.0,21.3546875,13866.821875,0.22303016989688906,0.009352419574708132,0.4842292714980968,0.005562565121125293,11.627604166666666,0.7444452574327456,0.20848462446464433,0.24998795820378755,0.25425456331896923,5.483984375,206.778125,0.003221310665880482,37.63125,28190.64375,0.01692044517209439,68.5609375,54183.175,0.02630882961263247,2181.0,4281.0,13709.0,309.0,2797.0,6790.0,4.513671875,24.8578125,26.853125,-0.13625111837368983,662.0861759440104
1.0,21.434375,13835.714583333332,0.2234093184813408,0.0094768213743712,0.491282168760131,0.005583322479812451,11.52265625,0.740511250425232,0.2088555976277592,0.25056311488895716,0.2544704054880508,5.513671875,164.81640625,0.003310892949368237,37.7578125,27555.56875,0.017068856430209355,68.79375,54799.453125,0.0265485000185449,2209.0,4330.0,13718.0,302.0,2777.0,6832.0,4.552734375,24.5828125,26.3421875,-0.13627950038105838,666.4717350260416
0.9989583333333333,21.331770833333334,13866.627604166666,0.22223631065525157,0.009537546952452538,0.48425300877119937,0.005556595684640097,11.6671875,0.7590888004492516,0.2076289296784144,0.24940143451553237,0.25350071070231966,5.45546875,227.52578125,0.0033199512803719954,37.6984375,27853.34375,0.01721351031410914,68.4703125,54436.31875,0.026731966279118113,2185.0,4290.0,13673.0,305.0,2805.0,6797.0,4.524609375,24.9625,26.9421875,-0.1354765728663946,659.989407280816
0.9997395833333333,21.344791666666666,13864.884375,0.22276709976725337,0.009515089813885528,0.48666759904486406,0.005559987409915776,11.62734375,0.7393001805670782,0.20823381261481627,0.2497673224652587,0.2539000256789963,5.46015625,176.76640625,0.0033158212153965596,37.6828125,28151.73125,0.017170026372162594,68.5453125,54330.509375,0.026657227649564342,2185.0,4303.0,13702.0,312.0,2771.0,6802.0,4.505859375,24.896875,26.84375,-0.13753126634810175,661.2092437065972
0.9994791666666667,21.376041666666666,13876.269791666668,0.22264239998053265,0.009693610986874808,0.4941749547784465,0.005568127550577407,11.63125,0.738243750304566,0.20803465974580856,0.24983177326513334,0.25388398763482817,5.469921875,218.678125,0.0033997359140375263,37.6515625,27580.24375,0.017463659490921997,68.725,54802.6625,0.02709906277417675,2170.0,4378.0,13615.0,300.0,2750.0,6863.0,4.526171875,24.9125,26.7703125,-0.13885690637380804,663.3778634982639
1.0,21.311979166666667,13889.105208333332,0.22281854136919127,0.009633972495899264,0.4875008813766976,0.005551440262221065,11.497395833333334,0.754197316649967,0.20835128212512286,0.2497053076886205,0.2538008120260355,5.494140625,206.7875,0.003367315497690668,37.45625,27390.728125,0.01735921696493973,68.4390625,55116.753125,0.026975356019693177,2179.0,4325.0,13606.0,311.0,2820.0,6739.0,4.522265625,24.5453125,26.35,-0.1350224571424127,656.3969398328992
0.9997395833333333,21.219270833333333,13921.0171875,0.22213319225805847,0.009564493910102107,0.48365387247231456,0.005527291178258227,11.46953125,0.7707960040254289,0.20754740275209915,0.2493835992266443,0.2532259433133102,5.421484375,272.59921875,0.0032868769260299747,37.48125,28156.0828125,0.017352459092491106,68.1484375,54279.6234375,0.026886996664001628,2165.0,4420.0,13590.0,309.0,2786.0,6702.0,4.4828125,24.5921875,26.29375,-0.13750509229999439,655.0008786349827
1.0,21.3328125,13881.480729166668,0.22280494473298382,0.009589445680542692,0.4880454951857428,0.005556867022662152,11.468489583333334,0.7546570961205108,0.20826024741072563,0.2498964724166115,0.25389220633838916,5.45234375,197.79140625,0.003310798155333072,37.5609375,27387.640625,0.017341503891708864,68.6265625,55110.078125,0.026951977570214992,2199.0,4296.0,13674.0,311.0,2813.0,6780.0,4.4828125,24.5484375,26.33125,-0.13758958960519715,661.5230900065104
1.0,21.126041666666666,13974.599479166667,0.22167307341275938,0.009840057498720354,0.4839649362857665,0.005503006425284362,11.596614583333333,0.7569893003303585,0.2071599619743317,0.24875773792955186,0.2526408546496776,5.35546875,230.75,0.003374155687066456,37.3375,28492.13125,0.017889201343331884,67.996875,54432.465625,0.02765452090072442,2214.0,4237.0,13660.0,298.0,2795.0,6692.0,4.431640625,24.94375,26.909375,-0.14015002019690892,649.2393218315972
0.9997395833333333,21.304166666666667,13878.539583333333,0.22240043265160767,0.009689171464972965,0.4879489947953365,0.005549405227055657,11.609895833333333,0.7537404654801486,0.2078183712329281,0.2495878722920263,0.2535412386859071,5.429296875,170.79140625,0.003316297034055557,37.615625,27583.18125,0.01759246177767403,68.4921875,55004.890625,0.027277378875941522,2214.0,4311.0,13699.0,302.0,2807.0,6756.0,4.474609375,24.896875,26.8640625,-0.13790057760524904,660.4527951388889
0.9997395833333333,21.200520833333332,13942.796354166667,0.22186573620942238,0.009867486995593628,0.4866270447420059,0.005522407093861249,11.619270833333333,0.7313106497973222,0.20731840176932864,0.24904008465818803,0.25288072552103175,5.384765625,197.74140625,0.0033628084469773515,37.521875,28453.503125,0.017956166359589527,68.1421875,54412.309375,0.027797521826062856,2218.0,4300.0,13631.0,327.0,2721.0,6782.0,4.446875,24.9609375,26.9671875,-0.13789782509909873,652.8670830620661
0.9994791666666667,21.2765625,13882.149479166666,0.22225815696219917,0.00981777070441305,0.4875311975706051,0.005542214769471216,11.6125,0.731463122077795,0.20773367123334835,0.24942352209664326,0.25319073474315823,5.439453125,188.71015625,0.0033604115149918554,37.7046875,27802.21875,0.01788371914375701,68.196875,54735.8375,0.02758125902275386,2204.0,4304.0,13712.0,306.0,2769.0,6717.0,4.475,24.921875,26.853125,-0.13764091759306807,655.8901798502604
0.9997395833333333,21.219791666666666,13895.540104166666,0.22229338839902907,0.009859435459069006,0.4842251360730904,0.005527426847269254,11.622916666666667,0.7500122723479457,0.20778765263350155,0.24944526439901932,0.25316445546114913,5.422265625,173.77109375,0.003377659630134142,37.471875,27750.1375,0.017944244603584476,68.1578125,54928.01875,0.027701729630293,2212.0,4263.0,13667.0,325.0,2719.0,6787.0,4.4640625,24.984375,26.896875,-0.13567533956949857,655.0761707899306
0.9997395833333333,21.361979166666668,13875.3140625,0.22256247632732726,0.009850979918382045,0.4874769145243547,0.005564464487279674,11.68828125,0.7415092039497745,0.20802160792822164,0.24978709741094382,0.2535013288401332,5.5125,164.7828125,0.0034227856614691076,37.784375,27703.8125,0.017862985879830928,68.3375,54888.940625,0.02755175098458491,2192.0,4342.0,13711.0,313.0,2777.0,6716.0,4.548046875,25.0265625,26.9109375,-0.135556191609689,656.4288669162326
1.0,21.250520833333333,13916.850520833334,0.2223118042959279,0.009945496021375063,0.48621447967408044,0.005535431318919858,11.62734375,0.7175559422563172,0.2078487256932155,0.24931961697817084,0.2531563060245344,5.444921875,197.8078125,0.003449634821404217,37.5296875,27671.046875,0.018027791732013406,68.19375,55038.825,0.027846645110620093,2219.0,4330.0,13582.0,306.0,2766.0,6743.0,4.484765625,24.91875,26.90625,-0.13676682165203685,652.1132809787326
1.0,21.122395833333332,13946.864583333334,0.22198323579171048,0.009787415023695891,0.4852105559530832,0.005502056742207172,11.59375,0.7559363826901738,0.20760335947246583,0.24872197718424047,0.25276399967615926,5.40703125,230.75078125,0.003408466943611475,37.2703125,27917.4390625,0.01763002309575911,67.8359375,54840.7453125,0.02746059927197033,2240.0,4288.0,13505.0,317.0,2750.0,6706.0,4.444921875,24.85,26.9328125,-0.1365783360498129,648.408977593316
1.0,21.259895833333335,13899.689583333333,0.2224223731378762,0.009985998661237611,0.4813381103065057,0.005537873361118347,11.644791666666666,0.7300521815821064,0.2080376493181725,0.24926311295292797,0.25312052860163925,5.475390625,251.73359375,0.003476251812931237,37.5421875,28164.4,0.018069700906216596,68.115625,54226.803125,0.02794128380948411,2208.0,4316.0,13632.0,309.0,2752.0,6721.0,4.499609375,24.9578125,26.9125,-0.13471318195861465,652.4069333224827
1.0,21.1515625,13916.983333333334,0.22230525573751087,0.009944292805845533,0.4840701862617061,0.005509654206824694,11.584895833333333,0.7578488586836079,0.20793250760040993,0.24911471586613593,0.2529867881572896,5.429296875,203.77890625,0.00342603029825516,37.2765625,27879.271875,0.018027591269833235,67.915625,54807.5125,0.02793404437221933,2196.0,4324.0,13560.0,308.0,2751.0,6701.0,4.458203125,24.865625,26.8109375,-0.13502173946181859,649.8707788085939
0.9997395833333333,21.158333333333335,13914.827083333334,0.22209061494170154,0.009863216559689471,0.479870181122476,0.005511417903968047,11.57265625,0.7445106341079165,0.20761577579407317,0.2491312920996116,0.2529492943743047,5.442578125,239.6625,0.0033790217810880973,37.321875,27701.321875,0.01793181381177908,67.8578125,54828.990625,0.02773139842200536,2210.0,4303.0,13558.0,315.0,2767.0,6690.0,4.47734375,24.8125,26.7140625,-0.13313534091441234,648.9613888888889
0.9997395833333333,21.0953125,13927.530729166667,0.22201826895971852,0.009840985874644914,0.4792693609246265,0.005495001953633759,11.5484375,0.7450312322544009,0.2075236972526222,0.24906233252910673,0.2529524922187155,5.39921875,251.6515625,0.003346224721474914,37.221875,27931.35625,0.017894878311878786,67.753125,54627.221875,0.027766138050091038,2192.0,4306.0,13542.0,325.0,2758.0,6702.0,4.43515625,24.765625,26.784375,-0.13258844442108758,649.130498860677
1.0,21.0578125,13983.0453125,0.2216133944843417,0.00981875066395292,0.4817499383048031,0.005485233784839802,11.5078125,0.745393386263016,0.2071798839146341,0.24863393932615346,0.2523268919213605,5.414453125,320.6296875,0.003384255353419137,37.1578125,27632.128125,0.01782219180904966,67.53125,54983.625,0.027553290760991313,2204.0,4312.0,13478.0,313.0,2808.0,6581.0,4.42890625,24.6875,26.64375,-0.13412540648070584,642.8195743815105
0.9997395833333333,21.070833333333333,13927.820833333333,0.22200584244054525,0.00976164893789831,0.4804387990442809,0.0054886255101154816,11.54765625,0.7538807593434843,0.20755843581997438,0.24896267305524802,0.2528386383081261,5.410546875,230.6765625,0.0033506472339070075,37.0953125,27479.7046875,0.01771292831177357,67.6875,55164.5140625,0.027454376379988276,2214.0,4276.0,13543.0,293.0,2819.0,6612.0,4.45,24.7359375,26.75,-0.13440050683208196,645.5908159722222
1.0,21.178645833333334,13904.90625,0.22247233756091736,0.009732796342058142,0.4833916325702626,0.005516708995398107,11.617447916666666,0.7442392346850946,0.20808506253492426,0.2493068399503911,0.25318693527541597,5.45703125,221.7390625,0.003395401802001344,37.3796875,27662.925,0.017593024447738765,67.8640625,54879.55625,0.027222146396604707,2208.0,4327.0,13552.0,291.0,2806.0,6635.0,4.5109375,24.828125,26.8328125,-0.13629864372585387,649.023293999566
1.0,21.106770833333332,13919.2640625,0.22232076233624365,0.009824312384732673,0.4834803562098132,0.0054979866718763565,11.621354166666666,0.7518815545959284,0.20790445379804945,0.24932774659337936,0.2529790122318847,5.44375,248.72109375,0.0034289647692569134,37.296875,27610.015625,0.017785789635056375,67.56875,54910.684375,0.027444225596312016,2205.0,4215.0,13613.0,296.0,2829.0,6564.0,4.48515625,24.9,26.8875,-0.13467982432580705,643.9948499891493
0.9997395833333333,21.172916666666666,13878.028645833334,0.2227383873274132,0.00996593854760487,0.4856068039404136,0.005515216636276808,11.591927083333333,0.7308865492472695,0.20833082482965626,0.2495078081100873,0.25359921653576667,5.431640625,179.7640625,0.0035060078038043805,37.2046875,27243.290625,0.01790341560755781,68.10625,55305.825,0.027868184462853895,2187.0,4306.0,13496.0,296.0,2803.0,6740.0,4.48515625,24.7796875,26.83125,-0.1360002400092802,652.5810373263889
1.0,21.143229166666668,13967.813020833333,0.22193129872901543,0.009718444587961932,0.48419047304027524,0.0055074835026482595,11.596354166666666,0.7267643798497352,0.2074468875059142,0.24898563370437685,0.2528146086460589,5.404296875,299.63671875,0.003359735596939007,37.259375,27945.603125,0.017597326962649228,67.9828125,54662.728125,0.02727439817736634,2210.0,4256.0,13588.0,300.0,2773.0,6739.0,4.444140625,24.9046875,26.896875,-0.13491989615883862,651.0399020724827
0.9997395833333333,21.121875,13903.759375,0.2222335645777142,0.009757058571451602,0.4853820877989032,0.005501921073196145,11.427604166666667,0.7409626670612024,0.20778697361930504,0.24923898566009556,0.2530145073289697,5.43203125,245.6703125,0.003406921408331226,37.178125,27383.8625,0.017580764735960396,67.825,55056.0125,0.027333901059424313,2194.0,4270.0,13501.0,294.0,2784.0,6733.0,4.476953125,24.465625,26.1921875,-0.13303618643924664,649.3544173177083
1.0,21.141666666666666,13939.022916666667,0.22209454812668547,0.00986514968999398,0.4818501128945949,0.005507076495615178,11.56875,0.7335189199842334,0.20762487415107062,0.24911061092327885,0.25295718123255156,5.454296875,257.6890625,0.0034210413197477995,37.2859375,27882.921875,0.01784319323626881,67.746875,54720.459375,0.02766353962470388,2199.0,4254.0,13591.0,305.0,2771.0,6693.0,4.466015625,24.79375,26.7546875,-0.13243616399735908,648.1528472222221
0.9997395833333333,21.194791666666667,13909.358854166667,0.22233713251345966,0.009821030910048443,0.4856086588174139,0.0055209147347399495,11.610677083333334,0.7480463950459527,0.2078904397064676,0.24920610299886725,0.2532549332560201,5.44140625,218.66875,0.003429838439558905,37.409375,27388.0375,0.01767782310449536,67.99375,55193.440625,0.02752900859755968,2195.0,4269.0,13589.0,315.0,2727.0,6781.0,4.503125,24.8078125,26.84375,-0.13570668132094565,653.155285373264
0.9997395833333333,21.1828125,13919.175520833332,0.22220852024109677,0.009757864855841313,0.4891077863987721,0.005517794347486325,11.577604166666667,0.7511248801357232,0.20774250017237908,0.24905864944013795,0.25322247131692655,5.41640625,248.60859375,0.0033692196167711143,37.3578125,27817.01875,0.01759982293588809,68.0734375,54703.6,0.027470487732075322,2184.0,4366.0,13519.0,323.0,2802.0,6695.0,4.459375,24.7953125,26.8328125,-0.13661922627098488,653.3228295898439
1.0,21.202083333333334,13899.5296875,0.22267157710495455,0.00959316813933,0.4878608588221188,0.00552281410089433,11.441666666666666,0.7420900068782549,0.20816836025297936,0.24960901577210742,0.25374700584570253,5.42578125,245.72421875,0.0033324060267224676,37.2546875,27370.0875,0.017287997460968974,68.2546875,55044.19375,0.02694138726812114,2188.0,4320.0,13569.0,305.0,2769.0,6787.0,4.465625,24.496875,26.290625,-0.1341653590148108,656.9950998263889
0.9997395833333333,21.301041666666666,13889.076822916666,0.22253563160272305,0.009756792432498851,0.48438641454032993,0.0055485912129894935,11.676041666666666,0.7468824881412294,0.2080137890198742,0.24962060203875663,0.25353803149808474,5.477734375,212.71171875,0.0034174463275578985,37.4765625,27271.328125,0.017576112417475934,68.41875,55212.2859375,0.027294856867285573,2182.0,4310.0,13633.0,293.0,2786.0,6802.0,4.513671875,25.0015625,27.0,-0.13431342358472517,660.6421864149306
0.9997395833333333,21.236458333333335,13896.41875,0.2224941043328607,0.009823108328185627,0.4814687095561522,0.005531768255622124,11.666666666666666,0.7418207681365576,0.20796267448782416,0.24957990089866033,0.25353402714720735,5.473046875,215.69375,0.003419007164274383,37.4140625,27638.475,0.017737711291026064,68.1125,54877.2625,0.027524910020990175,2207.0,4286.0,13610.0,299.0,2828.0,6694.0,4.50546875,24.9859375,26.9921875,-0.1323701712489408,654.0388791232639
1.0,21.278645833333332,13866.871875,0.22288680765028074,0.009641145609092718,0.48864733008656186,0.005542757445515325,11.639322916666666,0.7340350018357606,0.2083908838827048,0.249883787812219,0.2538735225586464,5.48828125,185.8015625,0.003333835019339935,37.375,27134.6734375,0.01741188608230637,68.34375,55323.3515625,0.0270996474948902,2205.0,4284.0,13578.0,291.0,2809.0,6781.0,4.522265625,24.8484375,26.8984375,-0.1330812589095068,656.4577731662326
0.9997395833333333,21.2578125,13907.973958333334,0.22218745420080227,0.009554269527942466,0.4852755389150082,0.005537330685074238,11.6375,0.7322307975009188,0.20766533588645303,0.24930843649796422,0.25315494516103726,5.476953125,251.6375,0.003312434605882407,37.5234375,27433.9671875,0.017254669124031778,68.115625,55007.3265625,0.026821209620093385,2215.0,4293.0,13626.0,291.0,2808.0,6705.0,4.49375,24.953125,26.896875,-0.13410481326248547,654.2819702148438
1.0,21.185416666666665,13941.44375,0.22213224222677652,0.009569853137688052,0.48425078055358456,0.005518472692541461,11.4515625,0.7614563870587079,0.20757620428963977,0.2493089372932289,0.25317969890887115,5.43125,233.71640625,0.0032876953289011045,37.3640625,28001.190625,0.017336385084172994,68.0234375,54712.60625,0.0269319524263509,2190.0,4311.0,13602.0,291.0,2791.0,6732.0,4.465625,24.546875,26.3,-0.13436913525842384,651.1182248263889
1.0,21.217708333333334,13929.178125,0.2224000615349669,0.009558411991538856,0.48217426060917645,0.005526884171225145,11.46015625,0.7370023074279543,0.20784782244727115,0.2495261114857569,0.25348296793495956,5.49296875,230.72109375,0.0032732018897761424,37.334375,27769.671875,0.017301485176417802,68.0,54882.5125,0.02695617921371076,2198.0,4286.0,13535.0,299.0,2802.0,6743.0,4.512890625,24.46875,26.240625,-0.13013867736168425,649.4776030815972
0.9994791666666667,21.2484375,13889.636458333332,0.22236437233848486,0.009507354281633197,0.48756896938160565,0.005534888642875749,11.475520833333333,0.7314018187611834,0.20784240158633827,0.2494252039323392,0.25339142375321677,5.46953125,221.6234375,0.0032989233498452197,37.4421875,27658.203125,0.017162073355896135,68.1703125,54793.121875,0.026686358934522175,2192.0,4271.0,13645.0,301.0,2801.0,6722.0,4.509375,24.5015625,26.3140625,-0.1343418230068313,654.4210913085938
0.99921875,21.216145833333332,13871.790625,0.22221953380790083,0.009715255224318424,0.4907290696511016,0.005526477164192064,11.507291666666667,0.7427028353995335,0.2077421528884728,0.2492663889384855,0.2530822023550282,5.46953125,206.61796875,0.003416318785389748,37.325,27287.203125,0.01749274260215486,68.09375,55117.06875,0.02713351360219669,2187.0,4340.0,13548.0,297.0,2765.0,6701.0,4.511328125,24.634375,26.3640625,-0.136593587070042,649.4944268120661
0.9997395833333333,21.2796875,13866.772395833334,0.22275110639162066,0.009754683680859307,0.48718242598313843,0.005543028783537379,11.492708333333333,0.7383557285165333,0.20823894064591064,0.24983054949358144,0.25372032627249985,5.412890625,203.73359375,0.0034022188865613103,37.609375,27486.353125,0.01762538238504934,68.4171875,54899.346875,0.027293844153861258,2180.0,4374.0,13662.0,327.0,2776.0,6723.0,4.47734375,24.65625,26.390625,-0.14061698636500125,659.0957332356771
0.9994791666666667,21.240104166666665,13898.599479166667,0.2222773281256746,0.009751106048892993,0.49090093972140003,0.005532717938699314,11.506510416666666,0.7552046296069248,0.2077611468580327,0.24946251550161067,0.25315686582030617,5.421484375,209.66796875,0.0033977070893534537,37.5078125,27673.5375,0.01764560764726758,68.246875,54879.3875,0.02727020028867657,2222.0,4333.0,13591.0,342.0,2785.0,6685.0,4.470703125,24.75625,26.4,-0.1382951712410153,652.4751624891493
1.0,21.272395833333334,13945.3109375,0.2221093898211341,0.009781586904195675,0.4846039973910437,0.005541129417382999,11.498697916666666,0.7336875351957496,0.2075723881522557,0.24934316412505927,0.25302362219272256,5.431640625,257.7140625,0.003354042608720252,37.5796875,27650.05,0.017711423164380773,68.328125,54990.959375,0.02756192782591227,2205.0,4365.0,13612.0,318.0,2770.0,6738.0,4.462109375,24.7125,26.43125,-0.13891682824222254,654.5002796766493
0.99921875,21.161458333333332,13896.702604166667,0.22209661582773613,0.00973352664764037,0.48211504739655275,0.0055122319180342105,11.536197916666667,0.7437853802608909,0.2075586858129918,0.24927492512763338,0.25307002658681615,5.422265625,203.6203125,0.003344151707343488,37.315625,27756.71875,0.017657199732548517,67.9640625,54809.015625,0.027367353323919742,2204.0,4323.0,13576.0,317.0,2756.0,6708.0,4.43359375,24.790625,26.6921875,-0.13454592991271377,649.8395562065973
0.9997395833333333,21.2421875,13934.240625,0.22192702399469771,0.009536908541230156,0.48364622511821787,0.005533260614743423,11.5578125,0.7544440357974745,0.20729070440312772,0.24933544997750884,0.2530638763781664,5.415234375,242.6640625,0.003203553515519426,37.4109375,27689.721875,0.01741527961083103,68.38125,54945.065625,0.026991957574472203,2203.0,4299.0,13676.0,295.0,2792.0,6783.0,4.44296875,24.815625,26.759375,-0.13469172953526176,655.9871785481771
0.9997395833333333,21.3078125,13901.914583333333,0.22237563053488818,0.009456538744026561,0.4851805130112312,0.005550354910132847,11.628385416666667,0.730097039915915,0.20773870782294387,0.24978470795258656,0.2535142439649668,5.448046875,215.734375,0.0032175476015373445,37.571875,26999.615625,0.017194191331552082,68.4828125,55548.934375,0.026674850726457915,2200.0,4318.0,13653.0,298.0,2780.0,6792.0,4.534765625,24.8609375,26.7703125,-0.13749552658195144,658.9979597981771
0.9994791666666667,21.2546875,13915.145833333334,0.22201120663267385,0.009450625190499821,0.49699057215513504,0.005536516671008075,11.480989583333333,0.7386605895758288,0.2075114348302931,0.249221151198907,0.25280034927596384,5.43125,170.74140625,0.003229767431476166,37.5171875,27816.1875,0.017129878569409795,68.2859375,54991.721875,0.026654802847684466,2201.0,4324.0,13593.0,293.0,2804.0,6710.0,4.493359375,24.6078125,26.3046875,-0.1413452479977115,653.5445092773436
0.9994791666666667,21.173958333333335,13971.148958333333,0.22141827268369316,0.009646819828848978,0.4825234173795657,0.005515487974298862,11.504427083333333,0.744330201210213,0.20684829171516989,0.2488210060324923,0.252295463208987,5.390234375,278.55234375,0.0032942128503425554,37.528125,28004.215625,0.017585191911304886,67.9546875,54708.46875,0.02711887566041875,2232.0,4292.0,13614.0,282.0,2833.0,6663.0,4.48125,24.7125,26.3890625,-0.13877573085665126,649.993175998264
1.0,21.222395833333334,13971.020833333334,0.2217555805004818,0.009604413354570473,0.4882040583963155,0.00552810519232439,11.471875,0.7527916165607283,0.20722172417216828,0.24894943096434224,0.25269715534987525,5.41875,236.75078125,0.003286608801883173,37.546875,27555.659375,0.01745225348956057,68.1125,55323.4625,0.027027791430329566,2224.0,4313.0,13613.0,300.0,2832.0,6666.0,4.48671875,24.5875,26.296875,-0.1383732111286331,651.9406442599826
1.0,21.2625,13980.443229166667,0.22162889632048735,0.009820280080454056,0.4872865384788979,0.005538551706173483,11.495572916666667,0.755633940819126,0.2070377602432635,0.2489903687194181,0.25263196823045175,5.38203125,266.7,0.00337293112891556,37.5921875,28001.571875,0.01783787774155964,68.4546875,54814.2875,0.02759207822550246,2226.0,4360.0,13657.0,315.0,2782.0,6768.0,4.449609375,24.7578125,26.4171875,-0.1392438481732307,658.1300520833332
0.9997395833333333,21.2265625,13938.277083333332,0.2219240836698679,0.009658592119562458,0.4881809386716597,0.005529190544412608,11.615104166666667,0.7375782112624217,0.207336388133215,0.24917628758596494,0.25302266190038253,5.398828125,248.671875,0.0033217149194807406,37.590625,27910.196875,0.017535601810307038,68.1734375,54724.778125,0.027129091229144742,2215.0,4301.0,13680.0,301.0,2861.0,6634.0,4.458984375,24.9640625,26.890625,-0.13884646914271404,654.810127766927
0.9997395833333333,21.344791666666666,13923.352604166666,0.2222404338943769,0.009716333802348513,0.48792550277567426,0.005559987409915776,11.660416666666666,0.7503538138695037,0.2076360567855084,0.24945997944425885,0.2534383967799688,5.482421875,224.69375,0.00336279292576655,37.6953125,27895.184375,0.017591583324134803,68.44375,54746.15625,0.02725524778689007,2203.0,4318.0,13668.0,305.0,2798.0,6756.0,4.55234375,24.8921875,26.8609375,-0.1350119204612685,658.9238270399305
0.9997395833333333,21.211979166666666,13951.3953125,0.22178632725884254,0.009658496210166722,0.4849325127943703,0.005525391812103846,11.435677083333333,0.746531784811059,0.20714194082427256,0.2492831522690194,0.25286704798694554,5.361328125,272.609375,0.003296302182126746,37.5703125,27973.696875,0.01756832053393277,68.25625,54644.2375,0.027197447998560564,2218.0,4287.0,13732.0,325.0,2765.0,6725.0,4.415625,24.6125,26.3390625,-0.1388144220250698,657.9743356662326
0.9994791666666667,21.2625,13892.37421875,0.22215517691769116,0.009545704927170395,0.4867413755441406,0.005538551706173483,11.44140625,0.7366745051930237,0.20749717786148025,0.24954788659476385,0.25339446346546224,5.426953125,206.6484375,0.0032450694003090612,37.5921875,28033.59375,0.01737296901180137,68.275,54494.0578125,0.026920982949984757,2205.0,4304.0,13701.0,297.0,2797.0,6730.0,4.473828125,24.49375,26.259375,-0.1366211390346402,658.9357812499999
1.0,21.159375,13933.907291666666,0.22227113301783838,0.009619797603165071,0.4838442229515894,0.005511689241990102,11.531510416666666,0.7372372372372372,0.2077412967085852,0.24953603056237267,0.25312558071031666,5.420703125,215.746875,0.003279918023236335,37.365625,27406.709375,0.017525441304842033,67.9078125,55333.746875,0.027073672221203066,2192.0,4285.0,13593.0,316.0,2715.0,6741.0,4.477734375,24.6828125,26.5953125,-0.13542706664890597,652.8193912760416
1.0,21.259895833333335,13883.965625,0.222780080508918,0.009647842166479364,0.4855311214597636,0.005537873361118347,11.468229166666667,0.7404884980033808,0.20835547460986317,0.24978631806347157,0.2534722665505839,5.49375,185.7921875,0.0033323404465729844,37.59375,28196.56875,0.01754018696448818,67.990625,54364.05625,0.02701750424809606,2169.0,4314.0,13624.0,301.0,2743.0,6709.0,4.542578125,24.4796875,26.159375,-0.13691100824222768,652.5975583224827
0.9994791666666667,21.190625,13917.189583333333,0.22201886002432153,0.00941011631872524,0.48853291948294547,0.005519829382651732,11.580208333333333,0.7378705205721869,0.2074894146456301,0.2493103389269881,0.252845162636421,5.460546875,221.62578125,0.003164095848725077,37.40625,27612.5875,0.017220500395374087,67.8953125,55004.046875,0.026583814122077044,2194.0,4241.0,13662.0,295.0,2778.0,6665.0,4.500390625,24.775,26.7046875,-0.13613258792858712,649.7131412760417
1.0,21.1859375,13984.93125,0.22160691419956471,0.009640327743634708,0.48346325910543597,0.005518608361552488,11.599739583333333,0.7473756668387541,0.20711896901808036,0.24871842442937103,0.25244718469569566,5.451953125,263.69609375,0.003270459694254574,37.375,28357.23125,0.017506216642063536,67.9328125,54497.571875,0.027253911042726408,2198.0,4261.0,13605.0,298.0,2739.0,6772.0,4.49765625,24.8234375,26.784375,-0.13329520192625183,650.2044897460938
1.0,21.039583333333333,13935.956770833332,0.2221434843588975,0.009623963903404305,0.4806420008402775,0.0054804853694538505,11.419270833333334,0.7186355084661847,0.20773120127432948,0.2491462222932884,0.25278987876277864,5.4109375,230.7375,0.003283216053897594,37.3109375,28056.41875,0.01753861126165648,67.2828125,54636.371875,0.027072307943178962,2139.0,4261.0,13575.0,298.0,2740.0,6592.0,4.476953125,24.4265625,26.18125,-0.1380251822931937,639.0770789930556
1.0,21.121354166666666,13946.205208333333,0.221871655046273,0.009600008693079707,0.4784858970428841,0.005501785404185118,11.566145833333334,0.742682415604271,0.20735402930004848,0.24906221599017958,0.25275159708726463,5.458203125,248.71640625,0.003236132331058245,37.2734375,28111.88125,0.017522294144451094,67.621875,54570.484375,0.02713322868979417,2157.0,4283.0,13623.0,300.0,2753.0,6653.0,4.48828125,24.7265625,26.7171875,-0.13292190287921193,645.6889189995661
0.9997395833333333,21.0546875,13979.933854166668,0.22153406195118977,0.009504088543132337,0.4802189837538107,0.005484419770773639,11.365104166666667,0.7650711193568337,0.2069807279835465,0.2488275705258328,0.25245388924712,5.436328125,299.546875,0.003234584700271123,37.1890625,28248.09375,0.017301060769609626,67.39375,54433.321875,0.0267851316880999,2188.0,4227.0,13583.0,301.0,2752.0,6613.0,4.465234375,24.23125,26.0984375,-0.13362270591537728,643.8569051106771
0.9997395833333333,21.045833333333334,13975.910416666668,0.22162528827457853,0.009245106614568054,0.4804397673643648,0.005482113397586177,11.522135416666666,0.7415858245891903,0.2070869775649709,0.24895472994537063,0.252449089442217,5.416796875,290.54453125,0.0031214675635185393,37.184375,27897.928125,0.016838688883146196,67.4234375,54795.35625,0.02614608055018796,2179.0,4235.0,13578.0,305.0,2724.0,6653.0,4.4859375,24.5984375,26.590625,-0.13534847532363684,645.3072743055556
0.99921875,21.128125,13966.01875,0.22121576633591242,0.009393626934231259,0.47890260028511933,0.005503549101328471,11.508333333333333,0.7354681260168614,0.20658696700935691,0.24870433395320218,0.25224239602484466,5.406640625,278.4375,0.003132399174946314,37.25625,27824.259375,0.01719167587211905,67.8859375,54858.103125,0.02664048903348324,2153.0,4279.0,13657.0,310.0,2728.0,6736.0,4.43359375,24.696875,26.61875,-0.13533044165825697,651.2690006510418
0.9994791666666667,21.155729166666667,14006.4640625,0.22090362721741386,0.009577056077794846,0.4786839639899026,0.005510739558912911,11.397135416666666,0.7300524385139959,0.2062699630347546,0.24837174896471148,0.25197016220075336,5.45390625,305.4296875,0.00323358290390459,37.290625,28209.1390625,0.01749489405198922,67.828125,54607.9265625,0.027033110799161493,2194.0,4264.0,13598.0,290.0,2747.0,6747.0,4.4734375,24.3828125,26.10625,-0.13097272510598287,650.5976234266493
1.0,21.1,14006.5328125,0.22120798075338677,0.009589098513860332,0.47966578573624863,0.005496222974733004,11.374479166666667,0.7157632306477093,0.20657008457513132,0.24874015280105127,0.2522273934187443,5.394921875,278.6609375,0.0032137329584036715,37.2625,27565.81875,0.017560129519745487,67.7578125,55358.734375,0.027119529729801816,2198.0,4336.0,13549.0,294.0,2768.0,6694.0,4.434375,24.4,26.109375,-0.1344903447731527,650.0071875
0.9997395833333333,21.133333333333333,13974.864583333334,0.22155651980205127,0.009419410921076586,0.48295268455430596,0.005504905791438743,11.43203125,0.7173205835962145,0.20698538889282356,0.24888716709334308,0.2525103961476702,5.438671875,257.6046875,0.0031557099184583506,37.4140625,28482.484375,0.017232935658648633,67.63125,54336.284375,0.02666069019397747,2163.0,4311.0,13587.0,306.0,2716.0,6709.0,4.51640625,24.3578125,26.16875,-0.13380318680037742,646.2264930555556
0.9997395833333333,21.119270833333335,13936.907291666666,0.22195985529202175,0.009236275001311382,0.4766463623411788,0.005501242728141009,11.37578125,0.7391304347826086,0.20740455224155233,0.2493501412670991,0.2527907815188223,5.46015625,203.70390625,0.0030814564682991015,37.384375,27954.815625,0.016933581261335894,67.490625,54851.8125,0.026158242873335992,2180.0,4281.0,13553.0,312.0,2681.0,6711.0,4.49921875,24.246875,26.0109375,-0.13408531349609892,647.279524468316
1.0,21.2,13987.0796875,0.22164735894122767,0.009122877511404875,0.48208184205868126,0.0055222714248502214,11.351041666666667,0.7303213443396226,0.2070406345034712,0.2490953194689472,0.2526262961645339,5.47578125,293.66484375,0.00302996390009008,37.4875,27816.01875,0.01673178162269104,67.809375,54931.8,0.025885627845377894,2218.0,4281.0,13622.0,307.0,2686.0,6744.0,4.48125,24.25,25.93125,-0.13310017726588902,652.9599999999999
1.0,21.2203125,13951.747916666667,0.22193607430494727,0.009259395989692765,0.4852696917106496,0.005527562516280281,11.381770833333333,0.7524237292295609,0.2073115522065568,0.24931254815104514,0.2530576888524113,5.421875,239.740625,0.0030537530576921356,37.4640625,27447.94375,0.0169666486588895,68.1703125,55303.58125,0.026374715048498552,2207.0,4291.0,13650.0,283.0,2766.0,6752.0,4.4671875,24.3328125,26.0890625,-0.13634904765078737,656.4665665690103
1.0,21.188541666666666,13974.2515625,0.22163256705707182,0.009121886398500645,0.4802051724726109,0.005519286706607623,11.3796875,0.7534290349540337,0.20698981304757086,0.24908378388518634,0.2527523662669612,5.40625,242.73125,0.003013316797726233,37.5609375,27939.89375,0.016749602483937236,67.9453125,54934.690625,0.025928448716161706,2168.0,4357.0,13671.0,304.0,2723.0,6717.0,4.44453125,24.3953125,26.1046875,-0.1375280749450945,655.5269520399306
1.0,21.190625,13982.193229166667,0.22166464672301006,0.009079784882572751,0.48666374655610967,0.005519829382651732,11.388020833333334,0.7372806370741779,0.20697802542251048,0.2491224708323756,0.2529533078156431,5.405078125,260.69765625,0.002989743960406224,37.4375,27951.446875,0.016614832618313886,68.0859375,54898.921875,0.025904900835497742,2188.0,4310.0,13607.0,303.0,2788.0,6719.0,4.446875,24.3609375,26.1796875,-0.13708816915060792,656.0173079427084
0.9994791666666667,21.3625,13921.466666666667,0.22210218300212942,0.009024986083684957,0.4886159219384386,0.0055646001562907,11.555729166666667,0.7380778232884728,0.20726184096978054,0.24982196161185258,0.2537437725218018,5.407421875,206.671875,0.002950767021885277,37.828125,28119.546875,0.01658489123239021,68.7171875,54582.565625,0.02576195718217843,2208.0,4380.0,13695.0,332.0,2744.0,6850.0,4.456640625,24.759375,26.7484375,-0.13858920446090942,671.9649479166668
0.9994791666666667,21.284895833333334,13926.923958333333,0.2219878699864287,0.009022887767127863,0.48380629406277514,0.005544385473647651,11.438802083333334,0.7399123987569433,0.20719225857541765,0.2496771181814216,0.25348106743547993,5.4265625,188.70546875,0.0029643885455595135,37.634375,27879.246875,0.01657909973196135,68.36875,54927.475,0.025700672688567783,2210.0,4329.0,13675.0,304.0,2781.0,6778.0,4.48515625,24.4828125,26.209375,-0.13702311249135982,663.7287301974826
0.99921875,21.247395833333332,13962.467708333334,0.22132434750570568,0.009094056798490046,0.48555055181868967,0.005534617304853695,11.561197916666666,0.7539159210687584,0.20648253908391548,0.24904976543642104,0.2529661632621511,5.440234375,296.40859375,0.0029717551927120832,37.4609375,27424.715625,0.01674949348307127,68.2625,55164.45625,0.025927826537020675,2200.0,4275.0,13668.0,280.0,2770.0,6802.0,4.479296875,24.7390625,26.7109375,-0.1351795364435575,661.0518161349827
0.9994791666666667,21.208333333333332,13920.005729166667,0.22203321653344155,0.00897940819356102,0.4850554157869799,0.005524442129026657,11.383854166666667,0.7527259332023576,0.20727285009406599,0.24963056988906368,0.2534773289353217,5.41015625,206.65390625,0.002965031843931161,37.48125,27761.9953125,0.016469795923334273,68.128125,54931.4234375,0.025546525862307205,2220.0,4259.0,13627.0,287.0,2743.0,6801.0,4.459375,24.3390625,26.1265625,-0.1371749828912674,660.235763888889
0.9994791666666667,21.233854166666667,13935.898958333333,0.22167729603401362,0.009067147947012836,0.489672321940763,0.005531089910566988,11.421614583333334,0.7557703156810321,0.20691026851440036,0.24927310238812642,0.25314959975835377,5.434375,209.659375,0.0030218146760904634,37.465625,27222.7328125,0.016583852408056238,68.2,55554.0234375,0.025731776569658936,2236.0,4268.0,13605.0,281.0,2766.0,6801.0,4.4828125,24.415625,26.1828125,-0.13526854794688586,659.734895562066
0.9994791666666667,21.333333333333332,13895.2203125,0.2222093406838764,0.009074786588716334,0.48637217700330865,0.005557002691673179,11.609895833333333,0.7619384765625,0.20746801524078262,0.24983132870243,0.2535526544376978,5.503515625,164.74140625,0.002997010383900436,37.7546875,27612.878125,0.016682582336854733,68.23125,55099.478125,0.025778095659841536,2239.0,4217.0,13750.0,312.0,2738.0,6772.0,4.54296875,24.790625,26.696875,-0.1339862563777891,660.5711805555555
0.99921875,21.272395833333334,13941.125,0.22147111518274604,0.009338850338788339,0.4799963212817533,0.005541129417382999,11.410416666666666,0.73985750312171,0.20664028854764965,0.24914603806580243,0.25311949884007523,5.46328125,266.5046875,0.0031162117757964785,37.6125,27764.278125,0.017063797615927346,68.16875,54816.453125,0.02650445731361678,2214.0,4240.0,13708.0,313.0,2768.0,6742.0,4.501171875,24.296875,26.1609375,-0.13604038496854134,660.3247588433159
1.0,21.2671875,13922.784895833332,0.22228874209967434,0.009255854302586084,0.4859354206429972,0.005539772727272727,11.457552083333333,0.743638723581417,0.20769149042040508,0.2494609076311037,0.2535055832853221,5.4796875,194.790625,0.0031354623854709684,37.5515625,28129.896875,0.01687005817166253,68.1328125,54627.65,0.026123218101970096,2210.0,4209.0,13669.0,301.0,2773.0,6739.0,4.534375,24.3859375,26.221875,-0.13690340342624868,655.157256673177
1.0,21.359375,13896.99375,0.2226756583192982,0.009311365157874833,0.48833565907142085,0.005563786142224538,11.60546875,0.7502072665203608,0.20804288399540466,0.24987078511613917,0.2540116288180315,5.514453125,191.79765625,0.0031230847461282732,37.5359375,27833.259375,0.016927910759727015,68.5625,54781.5125,0.026447941203008897,2197.0,4264.0,13679.0,300.0,2851.0,6777.0,4.52890625,24.7359375,26.78125,-0.13071544283842498,663.0000162760417
1.0,21.232291666666665,13993.396875,0.22157388914657972,0.009315266579724283,0.4789513773199859,0.005530682903533906,11.537760416666666,0.7457194721091105,0.2067953461465108,0.2490846939427059,0.25317725635072946,5.408203125,272.6734375,0.0030884733061886634,37.3375,27164.71875,0.017005749994247997,68.4234375,55704.96875,0.026531956259343053,2228.0,4209.0,13677.0,316.0,2827.0,6795.0,4.448828125,24.6859375,26.7453125,-0.1326193844350926,662.8153114149304
0.9994791666666667,21.29375,13932.916145833333,0.2217386616574459,0.009225954761691387,0.4830470306827067,0.005546691846835114,11.631770833333333,0.7486302710106644,0.20699088605929356,0.24916900609423953,0.25329941961326174,5.403515625,224.6484375,0.0030606271205229707,37.44375,27178.83125,0.01679972431221992,68.7046875,55520.071875,0.026313495775836516,2177.0,4328.0,13667.0,315.0,2835.0,6816.0,4.44609375,24.953125,27.053125,-0.13615780091154706,666.8199609374999
1.0,21.303125,13956.457291666668,0.2219327956727969,0.00949769034288575,0.48286742107801833,0.005549133889033602,11.585677083333334,0.7403305461835608,0.20722813012815763,0.24932717354130207,0.2533570799828489,5.425,266.675,0.003175046949745894,37.5703125,27576.775,0.017315813909402587,68.5484375,55095.26875,0.02697014034892834,2180.0,4302.0,13746.0,308.0,2846.0,6745.0,4.469921875,24.8171875,26.8171875,-0.13611230443211175,665.1664485677084
0.9997395833333333,21.25,13954.169270833334,0.22165802856185693,0.009431390518926086,0.4819858777191205,0.005535295649908831,11.613020833333334,0.7555637254901961,0.20698627400100128,0.24909803268914676,0.25290504267798974,5.415625,242.66953125,0.00315209441727522,37.509375,27932.76875,0.017204050934498855,68.328125,54821.56875,0.026775914509956783,2220.0,4244.0,13694.0,314.0,2795.0,6754.0,4.462890625,24.878125,26.9484375,-0.1358256367298879,660.1567708333333
0.9994791666666667,21.256770833333334,13907.961458333333,0.22206103098409366,0.009346111073760278,0.4841823289588479,0.005537059347052183,11.626041666666667,0.7552495528385563,0.20741912860279518,0.24929731903927016,0.253392352454111,5.447265625,203.66640625,0.0031506650441897504,37.475,28036.44375,0.017011032553596265,68.2765625,54596.659375,0.026462973712206406,2209.0,4288.0,13629.0,312.0,2811.0,6723.0,4.50234375,24.8375,26.909375,-0.13535619517883726,658.4262562391493
0.9997395833333333,21.2125,13938.216666666667,0.22191247619571045,0.009263455765256041,0.4807784560643781,0.005525527481114873,11.390104166666667,0.754444117069338,0.2072547366233422,0.2492431640778901,0.2532127466030038,5.44296875,254.63515625,0.0031161347435390324,37.4046875,28047.725,0.01682925850214163,68.0984375,54563.034375,0.026286937115238496,2224.0,4254.0,13620.0,308.0,2807.0,6711.0,4.46171875,24.3171875,26.1765625,-0.1340376834874598,658.6058854166665
0.9997395833333333,21.236979166666668,13927.521875,0.22214614240771938,0.009383009877690226,0.482488634999712,0.005531903924633151,11.40703125,0.7474187614960147,0.20745445635196164,0.24958397082442368,0.25347505821404603,5.4796875,209.69609375,0.003147275494275158,37.3515625,27366.721875,0.017124643359645732,68.1515625,55359.625,0.026584313929395004,2164.0,4321.0,13633.0,294.0,2803.0,6718.0,4.4875,24.3625,26.1296875,-0.13243454391963938,656.0011325412326
0.9997395833333333,21.2171875,13911.171354166667,0.2222756658556326,0.009286768756180477,0.4833258963496218,0.005526748502214118,11.418489583333333,0.7420526793823796,0.20760206745998316,0.24968248755736183,0.25356323773650113,5.458984375,176.76328125,0.003118910008350928,37.38125,28211.978125,0.0169363505586835,68.0859375,54547.996875,0.02630862194499564,2173.0,4292.0,13669.0,305.0,2749.0,6747.0,4.48515625,24.38125,26.1890625,-0.13398873315618848,655.950225423177
0.99921875,21.208333333333332,13905.143229166666,0.22185972241050217,0.009442967133744989,0.4834469046756428,0.005524442129026657,11.452604166666667,0.750270137524558,0.207149455607634,0.24929679233916607,0.25326371969331063,5.416796875,230.5734375,0.0031737296074003203,37.5125,28087.8546875,0.017223735996610152,68.0703125,54420.7109375,0.026739148376258508,2176.0,4324.0,13630.0,308.0,2792.0,6720.0,4.476171875,24.4921875,26.31875,-0.13514095310413038,653.7368055555556
0.99921875,21.208333333333332,13899.5484375,0.22199710245520066,0.00935514791653735,0.48247759027444087,0.005524442129026657,11.432291666666666,0.755820235756385,0.20729487731610244,0.24962097194587382,0.25318213352092017,5.415625,194.6421875,0.003168605634794738,37.55625,27835.15,0.017087173182732934,68.03125,54783.571875,0.02636929177731221,2237.0,4265.0,13698.0,297.0,2773.0,6659.0,4.46953125,24.4953125,26.2203125,-0.1392724524771667,655.6993055555556
1.0,21.151041666666668,13910.281770833333,0.22221442169191327,0.00929270661941483,0.4833152961235328,0.005509518537813667,11.446875,0.7370105885249938,0.20758864852558778,0.24964157721493976,0.2532903588341888,5.407421875,191.79140625,0.0031140522818746564,37.41875,27865.690625,0.01699861814326174,67.8578125,54828.834375,0.02630141244572861,2226.0,4245.0,13635.0,309.0,2760.0,6685.0,4.466796875,24.55625,26.2578125,-0.13644904939995978,648.9219780815971
0.9994791666666667,21.23125,13944.3828125,0.22176899660341728,0.00913460698934417,0.48508608554702504,0.0055304115655118525,11.471875,0.7348150328721421,0.20706739709240765,0.249302836754863,0.25304155449601023,5.434375,293.528125,0.0030500871088053627,37.43125,27973.540625,0.016686832794037758,68.21875,54518.64375,0.02592046070680582,2201.0,4314.0,13629.0,292.0,2782.0,6728.0,4.47421875,24.5890625,26.3453125,-0.13834285447951736,654.3866276041666
0.9994791666666667,21.196875,13922.466666666667,0.22193091628124215,0.009265356455614791,0.4866036691319709,0.005521457410784058,11.43828125,0.7195931003980539,0.2072572374062612,0.24934440018784593,0.2532121478745622,5.42109375,221.66015625,0.0031442659406219187,37.4390625,27974.365625,0.016861829776648095,68.0578125,54673.79375,0.026153245194552976,2183.0,4277.0,13655.0,285.0,2775.0,6720.0,4.474609375,24.496875,26.234375,-0.13779429724209505,653.0289485677082
0.9994791666666667,21.257291666666667,13965.216666666667,0.2215209184796773,0.009152444827957578,0.48131894269668846,0.005537195016063211,11.440364583333333,0.7478561277992846,0.20670339654273345,0.24915122760915728,0.25316069709797306,5.431640625,314.425,0.0030506156796178204,37.36875,27057.24375,0.016701494902449248,68.4484375,55476.35625,0.026010711346824943,2250.0,4211.0,13742.0,308.0,2793.0,6759.0,4.46015625,24.5,26.3015625,-0.13560027342174427,661.2410926649305
0.9994791666666667,21.234895833333333,13896.830208333333,0.22221431553671483,0.009253178071287168,0.48204157230068573,0.005531361248589042,11.42109375,0.7488901425032498,0.20749384831950685,0.24968994611760859,0.2536205538246533,5.4640625,170.7015625,0.0031092562945085364,37.4765625,28187.875,0.016896073031990512,68.0765625,54510.3,0.026185970217698352,2249.0,4208.0,13716.0,306.0,2773.0,6691.0,4.476171875,24.44375,26.178125,-0.13379133800672927,654.7916989474828
0.9997395833333333,21.233854166666667,13957.771875,0.22180252261628475,0.009407053541113031,0.4841671253885166,0.005531089910566988,11.423958333333333,0.7174814197061493,0.20712062459754926,0.24923222956153968,0.25310040774597176,5.422265625,215.696875,0.003171126941356052,37.6390625,28702.215625,0.017140256668838737,68.075,54181.628125,0.026617556812415233,2188.0,4278.0,13747.0,315.0,2761.0,6711.0,4.48125,24.4765625,26.1421875,-0.13631704663803562,656.1687497287327
0.9997395833333333,21.292708333333334,13941.816666666668,0.22184469685829294,0.009004814001401353,0.48454320438534376,0.005546420508813059,11.41640625,0.7499633090357615,0.2070886443972054,0.24936691676545403,0.25334668679548233,5.447265625,224.6953125,0.002973457388647141,37.615625,28322.64375,0.016468833813751436,68.3515625,54429.475,0.02566622064006812,2190.0,4307.0,13712.0,300.0,2781.0,6772.0,4.469921875,24.453125,26.165625,-0.1351264467743511,661.3882801649305
0.9997395833333333,21.200520833333332,13944.919270833334,0.2218026317568245,0.009068992437901796,0.4793598165759944,0.005522407093861249,11.3828125,0.7439872251566146,0.20709124577396404,0.2491177224937744,0.2533330849513165,5.4421875,239.66796875,0.003013633534573124,37.353125,28221.6625,0.016494485135539833,68.08125,54489.18125,0.02586493535357845,2200.0,4268.0,13630.0,316.0,2780.0,6717.0,4.48125,24.2171875,26.1546875,-0.1347158898272637,657.3733330620661
0.9997395833333333,21.257291666666667,13992.095833333333,0.2212612200575793,0.009098378906634307,0.47954004842561987,0.005537195016063211,11.55625,0.7562601068260891,0.20642287918719732,0.2488175193309528,0.25305828426573357,5.446875,248.66015625,0.0029452835372237966,37.3953125,27974.4375,0.016673370334156383,68.3609375,54983.496875,0.026135768956754263,2198.0,4350.0,13624.0,316.0,2755.0,6810.0,4.465234375,24.7359375,26.740625,-0.13113552678749554,659.1332801649306
0.9997395833333333,21.275520833333335,13987.078125,0.22135759914690994,0.009073789646535636,0.47634832472638494,0.005541943431449162,11.454427083333334,0.7542412298954687,0.2064616694104766,0.24900994070008994,0.2532889765394632,5.40859375,308.540625,0.002964786819201323,37.5296875,27807.0,0.01654735706778306,68.4890625,54881.30625,0.026036233534625468,2190.0,4270.0,13718.0,314.0,2806.0,6833.0,4.4390625,24.4640625,26.50625,-0.13359203409648585,669.2246091037326
0.9997395833333333,21.209375,13979.388020833334,0.2214362197356903,0.0092098330739095,0.4796736696523866,0.005524713467048711,11.470833333333333,0.7461814252738078,0.20658405511553618,0.2492054521337316,0.2530756458182656,5.40859375,257.64921875,0.0030089348597185845,37.596875,28259.659375,0.016934377006855,68.025,54586.071875,0.026288881997727675,2239.0,4225.0,13739.0,307.0,2790.0,6689.0,4.434765625,24.553125,26.5328125,-0.13634188674815606,658.7363704427083
1.0,21.265625,13968.1765625,0.22180755293977142,0.009192387589848142,0.4836004808356203,0.005539365720239646,11.55078125,0.753930933137399,0.2070183007628073,0.249350265251915,0.2534218493354843,5.417578125,224.7625,0.0030245054493786916,37.6578125,27950.8125,0.016821851553538852,68.265625,54959.196875,0.026234452188035228,2214.0,4247.0,13747.0,306.0,2824.0,6712.0,4.465234375,24.71875,26.725,-0.13638469730542063,663.1117350260416
0.9997395833333333,21.2984375,13958.286979166667,0.22169749027625224,0.009333629900883758,0.48386288044390374,0.0055479128679343575,11.575260416666667,0.7548480179981903,0.20685530595845844,0.24939936128149168,0.25336435654218803,5.3953125,248.65703125,0.0030488082884008727,37.64375,28002.0046875,0.01713005039314179,68.565625,54753.0890625,0.02667649585855727,2213.0,4328.0,13743.0,302.0,2766.0,6834.0,4.468359375,24.7765625,26.8015625,-0.13759315472015346,667.3999975585937
1.0,21.217708333333334,14001.431510416667,0.22126494401743288,0.009295186124259043,0.4790488128993443,0.005526884171225145,11.542708333333334,0.7551917128970494,0.20642807199884006,0.24907573101274288,0.252801645096494,5.430859375,296.66640625,0.00305699278487192,37.521875,27894.9734375,0.01708339900384067,68.0609375,54926.95,0.026459746602225897,2208.0,4282.0,13725.0,303.0,2772.0,6705.0,4.453515625,24.7234375,26.71875,-0.13537428227311848,657.4161447482638
1.0,21.222916666666666,13988.970833333333,0.22150214244202407,0.009131731420463618,0.4805395116704433,0.005528240861335417,11.472916666666666,0.744257386865613,0.2066326997213095,0.24931954532347883,0.25316251044342764,5.406640625,263.696875,0.0029845947400773433,37.5,27636.128125,0.016770774199118384,68.2109375,55242.909375,0.02608123536335395,2224.0,4244.0,13711.0,289.0,2789.0,6755.0,4.43046875,24.5421875,26.5734375,-0.1358565926272111,664.031037326389
0.9997395833333333,21.277604166666666,14004.251041666666,0.2211980042364813,0.00930373712049567,0.4820031595038673,0.0055424861074932705,11.58125,0.7426627175482828,0.20639819752086117,0.24895300940517867,0.25264222593026453,5.419921875,245.66640625,0.0030620414294289947,37.5984375,28089.25625,0.017100668751916313,68.3875,54953.584375,0.02647358825334173,2192.0,4281.0,13773.0,313.0,2742.0,6788.0,4.469140625,24.828125,26.7828125,-0.13790979430023856,663.0135609266493
0.9997395833333333,21.283854166666668,13997.8375,0.22118102651697535,0.009106712330394198,0.4845398073986005,0.005544114135625597,11.575,0.7459194910069742,0.20637472645266203,0.248857929411556,0.2527293238796482,5.435546875,272.6328125,0.002969669975504831,37.578125,28036.74375,0.01671826088603643,68.3828125,54859.75,0.026043333194309425,2219.0,4269.0,13758.0,316.0,2791.0,6731.0,4.473828125,24.790625,26.7640625,-0.1366981457801464,662.9871351453992
0.9997395833333333,21.364583333333332,13989.128125,0.22129597003584353,0.009081017925483192,0.47903163593112885,0.005565142832334809,11.624479166666667,0.7338371526084837,0.20645060312066715,0.2489443254417007,0.25302908229069204,5.46796875,275.56015625,0.002978309557087301,37.628125,27514.2625,0.016635325444594555,68.6875,55318.265625,0.025937543879955394,2213.0,4317.0,13776.0,307.0,2793.0,6791.0,4.476171875,24.90625,26.9359375,-0.13398226578307496,666.3092664930556
0.9997395833333333,21.388541666666665,13936.639583333334,0.2218933074974269,0.00898350358666933,0.4847404697915588,0.005571383606842059,11.591666666666667,0.7089806652705402,0.2070878118430893,0.24948682776087833,0.2535217698513259,5.439453125,212.7203125,0.002909505886048608,37.7359375,27556.825,0.016510898647382304,68.8375,55212.13125,0.025752099328439238,2199.0,4362.0,13721.0,297.0,2797.0,6858.0,4.469140625,24.834375,26.8390625,-0.13598496874928342,671.5886187065971
0.9997395833333333,21.360416666666666,13955.467708333334,0.22180591848544043,0.00903123849204734,0.4866434374641919,0.005564057480246592,11.567447916666667,0.7469277284697162,0.20701388191432346,0.24941919023979553,0.25336079301555325,5.45859375,269.62421875,0.0029798014583769248,37.6875,27748.384375,0.01646806471461714,68.640625,54905.925,0.025800160404159212,2179.0,4364.0,13688.0,306.0,2820.0,6787.0,4.48984375,24.7296875,26.715625,-0.13624724480797856,666.6992664930556
0.9994791666666667,21.402083333333334,13958.018489583334,0.22152408256445041,0.009047262070136565,0.48522738928362574,0.0055749110011287665,11.5859375,0.7077289983451767,0.20662788770646495,0.24933783353990072,0.2532951110209421,5.451171875,227.615625,0.0029455728166574396,37.71875,27435.265625,0.016574824016009477,68.8890625,55402.3828125,0.025926457138180148,2195.0,4377.0,13780.0,317.0,2790.0,6822.0,4.491015625,24.784375,26.7671875,-0.13585386945665254,670.7482248263889
0.99921875,21.222916666666666,13941.471354166666,0.22143035607806366,0.008929138210140923,0.4841229381048527,0.005528240861335417,11.346614583333333,0.7513006773338569,0.2066783407208157,0.24900819829709936,0.25286057528801975,5.40078125,236.54375,0.0029308900723362,37.4203125,27722.459375,0.016335249300801446,68.3140625,54980.19375,0.025516019670699285,2191.0,4291.0,13686.0,333.0,2679.0,6832.0,4.43125,24.2734375,26.08125,-0.13742899067805986,662.0206206597223
0.99921875,21.251041666666666,13913.8109375,0.22190912497470686,0.009185781633583483,0.4894665340895613,0.005535566987930885,11.575,0.7430273025832067,0.20717488320609742,0.24955601460425628,0.25319920241959515,5.376171875,218.61015625,0.0030766631836247225,37.5328125,27866.2125,0.016818776571152903,68.46875,54742.2125,0.025989260495849098,2180.0,4315.0,13762.0,296.0,2788.0,6744.0,4.436328125,24.896875,26.8078125,-0.14113546756885198,664.0624989149305
0.9997395833333333,21.283854166666668,13968.036979166667,0.22158804167482354,0.00909969196053803,0.4819898579498569,0.005544114135625597,11.54375,0.720592193808883,0.20685836333897073,0.2491870111450245,0.252907785548034,5.42578125,245.65234375,0.0029630297299320595,37.6359375,28134.978125,0.01677078482290484,68.3640625,54690.634375,0.025975248020595098,2220.0,4293.0,13781.0,315.0,2764.0,6743.0,4.476953125,24.74375,26.6109375,-0.13748624056146716,661.6928643120659
0.9994791666666667,21.240104166666665,13954.409895833332,0.22146054081228905,0.009249109026690351,0.48091712339774706,0.005532717938699314,11.447916666666666,0.7329148377921091,0.2067396791941328,0.24909565450482773,0.25270887359237537,5.453125,206.6671875,0.0030402999496539664,37.45625,27943.459375,0.016952833054103087,68.171875,54956.33125,0.02638062130742317,2202.0,4306.0,13657.0,307.0,2758.0,6775.0,4.47578125,24.5,26.284375,-0.13138541954807623,655.8282874891494
1.0,21.284895833333334,13946.666145833333,0.22206974573391047,0.009294488056148627,0.48314868292800567,0.005544385473647651,11.571875,0.74169868108743,0.20741038929731306,0.24940806258457152,0.2533688546296391,5.455859375,203.75703125,0.0030770374764544015,37.4046875,27009.525,0.016992754003568877,68.48125,55855.44375,0.026466024427505275,2187.0,4292.0,13682.0,300.0,2741.0,6862.0,4.4765625,24.7625,26.7625,-0.13306240362564764,662.4157093641494
0.9994791666666667,21.303125,13950.777604166668,0.22153025917351035,0.008960753557191647,0.4813863602698556,0.005549133889033602,11.6265625,0.7466138575130801,0.2068541500895688,0.24893824024321703,0.25282671443956983,5.428125,200.659375,0.002904805858266813,37.559375,28110.325,0.016450898693406123,68.546875,54791.703125,0.02569439921667651,2220.0,4296.0,13707.0,300.0,2788.0,6831.0,4.474609375,24.9234375,26.9375,-0.13429449146282918,664.7909277343751
0.9997395833333333,21.232291666666665,13961.111458333333,0.2216954328455496,0.008845215570147153,0.4800103355929443,0.005530682903533906,11.390104166666667,0.7519010940489623,0.20707161963382664,0.24884348472242093,0.2530426338155699,5.451171875,218.715625,0.0028880779697555655,37.41875,27924.0125,0.016198177750353548,68.1703125,54967.79375,0.02532080379150712,2178.0,4236.0,13689.0,296.0,2750.0,6809.0,4.47578125,24.3265625,26.1109375,-0.13324090049934265,659.1892697482638
0.9994791666666667,21.292708333333334,13966.386458333332,0.22139424322554743,0.008910909900792826,0.48437514060305026,0.005546420508813059,11.5859375,0.7376106844087863,0.20665722797279829,0.24880403087500663,0.25293251658708504,5.456640625,248.57109375,0.0029411941702549155,37.5234375,27531.415625,0.016270816668616263,68.40625,55272.61875,0.02542986605512103,2190.0,4248.0,13726.0,309.0,2792.0,6809.0,4.495703125,24.7578125,26.775,-0.13231233795092653,660.6080718315972
0.99921875,21.383854166666666,13942.188020833333,0.22160201240594338,0.008600525508207628,0.47945496915736213,0.005570162585742815,11.606770833333334,0.741773631780208,0.20674255261453647,0.24940072125539828,0.2532411427221161,5.470703125,257.5078125,0.0027665818553664584,37.684375,27601.328125,0.01580088618054245,68.7359375,55021.76875,0.02473593944723747,2233.0,4310.0,13722.0,304.0,2795.0,6865.0,4.501953125,24.840625,26.7921875,-0.13216197862052864,670.776614312066
0.9994791666666667,21.3640625,13901.178125,0.22228818774556955,0.008718632010365539,0.4816106420225843,0.005565007163323782,11.584375,0.7507740315463566,0.2075058737123606,0.24986037052398613,0.25384526109998856,5.465234375,194.684375,0.00281439887609982,37.6046875,27174.646875,0.0159688621642732,68.71875,55453.684375,0.02508533439352075,2200.0,4281.0,13799.0,302.0,2768.0,6849.0,4.50078125,24.7546875,26.7484375,-0.13432503420271413,670.1908959960937
1.0,21.283854166666668,13954.36484375,0.22191795619343826,0.00868140928267614,0.4818556210603619,0.005544114135625597,11.406770833333333,0.7624862351645663,0.20723508140080366,0.24925194576347026,0.25331546579394476,5.442578125,188.77578125,0.0027825355711407766,37.584375,27667.20625,0.015897083864545136,68.3484375,55303.8796875,0.025061229546948595,2182.0,4339.0,13708.0,304.0,2770.0,6788.0,4.459375,24.4359375,26.1671875,-0.13417832150650036,662.995989312066
0.9989583333333333,21.317708333333332,13889.977083333333,0.2218136816089208,0.008646490571258067,0.47953224299081487,0.005552932621342364,11.574739583333333,0.7450280967505497,0.20696339040989037,0.24949507196128548,0.25353345605267774,5.458203125,179.6203125,0.0027363205160051427,37.5,27421.575,0.01591405533769013,68.5734375,55199.80625,0.025019606025837686,2166.0,4392.0,13628.0,295.0,2773.0,6891.0,4.4953125,24.690625,26.7765625,-0.13143255456112346,666.2157280815974
1.0,21.3140625,13981.784375,0.2217447447434058,0.008813326573488007,0.48337402146590336,0.0055519829382651735,11.512760416666667,0.7515822398162403,0.20697944002141364,0.2493257079625752,0.25322500041220486,5.466015625,224.74609375,0.00281598188050793,37.5875,27964.784375,0.016283742693739854,68.4328125,55026.9375,0.025332289225156457,2208.0,4343.0,13675.0,286.0,2801.0,6775.0,4.47421875,24.5921875,26.5875,-0.1347434762811668,663.8383439127605
0.9997395833333333,21.275520833333335,13936.049479166666,0.22190587828511946,0.008829371517825172,0.4814864952767188,0.005541943431449162,11.403645833333334,0.732233347205562,0.20720787540384925,0.24936525351112976,0.25323851458419017,5.4703125,173.7671875,0.0028568175614256315,37.509375,28049.634375,0.01623164905177111,68.2625,54871.59375,0.0253173098094774,2221.0,4204.0,13703.0,289.0,2794.0,6793.0,4.502734375,24.271875,26.1390625,-0.1331073277063723,661.323567437066
1.0,21.378645833333334,13964.654166666667,0.2218093021623878,0.008840491450491175,0.4751972852525364,0.005568805895632543,11.435677083333333,0.7432455477866835,0.20700218248203978,0.2494028129444526,0.25344427010171516,5.42890625,242.74140625,0.0028301766251784322,37.7671875,27926.875,0.016315236130753873,68.7890625,54890.084375,0.025407006071479443,2212.0,4289.0,13841.0,298.0,2773.0,6896.0,4.45,24.5046875,26.309375,-0.13369513198576757,671.5732939995659
1.0,21.263020833333332,14036.393229166666,0.2209308513092396,0.008962597816624677,0.4755816697366569,0.00553868737518451,11.409895833333334,0.7623025107164727,0.20617248440896194,0.2484527753080835,0.25244239491150616,5.400390625,266.69921875,0.002869755252094624,37.5,28110.31875,0.01652611635925834,68.4765625,55041.24375,0.025770449532111227,2181.0,4328.0,13682.0,310.0,2731.0,6885.0,4.424609375,24.421875,26.3390625,-0.13346652973813206,662.6490492078993
0.9997395833333333,21.3515625,13954.022395833334,0.2217843172063633,0.008992722233983634,0.48020953618267653,0.00556175110705913,11.533072916666667,0.7465300646420295,0.2070396304648368,0.2491608302681147,0.2533865511107177,5.451953125,236.67421875,0.0029176791845414445,37.61875,27890.528125,0.016498325857837712,68.6828125,54886.909375,0.025787290807898315,2211.0,4287.0,13777.0,310.0,2804.0,6818.0,4.486328125,24.6390625,26.6140625,-0.13316622812964674,669.0290079752605
1.0,21.290625,13950.571354166666,0.22197809171956137,0.008945098735593661,0.4812867440239945,0.00554587783276895,11.532552083333334,0.7525808503351435,0.20729997943945744,0.24937811202422608,0.2532905205353126,5.44921875,239.72421875,0.00292862614895155,37.5078125,27835.44375,0.01640551779428496,68.4390625,54909.0875,0.02555057002347081,2176.0,4297.0,13751.0,305.0,2731.0,6828.0,4.480859375,24.6234375,26.6484375,-0.13473097766958625,662.6348079427083
0.9994791666666667,21.369791666666668,13945.2453125,0.22163162768677455,0.008872591574784669,0.4804308896417661,0.005566499522445081,11.46328125,0.7415305873750914,0.20686839623825354,0.2491162620452733,0.2531999191223599,5.462890625,209.65703125,0.0028714160049939596,37.634375,27335.540625,0.0163014094653189,68.7328125,55497.303125,0.025448475963413264,2189.0,4378.0,13702.0,322.0,2770.0,6843.0,4.501171875,24.46875,26.30625,-0.13318835069129484,667.3991916232638
1.0,21.4390625,13957.367708333333,0.22191534146302733,0.00905197108399825,0.4865782808866283,0.005584543500911696,11.502083333333333,0.7429487646672983,0.20721546899194565,0.2493749366782919,0.2532552361320894,5.502734375,215.77109375,0.0029609263034150726,37.7,27396.490625,0.016609061989693842,68.9234375,55484.63125,0.025859059300635368,2197.0,4380.0,13676.0,296.0,2826.0,6845.0,4.539453125,24.515625,26.3390625,-0.13442498609818218,669.8968074544271
1.0,21.393229166666668,13955.484375,0.2219776589693813,0.008723226929936528,0.4830110714730728,0.005572604627941304,11.675520833333334,0.7441022519780889,0.2072700840360011,0.24939423026333823,0.25339138740894523,5.469140625,212.76953125,0.00282269938185571,37.6734375,27714.259375,0.016023840015527906,68.809375,55167.56875,0.025024724036668427,2207.0,4297.0,13746.0,316.0,2773.0,6866.0,4.488671875,25.0046875,27.09375,-0.13313331263514655,668.7797458224826
0.9997395833333333,21.385416666666668,13971.665104166666,0.22172182662929346,0.00853907715059654,0.4829236911002743,0.005570569592775896,11.522395833333333,0.7410131514856307,0.20684684552939164,0.24951197227034694,0.25343160538784704,5.428515625,248.61796875,0.0026644273616741087,37.8109375,27721.1125,0.01583023200172112,68.7875,55114.40625,0.02474652145516168,2170.0,4366.0,13860.0,326.0,2734.0,6853.0,4.476171875,24.6859375,26.54375,-0.1353622367802399,670.9941623263888
0.9997395833333333,21.261979166666666,13979.909375,0.22140707828218056,0.008667913226027224,0.4817445109496352,0.005538416037162455,11.517708333333333,0.7482791563579355,0.2066905552453223,0.24893301969782602,0.2527472290139681,5.44453125,218.70390625,0.002727000194239485,37.446875,27626.896875,0.01608167733729906,68.346875,55377.74375,0.025017801241906345,2228.0,4254.0,13725.0,307.0,2757.0,6789.0,4.4671875,24.6875,26.55,-0.13347419626201368,657.9459502495661
0.9994791666666667,21.317708333333332,13942.23125,0.22163940436912757,0.008713723423341329,0.47871085507482714,0.005552932621342364,11.526041666666666,0.7501588077204984,0.20683874605299538,0.2491790483895861,0.25330239361319795,5.42421875,224.62109375,0.00273306020608948,37.5390625,27209.9375,0.016168001345360658,68.6703125,55544.965625,0.025182098370329403,2208.0,4374.0,13662.0,317.0,2791.0,6862.0,4.46640625,24.659375,26.63125,-0.1316037568114448,667.6485405815972
0.9994791666666667,21.2953125,13962.461979166666,0.2214584263248902,0.008923996510479851,0.48384092842004417,0.005547098853868195,11.489583333333334,0.7517303788490229,0.2067619954667122,0.24891044664329437,0.2527921294391982,5.390234375,266.54921875,0.002869000594581352,37.5875,27712.6875,0.016438472574290763,68.6234375,54995.8875,0.025629504110262942,2192.0,4374.0,13704.0,320.0,2804.0,6779.0,4.4453125,24.6328125,26.5234375,-0.13860261720636047,665.2638321940104
0.9997395833333333,21.359375,13979.2390625,0.2214405914194915,0.00851635712705634,0.4803270524005328,0.005563786142224538,11.471354166666666,0.7562058034625702,0.20662203999145118,0.2491134623707559,0.25304192618038857,5.385546875,260.6609375,0.0026637847910983125,37.7625,27514.30625,0.015773131760308406,68.8515625,55318.484375,0.024669871837636376,2203.0,4374.0,13774.0,332.0,2807.0,6827.0,4.423828125,24.6859375,26.446875,-0.13627043714375886,671.7260579427083
1.0,21.3078125,13964.341145833334,0.2217561659476523,0.008703980226783113,0.48052895589658307,0.005550354910132847,11.64609375,0.7288748747280682,0.20716232340676646,0.24895078353227124,0.25293691852657674,5.46171875,266.690625,0.0028048034057812808,37.584375,27945.08125,0.01596200577943135,68.415625,54774.203125,0.0250426619581422,2200.0,4295.0,13726.0,317.0,2819.0,6747.0,4.49453125,24.9390625,26.959375,-0.133092560162102,661.7437931315105
1.0,21.428645833333334,13973.061458333334,0.22183469276110018,0.008849183175490435,0.48417943674945957,0.005581830120691152,11.683333333333334,0.7529348856427582,0.20718454491006272,0.24906330730171183,0.25320666962463845,5.47734375,311.62265625,0.0028773991278797217,37.7734375,26922.6375,0.01621287264117868,68.8890625,55669.240625,0.025372629900245042,2213.0,4331.0,13758.0,318.0,2812.0,6843.0,4.51953125,24.9765625,27.0453125,-0.1341605614181887,671.433450249566
0.9997395833333333,21.3484375,13970.4234375,0.22157992908500426,0.00891003839591833,0.4833921424723237,0.005560937092992967,11.598697916666667,0.7584473883236966,0.2069300087289226,0.2489512105736534,0.2528083290206817,5.433203125,263.634375,0.0028828722685161467,37.7390625,28069.51875,0.01637701671838354,68.61875,54698.484375,0.025551724583061854,2182.0,4349.0,13755.0,312.0,2816.0,6777.0,4.4765625,24.85,26.8359375,-0.13545545461072483,666.7114038085936
0.9997395833333333,21.370833333333334,13973.0734375,0.221554802007803,0.00898615976116167,0.4850046978063452,0.0055667708604671354,11.484635416666666,0.7292600896860987,0.2068516280176301,0.2490311224523405,0.2528911775239572,5.436328125,248.65625,0.002897202010565314,37.8453125,27953.63125,0.016622205255831527,68.634375,54890.184375,0.025705945268877234,2208.0,4374.0,13780.0,300.0,2800.0,6781.0,4.4828125,24.6484375,26.328125,-0.13675693542925732,665.2661284722222
0.99921875,21.2375,13969.169791666667,0.22120194136464436,0.008880477066056325,0.4819459177523221,0.005532039593644178,11.386979166666666,0.7510790661173239,0.20648667296999532,0.248621384994662,0.2526435713132227,5.385546875,272.48671875,0.0028443451148612393,37.509375,27438.1125,0.016393885213255605,68.3734375,55286.959375,0.02551159672363738,2196.0,4256.0,13770.0,300.0,2809.0,6744.0,4.436328125,24.3953125,26.18125,-0.13730825854452014,662.19203125
0.9997395833333333,21.295833333333334,13978.966145833334,0.2215257095036657,0.008746912243467722,0.48112366750337077,0.005547234522879222,11.4296875,0.7514185090980239,0.20684340225426806,0.24895280405949358,0.25282784394542857,5.398046875,275.59765625,0.0027813727625507663,37.68125,28240.10625,0.01621612218264896,68.5015625,54531.3,0.025139860227954315,2209.0,4292.0,13830.0,303.0,2803.0,6723.0,4.4375,24.5109375,26.3171875,-0.13850898058596214,665.0400868055556
1.0,21.2453125,13937.934895833334,0.22209291425255007,0.008883936129481107,0.4809641113524041,0.005534074628809586,11.40625,0.7587212865583094,0.20750770307517258,0.24934009479051525,0.25318657842409487,5.428515625,194.7890625,0.0028399191140899426,37.7109375,28470.390625,0.016485636246858604,68.046875,54378.0625,0.02545830407366827,2173.0,4316.0,13711.0,318.0,2747.0,6734.0,4.4578125,24.4234375,26.1828125,-0.13490741073534257,656.9799259440105
0.9994791666666667,21.270833333333332,13968.530729166667,0.2213646175835681,0.00882608188061503,0.4851083096309212,0.005540722410349918,11.486197916666667,0.7393486777668952,0.20673617861951382,0.24874695455004092,0.25249603647331237,5.4640625,236.61484375,0.0028426058518406963,37.5796875,27539.565625,0.016318547669202398,68.1890625,55325.159375,0.025267520207124992,2235.0,4246.0,13675.0,310.0,2740.0,6782.0,4.496484375,24.525,26.40625,-0.13391407457368995,657.9891493055555
0.9997395833333333,21.211458333333333,13951.543229166668,0.22183881645184442,0.008970068138297623,0.4797088914100171,0.005525256143092819,11.575260416666667,0.7333153268182487,0.20723510004042778,0.24917740990560597,0.25291508864374956,5.448046875,194.75546875,0.0029038202523497003,37.5328125,27412.79375,0.01658388543436091,67.94375,55517.44375,0.025621242386026033,2219.0,4278.0,13662.0,288.0,2749.0,6740.0,4.494140625,24.7578125,26.7171875,-0.13399976512539077,656.8172645399305
0.9994791666666667,21.361979166666668,13939.6421875,0.22178819731429114,0.00893730151972272,0.4804237160030626,0.005564464487279674,11.513020833333334,0.7441911495794221,0.2071635792558352,0.2490311024989532,0.25304376436345277,5.476171875,257.54375,0.0028887551237679237,37.6234375,27364.61875,0.016398487651334698,68.64375,55243.059375,0.025670300971929925,2211.0,4306.0,13725.0,316.0,2784.0,6832.0,4.515234375,24.56875,26.4484375,-0.1331261729190872,664.6986585828994
1.0,21.301041666666666,13947.882291666667,0.22195943493651224,0.008899945446370993,0.48157863188700056,0.0055485912129894935,11.429427083333334,0.7569563303829038,0.20736156519242294,0.2492487885268674,0.25306156032251437,5.472265625,233.746875,0.0028601901290976573,37.590625,28199.61875,0.016402960307322936,68.3265625,54552.6875,0.025555951854512392,2203.0,4297.0,13718.0,294.0,2791.0,6762.0,4.491796875,24.425,26.184375,-0.13262957674640274,660.0739572482639
1.0,21.169791666666665,13972.8703125,0.22181172697242318,0.00883106309733393,0.483078289050077,0.005514402622210645,11.3984375,0.75040594400433,0.2072007854827882,0.249198995902024,0.2528682240013622,5.405859375,239.7140625,0.002830964274927544,37.409375,28069.58125,0.016367270739410623,67.9859375,54808.784375,0.025295250744882786,2200.0,4283.0,13686.0,286.0,2822.0,6666.0,4.440234375,24.46875,26.1609375,-0.13614898203446843,655.3477332899306
0.9997395833333333,21.144270833333334,14010.046354166667,0.22118834687209687,0.008736282399068285,0.47556713510454124,0.005507754840670314,11.394270833333334,0.745473803483016,0.2065574201089267,0.24854677452703652,0.2523536262698379,5.41875,299.55,0.002773159012651518,37.38125,27853.953125,0.016218378327312006,67.809375,55008.125,0.025106680016491627,2246.0,4334.0,13533.0,314.0,2757.0,6713.0,4.44765625,24.478125,26.096875,-0.130827663637327,653.5140817599826
0.9997395833333333,21.148958333333333,13912.2578125,0.2223475162296696,0.008663911075610669,0.4824496317212009,0.005508975861769558,11.34765625,0.7412451361867705,0.2077658816651394,0.24949526629902294,0.2535263044184369,5.43671875,218.70234375,0.0027956276628757376,37.3078125,27360.525,0.01597679676495599,67.8390625,55238.2125,0.024824159037205064,2190.0,4353.0,13517.0,316.0,2756.0,6704.0,4.48671875,24.15625,25.9828125,-0.13311091161113292,657.3746864149306
1.0,21.238541666666666,13969.8875,0.22182100120251408,0.008682856148432646,0.4844144519756524,0.005532310931666232,11.481510416666667,0.7415518171563098,0.2071921359816688,0.24916391331859455,0.2529935499698145,5.4375,260.675,0.0028053346345352686,37.509375,27663.484375,0.016029340171297972,68.171875,55113.140625,0.024846458181156834,2218.0,4308.0,13640.0,308.0,2782.0,6752.0,4.455078125,24.6328125,26.4359375,-0.1330805130076309,660.6623687065972
1.0,21.228125,13967.024479166666,0.22168044102723763,0.008852544961214393,0.4808346471882564,0.005529597551445689,11.513802083333333,0.7386770695323618,0.20704698838598468,0.2491492489776898,0.2527454436417975,5.4984375,230.72578125,0.002888206964221652,37.4953125,27627.765625,0.016314769394348866,67.8796875,55251.478125,0.02524767251605089,2217.0,4283.0,13616.0,301.0,2780.0,6674.0,4.51328125,24.5890625,26.440625,-0.13242409670357577,655.005771484375
0.9997395833333333,21.26875,13982.541666666666,0.2213418812317368,0.008696773187203322,0.4825215607039597,0.005540179734305809,11.454947916666667,0.7536732295033793,0.20651790349769278,0.24914315827479455,0.25283651512485533,5.436328125,263.6140625,0.0027918037122140684,37.5453125,27529.8625,0.016046229962397723,68.321875,55310.93125,0.024967194311965923,2199.0,4364.0,13633.0,277.0,2799.0,6777.0,4.47421875,24.446875,26.3859375,-0.13447990793078593,665.0454817708335
0.9997395833333333,21.255208333333332,13957.050520833332,0.22183107104798558,0.00878346170422671,0.48408416219935463,0.005536652340019102,11.41171875,0.7504288164665524,0.20711664339971564,0.2493885486680048,0.2531313040210462,5.425390625,245.66640625,0.002843151280281905,37.5375,28014.265625,0.01619216446942795,68.2921875,54745.371875,0.02513600063480469,2189.0,4350.0,13635.0,279.0,2792.0,6785.0,4.473046875,24.4078125,26.1703125,-0.1364783607900991,663.9301812065974
1.0,21.222916666666666,13927.9140625,0.22231908346469964,0.008803045338555757,0.48432707699476446,0.005528240861335417,11.495833333333334,0.7452144890546776,0.20774552564394755,0.24969190309764508,0.25324049511476243,5.473046875,215.77734375,0.002855116582351752,37.4890625,27364.825,0.01625413466455821,67.95625,55339.55,0.025143671037369326,2197.0,4260.0,13697.0,274.0,2825.0,6629.0,4.5125,24.534375,26.390625,-0.13547405465093224,654.6315581597223
1.0,21.2078125,13996.544791666667,0.22170859122811162,0.008714675641672024,0.484187757891425,0.005524306460015629,11.388802083333333,0.7477590314103981,0.20708415436078434,0.2491174651943417,0.25279746473119047,5.447265625,272.578125,0.0028165271741933417,37.5046875,27887.8765625,0.01609310651462107,67.953125,55001.0796875,0.0249288386386377,2210.0,4292.0,13652.0,292.0,2821.0,6614.0,4.48359375,24.3421875,26.05625,-0.13766537073004304,655.5932722981771
0.9994791666666667,21.321354166666666,13912.320833333333,0.22211057223172428,0.008691508727706364,0.48680648368924495,0.005553882304419553,11.47421875,0.740357134132936,0.20745377669884268,0.24968753905435018,0.2531607875406249,5.4765625,218.6125,0.002770396997938396,37.6484375,28058.015625,0.016083310646332928,68.3734375,54541.459375,0.024984153728151666,2206.0,4295.0,13745.0,285.0,2792.0,6737.0,4.498828125,24.5265625,26.3234375,-0.13661831698760993,663.0285023328994
1.0,21.188541666666666,13974.152604166668,0.22177762140240012,0.008778909364814498,0.4884758733695709,0.005519286706607623,11.403645833333334,0.7377218425839438,0.20718608076289144,0.24920242784645225,0.25271897751638284,5.4609375,248.65234375,0.0028260311842614955,37.4703125,28000.065625,0.016212542078475438,67.8171875,54850.240625,0.025156789373365573,2182.0,4289.0,13617.0,272.0,2812.0,6641.0,4.48203125,24.3109375,26.1828125,-0.13596682738649354,653.183722873264
0.9997395833333333,21.106770833333332,13922.877083333333,0.22215967832500003,0.008869795837965913,0.48295002765175743,0.0054979866718763565,11.319010416666666,0.7136088834053054,0.20764336694768737,0.24935075816940974,0.2530338439898407,5.551171875,203.66953125,0.0029609262452085458,37.1140625,27351.2375,0.016282539847410113,67.321875,55371.346875,0.02509253019955119,2170.0,4252.0,13456.0,270.0,2767.0,6621.0,4.558203125,24.0140625,25.6671875,-0.1291636022177629,641.1281833224826
0.99921875,21.0421875,13945.691666666668,0.22144286500453242,0.008810642930901119,0.48316809767634405,0.0054811637145089865,11.34765625,0.7432489294819435,0.20679893314678557,0.24893375925218852,0.25252769818786375,5.457421875,227.46875,0.002889338593651924,37.103125,27900.065625,0.016243534133366683,67.3203125,54864.209375,0.02506296907743233,2191.0,4217.0,13489.0,303.0,2722.0,6662.0,4.4875,24.221875,25.9140625,-0.13118289332852964,643.3950952148439
0.9997395833333333,21.127604166666668,13938.340104166668,0.22196863142023968,0.008680102861688332,0.48419038787245333,0.0055034134323174435,11.336197916666666,0.7523480833230618,0.20746534537152012,0.24909909993794307,0.2528513070974146,5.50546875,203.71328125,0.0028681014186917523,37.103125,27544.8390625,0.015887225107179014,67.640625,55270.3484375,0.02472098638818398,2157.0,4281.0,13453.0,297.0,2696.0,6750.0,4.5265625,24.0921875,25.81875,-0.13229246314203869,647.1628838433159
0.9994791666666667,21.146354166666665,13967.890625,0.22152665098682636,0.008904518316388728,0.48601138480790573,0.005508297516714422,11.404166666666667,0.7527400802935889,0.2069915514696059,0.2487312846690272,0.2524624153735071,5.473046875,269.51953125,0.0029534169227472783,37.240625,27119.16875,0.016335095713953283,67.7453125,55610.096875,0.025278346493389975,2191.0,4223.0,13522.0,293.0,2699.0,6775.0,4.5203125,24.328125,26.015625,-0.1345263910679594,647.9244137912325
1.0,21.134375,13931.421875,0.22230668539980095,0.008945807203035505,0.4831887347477944,0.005505177129460797,11.373958333333333,0.7263295381733944,0.20783230368761876,0.249340083342,0.25317081430633054,5.47890625,224.715625,0.0029596474423489853,37.2453125,27717.01875,0.01644557572553213,67.6453125,54972.65,0.02539067772328496,2193.0,4309.0,13461.0,297.0,2746.0,6686.0,4.523046875,24.1796875,25.971875,-0.13394002443489597,647.3756933593748
0.9997395833333333,21.1890625,13936.8234375,0.22198855578783477,0.00904865897798679,0.47982969262261393,0.00551942237561865,11.5140625,0.7432342747584987,0.20739104422020835,0.24926081060098088,0.2531063472451944,5.453515625,215.68671875,0.0029643844894609965,37.38125,27891.434375,0.016651584141323457,67.9390625,54866.759375,0.0257828317687533,2170.0,4301.0,13606.0,292.0,2739.0,6751.0,4.459765625,24.61875,26.6265625,-0.13354174893574106,655.4106095377605
1.0,21.197395833333335,13977.5796875,0.22160792891364692,0.008767699261987474,0.4869824130095156,0.0055215930797950855,11.37421875,0.7492813091230742,0.20704065677924288,0.24885035671451936,0.25263458965039043,5.5046875,251.675,0.0028299677918303357,37.2796875,27461.6875,0.016193770530696417,67.8859375,55397.090625,0.025092553873907075,2147.0,4346.0,13492.0,289.0,2747.0,6731.0,4.53125,24.159375,25.9609375,-0.13194123782911563,651.447493218316
1.0,21.189583333333335,13919.5375,0.22230483045841026,0.008942195301964839,0.48615372601560763,0.0055195580446296775,11.457291666666666,0.7509340281191623,0.2077767116011317,0.24937402702601386,0.2533481093199209,5.475,185.78671875,0.0028993616650890897,37.3140625,27963.80625,0.016515260834400854,67.9234375,54810.271875,0.02554046431703182,2158.0,4288.0,13594.0,288.0,2762.0,6724.0,4.521875,24.3703125,26.2859375,-0.13316221054782892,652.0145789930556
1.0,21.0953125,13942.440104166666,0.22207726531185598,0.008751752429760616,0.4845155089180634,0.005495001953633759,11.379166666666666,0.7467101202380071,0.20756911740129472,0.24918189655093936,0.25300522571501743,5.490234375,188.78125,0.0028828238423087675,37.1328125,27665.709375,0.016091524689872284,67.478125,55233.80625,0.024887694519456344,2159.0,4287.0,13516.0,297.0,2742.0,6644.0,4.51015625,24.2203125,26.0140625,-0.13098088155170967,644.3018530273438
0.9997395833333333,21.147395833333334,13944.644270833332,0.22202632643812628,0.008942816145489826,0.4904014521793672,0.005508568854736476,11.359114583333334,0.7247986601975224,0.2074394521370925,0.2493993095819474,0.25300084049844024,5.44296875,179.75078125,0.0029627504662980927,37.3921875,27706.909375,0.01647022196771005,67.7203125,55241.953125,0.025335673040036533,2209.0,4164.0,13646.0,298.0,2760.0,6664.0,4.484765625,24.2296875,25.9859375,-0.13750659697729073,649.9303578016494
1.0,21.008854166666666,13994.439583333333,0.2215628504879536,0.00891049806120419,0.48023128615208444,0.005472480897803248,11.363802083333333,0.7384039467486427,0.20702888184264281,0.24873755205982775,0.25252402349732284,5.427734375,233.7375,0.0029249438067986584,37.0,27794.346875,0.0163854677072321,67.3421875,55237.340625,0.025377745432798405,2194.0,4224.0,13499.0,312.0,2734.0,6628.0,4.47890625,24.2359375,26.03125,-0.1336302102688045,641.2801299370659
0.9997395833333333,21.121354166666666,13950.915104166666,0.22176825297574324,0.008909479103450363,0.48296656840311764,0.005501785404185118,11.351041666666667,0.7383670751855597,0.20722869745124184,0.24904204718763082,0.25265268086186116,5.446875,215.6890625,0.002908539994170476,37.196875,27571.303125,0.016428628261506262,67.74375,55271.43125,0.025394086382514013,2186.0,4229.0,13571.0,296.0,2795.0,6637.0,4.487109375,24.1859375,25.971875,-0.1361861094569404,651.7227731662327
0.9997395833333333,21.10625,13900.725,0.2225215872916867,0.00904106639230509,0.4871450405630081,0.005497851002865329,11.344010416666666,0.7236452472608824,0.20804269384324314,0.24961541818966881,0.25334333018747895,5.461328125,218.6703125,0.0030454525237091886,37.2359375,27440.871875,0.01654642548065174,67.55625,55088.796875,0.025518162778342034,2183.0,4249.0,13518.0,312.0,2739.0,6645.0,4.489453125,24.1671875,25.9390625,-0.13503062528286447,648.5272526041666
1.0,21.085416666666667,13903.950520833334,0.22238663009043927,0.009014701566971102,0.48611295427758805,0.005492424242424242,11.29453125,0.7588182985870962,0.2078823777071702,0.2495498018229032,0.2532404678910516,5.463671875,179.80703125,0.0029697400372054954,37.2921875,28149.1875,0.016638589098392668,67.365625,54555.2875,0.025570660154611975,2199.0,4234.0,13538.0,320.0,2771.0,6575.0,4.48203125,24.0453125,25.79375,-0.13346504650902813,646.0239539930556
1.0,21.0984375,13965.975,0.22196339987318592,0.00897743319973694,0.4812265159599289,0.005495815967699922,11.347916666666666,0.7531165913747562,0.20739069543255811,0.24927682159561382,0.2529407959132694,5.44375,227.728125,0.0029705970562682983,37.175,28012.6375,0.016515125377608887,67.640625,54872.3,0.02546708559573956,2159.0,4336.0,13538.0,309.0,2778.0,6603.0,4.490234375,24.2078125,25.91875,-0.13555723527428828,648.7736433919271
0.99921875,21.147395833333334,13896.133854166666,0.222126275337761,0.009032350993235199,0.48213092464105384,0.005508568854736476,11.452864583333334,0.746422678127232,0.20740600311149562,0.249754287252335,0.2533793523282485,5.4515625,224.58984375,0.003019810385894035,37.290625,27430.9375,0.01653914327099613,67.7875,55047.50625,0.02557572114483892,2166.0,4279.0,13594.0,293.0,2736.0,6711.0,4.498828125,24.3953125,26.3265625,-0.1350652620285883,657.0845244683161
1.0,21.108333333333334,13970.9046875,0.2216387012578102,0.009016433966267919,0.47831447116189063,0.005498393678909438,11.330989583333333,0.7445469798657718,0.2069889410914923,0.24919342515436577,0.2526830180265264,5.415625,224.7375,0.0029759954252000322,37.2953125,27772.815625,0.01656354134367612,67.6921875,55153.6625,0.02563108075313127,2206.0,4280.0,13563.0,300.0,2778.0,6638.0,4.45859375,24.18125,25.9703125,-0.1359480281751889,653.5564930555555
1.0,21.088541666666668,14000.880208333334,0.22144620887210503,0.008989652667738142,0.4842381291868532,0.005493238256490405,11.472135416666667,0.7481353420597678,0.20678520855692187,0.2489562994895158,0.2525801195154269,5.42421875,281.63515625,0.0029871571310206876,37.234375,27972.23125,0.01651696114131932,67.6,54906.509375,0.025472326341026787,2204.0,4232.0,13590.0,297.0,2750.0,6638.0,4.48828125,24.4703125,26.409375,-0.13763655041292877,650.3114312065971
0.9997395833333333,21.263541666666665,13903.270833333334,0.22230044178312494,0.008935222729505156,0.4881092032884048,0.005538823044195537,11.503385416666667,0.7540537892519473,0.2076515844852243,0.24971279240040628,0.2534835203574463,5.509765625,173.75078125,0.002914721629442639,37.5171875,27313.896875,0.016460814540561287,68.025,55410.725,0.025491635318699097,2207.0,4282.0,13631.0,317.0,2729.0,6711.0,4.553125,24.4515625,26.35625,-0.13526939748341515,654.7347124565972
1.0,21.146354166666665,13965.447395833333,0.22197596446863466,0.00914391341026391,0.48384658799809077,0.005508297516714422,11.420833333333333,0.7347848575158248,0.20741774509397307,0.2491971861564768,0.2529876202794389,5.47421875,260.6984375,0.003072893833376532,37.375,27963.31875,0.016683554311817977,67.60625,54786.571875,0.025888350816259353,2185.0,4276.0,13529.0,306.0,2744.0,6673.0,4.494140625,24.3578125,26.190625,-0.13437927037215,649.031184624566
1.0,21.193229166666665,13980.826041666667,0.22177380817741776,0.00917741246630819,0.4836521025570676,0.005520507727706868,11.459635416666666,0.7453245189353911,0.20708566583034838,0.24933061567849793,0.2529695700646153,5.48046875,269.67890625,0.0030565191427483727,37.4453125,28225.93125,0.01679655505460246,67.7921875,54580.309375,0.026041843172253186,2206.0,4219.0,13625.0,308.0,2741.0,6709.0,4.52265625,24.384375,26.2828125,-0.1329491862349019,656.7652666558159
0.9994791666666667,21.2828125,13935.053125,0.22190920308847162,0.009248839641659212,0.48160336999361547,0.0055438427976035425,11.48828125,0.7467391038347649,0.2071322563794081,0.24962320820361547,0.2533029848095819,5.469140625,233.571875,0.0030937386364392567,37.5921875,27752.68125,0.016891075550542218,68.228125,54923.35,0.026227007753656023,2212.0,4294.0,13681.0,306.0,2757.0,6772.0,4.479296875,24.5640625,26.4484375,-0.13455972921623363,664.7309545898437
0.9994791666666667,21.265104166666667,13932.675,0.22195686776637172,0.009346244194412979,0.4837633639733491,0.005539230051228619,11.54375,0.765117930882461,0.2072036870079575,0.24957058387721515,0.25335587468918536,5.473828125,242.55,0.0031439055950314527,37.4953125,27572.846875,0.017059788283487327,68.2,55053.003125,0.026442054502864732,2180.0,4267.0,13674.0,296.0,2745.0,6782.0,4.52109375,24.6078125,26.5703125,-0.1346740677525703,661.6948239474826
1.0,21.179166666666667,13929.322395833333,0.22233730701525048,0.009316647128037698,0.4865460184694422,0.005516844664409134,11.395572916666667,0.7377532952980523,0.20765881090891045,0.2498704419872662,0.253518156468595,5.4703125,194.74140625,0.0031391406948654706,37.215625,27195.88125,0.016995464115245433,67.978125,55601.0875,0.026347855873518865,2177.0,4296.0,13557.0,283.0,2741.0,6767.0,4.51640625,24.23125,26.0765625,-0.1342179928558622,656.7527951388889
0.9997395833333333,21.245833333333334,13877.61875,0.22278806537040963,0.009373714472931366,0.48303236127084015,0.005534210297820613,11.397916666666667,0.7452931947440674,0.20815208149715617,0.2502775849763578,0.25384248125747527,5.493359375,137.8296875,0.0031974360125182066,37.4640625,27745.08125,0.01709570191594576,68.0375,54969.3125,0.026356840871569615,2154.0,4346.0,13572.0,272.0,2769.0,6713.0,4.546875,24.23125,25.96875,-0.13737032681439348,658.1807118055555
0.9994791666666667,21.1671875,13939.533333333333,0.2217563656271869,0.00927224914624032,0.4846593312877931,0.005513724277155509,11.363802083333333,0.746955045397505,0.20703142664568044,0.2494870728569885,0.25292541432341126,5.4359375,206.66875,0.0031167481907661216,37.3890625,28285.565625,0.016989960564818628,67.8703125,54524.959375,0.026176541549558806,2151.0,4277.0,13633.0,306.0,2696.0,6750.0,4.491796875,24.20625,26.009375,-0.1371598287951299,655.1782983398438
0.9997395833333333,21.196354166666666,13918.666145833333,0.2220723518016551,0.009261859971720967,0.47871181339617425,0.005521321741773031,11.41015625,0.7452883504926653,0.2073775722563543,0.24979051616710288,0.2531333056174104,5.483203125,212.7125,0.003112198212065872,37.3609375,27234.7125,0.016947258914001853,67.884375,55426.434375,0.02617510806806046,2144.0,4276.0,13628.0,306.0,2720.0,6745.0,4.5234375,24.290625,26.0765625,-0.1334622863403676,655.6874867078992
0.9997395833333333,21.175520833333334,13938.952083333334,0.22183536645153204,0.00933702119819737,0.48244816996379447,0.005515894981331944,11.404166666666667,0.7199252281279976,0.2072002506872633,0.24921637468205984,0.25299482127807915,5.493359375,254.61953125,0.003181722261878242,37.30625,27827.240625,0.01703468162550646,67.7734375,54787.99375,0.026260556516164785,2174.0,4240.0,13618.0,299.0,2741.0,6680.0,4.49765625,24.340625,26.09375,-0.13362673297837674,651.8598174370658
0.9997395833333333,21.174479166666668,13966.256770833334,0.22170870030367804,0.009417938035168954,0.48216276397544333,0.00551562364330989,11.403125,0.7418521707047103,0.20702447597756973,0.24924643570832208,0.25290786220346695,5.448828125,245.64609375,0.0031807136293363117,37.2609375,27605.340625,0.017186261820989555,67.990625,55209.615625,0.026598511872678914,2151.0,4295.0,13592.0,307.0,2739.0,6754.0,4.473828125,24.38125,26.1421875,-0.1339335011879733,654.1919528537326
1.0,21.132291666666667,13949.239583333334,0.22198468792453216,0.009329916727078218,0.4817823331264791,0.005504634453416688,11.3875,0.7338936264602948,0.20735758943950064,0.24935625354678223,0.25312151624240836,5.426171875,164.84453125,0.0031365435401291782,37.2765625,27604.690625,0.017012339691677834,67.8125,55431.36875,0.026420986510274764,2161.0,4278.0,13600.0,302.0,2754.0,6696.0,4.469140625,24.3640625,26.084375,-0.13585566345541517,652.7569780815973
1.0,21.2359375,13878.584375,0.22290081689921676,0.009268195427292798,0.48667308366631645,0.005531632586611096,11.347135416666667,0.7469158511760233,0.20830201567772924,0.25010317370543766,0.2540936649789457,5.478515625,161.83828125,0.0031670349420526538,37.5234375,27585.828125,0.016834379857448973,67.978125,55038.325,0.02610665293809721,2168.0,4282.0,13596.0,292.0,2770.0,6712.0,4.528515625,24.09375,25.875,-0.13730829166473393,659.5052709960936
1.0,21.2328125,13894.78125,0.22268698156755262,0.009272476940165598,0.48762171390653225,0.005530818572544933,11.397395833333333,0.7382196384330464,0.20804082001741456,0.25007330505219616,0.25388530428346145,5.47109375,167.79375,0.0031653279000145055,37.53125,27600.759375,0.016840506680371164,67.98125,55096.753125,0.026133043360564413,2110.0,4312.0,13683.0,284.0,2741.0,6693.0,4.516015625,24.2875,26.0328125,-0.14061470946881469,657.5291316731771
0.9997395833333333,21.3515625,13896.3875,0.22259641866823127,0.009087013813252994,0.4856585362246274,0.00556175110705913,11.42578125,0.7440663495548238,0.20779505552337127,0.25023770663537315,0.2541605832805294,5.48046875,176.7640625,0.0030395760758125945,37.684375,27557.7609375,0.01651560987776188,68.503125,55113.5078125,0.025848168698505702,2137.0,4298.0,13751.0,310.0,2753.0,6790.0,4.532421875,24.3,26.125,-0.1391327304214585,670.0977579752604
0.9994791666666667,21.252604166666668,13895.568229166667,0.222118930424854,0.00920750702576603,0.4833370278650593,0.005535973994963967,11.3984375,0.7444675897561573,0.20737061391335523,0.24965030329279014,0.253580823602913,5.450390625,194.69140625,0.003068640534332044,37.4625,28080.296875,0.016787936258303694,68.2515625,54514.346875,0.02618254375896431,2165.0,4366.0,13577.0,310.0,2716.0,6820.0,4.5078125,24.253125,26.10625,-0.13559777274618837,664.0049411349826
0.9997395833333333,21.294270833333332,13930.646875,0.22201608148451232,0.009192165954924057,0.4835741531983199,0.005546827515846141,11.5671875,0.7527944233826587,0.20722742667663527,0.24969682869988324,0.2534899535006495,5.448828125,224.71015625,0.003032265558970307,37.5171875,28081.534375,0.01684167426891815,68.453125,54603.50625,0.026182259224744965,2187.0,4338.0,13656.0,292.0,2794.0,6799.0,4.478515625,24.70625,26.7828125,-0.13432735327198403,664.9743421766493
0.9997395833333333,21.316145833333334,13887.5796875,0.2225755874396914,0.009114869786955835,0.4841980222536613,0.005552525614309282,11.450520833333334,0.7511178439660859,0.20788887259251823,0.24996856401502815,0.25392947025304746,5.484375,149.80234375,0.003027957980005894,37.459375,27238.915625,0.01663393149688571,68.5,55487.353125,0.025943455304825724,2184.0,4275.0,13653.0,288.0,2805.0,6821.0,4.533984375,24.378125,26.1890625,-0.13321480808282765,663.8005726453993
0.9997395833333333,21.308854166666666,13898.429166666667,0.22236121458677913,0.009142647653415563,0.487497088159861,0.0055506262481549015,11.566666666666666,0.7506416053577103,0.2076389696686026,0.24993173653181203,0.2536796723144521,5.476953125,185.74765625,0.003012502466900461,37.43125,27298.909375,0.016749694048811485,68.5140625,55348.675,0.026056182004080053,2156.0,4326.0,13662.0,304.0,2752.0,6849.0,4.48125,24.753125,26.721875,-0.13219439540725622,664.2327341037326
1.0,21.265625,13924.982291666667,0.22228321585209534,0.00923469481452265,0.487040479567041,0.005539365720239646,11.43203125,0.7459955914768552,0.20772036172914587,0.24939477560865014,0.2534230725873384,5.458984375,161.82578125,0.0030589482637517914,37.5203125,27777.20625,0.0168895727572992,68.2375,55125.384375,0.026282803074829532,2187.0,4269.0,13676.0,309.0,2747.0,6768.0,4.525,24.3546875,26.1375,-0.13589890567437518,657.649755859375
0.9997395833333333,21.252083333333335,13935.297916666666,0.2220110976701401,0.009045790614880651,0.48140756716088834,0.0055358383259529395,11.45703125,0.7381139104009411,0.20725690925772539,0.2495109523821502,0.2535279966077887,5.426953125,209.7140625,0.002975833161190729,37.4265625,27406.375,0.016591996750858793,68.378125,55366.55625,0.025779414293662213,2186.0,4254.0,13750.0,309.0,2736.0,6817.0,4.45078125,24.5203125,26.41875,-0.13484191723591782,665.4781206597222
1.0,21.25,13973.222395833332,0.22181700372007346,0.009259698250965509,0.4821093595007257,0.005535295649908831,11.531770833333333,0.7468382352941176,0.20715478199611442,0.2492808709302552,0.25300202340572797,5.478515625,224.7625,0.003085177169400185,37.4171875,27859.2375,0.01694100592783534,68.16875,55081.046875,0.02627647490035696,2183.0,4234.0,13692.0,293.0,2762.0,6769.0,4.5203125,24.5953125,26.5140625,-0.13318596239198993,657.184375
1.0,21.344791666666666,13942.042708333332,0.22216263679383572,0.009042391403884088,0.4818544896399166,0.005559987409915776,11.4109375,0.7455712263920745,0.20737704805493173,0.24989806386421698,0.2535695646790706,5.502734375,200.79140625,0.002990754282203599,37.659375,28195.221875,0.01655362116398717,68.3984375,54653.86875,0.025737710130502967,2177.0,4222.0,13804.0,310.0,2763.0,6773.0,4.520703125,24.284375,26.0984375,-0.13455792823126891,665.5123687065973
1.0,21.3453125,13926.29375,0.22231000597119396,0.008999233255845139,0.4847444272955016,0.005560123078926804,11.407552083333334,0.7466510504355465,0.20752201800181033,0.2500565567347227,0.2537154070851999,5.48046875,242.71328125,0.002974770748331727,37.6828125,27557.7,0.016502082223455984,68.4671875,55029.209375,0.025594234318287935,2173.0,4316.0,13731.0,307.0,2746.0,6804.0,4.52265625,24.2671875,26.0875,-0.13671922796212063,667.8786759440103
1.0,21.254166666666666,13936.374479166667,0.22222396070505823,0.009057543969447758,0.4850830726002908,0.0055363810019970474,11.45,0.7382866104685356,0.20758024733318292,0.24962323124710134,0.25339954365051626,5.439453125,194.790625,0.0029649877055797354,37.49375,27433.346875,0.01664672207424136,68.2734375,55405.7375,0.025838590920126248,2163.0,4216.0,13787.0,305.0,2749.0,6768.0,4.4765625,24.428125,26.365625,-0.13555588787285852,661.8114409722223
0.9997395833333333,21.329166666666666,13936.633333333333,0.2220677032346683,0.009330525172813601,0.4894035575895926,0.005555917339584961,11.543229166666666,0.7450918148075796,0.20740519581604464,0.24947710162615536,0.25330833451767587,5.437109375,230.684375,0.0031134180207134762,37.659375,27399.671875,0.01709668790569658,68.5671875,55297.390625,0.026432791048331128,2163.0,4272.0,13813.0,290.0,2774.0,6799.0,4.475390625,24.740625,26.6171875,-0.13756958745146264,664.1869618055556
1.0,21.242708333333333,13946.486979166666,0.2221090916050851,0.009208944957937967,0.48359528864665896,0.00553339628375445,11.480729166666666,0.7295395478840778,0.20741639804500078,0.24963355414932495,0.25335540330118256,5.434375,230.753125,0.003065453795501932,37.484375,27719.528125,0.01684467663103335,68.234375,55036.38125,0.026147177934586725,2175.0,4307.0,13628.0,310.0,2748.0,6762.0,4.494921875,24.4890625,26.415625,-0.13745518204011292,660.2827593315973
0.9997395833333333,21.1359375,13954.1984375,0.2217833997023501,0.009243587045987819,0.4865783393886058,0.005505584136493879,11.35078125,0.733545255168675,0.20717597599649049,0.24932903422103134,0.25266746000710727,5.427734375,212.7140625,0.003102384508414509,37.409375,28318.690625,0.016896077317557864,67.6953125,54555.64375,0.026155906924711016,2165.0,4295.0,13576.0,308.0,2686.0,6697.0,4.495703125,24.1890625,25.9328125,-0.13896509923569192,651.6237084960939
0.9997395833333333,21.132291666666667,13946.3265625,0.2218565079659657,0.009222627856461817,0.48212823340372907,0.005504634453416688,11.346875,0.7373194656676689,0.20724713376478282,0.24923173473164356,0.25291877800501944,5.4453125,203.7390625,0.003106221113851407,37.3328125,27971.39375,0.016823607533569193,67.6796875,54891.609375,0.026087275149796075,2182.0,4257.0,13565.0,304.0,2727.0,6676.0,4.491015625,24.159375,25.9578125,-0.1365959992343359,651.3814572482639
0.9994791666666667,21.394270833333334,13911.933854166668,0.22211618329094426,0.009183225868084257,0.4841046281437301,0.0055728759659633585,11.50546875,0.7291428293205443,0.207299245577224,0.2498314748023997,0.25366864263436983,5.457421875,242.61015625,0.0030590348917796197,37.7765625,27718.025,0.016750289667852563,68.759375,54783.1375,0.026112925973534495,2193.0,4344.0,13755.0,301.0,2793.0,6815.0,4.4890625,24.5640625,26.5125,-0.13694594174302213,672.9810088433159
0.9994791666666667,21.263541666666665,13922.377604166666,0.22197157329859932,0.009126369901493592,0.4889776186528997,0.005538823044195537,11.529427083333333,0.7540537892519473,0.20727927062205526,0.2494614052401311,0.25325095206324394,5.44296875,224.6203125,0.003077358976952372,37.696875,28212.9375,0.016637223590171633,68.1125,54422.846875,0.02581155991098042,2190.0,4251.0,13701.0,292.0,2772.0,6699.0,4.52890625,24.5703125,26.490625,-0.1423109879493579,658.4310666232637
0.9997395833333333,21.291145833333335,13930.3921875,0.22223445626448426,0.009218640586776966,0.4841527742847292,0.005546013501779978,11.490625,0.7655030700359597,0.20752507900259856,0.24967775842677953,0.253628663149732,5.447265625,248.67421875,0.0031154123445398274,37.5125,27802.2390625,0.01676732228772231,68.4453125,54785.4171875,0.026082871854780178,2191.0,4299.0,13699.0,309.0,2759.0,6758.0,4.475390625,24.5640625,26.478125,-0.13877819119091042,662.973567437066
1.0,21.4,13911.587760416667,0.22258621892775174,0.009335510096453191,0.4913662149607251,0.005574368325084658,11.5671875,0.7422605140186916,0.20787909078257946,0.24992885213927685,0.2540720982969158,5.481640625,206.778125,0.003173410017246324,37.7875,27812.846875,0.016963307425927665,68.6859375,54829.5671875,0.026356113083806178,2172.0,4314.0,13743.0,274.0,2806.0,6798.0,4.5328125,24.653125,26.61875,-0.13927422202981204,667.0025
0.9997395833333333,21.386458333333334,13965.818229166667,0.2217395736648041,0.009354985567275655,0.4831151468033644,0.0055708409307979505,11.5984375,0.7541522575617359,0.20689293731881953,0.24942879097467233,0.2534369017388742,5.45,269.575,0.003136215403986407,37.7828125,27976.6109375,0.01707047736613278,68.7359375,54739.9984375,0.026514574421575517,2215.0,4278.0,13807.0,293.0,2821.0,6795.0,4.4890625,24.8,26.834375,-0.137738688995212,668.5876291232638
0.9997395833333333,21.285416666666666,13959.69609375,0.22164136144884303,0.009186825356140746,0.48179515355272284,0.0055445211426586784,11.507291666666667,0.7521288049329549,0.2068393207366575,0.24916565020406192,0.2533252355423663,5.4140625,263.61171875,0.0030598778694761715,37.5625,27567.2265625,0.016720207497330025,68.49375,55136.503125,0.026161233161609766,2191.0,4252.0,13773.0,319.0,2748.0,6827.0,4.441015625,24.6484375,26.63125,-0.13643178800456526,664.7299956597222
1.0,21.45,13923.01875,0.22237003433048477,0.009346918765629342,0.4884893474055892,0.005587392550143266,11.57578125,0.7403360528360529,0.20758807814898797,0.2498796869144801,0.2539882064724767,5.46953125,206.74375,0.003122163155610439,37.809375,27718.615625,0.01701780031859107,69.0125,54992.521875,0.02657505965274324,2199.0,4260.0,13891.0,318.0,2792.0,6841.0,4.502734375,24.734375,26.709375,-0.13703110630112783,674.8079166666666
1.0,21.422395833333333,13940.454166666666,0.2221335493496542,0.009353649735430323,0.4897459704171311,0.005580202092558826,11.672135416666666,0.7379835160827599,0.2072397144265489,0.2499778972959421,0.2538645410957878,5.4515625,194.771875,0.0030845521267490995,37.853125,27472.48125,0.017124447078305648,68.875,55391.15625,0.026659242827279883,2173.0,4331.0,13812.0,326.0,2777.0,6834.0,4.50234375,24.8984375,27.125,-0.13830815709898034,673.1648109266494
1.0,21.396354166666665,13938.209375,0.22225434094603896,0.009485138370557622,0.4822512041643477,0.005573418642007467,11.626822916666667,0.7502495070713955,0.20738307443153037,0.25003610582357877,0.2539576421265336,5.404296875,182.81015625,0.0031129511273376813,37.8078125,27967.540625,0.01737232286516892,68.953125,54930.475,0.027086702848826083,2198.0,4346.0,13848.0,312.0,2804.0,6804.0,4.47265625,24.8875,26.9828125,-0.14093615159318654,676.5731117078992
0.9997395833333333,21.436458333333334,13965.0703125,0.22172939238556022,0.009522851713070928,0.49134800215309954,0.00558386515585656,11.6046875,0.7376451722629865,0.20680130296274943,0.249637548210402,0.25353359425196154,5.442578125,212.71171875,0.003180719509227996,37.7640625,27292.6609375,0.017348362220568396,69.084375,55646.9140625,0.027065870020945182,2198.0,4341.0,13787.0,301.0,2823.0,6848.0,4.51640625,24.7875,26.775,-0.139130583905245,675.092316623264
0.9997395833333333,21.2875,13950.903645833334,0.22182816964754767,0.009426655392468442,0.48389719347752685,0.005545063818702787,11.476822916666666,0.7506850655705618,0.20699768881231395,0.24947678870939063,0.25350147392663963,5.43046875,203.72890625,0.003093659290080971,37.521875,27468.871875,0.017235690675859675,68.48125,55421.634375,0.026949604518627095,2184.0,4296.0,13700.0,308.0,2767.0,6832.0,4.4453125,24.5328125,26.546875,-0.13496406676741918,665.6959895833334
1.0,21.321875,13971.307291666666,0.221777400609579,0.009404409983189015,0.4824694454645894,0.005554017973430581,11.518489583333333,0.7389222727050662,0.20695601341319106,0.24938831152018892,0.25345203848452086,5.415625,218.78125,0.003100979813620569,37.59375,27734.721875,0.01718287245374428,68.675,55217.996875,0.02683966819090754,2174.0,4340.0,13770.0,309.0,2755.0,6849.0,4.45390625,24.634375,26.6609375,-0.13530920218031514,670.3385839843751
1.0,21.470833333333335,13899.871354166668,0.22264044092653634,0.009422230307122244,0.48665654147849147,0.005592819310584354,11.5546875,0.7469677857558704,0.20786336043187884,0.2503101072591911,0.2540790965725114,5.536328125,176.79453125,0.0031513409667095595,37.9734375,27734.36875,0.017184487819587823,68.70625,54957.68125,0.026743530156307406,2187.0,4276.0,13876.0,305.0,2723.0,6857.0,4.547265625,24.5796875,26.559375,-0.1337691174328358,672.5251909722223
1.0,21.399479166666666,13942.246354166668,0.22223093803452393,0.00935533956550955,0.4863983924483944,0.0055742326560736305,11.58359375,0.7492637573928493,0.20746060618259682,0.24980870557054166,0.2537344979062148,5.461328125,239.75625,0.0031219664751917903,37.8296875,27922.875,0.01702316057064085,68.721875,54771.578125,0.026621010921649278,2169.0,4316.0,13780.0,299.0,2763.0,6865.0,4.517578125,24.69375,26.7375,-0.1363662512468974,673.0508330620661
0.9994791666666667,21.341145833333332,13953.7328125,0.22156787155355923,0.009321317775059497,0.4830325818735067,0.005559037726838586,11.53515625,0.7488468578401465,0.20662614937522567,0.24954895151227255,0.25335368030817984,5.423828125,266.53984375,0.003067808552728043,37.7265625,27970.384375,0.01711694790333317,68.625,54685.853125,0.026539724536111642,2163.0,4378.0,13808.0,310.0,2757.0,6795.0,4.445703125,24.70625,26.721875,-0.1372711193670573,671.5445570203993
0.9994791666666667,21.321875,13912.324479166668,0.22200000618377114,0.009347664478765718,0.47954035456781957,0.005554017973430581,11.546354166666667,0.7372123699252529,0.2070945945983902,0.24991451576669355,0.2537071429423724,5.444140625,203.66328125,0.0030674292046915957,37.653125,27966.83125,0.01716742840931959,68.5015625,54692.4625,0.02664884164450833,2211.0,4327.0,13754.0,309.0,2759.0,6805.0,4.4703125,24.678125,26.71875,-0.13409107962490144,667.3161881510417
0.9997395833333333,21.4265625,13965.0375,0.2217766030163871,0.00925257174399021,0.48241533152281274,0.005581287444647044,11.557552083333333,0.7418264906779455,0.206788719864277,0.2498087914098072,0.2536959472314073,5.465234375,278.6015625,0.0030468888905149536,37.853125,27980.48125,0.016925856229286745,68.8453125,54695.3375,0.0264020186725947,2201.0,4300.0,13808.0,315.0,2808.0,6842.0,4.5015625,24.625,26.7140625,-0.1348267742539095,677.4571069335936
0.9994791666666667,21.3828125,13938.8015625,0.22189162705294288,0.009269160263950527,0.4823552760037035,0.005569891247720761,11.5265625,0.7391060772134941,0.20686848793418472,0.24995494526601547,0.25392086531490304,5.443359375,230.625,0.0030375484384874522,37.6734375,27540.684375,0.016981831844480898,68.85,55169.625,0.02648293598527245,2201.0,4252.0,13838.0,295.0,2788.0,6871.0,4.483984375,24.578125,26.6453125,-0.13565782523519665,677.9227254231771
0.9997395833333333,21.370833333333334,13966.615104166667,0.22162887335168488,0.009288206649379691,0.4834148931509361,0.0055667708604671354,11.544010416666667,0.757847533632287,0.20668144380939876,0.24946286528356368,0.2535845995889505,5.42265625,242.6328125,0.003034721388900018,37.5828125,27596.434375,0.016976127059749824,68.9515625,55232.725,0.026614227280928254,2233.0,4256.0,13780.0,288.0,2811.0,6897.0,4.473046875,24.634375,26.7375,-0.13524045733416687,676.5478993055556
1.0,21.519791666666666,13985.873958333334,0.22169234693462664,0.00926595091171021,0.47731073526543627,0.005605572197620908,11.5703125,0.7267292705358439,0.2065836412582122,0.2497771517234133,0.25404236485149767,5.44921875,296.65703125,0.00300253983098167,38.0515625,28735.759375,0.01699588257431826,69.2703125,53992.85625,0.026589663572016316,2200.0,4287.0,13947.0,304.0,2781.0,6984.0,4.48671875,24.6796875,26.7953125,-0.13405909263385357,687.9563791232639
1.0,21.424479166666668,14023.2828125,0.22111562398538892,0.009239598751177884,0.4774694182384084,0.005580744768602935,11.65703125,0.7509177099793364,0.20594440266551212,0.24936212724443768,0.2535540060058475,5.39921875,263.70546875,0.0029226930245138264,37.78125,27660.9828125,0.0170263546283085,69.16875,55423.8921875,0.026720465780703508,2219.0,4293.0,13888.0,315.0,2760.0,6984.0,4.44140625,24.9375,27.2390625,-0.1338759653404938,685.8614841037326
0.9994791666666667,21.433854166666666,13964.726041666667,0.22158033976160948,0.009216820055376034,0.4830004833738036,0.005583186810801424,11.644791666666666,0.7445629723227954,0.20642325307166715,0.24986989870165055,0.2539191275813378,5.378515625,221.65078125,0.0029740528406743735,37.909375,27477.296875,0.01694378134929053,69.1796875,55424.45625,0.026460927620268193,2204.0,4334.0,13894.0,299.0,2846.0,6867.0,4.42734375,24.95,27.209375,-0.1399902623736075,686.063333062066
0.9994791666666667,21.471354166666668,14003.9265625,0.22108031189464317,0.009298566627612076,0.4819798991598118,0.00559295497959538,11.697135416666667,0.7357428744693754,0.2058703031574919,0.249492593208487,0.25350806552940447,5.409375,263.5625,0.0029812741913834502,37.9375,28232.0375,0.017140778309918617,69.253125,54737.271875,0.026725524690220038,2180.0,4410.0,13843.0,311.0,2822.0,6902.0,4.45390625,25.028125,27.3390625,-0.1379030468485371,685.3741794162327
1.0,21.527083333333334,13972.028125,0.2217984519317252,0.009282431635719743,0.48526508860625983,0.005607471563775289,11.561979166666667,0.7481612310074518,0.20675991434405008,0.24984934094017355,0.2539017132739775,5.4234375,233.72421875,0.0030004226919063087,38.0,27557.303125,0.017065041943852038,69.46875,55339.96875,0.02662785710284119,2221.0,4370.0,13895.0,312.0,2803.0,6940.0,4.4625,24.7453125,26.7765625,-0.13866513252138507,687.9086414930555
1.0,21.521354166666665,13958.447395833333,0.22191809958341316,0.00915861780747918,0.4840231902744333,0.00560597920465399,11.676041666666666,0.7688584496987004,0.20681303487049457,0.25008348919977574,0.254172968818725,5.423828125,251.7203125,0.0029387699179652766,38.0828125,27901.89375,0.016869009423078767,69.35,54841.909375,0.026327617749935205,2233.0,4319.0,13974.0,292.0,2805.0,6920.0,4.480859375,24.9671875,27.165625,-0.13915377766429288,689.0521481662325
0.9997395833333333,21.330208333333335,13979.244270833333,0.22151803986979585,0.009169007440793573,0.4771468819779912,0.005556188677607016,11.58359375,0.754016701665283,0.20646260410045167,0.24960523448803978,0.2536525883289288,5.38828125,260.6359375,0.00291632334806734,37.7515625,27588.75625,0.01690867879256651,68.6765625,55244.165625,0.02644007245992557,2206.0,4250.0,13881.0,304.0,2801.0,6841.0,4.42265625,24.7875,27.0234375,-0.13631012836380113,676.4477332899306
1.0,21.397395833333334,13940.816145833332,0.22199068733751268,0.009144705969711998,0.47745673244590076,0.005573689980029522,11.6140625,0.7276245649051919,0.20702890207019636,0.24989956546985764,0.2539289502744331,5.413671875,242.74453125,0.002918493059860277,37.8140625,27983.9625,0.016859575584871018,68.915625,54689.95625,0.02633468799395986,2204.0,4297.0,13907.0,293.0,2795.0,6863.0,4.44609375,24.865625,27.034375,-0.1361244125910026,680.4639515516493
0.9997395833333333,21.448958333333334,13916.6671875,0.22222987374017375,0.009233395331166362,0.48327497353191223,0.0055871212121212125,11.553645833333333,0.743917245398475,0.20731753496507027,0.24997217109763223,0.2541369314831293,5.46015625,254.63671875,0.003022188406635029,37.9015625,28365.321875,0.016862822381422206,68.9515625,54116.134375,0.026448795979035856,2184.0,4359.0,13822.0,309.0,2758.0,6901.0,4.494140625,24.640625,26.7046875,-0.13546696572352068,680.3411447482637
1.0,21.375,13963.747395833334,0.2218373783494121,0.009180883971958624,0.48082625767151244,0.005567856212555353,11.651822916666667,0.7336500974658869,0.20689857083465907,0.2496725247103023,0.2537574620475341,5.443359375,206.7640625,0.0029803975050699395,37.7125,27486.896875,0.016820795883804106,68.7640625,55468.53125,0.026342917927667873,2203.0,4270.0,13860.0,281.0,2858.0,6786.0,4.4859375,24.8625,27.1046875,-0.13503507211050075,678.5854166666667
1.0,21.459895833333334,13978.946354166666,0.22170919449412496,0.009247103531794958,0.4821875693011805,0.005589970261352783,11.54296875,0.7286605344271049,0.20674448194358294,0.24958497292870688,0.2536922662617112,5.429296875,269.71171875,0.0029885577311059555,37.928125,28315.2125,0.016982598375403404,69.1140625,54479.61875,0.026545791890942527,2184.0,4396.0,13825.0,310.0,2828.0,6860.0,4.469140625,24.671875,26.709375,-0.13609270917035463,679.8270374891493
1.0,21.331770833333334,13989.32421875,0.22157803170588186,0.009221696610635115,0.48306269816973296,0.005556595684640097,11.5359375,0.7619454549893792,0.20671740154661977,0.24929351818881323,0.2533050658599987,5.450390625,266.6921875,0.0030322481544344635,37.5640625,27988.428125,0.016868894193790757,68.625,54880.7484375,0.026332292852282068,2178.0,4376.0,13663.0,299.0,2762.0,6846.0,4.496875,24.5890625,26.6390625,-0.13584351985317072,668.3680531141492
0.99921875,21.419270833333332,13947.7140625,0.22158839747072678,0.009325507509242244,0.4874882611948005,0.005579388078492663,11.693229166666667,0.7452401215805471,0.20665338909014386,0.2494815085825627,0.25343531988122275,5.448046875,257.49296875,0.0030575183937333874,37.778125,27567.190625,0.017095761425746862,68.9453125,55089.121875,0.026627210054773053,2212.0,4341.0,13811.0,293.0,2866.0,6772.0,4.473828125,25.0234375,27.240625,-0.13652553084246782,675.866399468316
1.0,21.450520833333332,13925.359895833333,0.22236613986776163,0.009163317932728192,0.4868256327637443,0.005587528219154293,11.57578125,0.7606895714459148,0.20742909088181688,0.25028035433766405,0.2542001213416385,5.44609375,188.79765625,0.0030054742624302266,37.8421875,28279.140625,0.01677831516214063,69.0765625,54517.828125,0.026179695384507616,2186.0,4345.0,13848.0,310.0,2796.0,6887.0,4.483203125,24.7484375,26.7734375,-0.1365372069714651,680.0668226453994
1.0,21.446354166666666,13944.879166666668,0.2221692342165307,0.009359807786283644,0.4856043538590807,0.0055864428670660765,11.68828125,0.750758918813901,0.20728034144976917,0.24986151467284898,0.25403252482725874,5.45390625,242.728125,0.003098751293165345,37.8,28122.496875,0.017074076371203346,69.0625,54575.865625,0.026689765173837136,2184.0,4378.0,13769.0,294.0,2813.0,6868.0,4.475390625,25.00625,27.221875,-0.1370294885260106,675.861184624566
0.9997395833333333,21.486979166666668,13964.8734375,0.22173629781709883,0.009220717368034858,0.48289370619481686,0.005597025049926196,11.62265625,0.7349169797600291,0.20676888268707477,0.24965178237671504,0.25369047377757864,5.41171875,266.64296875,0.002991571579207584,37.8765625,27065.859375,0.016876167811139646,69.3984375,55656.809375,0.026481850080239157,2209.0,4436.0,13804.0,297.0,2850.0,6904.0,4.44453125,24.9890625,26.96875,-0.13721492506530797,683.9368096245659
0.9997395833333333,21.516666666666666,13953.000520833333,0.22197022694686983,0.009269765485431835,0.47929618835492677,0.005604758183554745,11.594010416666666,0.7550106506584043,0.20697768147303414,0.24993499824459162,0.2539756375444907,5.459375,284.59921875,0.0030138324545131885,37.8859375,27808.63125,0.016960603210853232,69.3765625,54770.975,0.02660265988368502,2198.0,4384.0,13846.0,310.0,2810.0,6931.0,4.47890625,24.8265625,26.821875,-0.13465101109164213,683.580451388889
0.9997395833333333,21.358333333333334,13987.1765625,0.2213732558206443,0.009191294180961799,0.4820882814154223,0.0055635148042024836,11.587239583333334,0.7683866562621927,0.20647587835318665,0.24911033009204459,0.25322569141907436,5.409375,287.590625,0.002987584741200199,37.5734375,27823.715625,0.016871386679709076,68.9390625,54948.98125,0.02632603944126092,2215.0,4332.0,13735.0,291.0,2827.0,6875.0,4.44609375,24.8484375,26.890625,-0.13482494515694687,672.0809722222222
1.0,21.283854166666668,13966.6625,0.221727943530407,0.00899285368644858,0.4845643538775951,0.005544114135625597,11.564322916666667,0.7505444757127125,0.20692836529846675,0.24947123379131905,0.25318296619725594,5.428125,260.69296875,0.0029464196991580115,37.5390625,27358.01875,0.016522954710542402,68.4515625,55399.184375,0.02564848861151703,2197.0,4333.0,13689.0,297.0,2752.0,6823.0,4.44921875,24.8203125,26.76875,-0.13550046550317094,665.519426812066
1.0,21.2578125,14004.457291666668,0.22145507893042507,0.00896038281363783,0.48297315091968973,0.005537330685074238,11.588541666666666,0.7370574543672669,0.2066114464967137,0.249223318385412,0.2530613692102835,5.44375,281.6328125,0.0029295069925687174,37.4140625,27920.0,0.016420656659906403,68.3578125,54980.2125,0.02562361225164571,2197.0,4250.0,13690.0,313.0,2764.0,6837.0,4.465234375,24.825,26.8453125,-0.1312436255131234,660.7017618815104
0.9989583333333333,21.25,13987.416145833333,0.22074509173594492,0.009284412158541321,0.47888488437368404,0.005535295649908831,11.567447916666667,0.7514705882352941,0.20577841165203536,0.2487557710175079,0.2526011327900203,5.36953125,317.2859375,0.0030455852643372756,37.6390625,28282.053125,0.017056588026094777,68.3828125,54373.3,0.02646754386780405,2211.0,4324.0,13685.0,322.0,2765.0,6839.0,4.40703125,24.9109375,26.865625,-0.13403594625598148,663.6890625
0.9997395833333333,21.308333333333334,14027.209895833334,0.22091359046904122,0.009135514498895663,0.48026754869892885,0.005550490579143874,11.555729166666667,0.746895776300352,0.20600860659416184,0.24884935911054465,0.2525977573270553,5.4421875,356.425,0.002973514105294269,37.6546875,28670.709375,0.016823165089556884,68.4265625,54066.85,0.026095865482640025,2195.0,4323.0,13782.0,327.0,2777.0,6757.0,4.465234375,24.7671875,26.70625,-0.13305150300622465,664.3971180555556
1.0,21.345833333333335,13958.948958333332,0.22183733550157392,0.00920796438887445,0.4808858654146438,0.005560258747937831,11.5234375,0.7423140737848917,0.20703306021284945,0.24952198951642948,0.25336978264161625,5.474609375,275.68125,0.0030318544584586353,37.6921875,27977.60625,0.016942600566174526,68.484375,54673.3625,0.026177767933237638,2211.0,4271.0,13838.0,317.0,2796.0,6729.0,4.47890625,24.653125,26.571875,-0.13391236552220434,664.8944618055556
1.0,21.216666666666665,13995.030208333334,0.22147939068143768,0.009031409029104898,0.4817298938762405,0.005526612833203091,11.388020833333334,0.7367930086410055,0.2067809249554466,0.2489476029362847,0.2528050413305551,5.462890625,287.6546875,0.0029809774154602765,37.3109375,27771.05625,0.0165940863315343,68.1375,55048.50625,0.02567045818125399,2176.0,4255.0,13628.0,301.0,2839.0,6707.0,4.499609375,24.2515625,26.078125,-0.13265846875448625,655.9853472222221
1.0,21.2546875,13984.442708333334,0.22161609372186084,0.009053992849177345,0.4788622598645699,0.005536516671008075,11.386458333333334,0.7303535984709255,0.20684003156290748,0.2493487955579997,0.2529876405215354,5.446484375,281.65078125,0.0029843038057785604,37.534375,27929.95625,0.016670060408069128,68.2078125,54850.096875,0.025716681463880696,2169.0,4319.0,13697.0,293.0,2789.0,6727.0,4.471484375,24.38125,26.0515625,-0.13506678799948799,660.126280110677
0.9994791666666667,21.336458333333333,13953.351041666667,0.22146805215941717,0.009165318020542197,0.4827376075256441,0.005557816705739342,11.573177083333333,0.7439095835570961,0.20664961191569903,0.2492846467771365,0.2529252185165703,5.478125,263.56484375,0.0030364893724785175,37.69375,27491.971875,0.016847634284943833,68.4125,55173.875,0.025998316348395296,2193.0,4327.0,13710.0,292.0,2786.0,6777.0,4.511328125,24.80625,26.5875,-0.13349653608831868,663.9633582899306
1.0,21.2703125,13941.844270833333,0.22214117968145822,0.009144614174241795,0.4851701693882376,0.005540586741338891,11.4953125,0.748083939371679,0.20741568925056955,0.24975839149939505,0.2534259295870759,5.44453125,218.7671875,0.0030193404291375616,37.5078125,27346.471875,0.016803839576904445,68.3359375,55429.525,0.02598648375199609,2182.0,4327.0,13697.0,292.0,2794.0,6730.0,4.471484375,24.6671875,26.41875,-0.13553469088539846,661.0560978190102
0.9997395833333333,21.169791666666665,13969.065104166666,0.22158275728522123,0.008935331918723763,0.4802930957368237,0.005514402622210645,11.472395833333334,0.7444274959405599,0.20676877929748927,0.2493078852176797,0.2531135413036906,5.439453125,245.671875,0.0029078761491033553,37.340625,27528.3875,0.016486562513028474,67.9203125,55303.315625,0.025493924402900686,2232.0,4200.0,13694.0,281.0,2794.0,6725.0,4.453515625,24.571875,26.4484375,-0.13036934360327943,656.6409624565972
0.9997395833333333,21.232291666666665,13967.596354166666,0.22164372826357817,0.008925303869427754,0.48301689098429385,0.005530682903533906,11.45390625,0.7386057008291224,0.20695375830958102,0.24923324849621756,0.25281408784692716,5.44296875,266.61796875,0.002950321563121786,37.4734375,28049.0625,0.01640329066567652,68.1484375,54690.04375,0.025347246298402876,2206.0,4309.0,13651.0,316.0,2751.0,6747.0,4.453515625,24.6140625,26.2953125,-0.1344343951159984,654.1408322482639
1.0,21.186979166666667,14009.577083333334,0.22119434816359357,0.009160083999904792,0.47786526569865845,0.005518879699574542,11.547395833333333,0.7467981022149021,0.2064846106449285,0.24876876660177266,0.2524588798000745,5.42578125,275.7,0.003033797481068061,37.4046875,28100.3203125,0.016795859306364187,68.0140625,54854.3421875,0.026029454768792332,2207.0,4245.0,13640.0,318.0,2743.0,6780.0,4.435546875,24.7859375,26.75625,-0.13250073679450391,652.0791012912325
0.9997395833333333,21.115104166666665,14005.022395833334,0.22101015062245027,0.008974600817156057,0.4738087906069512,0.005500157376052792,11.41015625,0.7440615673022373,0.2062128386986784,0.24876188108480238,0.25244766785518574,5.37734375,260.63203125,0.002936297081927508,37.2859375,27415.715625,0.01647192400826773,67.8953125,55571.890625,0.025630492566958575,2222.0,4268.0,13594.0,303.0,2762.0,6764.0,4.4296875,24.478125,26.2640625,-0.13232878418247174,653.7695635308158
0.9994791666666667,21.2703125,13971.222916666668,0.22123559619164812,0.009015741495783781,0.47714330786238873,0.005540586741338891,11.467447916666666,0.7438722789490438,0.2063982965970375,0.24908792037771316,0.25273247038402563,5.440234375,272.54375,0.002949864042944285,37.5890625,27903.825,0.016595241788968974,68.271875,54833.3375,0.025699751013956572,2204.0,4276.0,13731.0,314.0,2740.0,6814.0,4.465625,24.625,26.3171875,-0.1320265240834048,657.824326985677
0.9997395833333333,21.158854166666668,13957.7875,0.22171928156402204,0.009090980208806682,0.4833531720414876,0.0055115535729790745,11.436458333333333,0.7358523076923077,0.20704441484593464,0.24917146957681807,0.25296656042357574,5.430859375,245.65078125,0.003029137738334595,37.3078125,27822.365625,0.016638214866239336,67.921875,54941.75625,0.025791115433262367,2183.0,4236.0,13665.0,314.0,2714.0,6754.0,4.47578125,24.4453125,26.2703125,-0.13467598839009404,652.1200778537326
1.0,21.217708333333334,13963.497916666667,0.2217487314567367,0.009080346387680543,0.48148868487304786,0.005526884171225145,11.43984375,0.7523442486130885,0.20703027523878426,0.24928564791599897,0.25308563986928406,5.415234375,272.68359375,0.003013413368546356,37.3625,27719.2625,0.016620539899579158,68.2828125,54970.990625,0.02580788495231868,2186.0,4315.0,13660.0,306.0,2766.0,6778.0,4.45546875,24.54375,26.2734375,-0.13465645179744226,658.8140614149305
0.9994791666666667,21.234375,13925.124479166667,0.22184621138599694,0.008802240439451851,0.48426285042875056,0.005531225579578015,11.4234375,0.7357125337257787,0.207022301716783,0.24962113057395707,0.2533669308748925,5.428515625,224.634375,0.002858543054007505,37.4671875,28002.4,0.016248852358497767,68.225,54649.809375,0.025130418062183312,2216.0,4333.0,13654.0,301.0,2811.0,6718.0,4.4546875,24.521875,26.2,-0.13332195102130961,658.474755859375
0.9997395833333333,21.0921875,14000.169270833334,0.221126021914863,0.008890154052268189,0.47884988080683877,0.005494187939567596,11.349479166666667,0.7563029360199521,0.2062667827764871,0.24907170668411438,0.25261729369911523,5.390234375,275.57421875,0.0028885342693202648,37.2765625,28165.2765625,0.016430230041790627,67.715625,54733.4421875,0.025356557194537437,2232.0,4283.0,13608.0,329.0,2766.0,6672.0,4.401171875,24.36875,26.1234375,-0.13168836409002352,651.3987931315104
0.9989583333333333,21.09375,13977.2953125,0.22090257478707703,0.008949148104129147,0.4784178647497465,0.005494594946600677,11.35859375,0.7491358024691358,0.20608489853864684,0.24890093935892993,0.25217491520894486,5.415625,248.44921875,0.0029457662038303305,37.3875,28947.56875,0.016534163786675153,67.5125,53922.40625,0.025377660022778407,2180.0,4293.0,13607.0,311.0,2722.0,6663.0,4.4375,24.3390625,26.0625,-0.13543626536257883,648.3958984375
1.0,21.168229166666666,14000.441145833332,0.22140003440441205,0.009077727584107128,0.48261164879208474,0.005513995615177563,11.402083333333334,0.7398568019093079,0.20661158677746014,0.2493185216024134,0.2526353377142184,5.43203125,272.675,0.0030288872055640285,37.36875,27887.115625,0.016667443862292044,67.9125,55024.83125,0.025683372820094606,2171.0,4313.0,13657.0,309.0,2730.0,6698.0,4.465234375,24.39375,26.1578125,-0.13686897120768932,654.2300322808159
0.9997395833333333,21.118229166666666,13975.69375,0.22155393149278121,0.009009893514175537,0.48107603130314036,0.005500971390118955,11.320052083333334,0.7367006190347005,0.20671151735093996,0.24945875361237374,0.2530187659405537,5.387890625,263.646875,0.0029691485125084628,37.2046875,27615.834375,0.016562002343349987,67.953125,55183.740625,0.025620764691669396,2198.0,4290.0,13590.0,291.0,2758.0,6725.0,4.433203125,24.2375,25.95,-0.13702874221689748,656.0146676974827
0.9997395833333333,21.283333333333335,13945.640104166667,0.22181317522188138,0.009169887332847536,0.4814783188709416,0.00554397846661457,11.6078125,0.7387676194205168,0.20699946602441105,0.24952344517048716,0.2533577420631568,5.472265625,206.70625,0.0030421005438988754,37.6,28006.95625,0.01684500384306222,68.2109375,54840.059375,0.026005917978427488,2209.0,4292.0,13675.0,314.0,2781.0,6737.0,4.51796875,24.825,26.75,-0.13357729998078005,660.8426388888889
0.9997395833333333,21.173958333333335,13976.059375,0.22152331681591167,0.009214025964450675,0.4783313492491033,0.005515487974298862,11.52109375,0.7391400600186944,0.20672573895012342,0.24942972251361156,0.2528072225813648,5.4578125,254.60078125,0.0030587759247940396,37.40625,27638.63125,0.01694998758523878,67.80625,55199.321875,0.02609906450228911,2195.0,4262.0,13662.0,306.0,2743.0,6693.0,4.476953125,24.6765625,26.5421875,-0.13325771707363343,650.854113498264
1.0,21.272916666666667,13978.428125,0.22158318717958553,0.009234728916790176,0.4847949994464146,0.0055412650863940266,11.408072916666667,0.7388600528841446,0.20678146396009572,0.24931942466423954,0.2530538425728908,5.494140625,239.70625,0.0030711105635382236,37.421875,27704.915625,0.01691155644940697,68.2390625,55206.828125,0.026212374797181193,2224.0,4255.0,13685.0,301.0,2768.0,6735.0,4.516015625,24.3140625,26.0703125,-0.13454314528978092,657.8807248263889
1.0,21.234375,14005.420833333334,0.22127695715982423,0.00912430622623305,0.4820554958740667,0.005531225579578015,11.43515625,0.7332106941378465,0.20645059068540608,0.24914049230571206,0.2527188879116088,5.44453125,239.73515625,0.003005762647429637,37.4796875,27864.659375,0.016763956486109892,68.1484375,55208.925,0.02595883028156986,2160.0,4314.0,13715.0,326.0,2728.0,6746.0,4.46171875,24.484375,26.2796875,-0.13471115501820946,655.606005859375
0.9997395833333333,21.384375,14020.524479166666,0.2210417525330944,0.009218062715453211,0.47812040099027914,0.005570298254753842,11.608854166666667,0.7454820010716547,0.20613314024382792,0.24896381784920701,0.2527541363740477,5.473828125,278.60234375,0.0030444091556165636,37.7890625,28194.271875,0.01690338527101961,68.621875,54814.465625,0.026227354399233405,2136.0,4434.0,13734.0,329.0,2733.0,6825.0,4.498046875,24.8109375,26.85,-0.13505441956187272,665.4381933593751
0.9997395833333333,21.233333333333334,14072.308854166668,0.22044147780413545,0.008956993940135938,0.4809695235787775,0.00553095424155596,11.455989583333333,0.7547831632653061,0.20541789526968196,0.2485565644587417,0.25242072128734333,5.37734375,302.5671875,0.0029002574331119238,37.55625,28093.321875,0.016535448508396604,68.334375,55130.2625,0.025605485399971335,2195.0,4306.0,13753.0,305.0,2791.0,6754.0,4.406640625,24.6109375,26.4984375,-0.13667246740704045,663.2403472222221
0.99921875,21.3046875,13946.283854166666,0.22147780252061977,0.00922228364097691,0.48097547910141986,0.005549540896066684,11.42890625,0.7529152915291529,0.2065497028281019,0.249415954744304,0.2532520490670073,5.431640625,206.6046875,0.0030374418820766093,37.625,27196.9375,0.01691945437267555,68.4765625,55654.346875,0.026264479944879467,2181.0,4272.0,13769.0,291.0,2817.0,6793.0,4.4828125,24.3765625,26.265625,-0.13575162181328546,666.3889363606771
0.9997395833333333,21.426041666666666,13981.011458333332,0.22168621339850825,0.009241721149610218,0.48377077996534884,0.005581151775636017,11.630729166666667,0.7479216296368322,0.20672918241085741,0.24952202837705886,0.25367852237056077,5.4453125,272.60234375,0.0030519538532082615,37.7828125,27310.45625,0.01688198781974083,68.9921875,55485.203125,0.026360523665087433,2227.0,4252.0,13823.0,305.0,2796.0,6902.0,4.47734375,24.9453125,26.9296875,-0.13645299810899128,675.6236968315973
1.0,21.444791666666667,14001.386458333332,0.22152014157840388,0.00919720011275002,0.4800782259161865,0.005586035860032995,11.486458333333333,0.7475591392626415,0.20654597326284047,0.24948644660038605,0.25345050981867523,5.4515625,251.69140625,0.00300137477728295,37.8546875,28787.490625,0.016864543332299888,69.0078125,54214.0625,0.026313158235068433,2203.0,4361.0,13839.0,310.0,2768.0,6897.0,4.484375,24.603125,26.378125,-0.13523880741053776,674.6110145399305
1.0,21.372916666666665,13967.558333333332,0.22172000524382135,0.009337260490829629,0.4839971685270961,0.005567313536511244,11.6125,0.7528024173896091,0.20687600983954352,0.24937547525012863,0.2534405168546254,5.438671875,233.74765625,0.003089760966403602,37.740625,28101.775,0.01709146588485145,68.7421875,54768.584375,0.02657305319451191,2195.0,4318.0,13744.0,323.0,2800.0,6844.0,4.471484375,24.846875,26.9421875,-0.1336293936108896,669.4854123263889
1.0,21.41875,13983.434375,0.22171297660109007,0.009258328071177052,0.4843450774858287,0.005579252409481636,11.598177083333333,0.7555442077618909,0.20682985669580334,0.24944300657328372,0.25351542625004353,5.4734375,221.734375,0.00306627851676692,37.7109375,27880.040625,0.01690902783973356,68.9078125,55133.628125,0.02637582652026107,2175.0,4353.0,13762.0,310.0,2801.0,6861.0,4.520703125,24.73125,26.775,-0.13352005872117437,672.3272526041667
0.99921875,21.3796875,13985.553645833334,0.22121820007281112,0.009343711653797188,0.48528178555889834,0.005569077233654598,11.6171875,0.7494214231771785,0.20617974060032002,0.24933417955755868,0.2532560584780282,5.408203125,290.4390625,0.0030807478678501893,37.6359375,27283.6859375,0.01708148519401298,69.009375,55467.8796875,0.02665779325736938,2205.0,4294.0,13809.0,300.0,2818.0,6880.0,4.468359375,24.8859375,26.94375,-0.13661873894547735,677.8501082356771
1.0,21.471354166666668,13948.7421875,0.22206192819788953,0.009121079757407906,0.48954240859843023,0.00559295497959538,11.584114583333333,0.7541055184960582,0.20710453864479117,0.25010916010375367,0.25384425450441883,5.455859375,206.79296875,0.0029825935679452303,37.8484375,27807.928125,0.016774317215407016,69.15625,55057.353125,0.026021787057259493,2160.0,4396.0,13837.0,294.0,2839.0,6863.0,4.498046875,24.8015625,26.7109375,-0.13558085698062772,680.9679294162327
0.9997395833333333,21.421875,13956.329166666666,0.22175769088897887,0.009355103803457599,0.4841861174213598,0.005580066423547799,11.594010416666666,0.7458546073425724,0.2068370563946338,0.2496367124115159,0.25356120734382215,5.465625,242.68359375,0.0031085762102215273,37.7421875,27971.953125,0.017064965886858935,68.9265625,54795.2875,0.02663135209300055,2214.0,4257.0,13838.0,308.0,2835.0,6830.0,4.494140625,24.8,26.7875,-0.13358314067794214,671.6965006510417
1.0,21.416145833333335,14002.8578125,0.22131868153673154,0.009134917293642663,0.4834620982344459,0.0055785740644265,11.659635416666667,0.7379070502687323,0.2062881066998214,0.24943482985417104,0.2533248325669323,5.394921875,263.715625,0.002920549944980218,37.834375,28399.953125,0.016842592685524297,69.0828125,54562.33125,0.02628471129641081,2245.0,4292.0,13932.0,303.0,2846.0,6843.0,4.39453125,25.084375,27.2953125,-0.13555595249016325,679.6518226453993
1.0,21.358854166666667,14041.847395833332,0.22091814886200595,0.009088174029872019,0.48414787607203563,0.005563650473213511,11.515364583333334,0.7501524055695091,0.20592981948950184,0.24895275261636307,0.25283686259766525,5.37890625,338.62421875,0.0029035886602820473,37.7015625,27492.825,0.016738989903671876,68.9359375,55403.7625,0.02617569963443205,2208.0,4349.0,13809.0,325.0,2791.0,6883.0,4.39296875,24.765625,26.7546875,-0.13415436006689255,676.7691403537326
0.9997395833333333,21.371875,13999.340104166668,0.22127134606330265,0.00915032871523322,0.4801737795525064,0.00556704219848919,11.530208333333333,0.7554954428035288,0.20622825089567595,0.2494905846046973,0.2532244881924147,5.4125,293.58671875,0.0029422958370311112,37.6859375,28004.903125,0.016857112168608863,68.8953125,54816.790625,0.02627567677466603,2217.0,4387.0,13782.0,322.0,2841.0,6798.0,4.430078125,24.7546875,26.70625,-0.1349482492805492,675.7841048177082
1.0,21.309375,14015.983333333334,0.2211692989053588,0.009326149121323698,0.48254647144836255,0.005550761917165929,11.515885416666666,0.7514542699320526,0.2062168258057965,0.24916533070920624,0.25298315949976036,5.35625,284.65859375,0.003013756442275863,37.6078125,27624.903125,0.01718619536057041,68.8234375,55332.3625,0.02671567359826832,2220.0,4285.0,13779.0,293.0,2822.0,6885.0,4.3953125,24.7296875,26.784375,-0.13605442426236647,673.1318912760416
0.9997395833333333,21.402083333333334,14011.016145833333,0.22119394120977026,0.009173890401957744,0.4814249104326493,0.0055749110011287665,11.56171875,0.7340114864207145,0.20621956158904045,0.2492648240890148,0.2530205768134451,5.410546875,245.68203125,0.0029633948688020696,37.8640625,27803.578125,0.0168991838439013,68.90625,55279.790625,0.02629057909263689,2209.0,4286.0,13878.0,295.0,2848.0,6799.0,4.458984375,24.76875,26.765625,-0.1383337909580259,677.4060373263889
1.0,21.410416666666666,13944.8171875,0.22184693185356277,0.009081830147093224,0.48479198936244844,0.005577081705305201,11.541666666666666,0.7264036197333852,0.20696600883997554,0.24958146676747228,0.25363608899400225,5.438671875,203.778125,0.002951554280538956,37.646875,27885.025,0.016655703670159158,69.0609375,54968.765625,0.02602906009024437,2200.0,4401.0,13720.0,302.0,2828.0,6862.0,4.490625,24.66875,26.61875,-0.13516472947915498,675.506037326389
1.0,21.3546875,13966.518229166666,0.22163383348574547,0.009141085235889539,0.47928581804634984,0.005562565121125293,11.522916666666667,0.7204946220823882,0.20668351507000904,0.24959246671747168,0.25347647391696493,5.448046875,242.73828125,0.0029487466057509155,37.646875,27380.1375,0.016849706086479538,68.6890625,55448.01875,0.026201818905854025,2205.0,4303.0,13790.0,297.0,2809.0,6811.0,4.487890625,24.6484375,26.5375,-0.13259282998886374,670.7882592773439
1.0,21.252604166666668,14039.935416666667,0.22099855534936833,0.009189983146937619,0.4827953253194736,0.005535973994963967,11.568489583333333,0.7380223011885798,0.20601376643277192,0.24909522100825293,0.252841045356869,5.41015625,284.665625,0.002958586324987382,37.4109375,27253.809375,0.01694210893806362,68.4640625,55847.140625,0.02636344464361256,2208.0,4349.0,13723.0,301.0,2810.0,6752.0,4.432421875,24.853125,26.828125,-0.13316973031800697,663.739836968316
0.9997395833333333,21.2703125,14025.238541666668,0.22084334496862337,0.008998759544807215,0.47789519139897624,0.005540586741338891,11.51875,0.7491368544773378,0.20585903661688948,0.2488009612435374,0.25282296210064514,5.428515625,284.5875,0.002871545050191282,37.4703125,27574.2703125,0.016623795492775116,68.4375,55438.8109375,0.025882581575303043,2225.0,4362.0,13661.0,293.0,2815.0,6779.0,4.452734375,24.6578125,26.64375,-0.13195212309924728,664.0274519856771
0.9994791666666667,21.340625,14002.78125,0.22108796279216233,0.009165195831960743,0.4808564065031727,0.005558902057827559,11.515104166666667,0.7313662322448382,0.2060625807152369,0.24912673468124838,0.25315071921077825,5.429296875,308.44921875,0.002968574153337013,37.509375,27525.634375,0.016819984241261535,68.8171875,55257.25625,0.026296894137154875,2188.0,4384.0,13692.0,313.0,2778.0,6892.0,4.434375,24.6765625,26.6765625,-0.13235891911078923,673.7522037760415
0.9994791666666667,21.267708333333335,14009.8109375,0.2209422199820768,0.009308755888389756,0.4805542560863954,0.005539908396283755,11.558333333333334,0.7241759318215213,0.20597032163933884,0.2489309019471868,0.2528411313879184,5.421484375,299.45625,0.003034975958271047,37.41875,28238.94375,0.017054100830922396,68.5015625,54622.096875,0.026658530666331948,2225.0,4309.0,13650.0,310.0,2782.0,6859.0,4.4296875,24.8078125,26.8234375,-0.1300820712347802,665.1413530815972
1.0,21.391145833333333,14020.1734375,0.22126871393273007,0.009346185263917383,0.48285495312420984,0.005572061951897195,11.611979166666666,0.7495312994570378,0.20634484102319303,0.24903806486073954,0.2531948546428687,5.457421875,308.628125,0.00308518844381611,37.6171875,27366.403125,0.017038347340956626,68.9,55520.125,0.026698010467283227,2197.0,4375.0,13668.0,304.0,2810.0,6896.0,4.48203125,24.859375,26.884375,-0.13165944131366317,672.3334632703993
0.9997395833333333,21.284895833333334,13956.1859375,0.2218273225740131,0.009271851210035775,0.4847265898288011,0.005544385473647651,11.5171875,0.7487948711674456,0.20702794570091937,0.2493943245866847,0.2534578280537164,5.44375,218.7109375,0.003080462239271679,37.340625,27613.609375,0.01688914597023564,68.59375,55248.6625,0.026420112332892293,2172.0,4278.0,13657.0,287.0,2785.0,6886.0,4.484765625,24.5671875,26.596875,-0.1324553829177243,667.7511260308161
0.9994791666666667,21.241145833333334,13996.826041666667,0.2210249152906836,0.009149568513655558,0.47846175371163063,0.005532989276721368,11.56875,0.7416325429713361,0.20617465308093585,0.24869432560680896,0.2527565538135493,5.434375,293.44453125,0.0030165667781028305,37.3578125,27940.1,0.01668220907247562,68.3515625,54867.078125,0.026148934897046405,2173.0,4280.0,13656.0,308.0,2737.0,6833.0,4.494140625,24.6953125,26.740625,-0.13468223157881898,660.8600778537327
0.99921875,21.347395833333334,13952.552604166667,0.22142285530289374,0.009186670441788157,0.47942742753249423,0.005560665754970912,11.555729166666667,0.7610949813355454,0.206433123729157,0.24925663176069857,0.2535480051400358,5.419921875,251.5,0.00300192260670779,37.4703125,27136.421875,0.016756916273937113,68.934375,55572.89375,0.02635541594996067,2208.0,4279.0,13734.0,298.0,2822.0,6899.0,4.448828125,24.6953125,26.84375,-0.13404192972471002,671.9204619683159
0.9994791666666667,21.433854166666666,13967.794270833334,0.22148437975659122,0.009312866223455033,0.4837622816727979,0.005583186810801424,11.6140625,0.7434451923310573,0.20649465023923302,0.24942490313682839,0.2535027744457866,5.4578125,248.59296875,0.0030532414021843053,37.634375,27622.425,0.016991331598289076,69.1375,55189.96875,0.026672900133703898,2188.0,4341.0,13721.0,299.0,2799.0,6966.0,4.496875,24.7703125,26.9265625,-0.13284198482975057,676.4893747287327
1.0,21.4,13947.9640625,0.22211540924048231,0.009244448186380315,0.48779219728022,0.005574368325084658,11.609895833333333,0.7378066588785047,0.2072114788043923,0.2498344047971257,0.2540121354281991,5.476171875,248.7078125,0.003062772877998966,37.609375,27519.534375,0.016873112525901263,68.8859375,55173.41875,0.02634248508038476,2164.0,4358.0,13705.0,301.0,2817.0,6867.0,4.508203125,24.7296875,26.896875,-0.1332950999195495,672.2582291666665
1.0,21.3203125,13965.945833333333,0.22205759783894768,0.009255923175949804,0.48771192100447086,0.005553610966397499,11.466666666666667,0.7362892390374984,0.2072594096602897,0.2496355952959902,0.25367235309653713,5.474609375,245.6296875,0.0031231431582584178,37.5828125,28157.19375,0.01684644872645692,68.440625,54655.9625,0.026196517696208232,2200.0,4308.0,13693.0,292.0,2810.0,6754.0,4.503125,24.4515625,26.3359375,-0.13540578999783182,663.5489624023437
0.9997395833333333,21.2734375,13962.511458333332,0.22167588218943265,0.009336131866886916,0.4835985332632229,0.005541400755405054,11.632552083333334,0.7483902558452687,0.20687600376820736,0.24919067991470167,0.2533605981490649,5.467578125,221.68828125,0.00313764998408225,37.434375,27458.140625,0.016983330129652363,68.3359375,55430.175,0.02648286113534013,2169.0,4327.0,13612.0,302.0,2785.0,6803.0,4.516796875,24.7953125,26.9328125,-0.13255557917531563,660.5163777669271
1.0,21.192708333333332,13973.971354166666,0.22165211181915367,0.009092626434770624,0.48435931374708,0.005520372058695841,11.407552083333334,0.7526419267633325,0.20690374414483612,0.24918441408313968,0.2531132802524378,5.4484375,242.70625,0.0030313277263116847,37.3078125,27986.665625,0.01658059307876914,68.0546875,54886.3375,0.025849854624607854,2175.0,4274.0,13600.0,312.0,2720.0,6786.0,4.501953125,24.2828125,26.1546875,-0.13372922890303618,656.8732801649306
1.0,21.141666666666666,13969.168229166668,0.22180088130176784,0.009066642395760108,0.4810417100052315,0.005507076495615178,11.54375,0.7523403626330312,0.20710842361241882,0.24922053750239664,0.25315105585853503,5.432421875,248.71953125,0.003017158422228035,37.259375,27819.878125,0.016538623231487574,67.8609375,55000.253125,0.025792597454160925,2179.0,4284.0,13569.0,315.0,2699.0,6762.0,4.4703125,24.675,26.70625,-0.13448074580837743,653.8965972222221
0.9994791666666667,21.228125,13974.7734375,0.22147891284783366,0.009103248689616875,0.47759756172193163,0.005529597551445689,11.50078125,0.7577898817410079,0.20667526775272121,0.2490248931630658,0.25314751291305115,5.46015625,287.48359375,0.0030398469060508057,37.365625,27459.13125,0.016566019360635842,68.1625,55239.575,0.02589408515286219,2156.0,4332.0,13639.0,317.0,2748.0,6744.0,4.46875,24.5546875,26.575,-0.13348013166803405,659.762021484375
0.9994791666666667,21.341145833333332,13904.4546875,0.2221236965692531,0.009137435200089718,0.482854242254162,0.005559037726838586,11.501302083333334,0.7328126906650396,0.20724144346329804,0.24972866667583754,0.2540477388864887,5.47890625,194.68671875,0.0030552204447316564,37.621875,27863.309375,0.01658235071536106,68.509375,54784.671875,0.02602137870625062,2165.0,4306.0,13705.0,295.0,2796.0,6808.0,4.49609375,24.4984375,26.525,-0.13424447123721084,667.6705986870661
1.0,21.222916666666666,13993.99375,0.22142294710889412,0.009324451853819775,0.4817158898494932,0.005528240861335417,11.398177083333334,0.7447727495828016,0.20660199662232176,0.24897281033889945,0.25315688582517815,5.48125,218.7546875,0.0031490728996253713,37.3953125,28301.4875,0.016922151371242956,68.0171875,54787.45625,0.026428268153174193,2184.0,4276.0,13608.0,306.0,2786.0,6724.0,4.506640625,24.26875,26.09375,-0.1323885120019761,655.6815581597223
1.0,21.282291666666666,13959.503645833332,0.22201571458858524,0.009345411421342459,0.48266660022209085,0.005543707128592515,11.551041666666666,0.766066271841809,0.20719541967073818,0.2496489102772963,0.2536636985712624,5.458203125,218.74375,0.0031182518113370868,37.4828125,27473.628125,0.017031602301111587,68.378125,55408.41875,0.026567858981594826,2141.0,4273.0,13752.0,301.0,2753.0,6812.0,4.493359375,24.6484375,26.684375,-0.13415311226235885,662.4682280815973
1.0,21.325,13989.48125,0.22168941737445932,0.00901644561034594,0.4807180618022367,0.005554831987496744,11.521614583333333,0.7486811254396248,0.20683787617710242,0.24939410170926496,0.2533908978290813,5.483203125,236.728125,0.0029766718175694984,37.5203125,27390.153125,0.01647177596811452,68.496875,55599.821875,0.025720210423683127,2157.0,4338.0,13647.0,298.0,2785.0,6824.0,4.51953125,24.55,26.5015625,-0.13375169993037891,666.5912499999998
0.99921875,21.331770833333334,13972.116666666667,0.221309682806736,0.00902789341251655,0.48527633408649795,0.005556595684640097,11.57109375,0.7327196816173059,0.2062588570559499,0.24933295137576258,0.25348971724085373,5.464453125,257.44453125,0.002951531781801292,37.5515625,27654.696875,0.01653303673624003,68.58125,55148.225,0.025828196611654104,2193.0,4316.0,13726.0,298.0,2800.0,6785.0,4.509765625,24.653125,26.734375,-0.13605844790040855,669.8591989474826
0.99921875,21.415104166666666,13915.689583333333,0.22188593755055,0.008935634036687313,0.48155945272633366,0.0055783027264044455,11.6203125,0.75489456915631,0.2068769088113751,0.2499165880698782,0.25389140198792143,5.452734375,206.59453125,0.0029323261087309733,37.6875,27271.16875,0.0163076886442159,68.9921875,55396.590625,0.025576811140984083,2148.0,4402.0,13747.0,284.0,2829.0,6864.0,4.5296875,24.775,26.828125,-0.13656686595739223,677.0214385308159
0.9994791666666667,21.407291666666666,13973.361979166666,0.2213533834785286,0.00900811945925747,0.48256459275997887,0.0055762676912390376,11.457291666666666,0.7494769110992165,0.20635811118148184,0.24935650634794437,0.2533313497972999,5.48359375,293.48671875,0.002965362869143668,37.628125,27666.45,0.01648289052722387,68.88125,54999.775,0.025704374751746285,2200.0,4291.0,13757.0,303.0,2752.0,6925.0,4.509765625,24.4265625,26.278125,-0.1326264343897306,671.0127593315973
1.0,21.284895833333334,13987.684375,0.2215261632315232,0.009006206864148575,0.48024210765161046,0.005544385473647651,11.365104166666667,0.7528812978686961,0.20659095093389776,0.24950580732018118,0.253287368333367,5.467578125,224.7296875,0.0029493676406676644,37.6,28095.640625,0.01656361145037593,68.2390625,54931.546875,0.02567615917184486,2167.0,4258.0,13784.0,312.0,2717.0,6798.0,4.494140625,24.228125,25.9859375,-0.13385550103294178,664.5026885308159
0.9994791666666667,21.308854166666666,13946.6484375,0.22165969765784715,0.009086361490582869,0.48086237213687844,0.0055506262481549015,11.526041666666666,0.7424779409967492,0.20668505548259608,0.24977518970865376,0.2534427743080447,5.469921875,242.57890625,0.003003363191563773,37.590625,27555.665625,0.016643727776323648,68.3828125,55153.909375,0.025860988400918477,2164.0,4332.0,13733.0,289.0,2746.0,6775.0,4.514453125,24.5625,26.5359375,-0.13752557801245663,667.2962757703993
0.9997395833333333,21.278125,14009.743229166666,0.22121154565439874,0.009309116522117631,0.4797191132713337,0.005542621776504298,11.51953125,0.7429627453860087,0.20616585736479803,0.249336814354682,0.25326903011251833,5.382421875,248.67109375,0.0030443090978806487,37.5046875,27722.109375,0.017115365828983136,68.634375,55341.665625,0.026562096912200062,2209.0,4288.0,13744.0,291.0,2765.0,6863.0,4.450390625,24.6703125,26.6453125,-0.13779964939413336,669.2153548177083
1.0,21.282291666666666,14017.147395833334,0.2211675597067175,0.009281420973373622,0.48219647519556197,0.005543707128592515,11.467447916666666,0.7507464147618814,0.20618592328549692,0.2491776494008328,0.25308401569748457,5.417578125,302.646875,0.0030457791756484864,37.5703125,27593.3046875,0.017041095686162844,68.453125,55298.9921875,0.026464313451484943,2206.0,4243.0,13779.0,313.0,2734.0,6841.0,4.41796875,24.5890625,26.54375,-0.13553561843649894,667.3791655815972
1.0,21.2421875,13997.510416666666,0.2214206394898746,0.00918035900806015,0.48343667756990955,0.005533260614743423,11.445052083333334,0.7399288954272404,0.20645973071232016,0.24947584790565455,0.25320906618431216,5.392578125,224.77890625,0.002997484271858187,37.596875,27938.3375,0.016917102897826046,68.2859375,55147.609375,0.02617511406310209,2208.0,4285.0,13733.0,302.0,2760.0,6769.0,4.441796875,24.5140625,26.3890625,-0.13737893525880351,666.8715535481771
1.0,21.354166666666668,13963.358333333334,0.22185067887705828,0.009172020086918982,0.48304955690928086,0.005562429452114266,11.614322916666667,0.7425121951219512,0.20689623453764155,0.2498640127909512,0.25365512232083215,5.451953125,221.74609375,0.0029963028315813786,37.6375,27551.0296875,0.01686998651522642,68.6796875,55342.1359375,0.02617692267996196,2191.0,4351.0,13727.0,304.0,2781.0,6836.0,4.49140625,24.896875,26.8234375,-0.1342616961797752,669.7245659722222
0.9997395833333333,21.386458333333334,13978.951041666667,0.22155605488816085,0.009125736524887752,0.4844228170907706,0.0055708409307979505,11.588802083333333,0.7486483853684672,0.2065645634088992,0.24961681171796374,0.25346126397540464,5.4625,248.65078125,0.0030089965103860345,37.65,27563.2875,0.016736221555136536,68.81875,55315.815625,0.025982211552645844,2205.0,4344.0,13750.0,299.0,2786.0,6843.0,4.480859375,24.8296875,26.7796875,-0.13525507491685385,672.2105457899306
0.9997395833333333,21.435416666666665,13943.619791666666,0.22187280257463168,0.00920255890016884,0.48914756194401326,0.005583593817834505,11.559114583333333,0.756025852852561,0.20686686243176583,0.24993063776525934,0.2538387279554676,5.4421875,200.73515625,0.0030176738585871964,37.75625,27573.86875,0.01685548756322598,69.0875,55284.909375,0.026289170403438276,2197.0,4332.0,13816.0,282.0,2821.0,6888.0,4.4703125,24.746875,26.7265625,-0.13695401278946734,675.8130164930556
0.9994791666666667,21.409375,13988.5625,0.22136878667118956,0.009190833492547368,0.4869085979182547,0.005576810367283146,11.571354166666667,0.7607161971488348,0.20635067544546343,0.24946657793897567,0.25334344030630795,5.43359375,239.63515625,0.0030303597140711683,37.725,27205.896875,0.01685758550358384,68.996875,55766.9375,0.026165976595415696,2208.0,4375.0,13742.0,319.0,2801.0,6844.0,4.4828125,24.765625,26.73125,-0.13733925598899416,675.4579329427085
0.9997395833333333,21.4265625,13961.341145833334,0.22178506397877876,0.009196556467460803,0.4863751642594339,0.005581287444647044,11.61796875,0.7562410364860594,0.2067342446295944,0.2500209614160018,0.2537524439382931,5.4375,269.60859375,0.003028031984092008,37.875,27648.4125,0.01691477669452989,68.934375,55041.2,0.026152434173866885,2208.0,4363.0,13854.0,312.0,2762.0,6843.0,4.50078125,24.8625,26.8421875,-0.1370527262518642,678.5347111002604
0.9997395833333333,21.4265625,14012.885416666666,0.2210896597077345,0.009149864891050909,0.4845539140143941,0.005581287444647044,11.628645833333334,0.749823768200491,0.20606105900438307,0.2492355348086385,0.25305818742023634,5.43125,284.5453125,0.002961871242824243,37.7296875,27372.8609375,0.016864015679570233,69.1046875,55566.2703125,0.02618768869543825,2219.0,4392.0,13755.0,316.0,2791.0,6886.0,4.46875,24.9265625,26.9703125,-0.1356411668792,674.7560652669271
0.9994791666666667,21.414583333333333,13998.948958333332,0.22109399602576338,0.009254062591486947,0.4803369444103868,0.005578167057393418,11.596614583333333,0.756007393715342,0.2060112552770704,0.24934564725715508,0.2531733077891437,5.428515625,278.4921875,0.003011962157015513,37.7609375,27654.6375,0.017025038244528307,69.0125,55225.0875,0.026451488676331313,2210.0,4399.0,13763.0,318.0,2775.0,6874.0,4.461328125,24.8765625,26.8578125,-0.13649667054376427,674.7322873263889
0.99921875,21.513020833333332,13961.858333333334,0.22149085003914978,0.009392979473419097,0.48500349215560745,0.005603808500477555,11.7953125,0.7539765161602712,0.20640231015675078,0.2496179261835449,0.2537179334243509,5.4328125,299.4171875,0.0031210451630822983,37.9421875,27631.0,0.017138778324980317,69.4046875,54942.48125,0.026734917863205067,2187.0,4386.0,13898.0,312.0,2775.0,6943.0,4.4734375,25.3109375,27.5671875,-0.13790418820261066,683.8154554578995
1.0,21.540104166666666,13953.2484375,0.22208477277653008,0.009335325996403545,0.48583273713698766,0.005610863289050968,11.771614583333333,0.7467901443528302,0.2070419669015668,0.25014228158279694,0.2541984874701163,5.433984375,227.71171875,0.003061933954480688,37.99375,27258.2875,0.017094355871589535,69.5109375,55550.35625,0.026669864288908985,2177.0,4344.0,13999.0,305.0,2835.0,6916.0,4.480859375,25.2359375,27.4703125,-0.1371801408521804,686.7707874891493
0.9994791666666667,21.291145833333335,14002.346354166666,0.2210914633865351,0.009390024587796217,0.47946977369959237,0.005546013501779978,11.525,0.7541035739621811,0.20606602258060383,0.24928352014838628,0.25300116984840904,5.418359375,248.5984375,0.0031378495600815487,37.66875,27657.1375,0.017196618410776632,68.4046875,55362.546875,0.02659213087567447,2202.0,4350.0,13733.0,300.0,2778.0,6741.0,4.4546875,24.703125,26.628125,-0.13924142213238483,667.7402341037326
1.0,21.336979166666666,14018.953645833333,0.22120503334764124,0.009312976794438125,0.4797360482956133,0.005557952374750369,11.591927083333333,0.7490175018917665,0.20620992233146612,0.2494642326423424,0.25292627811764035,5.4421875,251.71796875,0.003074789821963207,37.8296875,28030.690625,0.017129061101425935,68.4234375,55076.159375,0.02644964037734998,2160.0,4382.0,13796.0,314.0,2762.0,6753.0,4.490625,24.8375,26.7515625,-0.13724908760663618,667.9630075412327
0.9997395833333333,21.458854166666665,13990.846354166666,0.2215430698177017,0.00935682029743842,0.4836716172305762,0.005589698923330728,11.62578125,0.7437198126259071,0.20653259360319542,0.2497089724451039,0.25341907204832453,5.46171875,233.6671875,0.003113503773472762,38.0046875,27720.9625,0.017130890628387473,68.9015625,55289.446875,0.026556016062351993,2213.0,4316.0,13869.0,296.0,2797.0,6820.0,4.53046875,24.853125,26.7796875,-0.13815333804965196,677.3795570203991
1.0,21.424479166666668,13998.313541666666,0.22146903230190157,0.009266625468312447,0.4849304560490163,0.005580744768602935,11.740364583333333,0.7285766378995989,0.2064596944108243,0.24947548546199796,0.25349993070611443,5.433984375,194.77265625,0.0030018758032711373,37.7984375,27636.1625,0.017018514878315412,69.0125,55574.628125,0.02657373471847473,2193.0,4363.0,13786.0,312.0,2799.0,6895.0,4.47421875,25.15625,27.3890625,-0.13512800990757828,678.3271091037326
0.9997395833333333,21.398958333333333,13994.2953125,0.22127040356156905,0.00941666990312854,0.48738079358044967,0.005574096987062603,11.704947916666667,0.7562186632916322,0.20630246534215146,0.249182863590064,0.2532296964107445,5.43203125,239.6546875,0.003101627674664746,37.734375,27923.0984375,0.017204145378687474,68.93125,55084.0546875,0.026889363341424787,2209.0,4300.0,13772.0,305.0,2794.0,6887.0,4.476953125,25.0578125,27.2640625,-0.13691118007332714,673.4574989149306
0.9997395833333333,21.389583333333334,14004.220833333333,0.22114669735373108,0.009473818444053787,0.4895401577226698,0.005571654944864114,11.598958333333334,0.7440829843186909,0.20620155218720634,0.24904891376208677,0.25302506161147403,5.447265625,236.6765625,0.0031348106933145213,37.7375,28151.521875,0.017335663462842998,68.8109375,54927.096875,0.026968004428221642,2187.0,4336.0,13749.0,317.0,2773.0,6842.0,4.484375,24.7984375,26.8578125,-0.13813136639762372,670.4325998263888
0.9997395833333333,21.403645833333332,13972.702083333334,0.2216549369952613,0.009402298355676717,0.486479943464859,0.005575318008161848,11.573697916666667,0.7425477552013627,0.20669321781825012,0.24967661836248603,0.2534801323360812,5.437890625,191.74296875,0.0031087582624326014,37.8234375,28558.415625,0.017210735155489286,68.846875,54510.825,0.02676802192884061,2175.0,4378.0,13843.0,311.0,2791.0,6776.0,4.477734375,24.7828125,26.7484375,-0.13995351736436756,672.5651950412326
0.9997395833333333,21.477604166666666,14009.721354166666,0.221295581247382,0.009274784257146177,0.48576870570833564,0.005594583007727707,11.611197916666667,0.7323762640347261,0.20623532090292668,0.2494246034169331,0.25340760045565214,5.4625,260.6265625,0.0030544854420954523,37.9421875,28297.61875,0.01696614989240734,69.0734375,54718.203125,0.026464613882087908,2194.0,4298.0,13922.0,294.0,2824.0,6842.0,4.502734375,24.809375,26.846875,-0.1368764320423485,677.4078317599826
0.9997395833333333,21.4265625,14004.269791666668,0.22139997275092288,0.009232676494672354,0.48864268825222684,0.005581287444647044,11.590104166666666,0.7614186052164613,0.2063691140043625,0.24943756984718224,0.2534858106409049,5.3921875,236.66953125,0.0030607998322607815,37.9671875,28227.40625,0.0168741570759296,69.0234375,54851.534375,0.026278702563061397,2208.0,4318.0,13862.0,299.0,2813.0,6868.0,4.4546875,24.8609375,26.8609375,-0.14085727731185385,678.288877766927
1.0,21.442708333333332,14016.9,0.2212057734117667,0.009280296960758778,0.48668900683380756,0.005585493183988886,11.616927083333334,0.755647316006801,0.20611514843153458,0.2493547610437564,0.25341928570070565,5.391015625,215.7671875,0.0030318115620868178,37.8390625,27350.534375,0.01701344537813369,69.253125,55887.796875,0.02654109013807171,2200.0,4410.0,13781.0,303.0,2835.0,6894.0,4.459375,24.9421875,26.921875,-0.13940388893779293,677.8086968315972
1.0,21.410416666666666,14038.027083333332,0.2211733611325761,0.009155739911143074,0.48247082313124035,0.005577081705305201,11.608854166666667,0.7558139534883721,0.2061228595075996,0.24924771071130772,0.25330101805375044,5.408203125,266.68671875,0.002975112270324913,37.7703125,27586.621875,0.016787718921655037,69.059375,55574.79375,0.026246271463903754,2212.0,4376.0,13748.0,304.0,2812.0,6895.0,4.466796875,24.89375,26.8921875,-0.13678706961235843,674.720099826389
1.0,21.396875,14049.139322916666,0.2209874623163335,0.009161527387413205,0.48291934622499627,0.0055735543110184945,11.55234375,0.7253785112701426,0.20591614637554229,0.2492021564994566,0.25305803189637516,5.40390625,299.6296875,0.002997701193845215,37.84375,27538.2484375,0.016819510762812954,68.921875,55558.06875,0.026158848786285417,2228.0,4345.0,13840.0,325.0,2774.0,6822.0,4.43984375,24.815625,26.7390625,-0.14002561414945625,674.4669694010419
0.9997395833333333,21.372916666666665,14031.127604166666,0.22097470250847145,0.009222987647091526,0.4849825400984858,0.005567313536511244,11.604427083333333,0.7565308509601326,0.20594526573075803,0.2491533067631222,0.25291384536467454,5.403125,290.615625,0.003073013840632534,37.8640625,27943.9328125,0.016887647992110472,68.7609375,55080.3703125,0.02615822252790855,2191.0,4270.0,13932.0,315.0,2796.0,6774.0,4.4453125,24.98125,26.8640625,-0.1400491790323146,671.3296831597222
0.9997395833333333,21.414583333333333,14047.294791666667,0.22081618292375,0.009364440656636056,0.482753667521283,0.005578167057393418,11.539322916666666,0.7324399260628466,0.20576701709492337,0.24909229579529915,0.25273673336750724,5.419140625,296.54765625,0.003098352624046583,37.890625,28126.415625,0.017180446322223163,68.9203125,54971.1625,0.02661278712140685,2171.0,4370.0,13849.0,312.0,2760.0,6854.0,4.466796875,24.765625,26.603125,-0.13931543635799368,672.9536414930556
0.9997395833333333,21.3875,14030.478645833333,0.22094743116654078,0.009434794742868373,0.48388751459219026,0.005571112268820005,11.607552083333333,0.7509984414572375,0.20594511072425972,0.24905638505574865,0.2528477590464572,5.43984375,281.6078125,0.003125468225765873,37.76875,27636.75625,0.017294681339998747,68.796875,55419.684375,0.02681221421414799,2207.0,4315.0,13809.0,311.0,2797.0,6811.0,4.491796875,24.9015625,26.7765625,-0.13617087710370823,668.8394270833331
0.9994791666666667,21.378645833333334,14017.046875,0.22097799665376258,0.009176858354343675,0.48774009467534707,0.005568805895632543,11.455208333333333,0.7499695471045387,0.20597344797161235,0.2492479319669784,0.2527262560691478,5.43828125,326.43828125,0.0030577154494198545,37.79375,28233.23125,0.01681058072716319,68.725,54563.296875,0.02601970760121945,2183.0,4364.0,13772.0,300.0,2767.0,6811.0,4.49765625,24.515625,26.225,-0.13909355947396748,671.3456898328992
0.99921875,21.3765625,13980.958333333334,0.22103925216528897,0.00937889599261864,0.4838682646547478,0.005568263219588435,11.621354166666666,0.7461442876982677,0.20600097349883714,0.24926647171658503,0.2529651472798002,5.398046875,281.475,0.0031002772515940236,37.846875,27601.5625,0.01725088073165979,68.8203125,55158.2875,0.026621386217675957,2201.0,4390.0,13785.0,289.0,2814.0,6806.0,4.455859375,24.9828125,26.921875,-0.13963435115049758,672.2571590169271
0.9997395833333333,21.325,14057.930208333333,0.22063873393064265,0.009248313082262202,0.4797440465212368,0.005554831987496744,11.559895833333334,0.7477530285267683,0.20564639974554866,0.2488916239944401,0.2523551806072212,5.405859375,317.55,0.0030390669944189504,37.6921875,27732.465625,0.017036941901567754,68.634375,55344.915625,0.02629666861432965,2199.0,4360.0,13760.0,278.0,2780.0,6804.0,4.46328125,24.8140625,26.6921875,-0.13910807004848602,668.9183333333333
0.9997395833333333,21.3375,13998.460416666667,0.2214974778961344,0.00935533632632669,0.489559001987175,0.0055580880437613965,11.641666666666667,0.738991407928139,0.2066808690722109,0.2492893259035595,0.25297206518440307,5.457421875,239.68828125,0.00317092198184913,37.5328125,27331.66875,0.017064273647012684,68.6625,55700.340625,0.02638405638355094,2194.0,4309.0,13660.0,260.0,2833.0,6829.0,4.519140625,24.9203125,26.853125,-0.13600345859772675,666.49234375
1.0,21.461458333333333,13973.659375,0.22193096057797532,0.009325733455155963,0.488718983556341,0.005590377268385864,11.668229166666666,0.7512255496772314,0.20702654379053217,0.24988636657113128,0.2535932217345918,5.457421875,266.6828125,0.003109586311184389,37.8921875,27761.1609375,0.017076072335430452,69.046875,55014.0640625,0.026439983150767767,2204.0,4391.0,13794.0,285.0,2826.0,6828.0,4.498828125,25.046875,26.9671875,-0.13825265821482702,675.5979937065973
1.0,21.413020833333334,13969.263020833334,0.2218850425347529,0.009170089093484745,0.48730076360918667,0.005577760050360337,11.63046875,0.7517087052757035,0.2070926878297608,0.24946624255375113,0.253473261335723,5.4203125,224.7390625,0.003060434722945202,37.8015625,27801.7375,0.01673218966445346,68.9953125,55114.884375,0.026046606004674212,2190.0,4334.0,13801.0,282.0,2828.0,6831.0,4.46328125,24.99375,26.9359375,-0.14101135904682838,672.206497124566
1.0,21.3421875,13983.978645833333,0.22158365923600393,0.009243711997272225,0.4847503182708193,0.00555930906486064,11.61328125,0.7432218073553457,0.20670216888005016,0.2493736480599366,0.2533196318358864,5.365234375,239.7328125,0.003067886789160445,37.7390625,27573.6625,0.016910680462401666,68.853125,55371.278125,0.026280044364589906,2227.0,4278.0,13835.0,299.0,2808.0,6835.0,4.4203125,25.05,26.9484375,-0.1398458803514639,671.3589493815105
1.0,21.246875,14005.1078125,0.2212799875270706,0.009459078493058116,0.4848683071574032,0.0055344816358426675,11.58203125,0.739030249546502,0.20649141889015193,0.24903624427362425,0.2526780053281915,5.402734375,233.740625,0.0031648440286850058,37.715625,28536.91875,0.017327193921773593,68.1546875,54558.765625,0.02676790092183509,2215.0,4286.0,13734.0,303.0,2797.0,6683.0,4.46015625,24.846875,26.8046875,-0.14008716813049027,658.2307194010415
0.9997395833333333,21.264583333333334,14015.507291666667,0.2209412957910118,0.009461680238429072,0.48387319121867445,0.005539094382217591,11.591145833333334,0.7470118546095816,0.20610408429090743,0.2487812820994248,0.2524501554830162,5.40859375,248.60078125,0.003137149121441729,37.6,27921.578125,0.017359632910432,68.353125,55177.0625,0.02686185203437551,2219.0,4277.0,13746.0,282.0,2789.0,6755.0,4.472265625,24.8640625,26.79375,-0.13873900417053614,658.9284331597222
1.0,21.183854166666666,14022.808854166668,0.22126375788657762,0.009485482579007368,0.48087276162872683,0.005518065685508379,11.565885416666667,0.7621763823666806,0.20652176639289815,0.24903670638219494,0.2524587753656783,5.451953125,254.6625,0.0031949284999599793,37.5921875,28086.321875,0.017382137301197302,67.703125,55031.88125,0.026751044173007,2213.0,4204.0,13717.0,295.0,2739.0,6654.0,4.479296875,24.78125,26.696875,-0.13722996445738248,647.604739312066
0.9997395833333333,21.156770833333333,13973.6875,0.22145298053690626,0.009393383444532987,0.4853696978274859,0.005511010896934966,11.627864583333333,0.7409468009157825,0.20669296883703075,0.24933255861261655,0.2526134492606982,5.411328125,182.77421875,0.0031490246762991463,37.55625,27900.959375,0.01724809246310935,67.7390625,55210.06875,0.026516109498891983,2209.0,4215.0,13673.0,297.0,2744.0,6665.0,4.47890625,24.9671875,26.884375,-0.14026599757455124,647.3702145724826
0.9997395833333333,21.181770833333335,13977.227604166666,0.2214543115215489,0.009301880326073757,0.48491855774066256,0.00551752300946427,11.554947916666666,0.7451621628267231,0.20663022401759568,0.2493011070942454,0.25290386596466535,5.4078125,209.73515625,0.00308233910893198,37.484375,27990.840625,0.017040574576218926,67.975,55033.584375,0.0264413509444957,2196.0,4297.0,13641.0,308.0,2709.0,6757.0,4.46640625,24.771875,26.6921875,-0.13771753886792634,654.4315426974827
0.9997395833333333,21.209895833333334,14005.7734375,0.221330063841117,0.009177282455318372,0.4881081102476388,0.005524849136059738,11.41953125,0.7619527048596616,0.20652305860805703,0.24922348556137655,0.25266466305309726,5.44609375,269.62109375,0.0030836571070961593,37.5296875,27961.88125,0.016780241551920056,67.9453125,54994.275,0.025948824751605537,2196.0,4235.0,13680.0,302.0,2732.0,6703.0,4.488671875,24.40625,26.15625,-0.13878794613405135,653.4965687391492
1.0,21.242708333333333,13972.619791666666,0.22168631257261381,0.009206079057648668,0.484488380705825,0.00553339628375445,11.42265625,0.7444466238415143,0.20687146212927177,0.24944998409049068,0.25318204282810536,5.425390625,215.75859375,0.003055265379284162,37.7375,28397.7,0.01688960558887459,68.0171875,54574.984375,0.026125807239880772,2189.0,4266.0,13749.0,309.0,2757.0,6703.0,4.48671875,24.41875,26.1703125,-0.13853694366917496,656.8692176649306
1.0,21.091145833333332,13989.759375,0.22147910854361663,0.009554301758582982,0.4863226420772779,0.005493916601545541,11.501041666666667,0.7583652302753426,0.20679386880154302,0.24898207987005047,0.2527170961854771,5.38671875,200.790625,0.0032379568052491267,37.3203125,27931.7375,0.01742823392739698,67.6796875,55203.65625,0.026945749403104412,2232.0,4195.0,13592.0,296.0,2755.0,6662.0,4.4375,24.659375,26.596875,-0.14027163387805827,647.0078382703995
0.9997395833333333,21.2046875,13961.014583333334,0.22174897997573478,0.009374128781354771,0.48125607639474827,0.005523492445949466,11.41171875,0.7673470390293027,0.20694068805110905,0.24944061220097424,0.2532905154489982,5.412109375,194.7625,0.0031433764639605998,37.5125,27491.259375,0.017129997091813377,68.0671875,55495.778125,0.026541269740472863,2212.0,4282.0,13662.0,309.0,2767.0,6705.0,4.480859375,24.39375,26.153125,-0.13882218190357554,655.8653946940103
0.9997395833333333,21.335416666666667,13946.443229166667,0.22186566476309044,0.009445032597548829,0.49105691002211593,0.005557545367717288,11.62109375,0.7606923152035934,0.20705968355500678,0.24966605793781707,0.25328919642069836,5.447265625,197.74375,0.0031797314946142934,37.790625,27805.4375,0.01729935973688395,68.4328125,55082.246875,0.02665190986995184,2232.0,4228.0,13800.0,289.0,2802.0,6717.0,4.5,24.871875,26.8546875,-0.14057748211539478,662.7822873263889
0.9997395833333333,21.3265625,13967.8125,0.22162544171118978,0.009434463498304775,0.48692012906952165,0.005555238994529825,11.59453125,0.7454270154101643,0.20677387937479477,0.24955848220290172,0.25309865056505787,5.443359375,245.6828125,0.0031777354986857144,37.803125,27827.84375,0.017250931187765123,68.3828125,54996.3,0.02664490780732067,2192.0,4244.0,13878.0,295.0,2781.0,6703.0,4.521484375,24.803125,26.678125,-0.14132981650268725,663.6318986002605
0.9994791666666667,21.269270833333334,13941.246354166668,0.22190207549033433,0.009420192598725351,0.4890493372074139,0.005540315403316836,11.437760416666666,0.7379582241594632,0.2071430120545839,0.24955483302057133,0.25328557170309907,5.462890625,179.7203125,0.003193052954357222,37.646875,27789.796875,0.01716530623794147,68.1171875,55138.8,0.026583637536981758,2208.0,4211.0,13739.0,281.0,2802.0,6685.0,4.523046875,24.4125,26.121875,-0.13758264019890223,658.1300973849827
0.9994791666666667,21.290625,13933.866145833334,0.22184606227757045,0.009392055203736137,0.48692565134008764,0.00554587783276895,11.613541666666666,0.7368755809971134,0.2070493724142198,0.24952769500014577,0.2533511890083977,5.445703125,209.6421875,0.0031748070402823417,37.675,28142.959375,0.01711588472425207,68.2859375,54621.66875,0.026537218337035394,2200.0,4294.0,13719.0,308.0,2781.0,6718.0,4.51015625,24.8265625,26.8140625,-0.13933068305462284,660.0030371093749
1.0,21.279166666666665,13990.3859375,0.22146497599146198,0.009280354378460193,0.48585181624562956,0.005542893114526352,11.425520833333334,0.7449579009203054,0.20665784222498362,0.24923459912516047,0.252923887923677,5.432421875,263.6921875,0.00308819067458671,37.7078125,28085.16875,0.017003969263010156,68.2375,54802.378125,0.02632539430940416,2224.0,4240.0,13766.0,317.0,2806.0,6679.0,4.488671875,24.4125,26.1859375,-0.13915558410110493,661.2876909722222
0.9997395833333333,21.2421875,14038.236458333333,0.2209159047941683,0.009117956385561388,0.486101649762762,0.005533260614743423,11.415104166666667,0.7499816108863553,0.2060696999624104,0.24873389163040574,0.2524827372849627,5.3984375,266.6265625,0.002991768384320629,37.496875,27836.4453125,0.016763620510995454,68.3625,55326.4671875,0.02597704426509036,2207.0,4310.0,13702.0,315.0,2779.0,6745.0,4.4421875,24.496875,26.225,-0.13800812356255124,660.3064493815104
0.9997395833333333,21.226041666666667,13970.2921875,0.22162024889446794,0.009205040794840805,0.48663141425972406,0.0055290548754015805,11.45546875,0.757422584286205,0.20685227221768088,0.24930922223324742,0.2530031822628369,5.42109375,239.7015625,0.003069740450499211,37.5453125,27740.028125,0.016863284719312643,68.1265625,55122.91875,0.026087998247735354,2211.0,4300.0,13630.0,295.0,2770.0,6754.0,4.475390625,24.55625,26.275,-0.13640903336439358,657.2004676649306
1.0,21.294270833333332,13970.358854166667,0.22181946933529637,0.009114817525215046,0.4860975669342645,0.005546827515846141,11.438020833333333,0.7457747340100281,0.20707713745296177,0.24937839367505274,0.25322987252487883,5.462109375,206.78515625,0.0030193285723972346,37.6875,28059.6625,0.01669547789122433,68.2296875,54935.35,0.025916112970477006,2202.0,4292.0,13710.0,306.0,2778.0,6726.0,4.523828125,24.4015625,26.13125,-0.1370737376621207,660.9024671766493
0.9997395833333333,21.320833333333333,13917.471354166666,0.22220101509902151,0.009170292496662447,0.48541871007322546,0.005553746635408526,11.444791666666667,0.7487052960719172,0.20745580263233315,0.2497734521763994,0.253609427888397,5.471875,173.77421875,0.0030674142618057885,37.6578125,28548.90625,0.016710639124276623,68.3796875,54260.825,0.026041458808474898,2193.0,4301.0,13716.0,312.0,2762.0,6806.0,4.50703125,24.434375,26.20625,-0.13415631738661227,663.2788368055556
1.0,21.280208333333334,13944.5171875,0.2221876847806152,0.009255734727241002,0.4867064377058224,0.0055431644525484065,11.542708333333334,0.7466591609966224,0.20743902672619527,0.24975763605511342,0.2536123657237964,5.441796875,188.803125,0.0030836709872907164,37.640625,27908.5953125,0.01688617509635206,68.2734375,55003.2953125,0.02631354931793109,2178.0,4313.0,13685.0,296.0,2793.0,6774.0,4.490234375,24.665625,26.6296875,-0.13502322571756983,661.9261707899307
0.9997395833333333,21.315625,13952.1828125,0.22192288190694534,0.00896012889122952,0.47998195465921734,0.005552389945298255,11.52578125,0.7403850852758638,0.20710861984118614,0.2495969867333489,0.2535058253435785,5.47734375,248.63203125,0.0029757506397151525,37.6203125,28185.8125,0.016346997436585055,68.3640625,54532.75625,0.025510773351931464,2192.0,4292.0,13742.0,310.0,2776.0,6757.0,4.48203125,24.6359375,26.590625,-0.13409681593984665,665.1691308593751
0.9997395833333333,21.289583333333333,13957.455208333333,0.22171638921581902,0.009159918323275184,0.4870349720510533,0.005545606494746896,11.411979166666667,0.7588560524513162,0.20693985549680316,0.24927383593014635,0.25326507737755505,5.470703125,206.72265625,0.003016721296818542,37.6078125,27927.48125,0.016770026823214695,68.246875,54990.359375,0.026122597929162238,2233.0,4278.0,13631.0,294.0,2818.0,6759.0,4.499609375,24.33125,26.1421875,-0.13332209283043306,661.3208289930556
0.9994791666666667,21.244791666666668,13979.45,0.22132629066007853,0.009365015175437624,0.4820193306443378,0.005533938959798559,11.428125,0.7580534444716842,0.2065435891622034,0.2490230791085973,0.2527603082030603,5.42578125,272.5203125,0.003091129844416105,37.4859375,27894.13125,0.01718019193889888,68.2796875,54892.4875,0.026645379736062447,2207.0,4271.0,13684.0,307.0,2796.0,6770.0,4.47578125,24.41875,26.246875,-0.13447497742615566,662.0494520399304
0.9997395833333333,21.310416666666665,13944.2328125,0.2219798721938174,0.00928088433162164,0.4825609513953875,0.005551033255187983,11.591666666666667,0.7540082119464269,0.20725022239559973,0.24949657718075882,0.25338176639974663,5.45703125,260.63515625,0.003091233503747773,37.6859375,28015.890625,0.016995448352063774,68.3484375,54606.965625,0.026324923622674978,2220.0,4240.0,13770.0,313.0,2782.0,6756.0,4.49765625,24.7703125,26.7890625,-0.13539489233024182,663.7296831597222
0.9997395833333333,21.2359375,13969.655208333334,0.22160964324613494,0.00928695221013906,0.4841081341624729,0.005531632586611096,11.430989583333334,0.7513060113310279,0.20681093597107747,0.24941192238719703,0.2530021932053029,5.409765625,263.63125,0.0030554269940174855,37.403125,27120.6875,0.01707663913711291,68.3734375,55642.71875,0.026423366147651513,2236.0,4238.0,13669.0,284.0,2822.0,6792.0,4.468359375,24.484375,26.228125,-0.13447377205913874,661.9615209960938
0.9997395833333333,21.365625,13961.527083333332,0.22153337544595347,0.009177540347910055,0.48366427981090077,0.0055654141703568635,11.5328125,0.7557895763248988,0.20666854095044104,0.24954387152923618,0.2529822173447204,5.46953125,245.62734375,0.0029918714511233528,37.7140625,27322.284375,0.016936461141717117,68.6015625,55464.36875,0.026161295141249798,2208.0,4291.0,13769.0,301.0,2789.0,6826.0,4.47421875,24.728125,26.571875,-0.13326981260457116,665.252255859375
0.9997395833333333,21.249479166666667,13969.0515625,0.22156058054896388,0.009196137408220739,0.48170194510055364,0.0055351599808978035,11.470052083333334,0.7463173116988161,0.20673164044373954,0.2494604530814303,0.252976468437395,5.47265625,254.60625,0.0030496280365698257,37.434375,27691.04375,0.016885530413352272,68.171875,55104.840625,0.02609278188969285,2205.0,4240.0,13719.0,279.0,2846.0,6701.0,4.508984375,24.521875,26.2625,-0.1325936569013898,655.5242184787327
1.0,21.260416666666668,13952.460416666667,0.22182066296931383,0.009258007809898598,0.481905258667814,0.005538009030129374,11.389583333333333,0.7542871141597256,0.20707458735258913,0.249487772615879,0.2531378557896474,5.46953125,230.70625,0.0030636966748452447,37.5609375,28373.725,0.017017482360584223,68.1234375,54418.2125,0.026275777799426386,2206.0,4271.0,13697.0,299.0,2813.0,6682.0,4.48125,24.3125,26.1,-0.13469384259675737,657.7952039930556
0.9997395833333333,21.232291666666665,13945.6890625,0.2218110600368772,0.009395567081086452,0.4826135778187607,0.005530682903533906,11.570572916666666,0.7470195751361428,0.20710504728763673,0.24932504236276212,0.25312112870795433,5.44765625,221.68515625,0.0031314517350647907,37.40625,27940.9125,0.01717795687326607,68.196875,54846.48125,0.026669638672993472,2184.0,4290.0,13597.0,303.0,2765.0,6811.0,4.48046875,24.765625,26.7359375,-0.1332779645394567,656.1033322482639
1.0,21.280208333333334,13940.966666666667,0.22218212271244706,0.00929137183148191,0.48284052575322123,0.0055431644525484065,11.563541666666667,0.7521170884526898,0.2074857214577674,0.249752138446702,0.25339771199691075,5.487109375,230.75546875,0.00309871839595409,37.4890625,28291.25625,0.017023216953334266,68.24375,54431.521875,0.026330140451740848,2195.0,4332.0,13627.0,292.0,2784.0,6762.0,4.50859375,24.671875,26.675,-0.13333118144811726,659.6746082899306
1.0,21.175520833333334,13941.784895833332,0.2219987785481919,0.009094583430428025,0.48252362407438804,0.005515894981331944,11.365625,0.7513835255921489,0.20731558334478756,0.24955403345460256,0.2531763044553986,5.462109375,215.76171875,0.0030350233014219165,37.3296875,27458.13125,0.01661294938207819,67.875,55329.53125,0.0258144579948023,2208.0,4244.0,13591.0,309.0,2737.0,6731.0,4.49375,24.2359375,25.9828125,-0.13517510570464375,654.2374216037326
1.0,21.29375,13920.064583333333,0.2224219458321691,0.009115731787263066,0.48770969000942704,0.005546691846835114,11.5140625,0.7475540553761862,0.20776364649629456,0.24986749461477764,0.25360959439305863,5.469921875,209.76640625,0.0030320641551796063,37.603125,28136.846875,0.016666043123050173,68.2796875,54544.475,0.025900090979809796,2192.0,4222.0,13758.0,289.0,2827.0,6710.0,4.509375,24.5390625,26.5078125,-0.1368625050353001,662.5861067708333
1.0,21.299479166666668,13950.961979166666,0.22197890085983082,0.009348459779304303,0.48803519396240475,0.005548184205956412,11.425260416666667,0.7446142560215185,0.20732914031947214,0.24923713018304738,0.25331971369804923,5.44921875,224.74609375,0.0031300664532894875,37.4578125,27395.50625,0.016960345982136058,68.5421875,55411.28125,0.02661014688053181,2153.0,4278.0,13720.0,309.0,2765.0,6823.0,4.496484375,24.371875,26.19375,-0.13708227814057905,664.0332288953994
0.9997395833333333,21.3140625,13890.164583333333,0.22254535852678917,0.00937828190066633,0.487213053580486,0.0055519829382651735,11.549479166666666,0.7264618918456613,0.2079476478493954,0.249676634752139,0.2538049250110145,5.520703125,212.7015625,0.0032055387549517894,37.4390625,27523.621875,0.016965495221413714,68.3625,54966.559375,0.026482041162777102,2148.0,4303.0,13608.0,277.0,2780.0,6820.0,4.55234375,24.5421875,26.5453125,-0.13324819430759474,660.628448079427
1.0,21.223958333333332,13934.9984375,0.2223009290416208,0.009383796143221292,0.49018966485359117,0.005528512199357472,11.53984375,0.7424539877300613,0.2078082217628344,0.24929183740487543,0.2532808497935119,5.514453125,242.7265625,0.0032394736678206817,37.3796875,27333.0421875,0.01698678968709454,67.90625,55306.0421875,0.026358092500950482,2188.0,4252.0,13543.0,287.0,2795.0,6668.0,4.569140625,24.53125,26.43125,-0.13514002998597552,652.6545301649306
1.0,21.213020833333335,13888.402083333332,0.2226694291357281,0.009261890149287626,0.4883659040325153,0.0055256631501259005,11.524739583333334,0.7453411574062707,0.20815530753225478,0.24986668294509898,0.2535286617402507,5.50078125,221.75546875,0.00316342983822996,37.43125,27877.1125,0.016830168850925413,67.84375,54566.278125,0.026087452691880498,2189.0,4275.0,13580.0,301.0,2788.0,6645.0,4.52890625,24.5578125,26.475,-0.13543935685185235,654.631184624566
0.9997395833333333,21.150520833333335,13869.263541666667,0.22280969228667444,0.009205326181528799,0.48449550368652994,0.005509382868802639,11.497135416666667,0.747962274372676,0.2083253440020462,0.24976642491344844,0.25379035279841333,5.4609375,209.71171875,0.0031528824769040606,37.2984375,27833.975,0.016692522732121094,67.7609375,54542.759375,0.025927904449435445,2162.0,4260.0,13557.0,288.0,2739.0,6716.0,4.5203125,24.4609375,26.440625,-0.13607285487173404,654.0846351453994
0.9994791666666667,21.366145833333334,13880.655208333334,0.22253444870950798,0.009266764287670886,0.4901916229924709,0.005565549839367891,11.549479166666666,0.686809838383346,0.207801503810812,0.24995887506064532,0.2540418019531545,5.45,224.6171875,0.003120109879709637,37.5796875,27404.7,0.016797881190853396,68.8171875,54980.7625,0.02632226501633337,2177.0,4369.0,13732.0,287.0,2838.0,6792.0,4.494140625,24.64375,26.6765625,-0.1368613627946758,672.8737497287327
0.9997395833333333,21.188020833333333,13948.780729166667,0.22194742971563458,0.009240335040425714,0.4818114427900339,0.005519151037596597,11.465104166666666,0.7494653523758019,0.2072520969978653,0.24934553564849654,0.2533306546538497,5.453515625,254.60703125,0.003103248364743265,37.309375,27250.9625,0.01681385296081379,68.0046875,55423.29375,0.02621516382276744,2194.0,4244.0,13631.0,280.0,2766.0,6748.0,4.502734375,24.41875,26.3609375,-0.1335135956130053,658.062043999566
0.9997395833333333,21.2953125,13926.444791666667,0.2221868170437684,0.009406474285915751,0.4836630148603991,0.005547098853868195,11.558072916666667,0.7350747181255656,0.20757106132859496,0.2493736979866215,0.253462958961609,5.471484375,266.62734375,0.0032035272956466116,37.4359375,27650.5796875,0.017006610547417485,68.45,54841.5796875,0.026618125985490577,2195.0,4276.0,13673.0,291.0,2804.0,6787.0,4.5109375,24.6125,26.6921875,-0.13434978478258128,664.4846655273439
0.99921875,21.272395833333334,13911.1375,0.22187190165764897,0.009468914649613053,0.48352128767399877,0.005541129417382999,11.6125,0.7475944470288667,0.20712782572894728,0.24940717022640166,0.253312936803703,5.42890625,254.4921875,0.0032028983648886102,37.465625,27621.259375,0.01721216095264385,68.453125,54827.596875,0.02678973348548002,2144.0,4302.0,13699.0,303.0,2786.0,6807.0,4.477734375,24.8515625,26.9125,-0.13649905638269275,664.4159046766492
0.9997395833333333,21.316666666666666,13927.211979166666,0.22201978304065584,0.00946762931741645,0.4802894422596463,0.0055526612833203095,11.616927083333334,0.7492670054730258,0.20735172990818357,0.24944835276640226,0.25326342584479833,5.479296875,224.69296875,0.003205141448196016,37.5421875,27612.696875,0.017225060273821848,68.440625,55051.803125,0.026760149837892787,2193.0,4335.0,13659.0,310.0,2767.0,6811.0,4.52734375,24.8046875,26.7875,-0.13184401673252494,663.5049305555556
0.9997395833333333,21.393229166666668,13922.622395833334,0.22211641009035982,0.009580377252185747,0.48230346149009073,0.005572604627941304,11.6515625,0.7596591600730371,0.20738873688828044,0.24952352255371424,0.25361999043532296,5.49140625,215.69296875,0.003254854968885655,37.559375,27600.821875,0.017357505190572296,68.834375,55072.140625,0.027105338446999565,2196.0,4288.0,13734.0,301.0,2835.0,6842.0,4.506640625,24.9328125,26.95,-0.13205398094692425,667.8667249891492
0.9997395833333333,21.3,13957.554166666667,0.22177647206960843,0.009399650786807556,0.4783018915410823,0.005548319874967439,11.561979166666667,0.7454029733959311,0.20696148367922057,0.2493641697374338,0.25344872796333456,5.434765625,290.6015625,0.0031393395103253884,37.5203125,27413.68125,0.017115316095787335,68.540625,55169.2375,0.02672523058375646,2186.0,4282.0,13734.0,312.0,2731.0,6901.0,4.457421875,24.75625,26.7859375,-0.13249560405883354,667.8756250000001
1.0,21.4203125,13923.175520833332,0.22236429418862488,0.009595119349101658,0.4877175286040832,0.0055796594165147175,11.649479166666667,0.7440367641695237,0.20759330951542454,0.2498856840170164,0.2539268430530347,5.446484375,251.69921875,0.0032469699810211026,37.6640625,27859.925,0.017407095911285596,69.071875,54672.33125,0.027175740259239946,2169.0,4317.0,13820.0,324.0,2752.0,6919.0,4.48125,24.9703125,27.0015625,-0.13665268693345473,677.3436499023438
0.99921875,21.405729166666667,13869.52734375,0.22232622464342086,0.009444049645204657,0.4867017148092462,0.005575860684205957,11.60625,0.7570987128640599,0.2075961565810204,0.24965938328048182,0.25391333825596174,5.460546875,179.6515625,0.0031983775138258695,37.7015625,27632.71875,0.01710687234953697,68.890625,54865.8390625,0.026763915466387476,2186.0,4288.0,13775.0,297.0,2798.0,6896.0,4.50390625,24.8046875,26.8171875,-0.13493384845543913,675.3838213433158
1.0,21.399479166666666,13922.8125,0.22237369036055987,0.009360656202916508,0.4846393202466036,0.0055742326560736305,11.582552083333333,0.735390756200258,0.20765107108782233,0.24979562556927482,0.2538422322427951,5.42421875,242.70234375,0.0031542720071592394,37.690625,27591.290625,0.01701765578047435,69.009375,54974.775,0.02652919340838774,2193.0,4296.0,13839.0,305.0,2798.0,6860.0,4.448046875,24.828125,26.875,-0.13734966858831751,677.8445830620659
1.0,21.383333333333333,13912.352083333333,0.2225522703810902,0.00927218027774717,0.4888358131555864,0.005570026916731788,11.461197916666666,0.7520946999220577,0.20794990885674342,0.2497326946286255,0.2537812922309423,5.465234375,221.7625,0.003127804113359425,37.6515625,27916.978125,0.016887504162273182,68.7875,54670.084375,0.02623436105077214,2212.0,4333.0,13723.0,314.0,2775.0,6824.0,4.509375,24.4515625,26.278125,-0.13717404862013474,668.8040972222223
0.9997395833333333,21.36875,13912.736979166666,0.22228759132887754,0.009344862357994843,0.4868212157005534,0.005566228184423027,11.61171875,0.7486594520815053,0.2076099049175319,0.24955926614068344,0.25372666216245426,5.455859375,242.67265625,0.003130546192566786,37.5640625,27536.4,0.016992243159834382,68.825,54969.33125,0.026554746217867527,2206.0,4252.0,13764.0,314.0,2791.0,6862.0,4.494921875,24.8,26.890625,-0.13513226641709233,669.4858984374999
0.9997395833333333,21.424479166666668,13952.147916666667,0.22202713660750412,0.009473573565970268,0.48934603954104783,0.005580744768602935,11.617447916666666,0.7380333049714355,0.20726596977123535,0.2495143676593215,0.2535845729007617,5.4265625,278.62421875,0.0031725924053222004,37.68125,27394.034375,0.017263399322559846,69.159375,55204.35625,0.026887672451972953,2214.0,4305.0,13797.0,315.0,2782.0,6914.0,4.4765625,24.8859375,26.9125,-0.13756295272820776,675.968254937066
1.0,21.358333333333334,13897.5703125,0.2226388032141971,0.009458548155729107,0.4905661749444975,0.0055635148042024836,11.611197916666667,0.7445620366757706,0.20799798613315107,0.24995147492350486,0.25388939982907344,5.46640625,212.75703125,0.003216676509132487,37.6609375,27378.60625,0.017171239936326514,68.6234375,55155.7875,0.02671334296151818,2198.0,4244.0,13805.0,297.0,2791.0,6790.0,4.5,24.8328125,26.834375,-0.13713965826137892,668.1908680555556
0.9997395833333333,21.378125,13913.2359375,0.22223867638399897,0.009608681101903695,0.4875730716209404,0.005568670226621516,11.62578125,0.7465526482483068,0.2075754437601037,0.24943798424750963,0.2536922990160691,5.46796875,248.64765625,0.0032577404634392105,37.5546875,27334.025,0.01741901745164203,68.8421875,55150.8,0.027202107306023286,2203.0,4263.0,13753.0,305.0,2799.0,6839.0,4.5078125,24.815625,26.9078125,-0.1361129623027319,669.3794173177084
1.0,21.355208333333334,13917.175520833332,0.2224539869327348,0.009413296347165223,0.4830669193768333,0.00556270079013632,11.5625,0.7478903468123507,0.20779135635950144,0.2496952491095116,0.2538632470488914,5.446875,248.7359375,0.0031645901839681945,37.6203125,27524.978125,0.017099177060505705,68.7234375,54983.13125,0.026722240286612863,2198.0,4365.0,13673.0,308.0,2813.0,6820.0,4.486328125,24.6859375,26.74375,-0.13547355171483688,671.5134103732638
0.9997395833333333,21.365104166666665,13921.227083333333,0.22243850878583168,0.00937540412419427,0.48974724521172264,0.005565278501345836,11.580208333333333,0.7631457058579751,0.20775099032956174,0.24968682094017414,0.2539402704565691,5.478125,260.64921875,0.003184246812782604,37.525,26848.515625,0.016951160752219675,68.753125,55636.25,0.02656427674181553,2206.0,4283.0,13664.0,304.0,2782.0,6870.0,4.536328125,24.6671875,26.66875,-0.13504472581772498,668.4536781141492
1.0,21.2296875,13905.806770833333,0.22256421657512068,0.009339194894973412,0.48259340296390685,0.005530004558478771,11.5015625,0.7507421309585143,0.20791800656644005,0.24980908503182286,0.2539041881531408,5.451953125,236.72421875,0.0031610933315176686,37.2234375,26995.078125,0.01696902612517658,68.346875,55492.865625,0.02642176991859322,2204.0,4284.0,13562.0,311.0,2743.0,6852.0,4.508203125,24.5015625,26.475,-0.131616663477972,662.008701985677
0.9989583333333333,21.401041666666668,13842.203645833333,0.22245175320861604,0.009607915399271921,0.48838057770725574,0.005574639663106712,11.58203125,0.7346069603309808,0.20769420133130198,0.2500132409714082,0.2539204729550802,5.480078125,209.54609375,0.0032781034149516864,37.6734375,27959.334375,0.01741347763903863,68.8125,54255.703125,0.02712160109678615,2183.0,4352.0,13733.0,304.0,2766.0,6865.0,4.51875,24.728125,26.6890625,-0.13446861641448002,671.5724989149305
0.9994791666666667,21.3578125,13897.45625,0.22240411316246333,0.009561628102663618,0.49180814271377005,0.005563379135191456,11.634375,0.7374350720608677,0.20775077900868225,0.2496835550021837,0.2537380079378673,5.461328125,209.659375,0.0032750028567305406,37.5125,27052.55625,0.017301495169350877,68.7890625,55493.54375,0.026968262019708665,2188.0,4328.0,13691.0,313.0,2753.0,6862.0,4.4828125,24.9484375,26.9265625,-0.13644591775918358,667.1881160481772
1.0,21.319270833333334,13908.466666666667,0.2224852536449898,0.009562138257296106,0.4847958578879697,0.005553339628375445,11.465625,0.7524246940121663,0.2079037948963168,0.24967525720270084,0.25362108508197095,5.466015625,215.771875,0.0032601795713012582,37.5578125,27713.215625,0.017414196613814478,68.49375,54874.496875,0.026917914644757124,2189.0,4254.0,13740.0,312.0,2766.0,6810.0,4.497265625,24.4984375,26.30625,-0.13378098441365208,661.9647328016493
0.9994791666666667,21.4140625,13909.436458333334,0.222217545048557,0.009624368657132926,0.4868763106569032,0.005578031388382391,11.682291666666666,0.72372613401435,0.2075018583987382,0.2496249671154825,0.2536728695809068,5.492578125,224.62734375,0.003314336670369593,37.703125,27731.1,0.017413377607451097,68.8109375,54827.009375,0.027075487653868087,2203.0,4319.0,13718.0,312.0,2754.0,6895.0,4.500390625,25.0234375,27.06875,-0.13414916504796268,667.0910522460938
0.9997395833333333,21.296354166666667,13889.091145833334,0.2225268334833734,0.009486434563601619,0.4810270930618071,0.00554737019189025,11.585677083333334,0.7454816698867666,0.2079160361178011,0.2497030629975959,0.25379379343144015,5.50390625,224.69765625,0.0032631948257935764,37.5609375,27941.3625,0.017172705159566898,68.2015625,54494.39375,0.026693122918868505,2205.0,4213.0,13716.0,323.0,2719.0,6777.0,4.513671875,24.703125,26.75625,-0.1341122085849539,658.0658200412327
0.9997395833333333,21.259375,13922.654166666667,0.22218860590553516,0.009627369580207911,0.4847472923617465,0.005537737692107319,11.576302083333333,0.7546670586505954,0.20762793023268222,0.24937356580887476,0.2532463486936073,5.47578125,257.63828125,0.003327043865097863,37.53125,27901.6625,0.017499233455407843,68.121875,54603.709375,0.026956808565448177,2173.0,4247.0,13706.0,311.0,2718.0,6767.0,4.4953125,24.78125,26.6953125,-0.13409414034137354,656.3322037760416
1.0,21.151041666666668,13953.228125,0.22192435538594746,0.0096049496749738,0.48113136756693015,0.005509518537813667,11.450260416666667,0.7548140852006895,0.20740724995346183,0.24904851442191772,0.2528686180799199,5.433203125,287.63125,0.003316153139955421,37.3890625,28165.990625,0.01744011699478644,67.784375,54402.853125,0.026924968495234673,2167.0,4269.0,13644.0,317.0,2712.0,6719.0,4.484765625,24.4671875,26.2953125,-0.13471734274963765,650.688644748264
1.0,21.144270833333334,13929.3,0.2222727055639454,0.00971287082657559,0.4863069963000914,0.005507754840670314,11.46328125,0.7550065275759292,0.20784665212633247,0.24918678014206092,0.25306284473628177,5.45625,239.72890625,0.0033708050680361264,37.240625,28267.7375,0.017556432081698447,67.8,54349.146875,0.02723757260561057,2181.0,4305.0,13529.0,293.0,2740.0,6729.0,4.505859375,24.496875,26.259375,-0.1336690819946912,648.1828317599826
0.9994791666666667,21.1921875,13923.748958333334,0.22191614785554356,0.009577887805726404,0.4820842618002812,0.0055202363896848135,11.434635416666667,0.7550689375506894,0.2073222363556063,0.2492275606089623,0.2529803811018739,5.417578125,263.58984375,0.0032953181665846334,37.39375,28178.578125,0.01734428878871248,68.0890625,54309.55625,0.026941765379307415,2214.0,4242.0,13670.0,299.0,2771.0,6728.0,4.45234375,24.5625,26.2359375,-0.13759224426471328,654.9755639648437
0.9997395833333333,21.121354166666666,13879.0671875,0.22247915480007213,0.009785613517831778,0.4879049038605923,0.005501785404185118,11.545833333333333,0.7445811653885039,0.20804329603230504,0.249597348856466,0.2531043958147466,5.459765625,194.7234375,0.0034168485227284743,37.165625,27304.78125,0.017706510137315806,67.7234375,55190.728125,0.027339776878760973,2204.0,4246.0,13536.0,308.0,2721.0,6684.0,4.4984375,24.7359375,26.5453125,-0.1347401303354823,643.7410023328994
0.9997395833333333,21.179166666666667,13932.790625,0.22214619541568467,0.009681374531304774,0.4865683438093317,0.005516844664409134,11.43671875,0.7430897108007083,0.2076760019766059,0.24911014677821042,0.25306301780947404,5.45546875,182.740625,0.0033671391691509414,37.165625,27998.703125,0.017435506274183554,68.0875,54867.078125,0.02718418423704132,2197.0,4373.0,13432.0,314.0,2727.0,6762.0,4.522265625,24.3796875,26.1515625,-0.13563589197857953,649.7647743055555
1.0,21.236979166666668,13971.881770833334,0.2218008846808935,0.009677218715875567,0.48425934102148654,0.005531903924633151,11.486458333333333,0.7418516247700797,0.2072955128638157,0.24898914648042175,0.25263411014967646,5.4453125,260.6984375,0.003337467571002286,37.375,28190.61875,0.017531623084677074,68.265625,54597.878125,0.02718181892656718,2182.0,4364.0,13589.0,314.0,2757.0,6727.0,4.506640625,24.5765625,26.315625,-0.1373230847936167,654.2448825412325
0.99921875,21.146875,13918.181510416667,0.22180305683445703,0.009525285627576301,0.48182920757456377,0.005508433185725449,11.46484375,0.7433870252696911,0.2071989988447179,0.2492434136398785,0.25277893198799206,5.43984375,203.62109375,0.0032623994941897915,37.309375,28259.3703125,0.017362548235381733,67.8125,54435.234375,0.02673956755331692,2199.0,4343.0,13584.0,305.0,2778.0,6616.0,4.483984375,24.61875,26.234375,-0.1368946512905109,646.9700944010417
1.0,21.213541666666668,13914.3984375,0.22246448303887364,0.009690295549474464,0.48320098932720196,0.005525798819136928,11.476822916666666,0.7406088877976921,0.20799559583995922,0.2494620890807699,0.25334242579263505,5.49453125,203.77734375,0.00338960026499146,37.3625,28022.803125,0.01745127950593933,67.940625,54648.478125,0.02713209273094162,2193.0,4327.0,13504.0,320.0,2743.0,6714.0,4.525,24.4890625,26.271875,-0.1339698462426418,649.2486707899304
0.9994791666666667,21.243229166666666,13913.841666666667,0.2220840312130688,0.00964340288187449,0.4813714372873284,0.005533531952765477,11.571875,0.7451393826464314,0.2075422919294061,0.24912028996586705,0.2532147295949212,5.45234375,221.6296875,0.003358773961414925,37.503125,27948.975,0.017394730984319186,68.146875,54647.55625,0.02703059046126805,2145.0,4373.0,13570.0,321.0,2756.0,6751.0,4.49140625,24.740625,26.725,-0.1352947577472933,655.7564645724826
0.9994791666666667,21.178645833333334,13959.83125,0.22172858611829252,0.009677393360751923,0.48747519360686453,0.005516708995398107,11.467708333333333,0.7557484691242653,0.20715589864871858,0.24891417137723418,0.25283375073764675,5.43125,272.50234375,0.0033560129287845686,37.2609375,27738.9875,0.017455156478417208,68.0859375,54929.990625,0.02718515197095605,2169.0,4325.0,13553.0,298.0,2771.0,6751.0,4.492578125,24.5015625,26.334375,-0.135315220919944,652.1300648328993
0.9997395833333333,21.158854166666668,13942.372395833334,0.22194287240568267,0.009618136265427303,0.4849711266308282,0.0055115535729790745,11.450260416666667,0.7202215384615385,0.2074986453774069,0.24889372815807603,0.25276892476639257,5.4703125,257.6328125,0.0033337550206290756,37.3421875,27881.175,0.017426520266055838,67.7296875,54742.528125,0.026947277243991673,2164.0,4309.0,13544.0,300.0,2725.0,6703.0,4.48828125,24.484375,26.2640625,-0.1339552398154691,647.1414320203993
1.0,21.128645833333334,13888.0796875,0.22262721778861716,0.009527243774998294,0.4841342772473663,0.005503684770339498,11.43125,0.7496487292627012,0.20818333763828595,0.24955396557347614,0.25347599060508297,5.44453125,182.7984375,0.0033051661847617333,37.3796875,27536.140625,0.017253021716811468,67.6140625,55061.14375,0.026689776194131366,2151.0,4276.0,13588.0,298.0,2740.0,6661.0,4.47578125,24.4953125,26.1890625,-0.1351283723673564,647.7865752495658
1.0,21.117708333333333,13944.297395833333,0.2220993341475199,0.009689925678201369,0.48721036327999784,0.005500835721107928,11.451041666666667,0.7496423814926256,0.20767424409049412,0.24897757261334547,0.2529214559097972,5.479296875,242.72578125,0.0033805029387275094,37.2125,27466.7,0.017504228443444105,67.5765625,55228.18125,0.027113313870854076,2158.0,4299.0,13472.0,305.0,2760.0,6667.0,4.506640625,24.4625,26.2171875,-0.13231114067919683,643.6278114149305
1.0,21.029166666666665,13947.728645833333,0.22208197445670116,0.009424402714898326,0.4839540260510829,0.0054777719892333075,11.577604166666667,0.7529720626114523,0.2075574246479416,0.2491943651049871,0.25306778304345323,5.381640625,209.7515625,0.003229739582665615,37.096875,27825.825,0.017111049077231606,67.5515625,55021.540625,0.026516408881495902,2170.0,4314.0,13451.0,296.0,2716.0,6725.0,4.455859375,24.7734375,26.86875,-0.13565966146349592,645.3251909722222
0.9997395833333333,21.055208333333333,13978.156770833333,0.22140971646784086,0.009457037117940567,0.47922914525667,0.0054845554397846665,11.499479166666667,0.7383119774402612,0.20684021542105216,0.24850204254436065,0.2525953945784757,5.426953125,302.578125,0.003251383263160748,36.975,27525.721875,0.017102113259909967,67.6484375,55132.90625,0.026634576395090443,2178.0,4232.0,13441.0,310.0,2756.0,6753.0,4.45625,24.5375,26.634375,-0.13022725168448623,647.0943478732639
0.9997395833333333,21.106770833333332,13927.204166666666,0.22206740667785568,0.009423620217675418,0.48573787533324775,0.0054979866718763565,11.41953125,0.7437137569401604,0.2076017152213585,0.24899819598154466,0.25299938320015547,5.434375,191.75,0.00325274887215869,37.209375,27271.353125,0.01699304169508913,67.69375,55524.871875,0.026537684122328625,2166.0,4260.0,13533.0,299.0,2783.0,6683.0,4.473046875,24.4140625,26.2109375,-0.13447808149139476,646.2281833224827
0.9997395833333333,21.136458333333334,13912.970833333333,0.2223038067571784,0.00951391200135134,0.4827939865910684,0.005505719805504906,11.457291666666666,0.7468828544674979,0.20789727312491796,0.2491973018667876,0.2530364461766107,5.54296875,230.68203125,0.0033088258042261705,37.2765625,28510.59375,0.017181230614044158,67.3703125,54044.503125,0.026666938177159212,2163.0,4247.0,13556.0,308.0,2747.0,6592.0,4.566015625,24.359375,26.1203125,-0.1312085306754934,640.3141916232638
0.9994791666666667,21.133854166666666,13930.530208333334,0.22184010332962334,0.009362341100286336,0.4808636945123689,0.00550504146044977,11.60859375,0.7528649234788181,0.2073479907205568,0.24886951099989071,0.25277914609562224,5.462109375,239.60859375,0.003214699001717521,37.3296875,27952.76875,0.01694616454093563,67.625,54671.978125,0.026369086053912305,2161.0,4271.0,13579.0,320.0,2752.0,6655.0,4.494921875,24.8296875,26.8421875,-0.1337063116994992,646.674270562066
1.0,21.221875,13924.686458333334,0.22231134692978488,0.009191539124457615,0.48267538414293504,0.005527969523313363,11.4171875,0.7529573455063073,0.20790009031261275,0.24917633970149117,0.2530913806267674,5.53125,206.753125,0.0031028422763725453,37.3984375,27730.15,0.0167020808786496,67.8078125,54990.95625,0.02603578476260591,2175.0,4295.0,13523.0,312.0,2765.0,6715.0,4.5484375,24.2375,26.071875,-0.12915601824574252,649.1747298177083
1.0,21.244791666666668,13979.334895833334,0.22180697293833768,0.009399311955762825,0.4863172750134501,0.005533938959798559,11.434895833333334,0.7416523657759255,0.2072808403075391,0.2487435124360946,0.2529749639637753,5.4703125,257.69140625,0.003190891556685898,37.3609375,27441.0375,0.017036754494391397,68.2265625,55404.20625,0.026595551013441958,2183.0,4290.0,13596.0,332.0,2754.0,6768.0,4.499609375,24.4078125,26.203125,-0.13372948917316987,654.0150770399305
1.0,21.215104166666666,13947.308854166668,0.2220539048360496,0.009551990980672302,0.4806349766700429,0.005526205826170009,11.565625,0.7550143618196549,0.20748905554547248,0.2491317248468698,0.2532354819875377,5.46171875,290.63125,0.0032447227042639248,37.525,28191.0,0.017362118050406317,67.91875,54330.328125,0.026970937016571793,2194.0,4294.0,13626.0,321.0,2741.0,6716.0,4.472265625,24.7734375,26.73125,-0.13393114527958475,653.2563343641493
1.0,21.244791666666668,13911.892708333333,0.22236289675485388,0.009598507440868407,0.4877837360172451,0.005533938959798559,11.5640625,0.7424123559696004,0.20786083298065122,0.24936827528031547,0.25336577332620275,5.44140625,188.7890625,0.0032750159791731155,37.58125,28372.66875,0.017401905791149606,68.121875,54343.53125,0.027089074937368368,2197.0,4336.0,13620.0,305.0,2795.0,6698.0,4.4953125,24.6765625,26.7265625,-0.1370075698001886,656.3504937065971
1.0,21.2734375,13957.336979166666,0.22203972817118764,0.009513571461794367,0.4839154436651694,0.005541400755405054,11.580989583333333,0.7604113110539846,0.2073826676862694,0.24931624447682665,0.2533914538052219,5.399609375,266.65859375,0.0032165310773038733,37.56875,27587.99375,0.017257821898183118,68.4734375,55089.39375,0.02695748256336759,2229.0,4294.0,13710.0,313.0,2792.0,6764.0,4.4453125,24.8453125,26.859375,-0.13786565611953036,662.8278361002605
0.9997395833333333,21.243229166666666,13963.339583333332,0.22168614567476458,0.009457986502144296,0.4810972266772835,0.005533531952765477,11.42578125,0.7564420035795719,0.2070239521616529,0.24901093387119716,0.2530101315307788,5.425,272.61953125,0.0031975173391395537,37.58125,27617.83125,0.017219446324125268,68.178125,55071.728125,0.026738403332182293,2219.0,4270.0,13708.0,317.0,2798.0,6708.0,4.453125,24.5296875,26.2125,-0.13604502394455145,656.0012562391493
1.0,21.225520833333334,13970.834895833334,0.22172305151081714,0.009619591044188138,0.4871143775358688,0.005528919206390553,11.442447916666667,0.7394302259956322,0.20714405864260654,0.248858135282875,0.2529039392116016,5.41484375,314.62578125,0.0032920039937238007,37.3421875,27012.425,0.017388344416167004,68.3515625,55554.08125,0.02716118587406663,2245.0,4264.0,13522.0,300.0,2753.0,6867.0,4.4640625,24.478125,26.3203125,-0.13471357676248705,656.594973687066
0.9997395833333333,21.216666666666665,13910.027083333332,0.22226199115191375,0.009576461194433937,0.48358331332785054,0.005526612833203091,11.5828125,0.7508837391987431,0.20770684355121438,0.2493896362580581,0.2533549364485668,5.401171875,224.70078125,0.0032821965104647918,37.396875,27804.278125,0.017295122773040378,68.2984375,54757.08125,0.02703485835170407,2182.0,4333.0,13593.0,317.0,2717.0,6831.0,4.4421875,24.8375,26.890625,-0.1370682723007727,656.7947222222223
0.9997395833333333,21.184895833333332,13918.08125,0.2221722850704328,0.009502533862998175,0.48709118294946063,0.005518337023530434,11.45234375,0.7402089735709896,0.20768931345594793,0.24912622629786307,0.2531502303009422,5.454296875,257.6,0.00328183618090329,37.259375,27383.403125,0.017120677623610435,68.0328125,55094.684375,0.026767180830765458,2186.0,4276.0,13538.0,317.0,2743.0,6770.0,4.5046875,24.425,26.2703125,-0.13274092363647433,650.111126030816
1.0,21.208854166666665,13910.10625,0.22252617986972964,0.009259499971021223,0.4858663622988902,0.005524577798037684,11.434635416666667,0.7336263844208148,0.20809600024667615,0.2493988144792218,0.2533742637524513,5.43515625,224.7078125,0.0031820254908737538,37.48125,27773.659375,0.016673154877227186,68.03125,54788.146875,0.026155742985405146,2159.0,4325.0,13581.0,290.0,2772.0,6761.0,4.473828125,24.484375,26.228125,-0.13570095835706103,653.2397132703993
1.0,21.190104166666668,13933.083854166667,0.2223349814628858,0.009164688127123543,0.4876965015988082,0.005519693713640705,11.58359375,0.7416492564827332,0.2078396354910374,0.24941072649079232,0.253240620322373,5.41875,230.6984375,0.003120669786015912,37.403125,27925.09375,0.016579268805710513,68.0625,54750.615625,0.025926180812967114,2185.0,4268.0,13580.0,321.0,2707.0,6802.0,4.4734375,24.8015625,26.80625,-0.1358084885315636,653.9706312391494
0.9994791666666667,21.021875,13929.5796875,0.22188031076624573,0.00919932737779861,0.47968414569323437,0.005475872623078927,11.5484375,0.7168623953223329,0.20743911947543384,0.24874539193979833,0.2527799947559407,5.416796875,224.6171875,0.0031387909951854373,37.0921875,27711.715625,0.016644828407114752,67.371875,54967.29375,0.02599597187893516,2191.0,4240.0,13468.0,305.0,2759.0,6655.0,4.45625,24.7078125,26.7578125,-0.13338124551323777,641.391708984375
0.9994791666666667,21.0578125,13949.366145833334,0.22163977259947074,0.009306579866339882,0.47739500468063045,0.005485233784839802,11.380208333333334,0.7340407113353615,0.20710843217678895,0.24872926737838216,0.2526756395112864,5.407421875,242.6015625,0.003146322631733654,37.025,27525.2640625,0.01694152459531807,67.6921875,55200.5265625,0.02631266407578662,2197.0,4238.0,13525.0,314.0,2711.0,6755.0,4.436328125,24.39375,26.1421875,-0.13183788583462017,647.1732202148437
0.9994791666666667,21.228645833333335,13933.071875,0.22186208162246515,0.009379538516305705,0.48178546710803605,0.0055297332204567165,11.551822916666667,0.7381927917760495,0.20732001067621436,0.24896477300114545,0.25292767402878813,5.444140625,281.5015625,0.0031811758908302326,37.4921875,28564.484375,0.01701997463123437,68.103125,53907.940625,0.02653255290327892,2183.0,4299.0,13647.0,297.0,2760.0,6762.0,4.48203125,24.6765625,26.70625,-0.13460356032691553,657.3404294162327
1.0,21.094791666666666,13971.744791666666,0.22185253499096452,0.009468876767598737,0.4771598852702223,0.005494866284622732,11.40234375,0.7406794726186361,0.20743002654385156,0.24878424511910763,0.25261085865127314,5.47265625,281.6484375,0.00326220912616173,37.0953125,27365.846875,0.017102401570157907,67.5828125,55338.028125,0.0266620225307876,2216.0,4231.0,13452.0,292.0,2767.0,6704.0,4.4828125,24.3140625,26.16875,-0.13152646724527867,644.0378895399305
0.9997395833333333,21.116666666666667,13912.060416666667,0.222264572633779,0.009479582250917511,0.4834690069397006,0.005500564383085873,11.4234375,0.7438831886345698,0.20785989250354803,0.24921467105605483,0.25293319473242715,5.458203125,200.73046875,0.003296483213346666,37.265625,27991.228125,0.01710446783150239,67.6015625,54678.2125,0.026587092820616,2197.0,4231.0,13545.0,312.0,2759.0,6649.0,4.48203125,24.4234375,26.1890625,-0.1354232669483518,645.3363888888889
0.9997395833333333,21.088020833333335,13918.439583333333,0.2222817104154446,0.009439596745986477,0.48494370859304503,0.005493102587479378,11.451041666666667,0.7308404751907925,0.2078876475534317,0.2491590491343688,0.2529806231445719,5.455859375,245.6453125,0.0032858490321763315,37.1796875,27835.196875,0.017049715381290454,67.525,54692.859375,0.026444468965923083,2194.0,4298.0,13478.0,288.0,2804.0,6610.0,4.492578125,24.484375,26.2515625,-0.1331666629126801,643.5313148328993
1.0,21.141666666666666,13899.490104166667,0.22267693103067826,0.009441355758133377,0.48733940166753065,0.005507076495615178,11.416927083333333,0.7373620417816319,0.20831292217301917,0.2493716384374828,0.2534382590545101,5.39296875,203.7890625,0.0032527806841283887,37.3234375,28065.55,0.01709316210897535,67.9546875,54516.234375,0.02654384970331135,2178.0,4353.0,13501.0,305.0,2752.0,6737.0,4.45,24.4515625,26.25,-0.13842048732775533,652.1799305555556
0.9997395833333333,21.127604166666668,13916.327604166667,0.22218180434269255,0.009456519942987665,0.48755411922031644,0.0055034134323174435,11.44375,0.7295698262048564,0.20783553205420735,0.24892652494968037,0.2528221728896454,5.474609375,263.64375,0.0032885281837033626,37.1890625,27486.53125,0.01708753615928284,67.678125,54956.859375,0.02649747076382971,2181.0,4259.0,13484.0,295.0,2730.0,6712.0,4.4890625,24.471875,26.234375,-0.13407252070174194,644.8186130099825
1.0,21.2046875,13906.627604166666,0.2225642444170011,0.00937105991123456,0.48918761448517323,0.005523492445949466,11.465364583333333,0.738609289416157,0.20822576631209122,0.24928678409354038,0.2531956171601012,5.4875,233.76328125,0.0032244917152516503,37.3109375,27526.440625,0.016996952679038863,67.9671875,54978.271875,0.026331439927361894,2185.0,4278.0,13557.0,290.0,2785.0,6704.0,4.519921875,24.446875,26.265625,-0.133346412364661,651.2732071940104
0.9997395833333333,21.107291666666665,13903.391666666666,0.2223192616512967,0.009508207983405792,0.4853321997918517,0.005498122340887384,11.434895833333334,0.7354537827567488,0.2079744212011419,0.24923833749178206,0.25277954761143057,5.43984375,218.678125,0.003277071892484132,37.36875,27692.603125,0.01727541360710824,67.515625,54853.034375,0.02666554672338998,2191.0,4274.0,13563.0,300.0,2741.0,6628.0,4.46640625,24.509375,26.234375,-0.13534988907538892,643.5890093315973
0.9997395833333333,21.1453125,13907.58125,0.22228211880813595,0.009430256834655672,0.48627304706174207,0.005508026178692367,11.44375,0.708736668390847,0.20784061972225568,0.24950755449834333,0.2528226794614497,5.412109375,257.59375,0.003234443460904162,37.490625,28074.440625,0.017201185745886423,67.7328125,54340.671875,0.026442581418430967,2207.0,4270.0,13640.0,292.0,2761.0,6656.0,4.446875,24.5828125,26.2921875,-0.1388236275956096,648.1351342773436
0.9994791666666667,21.204166666666666,13904.109895833333,0.22212492157190997,0.009467180138063616,0.4812449942329498,0.005523356776938439,11.502864583333333,0.7394380035370407,0.20760306087552244,0.2493836427285201,0.25295364320085023,5.440234375,272.55546875,0.0032630187970097103,37.4328125,27589.603125,0.0171977044067322,68.03125,54744.834375,0.02655330123361066,2217.0,4250.0,13665.0,295.0,2813.0,6691.0,4.469921875,24.7140625,26.4234375,-0.13432497812628172,651.7197743055555
0.99921875,21.235416666666666,13912.2296875,0.22178826765853307,0.009642014179533955,0.4827499710359178,0.005531496917600069,11.48671875,0.7401893456293535,0.20726986361637914,0.24884408688388931,0.25280606460179256,5.437109375,236.5484375,0.0032983768756262395,37.4125,27395.3625,0.01750665969691933,68.2515625,55131.821875,0.02715191787777945,2225.0,4295.0,13586.0,295.0,2745.0,6823.0,4.468359375,24.6578125,26.3890625,-0.13466531439936694,652.8154123263888
1.0,21.221875,13927.363020833332,0.22228063492646027,0.00968146122183116,0.4829455536741895,0.005527969523313363,11.4734375,0.7544298826878713,0.20781716332408565,0.2493559613624047,0.25305919490001416,5.43515625,230.7234375,0.003331655881636357,37.4671875,27822.328125,0.017583873697520548,68.1234375,54818.95625,0.027178270106920983,2228.0,4264.0,13662.0,297.0,2805.0,6693.0,4.466796875,24.6140625,26.359375,-0.13685103458922754,650.2236881510418
0.9994791666666667,21.138541666666665,13959.853645833333,0.22145779101232735,0.009579575156898591,0.47654723280607975,0.005506262481549015,11.454427083333334,0.752599418518701,0.20690339752193734,0.24860179263466065,0.2525313633515542,5.4046875,308.49140625,0.0032694041421718473,37.3359375,27462.884375,0.01741454673127655,67.8765625,55062.271875,0.026985287641427613,2227.0,4257.0,13590.0,290.0,2843.0,6664.0,4.4328125,24.6109375,26.384375,-0.13436517530495065,647.1683062065972
0.9997395833333333,21.159895833333334,13984.777604166668,0.22158472590044606,0.009701200632956267,0.48023377335434236,0.005511824911001129,11.466145833333334,0.7480247126295321,0.2070765742818364,0.24862601087659736,0.2525760473987332,5.444921875,278.59375,0.0033419917141818676,37.3546875,27298.028125,0.01763647241400188,67.825,55496.2625,0.027202764527008254,2233.0,4247.0,13625.0,293.0,2829.0,6601.0,4.447265625,24.6140625,26.39375,-0.1339858740572797,645.5671416558159
1.0,21.200520833333332,13949.847916666668,0.2218418990785659,0.009453511528788145,0.4835049367385885,0.005522407093861249,11.47890625,0.7417516275641813,0.20726664112325185,0.2490664415074723,0.2529183884709158,5.44140625,230.73515625,0.003211600530669492,37.346875,27646.696875,0.01717460577469205,68.090625,55129.45,0.02670006127535885,2199.0,4350.0,13574.0,287.0,2827.0,6687.0,4.492578125,24.5625,26.340625,-0.13393215308021383,651.6561455620662
0.9997395833333333,21.273958333333333,13967.4859375,0.22162373077695718,0.009454715297810652,0.4867020730155087,0.005541536424416081,11.46796875,0.7485922734172257,0.20694636412344378,0.24896909062100483,0.2529878375469631,5.426953125,263.63203125,0.003179447841702411,37.48125,27263.815625,0.017202004885180405,68.4546875,55486.571875,0.026808495534873855,2213.0,4275.0,13653.0,303.0,2825.0,6777.0,4.4484375,24.571875,26.4421875,-0.13417057368939223,658.1202593315974
0.9997395833333333,21.272395833333334,13922.7546875,0.22210492103054855,0.009457217120927109,0.48393798945580097,0.005541129417382999,11.466145833333334,0.7535195749577651,0.20752773989878218,0.24922061602317633,0.25329795056498633,5.403125,230.67734375,0.0032170518588685837,37.6234375,28085.3046875,0.01716251449779771,68.3984375,54528.5140625,0.026712580792290597,2232.0,4242.0,13721.0,304.0,2773.0,6800.0,4.45546875,24.5875,26.3875,-0.13747097304563624,659.6315296766493
0.99921875,21.250520833333333,13931.720833333333,0.22168583929225072,0.009500454304260046,0.48254518447789124,0.005535431318919858,11.605989583333333,0.7089287027278743,0.20702291174489412,0.24898230278166705,0.2530410859922608,5.383203125,302.3875,0.0032190949682430713,37.55,28037.325,0.017253556995116687,68.4203125,54343.45,0.026872788957471316,2166.0,4257.0,13760.0,302.0,2790.0,6807.0,4.44453125,24.909375,26.9484375,-0.1359515857537113,662.4257809787327
0.9997395833333333,21.227604166666666,13905.523958333333,0.22226473830134144,0.009666205025928347,0.48500055805296066,0.005529461882434662,11.46484375,0.7330765267316044,0.2077248866839015,0.2493421173593871,0.25334676571305575,5.426953125,209.7125,0.003332653347235838,37.40625,27939.79375,0.017489057932233244,68.2515625,54654.5,0.027177558834393482,2192.0,4291.0,13646.0,294.0,2828.0,6723.0,4.484375,24.5328125,26.31875,-0.13616420499602092,655.5810088433159
0.9997395833333333,21.283333333333335,13912.224479166667,0.2222782123892125,0.009678192700756255,0.48624935424047117,0.00554397846661457,11.604947916666667,0.7444694596711041,0.20772884305538528,0.24930625947506316,0.2534476426386707,5.48046875,221.6609375,0.0033572605175267874,37.453125,27217.8375,0.017418475360505194,68.325,55368.865625,0.027221638773925187,2228.0,4278.0,13583.0,301.0,2826.0,6768.0,4.51015625,24.7890625,26.8,-0.13222777337579464,657.0900347222222
0.9997395833333333,21.2421875,13898.865364583333,0.22242739411013124,0.009539349291457206,0.48686517727727113,0.005533260614743423,11.60078125,0.7519921539781782,0.20782343170278397,0.2495224948391092,0.25374814301054244,5.4046875,233.684375,0.003293000244185528,37.38125,27714.9484375,0.01719745079528308,68.453125,54743.50625,0.026866643976718063,2198.0,4207.0,13699.0,303.0,2836.0,6775.0,4.461328125,24.846875,26.9125,-0.13721825720026695,661.1684285481771
0.9994791666666667,21.2828125,13892.186979166667,0.22219763454903554,0.00959389598216321,0.4831604924674824,0.0055438427976035425,11.6328125,0.7556713897658028,0.2076135079093703,0.24931646013055694,0.2534153155261751,5.42109375,182.70546875,0.0032755408992461823,37.490625,27823.015625,0.017387235834318945,68.521875,54799.284375,0.027073976461675593,2222.0,4278.0,13651.0,292.0,2781.0,6843.0,4.467578125,24.9421875,26.984375,-0.1359421659473417,661.1715795898438
1.0,21.299479166666668,13882.230729166668,0.22282511972840663,0.009749844584864307,0.4828798082533248,0.005548184205956412,11.654947916666666,0.7495537351754493,0.20835448364118384,0.24982555150993688,0.2537072322957677,5.47578125,185.8078125,0.0033954140262645017,37.4671875,28231.7453125,0.01757305724908893,68.4265625,54318.4078125,0.027344354155038903,2218.0,4276.0,13649.0,287.0,2828.0,6757.0,4.506640625,24.9484375,26.9546875,-0.13357080731463492,656.9556247287326
1.0,21.316666666666666,13885.744791666666,0.22292061188153986,0.00968660973089119,0.4824806651834966,0.0055526612833203095,11.65390625,0.7387851837372947,0.2083923290738031,0.2500313057655129,0.25392304922851394,5.47578125,191.79921875,0.0033511427648447887,37.5515625,27567.471875,0.01753995994991822,68.4453125,54979.8,0.02717512737604976,2197.0,4317.0,13674.0,285.0,2819.0,6759.0,4.4953125,24.9953125,26.946875,-0.13478804478602235,659.1721180555556
0.9994791666666667,21.1875,13869.258333333333,0.2225924947287216,0.009674000033091842,0.4842276748160336,0.0055190153685855696,11.592447916666666,0.7396017699115044,0.20817989873108048,0.2495745654598605,0.25326080798814726,5.5,227.64140625,0.0033927118696592097,37.4234375,28350.0453125,0.017477648895645834,67.7015625,53954.9390625,0.026995503824268373,2201.0,4238.0,13619.0,300.0,2766.0,6630.0,4.5390625,24.753125,26.6453125,-0.13547202156256363,644.9997395833333
1.0,21.155208333333334,13918.9875,0.22244053272733755,0.00967166419734122,0.4850577828544413,0.005510603889901884,11.4796875,0.7370870057609926,0.20797977020238062,0.2494829591438365,0.25324115641066597,5.43359375,218.76484375,0.0034103250193554084,37.2984375,27381.446875,0.017437740502389873,67.8984375,55257.41875,0.026950944604235805,2195.0,4260.0,13565.0,282.0,2770.0,6703.0,4.471484375,24.63125,26.3609375,-0.13724368435177134,647.3378895399305
1.0,21.2359375,13894.915625,0.22287857141104378,0.009552386820933154,0.4871720507883576,0.005531632586611096,11.6,0.7491477203051039,0.2084559329429161,0.24975289501070877,0.2536948016838894,5.473046875,218.77734375,0.00336869863408099,37.4765625,27648.1625,0.01717871944884361,68.046875,54846.221875,0.02666080694043136,2191.0,4253.0,13634.0,284.0,2783.0,6712.0,4.524609375,24.784375,26.7171875,-0.13648629422512645,654.1891251627604
1.0,21.142708333333335,13922.354166666666,0.22229693071009796,0.009587476413633085,0.48153321097259294,0.005507347833637232,11.427864583333333,0.7388776666502439,0.2078665201555762,0.2491316055127772,0.253183898125506,5.49375,239.71953125,0.0033311225975120123,37.228125,27846.528125,0.01727726518160046,67.653125,54728.71875,0.026923102910149998,2180.0,4268.0,13532.0,309.0,2770.0,6674.0,4.5046875,24.340625,26.2078125,-0.12992946781359294,646.4009884982639
1.0,21.210416666666667,13890.943229166667,0.2226418613762138,0.009719670618165954,0.48426096836821203,0.0055249848050707645,11.591666666666667,0.7389745604557509,0.20818094475433696,0.24951743067951043,0.2536099585604246,5.409765625,200.7484375,0.0033364551276296845,37.378125,27832.921875,0.017579402184389904,68.2453125,54709.74375,0.027392801014087077,2206.0,4274.0,13623.0,307.0,2790.0,6783.0,4.453515625,24.84375,26.8921875,-0.13466910649090982,656.1869748263888
0.9997395833333333,21.2390625,13906.460677083332,0.22244845833140753,0.00945751289039359,0.4878599330007513,0.0055324466006772596,11.453645833333333,0.7385173741386498,0.20794128037227733,0.24944430678713253,0.25348132171220317,5.461328125,221.69765625,0.0032650580827001652,37.3765625,27773.4390625,0.017082536497913667,68.2125,54778.534375,0.026602308513647217,2209.0,4271.0,13653.0,317.0,2795.0,6696.0,4.491796875,24.484375,26.2703125,-0.13511835328624844,655.6574324544271
0.9997395833333333,21.228645833333335,13918.09375,0.22221804389286756,0.009568457103819922,0.48529469707285755,0.0055297332204567165,11.459635416666666,0.7434431659265438,0.20768428132559785,0.24927086952972735,0.25330026852508664,5.4734375,263.61796875,0.0033481402079639107,37.3671875,28168.053125,0.017187215020519765,68.1109375,54286.0375,0.026830966770544123,2202.0,4244.0,13644.0,301.0,2788.0,6712.0,4.51796875,24.43125,26.2546875,-0.13480640954863343,654.3164710828994
0.9997395833333333,21.15,13899.808333333332,0.22247263038512075,0.009612335908247997,0.49020576073894373,0.005509247199791612,11.449479166666666,0.7475374310480694,0.20809526818769825,0.24923104415180303,0.25322366540812846,5.5203125,188.74921875,0.003433354795227858,37.1359375,27552.05625,0.017196255771785306,67.6828125,55091.796875,0.026744340496791235,2172.0,4201.0,13527.0,291.0,2762.0,6652.0,4.565625,24.2859375,26.1484375,-0.13506717433614776,645.0868750000001
1.0,21.090104166666666,13887.490364583333,0.22274182386669558,0.009644201697022865,0.48480637703787627,0.005493645263523487,11.378385416666667,0.748203393179068,0.20836157725206475,0.24959364362766165,0.253410990564253,5.458984375,206.771875,0.003394819041752639,37.14375,27774.978125,0.017379964878140523,67.5609375,54722.8765625,0.026905969136986098,2190.0,4194.0,13551.0,291.0,2759.0,6666.0,4.48515625,24.253125,26.0765625,-0.1346703080408126,645.2007354058161
1.0,21.188541666666666,13916.359895833333,0.22252379923760138,0.009722797779897032,0.4859385388463781,0.005519286706607623,11.600520833333333,0.7325844353768252,0.20808612583766473,0.24954154563079795,0.2532567464441513,5.45,239.74140625,0.003428241000251582,37.4109375,28140.040625,0.017473046143894506,67.9203125,54399.153125,0.027150776534481356,2173.0,4263.0,13619.0,316.0,2784.0,6661.0,4.521875,24.778125,26.7375,-0.13780871712953557,653.1003895399306
1.0,21.191145833333334,13896.241666666667,0.22273646081920617,0.009831273984725034,0.4875308355510305,0.005519965051662759,11.470572916666667,0.7517634625310295,0.20831491491901682,0.24964322480702972,0.25351588043214,5.478515625,236.715625,0.0035022734323255644,37.38125,27656.1203125,0.01761144421148891,67.8515625,54774.4671875,0.027367105967559036,2165.0,4339.0,13497.0,295.0,2753.0,6700.0,4.5046875,24.5125,26.2921875,-0.1367509695794781,648.1738799370659
1.0,21.291666666666668,13888.746354166668,0.22282867865303402,0.009749727475592372,0.483969917393808,0.005546149170791005,11.63203125,0.7353718199608611,0.20833935257642416,0.2497659899159649,0.25384867169654257,5.4828125,194.79140625,0.0034225260500592874,37.534375,27531.89375,0.017544305102645503,68.284375,55021.41875,0.02726395555067159,2190.0,4272.0,13655.0,299.0,2742.0,6796.0,4.528515625,24.8546875,26.8234375,-0.13587827079806147,655.6342013888888
1.0,21.294270833333332,13908.9328125,0.22260908643719296,0.009777333537565252,0.486226983288365,0.005546827515846141,11.63203125,0.7478048183930537,0.2080313519293991,0.24965029294171961,0.2538788179638421,5.441796875,206.7703125,0.0034009460990570783,37.5859375,27409.521875,0.017566712580247536,68.4125,55216.99375,0.02749350424891566,2202.0,4267.0,13666.0,303.0,2766.0,6822.0,4.488671875,24.8953125,26.9421875,-0.13790342609107864,660.7404880099826
1.0,21.298958333333335,13906.3671875,0.2226070793959594,0.009674958343782614,0.48893176199445004,0.005548048536945385,11.50703125,0.7640729691397271,0.20810581128100952,0.24948995934691434,0.2537292719048039,5.499609375,203.75859375,0.003413990958700082,37.5578125,27513.69375,0.017325802077693037,68.2375,55109.475,0.02706798415020232,2222.0,4227.0,13648.0,306.0,2759.0,6777.0,4.53984375,24.5296875,26.353125,-0.13448645959464556,655.5340614149305
0.99921875,21.28125,13856.7796875,0.22247936863645626,0.00968289965339015,0.48405028645117093,0.005543435790570461,11.631770833333333,0.7440283896231032,0.20787810934068104,0.24959644794692978,0.2537673265090835,5.419921875,242.56015625,0.003371010301009424,37.553125,27430.83125,0.017431239265239727,68.4546875,54739.60625,0.027182117451063477,2219.0,4189.0,13719.0,315.0,2781.0,6834.0,4.46875,24.971875,26.94375,-0.13538304756325167,660.7068359375
0.9994791666666667,21.246354166666666,13898.495833333332,0.22237777642096881,0.009567781021242042,0.4836364983791623,0.00553434596683164,11.463541666666666,0.7585860319172407,0.20781895463694008,0.2494332126303646,0.25355762734768794,5.45625,233.61171875,0.003319981904659857,37.3609375,27328.1578125,0.01721227213908349,68.2921875,55128.3703125,0.02691448636972934,2170.0,4338.0,13532.0,296.0,2778.0,6787.0,4.520703125,24.48125,26.2171875,-0.1357278492625616,653.8762887912327
1.0,21.2125,13901.827083333334,0.2224897479698677,0.009834492820688856,0.4833071184157296,0.005525527481114873,11.604947916666667,0.734752504419564,0.20805597007517457,0.24935551363078573,0.2533590938877222,5.4546875,212.771875,0.003439005780035735,37.434375,27908.375,0.01772918331584908,68.021875,54651.5,0.027521750488141115,2182.0,4331.0,13552.0,317.0,2756.0,6721.0,4.498828125,24.840625,26.79375,-0.1352457507957433,647.9459895833334
0.99921875,21.153125,13892.718229166667,0.22207551246044482,0.009961265637844004,0.4840430261908056,0.005510061213857775,11.46640625,0.7284680159550894,0.2076774889476078,0.24896753736257232,0.2527755816096653,5.469921875,206.60703125,0.003559585007496601,37.3015625,27256.25,0.017876659062112728,67.7375,55273.63125,0.027652594734964897,2181.0,4256.0,13531.0,295.0,2769.0,6678.0,4.516796875,24.5109375,26.2203125,-0.13541989852075492,644.2380110677082
0.9994791666666667,21.1125,13926.80625,0.22188592703366575,0.009913825120699165,0.4822165057462459,0.005499479030997656,11.6203125,0.7304864811525558,0.20751044345182795,0.24879318965097194,0.25248059874371076,5.434375,260.57734375,0.0035660005375504804,37.271875,27550.878125,0.01776256386361481,67.665625,54967.65,0.027456384710378274,2172.0,4239.0,13606.0,304.0,2759.0,6617.0,4.482421875,24.934375,26.8578125,-0.1400388653730407,642.7451562500002
1.0,21.216145833333332,13877.2890625,0.22295708800107322,0.009985467472823466,0.4887581994270787,0.005526477164192064,11.504947916666667,0.7189149380139929,0.20865775708163897,0.24961069931294894,0.25350080036693423,5.446875,221.7421875,0.0036110054532208537,37.478125,27604.871875,0.017861710539210773,68.03125,54771.89375,0.027607072484846607,2202.0,4254.0,13637.0,282.0,2785.0,6686.0,4.490234375,24.6703125,26.3984375,-0.1406595128086155,649.1095309787327
1.0,21.184375,13888.934895833334,0.22274083089543237,0.010011829961095424,0.488996149033305,0.005518201354519406,11.5046875,0.7544623100752323,0.20837114810058388,0.24951204773655009,0.25344834523370857,5.4078125,215.75546875,0.003569291683574352,37.43125,27992.21875,0.017952105264198576,68.04375,54478.36875,0.02784170776807656,2211.0,4275.0,13626.0,284.0,2791.0,6713.0,4.4484375,24.7890625,26.4453125,-0.13884494807255962,648.7571516927081
0.9997395833333333,21.190625,13884.421875,0.22271087483760835,0.0097924032129868,0.4894166434251616,0.005519829382651732,11.47421875,0.751806518212653,0.20838952907385994,0.2493742263045009,0.2533329064257094,5.46171875,203.7375,0.003508712682408057,37.296875,27943.41875,0.017491336292045395,68.0,54548.1625,0.027228232256243174,2206.0,4313.0,13466.0,288.0,2794.0,6747.0,4.5,24.575,26.2703125,-0.1339516054707785,647.7740787760417
1.0,21.155208333333334,13870.90390625,0.223086208815531,0.009583298895259574,0.48391940180681614,0.005510603889901884,11.478645833333333,0.7350681963661431,0.2087632257118682,0.24974527218738354,0.25371907785832953,5.46171875,206.765625,0.003399958479321856,37.128125,27138.371875,0.017161061932160354,67.95625,55259.9890625,0.026738897522109662,2169.0,4260.0,13561.0,286.0,2764.0,6738.0,4.5015625,24.559375,26.30625,-0.13379607051756184,647.9311187065972
1.0,21.128125,13869.519270833332,0.22300778572047275,0.009573340500550993,0.48847117084425223,0.005503549101328471,11.463802083333333,0.7237588127988956,0.20878082544288942,0.24940130074240824,0.2535221118088704,5.469921875,176.815625,0.0034398132608093645,37.1109375,27599.4765625,0.017085491611200605,67.778125,54910.3765625,0.02659529834886789,2177.0,4254.0,13491.0,277.0,2774.0,6704.0,4.515625,24.4796875,26.240625,-0.1346581341899948,643.025771484375
0.9997395833333333,21.181770833333335,13824.728645833333,0.2233115332235632,0.009657338544452002,0.4866053965752126,0.00551752300946427,11.30234375,0.7400477021810224,0.20909352070117376,0.24962878866021385,0.25386632787647045,5.532421875,176.7796875,0.003503185683099476,37.20625,27323.01875,0.01716151359606782,67.7546875,54918.234375,0.026769774938246293,2190.0,4230.0,13531.0,294.0,2739.0,6689.0,4.55390625,24.0578125,25.540625,-0.13350765085586458,642.4924801974828
1.0,21.1265625,13917.777604166668,0.22241335445739327,0.009369462098630554,0.47971610065145753,0.005503142094295389,11.46640625,0.7369770480487143,0.20813460256796343,0.24888846570788514,0.2530532507646208,5.49453125,278.690625,0.003323200482449118,37.16875,28003.1875,0.01680563463837233,67.6125,54388.715625,0.02611833602361452,2176.0,4192.0,13564.0,300.0,2723.0,6714.0,4.508984375,24.490625,26.271875,-0.13269253922347346,641.7188777669271
0.9997395833333333,21.130208333333332,13864.5375,0.22284878805300087,0.009557234997141905,0.4894376732038725,0.0055040917773725795,11.629166666666666,0.7365294552625092,0.20863111479900484,0.2491766095818555,0.25339165954013027,5.469921875,197.73046875,0.0033811138752399064,37.1625,27195.234375,0.01714720363235055,67.7390625,55201.06875,0.02667175084954127,2236.0,4186.0,13484.0,304.0,2735.0,6739.0,4.492578125,24.8984375,26.90625,-0.1333181999176824,642.617941623264
1.0,21.1578125,13836.5796875,0.22332164766015886,0.009689930924852869,0.48094052549105304,0.00551128223495702,11.480989583333333,0.7391625433867514,0.2091130051168189,0.2497175195958929,0.25376034589778473,5.488671875,209.759375,0.003468185232771155,37.1828125,27459.10625,0.0173401215485741,67.809375,54721.334375,0.02692672306945849,2209.0,4206.0,13532.0,293.0,2786.0,6680.0,4.519921875,24.5296875,26.2765625,-0.13404981881141997,644.2037410481771
0.9997395833333333,21.219791666666666,13842.233854166667,0.22321565972369692,0.009896990438491944,0.4879019207337042,0.005527426847269254,11.720572916666667,0.7458151293505474,0.2090468706400427,0.2493880045476838,0.2537184712343269,5.505078125,194.74609375,0.0035764184455369685,37.1890625,27175.2,0.01763296435232538,68.109375,55099.21875,0.027443304496478416,2187.0,4268.0,13498.0,307.0,2765.0,6748.0,4.566796875,24.978125,27.078125,-0.1342491126125543,648.4615874565973
1.0,21.1015625,13882.383854166666,0.22284441767693608,0.009825710282257923,0.4892237221578509,0.0054966299817660845,11.4953125,0.7480192521288411,0.20862987867571015,0.2491046066357005,0.25344238472307545,5.4546875,221.753125,0.0034966337703297573,36.9359375,26904.73125,0.017537371509176954,67.8546875,55502.559375,0.027430355103051557,2196.0,4248.0,13381.0,295.0,2742.0,6806.0,4.520703125,24.5375,26.3515625,-0.1314428297887861,642.952705891927
1.0,21.115625,13841.090625,0.22318662561239075,0.009881422685892855,0.4862552107237523,0.005500293045063819,11.490364583333333,0.7489023728479108,0.2090213681122198,0.24946130817047146,0.2535729730549937,5.501171875,158.82109375,0.0035659073477276398,37.1078125,27058.809375,0.017624576051221884,67.58125,55352.45,0.0274003306732247,2206.0,4227.0,13419.0,299.0,2781.0,6667.0,4.523828125,24.5734375,26.2734375,-0.13263598762080045,637.4855891927084
1.0,21.0546875,13873.934375,0.22297023790907158,0.009739199090634542,0.48324442620797636,0.005484419770773639,11.46640625,0.7575015460729746,0.20879702647087886,0.24922682405267338,0.25340649751824085,5.4984375,197.80078125,0.003463032791538867,36.9,27643.890625,0.0174381185758784,67.434375,54808.5125,0.027144944801773374,2137.0,4301.0,13348.0,295.0,2736.0,6706.0,4.52421875,24.4453125,26.25625,-0.13000899799330945,634.7782592773438
1.0,21.2046875,13855.701041666667,0.22314819395276847,0.009862826664396633,0.4884940262187227,0.005523492445949466,11.67734375,0.735440768304964,0.20893117548431217,0.24946705694384894,0.25369740483551323,5.504296875,188.78125,0.0035201894822056113,37.275,27551.93125,0.01764959006232888,67.9359375,54827.15,0.027446611995228465,2138.0,4333.0,13442.0,323.0,2726.0,6778.0,4.53515625,24.9171875,27.00625,-0.13214406658973193,645.7331030273436
0.99921875,21.191666666666666,13838.151041666666,0.22289138187667865,0.009741193843543865,0.48660069646875653,0.005520100720673786,11.495052083333333,0.7490660637042863,0.2085980224900185,0.24938304577228174,0.2535731555277163,5.516796875,212.5984375,0.0035266200884219853,37.209375,27692.9109375,0.01737450296332902,67.8734375,54485.6015625,0.026966179744246234,2145.0,4275.0,13499.0,301.0,2733.0,6733.0,4.546484375,24.5171875,26.2671875,-0.13377734320104398,644.1215972222222
1.0,21.178645833333334,13853.053125,0.22306674992763825,0.009719125964648594,0.49060005166816356,0.005516708995398107,11.518229166666666,0.728254186852913,0.20889270725784712,0.24936869981684984,0.2534609707175912,5.536328125,188.7875,0.003482072252689697,37.2,27532.828125,0.0174136198802796,67.7265625,54830.340625,0.026972846896853163,2157.0,4279.0,13476.0,309.0,2748.0,6663.0,4.579296875,24.509375,26.2828125,-0.1335197079139752,640.6550648328993
1.0,21.033854166666668,13874.2109375,0.22278052333833262,0.009828325226253763,0.48632232712861967,0.005478993010332552,11.441145833333334,0.7328463538442491,0.20855221257521314,0.24931434404963113,0.2531599456795122,5.4609375,179.7984375,0.0034884017500238867,37.0203125,27811.115625,0.017668056167548137,67.3390625,54714.95625,0.02734828818987889,2183.0,4173.0,13500.0,308.0,2754.0,6595.0,4.505859375,24.390625,26.2328125,-0.1348498620734113,635.104583062066
0.99921875,21.0546875,13887.922916666666,0.22216003792254693,0.009666050563443846,0.48222677707114453,0.005484419770773639,11.398697916666666,0.7310080395794681,0.2077773540493159,0.24891727355597387,0.25293353778204414,5.42734375,224.5671875,0.003403079976530303,37.171875,27563.34375,0.017394454084129346,67.446875,54865.925,0.026989529390412513,2196.0,4240.0,13495.0,301.0,2743.0,6653.0,4.480078125,24.3671875,26.1046875,-0.13628364756269648,639.8251342773438
0.9994791666666667,21.183333333333334,13833.017708333333,0.2230385036969891,0.009875312168712569,0.4890001043565121,0.005517930016497352,11.4765625,0.7071203776553895,0.2087719708884853,0.24953370284080117,0.2536094357871924,5.496875,215.66171875,0.003561551601874883,37.2078125,27319.615625,0.01758034032641151,67.9046875,54815.84375,0.02742532627836437,2132.0,4275.0,13501.0,322.0,2698.0,6749.0,4.52890625,24.43125,26.3125,-0.13628847595675822,646.7320138888888
0.9997395833333333,21.196354166666666,13830.271875,0.22329195026135304,0.009789963391002536,0.48887352634268216,0.005521321741773031,11.55859375,0.7314052632872202,0.20907907278444932,0.2498419128602658,0.2535934975700551,5.521875,143.80625,0.003533487469515443,37.384375,27600.875,0.01755020408549004,67.70625,54805.53125,0.027055626382463394,2167.0,4218.0,13545.0,287.0,2780.0,6663.0,4.588671875,24.61875,26.378125,-0.13471278877664108,642.7317575412326
0.9997395833333333,21.034895833333334,13847.819270833334,0.2229063571190001,0.009627324253598326,0.48753824601342566,0.005479264348354607,11.444791666666667,0.7449674400178276,0.20867341369337106,0.24939921016530323,0.25334527777521315,5.47578125,158.76875,0.0034724560297119665,37.1828125,28271.496875,0.017243200055315155,67.1234375,54180.34375,0.02663092134742694,2131.0,4260.0,13419.0,301.0,2693.0,6645.0,4.52890625,24.3390625,26.2140625,-0.13532693812848332,636.0055531141493
1.0,21.1765625,13791.503125,0.22383845745358824,0.009816551631351917,0.49781185588136234,0.005516166319353998,11.535416666666666,0.7465505792075555,0.20971072903956886,0.25014581562519406,0.25404201293805995,5.522265625,134.8625,0.0035677282623089975,37.2859375,27378.671875,0.017537952120346246,67.684375,54830.896875,0.027090444618529264,2166.0,4308.0,13406.0,300.0,2738.0,6663.0,4.58828125,24.5296875,26.3296875,-0.1374232133925426,642.4985131835937
1.0,21.2046875,13826.928645833334,0.22351633708600555,0.0096837352344916,0.4930942566188675,0.005523492445949466,11.537239583333333,0.7473534251958833,0.2092834515708148,0.2499993374187876,0.25396487881398644,5.53359375,149.83046875,0.0034963206230808506,37.375,27813.74375,0.017313646200212068,67.71875,54548.50625,0.02680348271441413,2168.0,4241.0,13521.0,308.0,2743.0,6655.0,4.61484375,24.475,26.2890625,-0.1364044404448648,643.705498860677
0.9997395833333333,21.1484375,13804.1546875,0.2235690591399043,0.009643392040812094,0.4911804197010726,0.005508840192758531,11.610677083333334,0.7479128186183968,0.20933322824266867,0.25015181948563897,0.2539296223831121,5.49609375,149.8078125,0.003456874206261741,37.340625,27353.1359375,0.017322019300410378,67.565625,54872.5609375,0.02671083611941521,2163.0,4209.0,13546.0,309.0,2742.0,6633.0,4.561328125,24.7375,26.68125,-0.1369071710869647,643.9123413085938
0.9997395833333333,21.136979166666666,13863.173958333333,0.22296471794652176,0.009484991686043467,0.4859553491957499,0.005505855474515933,11.442708333333334,0.7415913067047779,0.20858975547486294,0.24985400336392988,0.2535752824157488,5.478515625,203.7515625,0.003343223973544174,37.3984375,27701.384375,0.01712981905482956,67.509375,54662.653125,0.026407235167254538,2180.0,4180.0,13610.0,301.0,2702.0,6674.0,4.532421875,24.403125,26.1234375,-0.13739069599180476,644.6984242078994
1.0,21.129166666666666,13890.860416666666,0.22276482338791284,0.00938029491113831,0.48215421886060456,0.005503820439350525,11.393489583333333,0.7368862157365411,0.20832376491897991,0.2497327767528401,0.2535611038987172,5.461328125,203.78515625,0.0032770958681016455,37.178125,27276.88125,0.01693657539517477,67.7515625,55253.140625,0.026236810599248494,2170.0,4224.0,13553.0,289.0,2765.0,6695.0,4.500390625,24.2640625,26.0953125,-0.1353786507956154,650.1020659722222
0.9994791666666667,20.9859375,13866.270572916666,0.22249154440747415,0.009420877178972541,0.48138409062900595,0.005466511461318052,11.350520833333333,0.7521157521157521,0.20814453498358923,0.2494724937047348,0.25289863280575325,5.468359375,185.69609375,0.0032683854393296295,36.953125,27446.553125,0.017095697514066727,67.0890625,55008.2859375,0.02635602380245,2200.0,4172.0,13452.0,279.0,2715.0,6632.0,4.503515625,24.1734375,25.915625,-0.1321943621154382,634.3201147460936
0.9997395833333333,21.095833333333335,13878.455729166666,0.22258267929040756,0.009377550056143664,0.48674770949601226,0.005495137622644786,11.421614583333334,0.7492346434920008,0.20821510981402658,0.24943993995057587,0.2531956965357631,5.461328125,182.753125,0.003239498548419493,37.1828125,27773.75625,0.017014331096018652,67.546875,54765.965625,0.02629297504716537,2190.0,4140.0,13616.0,304.0,2748.0,6652.0,4.488671875,24.421875,26.153125,-0.1342404377196871,642.1392534722221
0.9997395833333333,21.167708333333334,13904.081770833332,0.22228025912671556,0.00944366776504643,0.48231513363739786,0.005513859946166536,11.445052083333334,0.7481423158309138,0.2078558162606102,0.2492065586089664,0.2530517311088863,5.470703125,170.765625,0.0032589113232405105,37.3703125,27603.5125,0.017138929877753502,67.753125,55137.915625,0.026487431419563022,2197.0,4243.0,13589.0,291.0,2714.0,6727.0,4.519921875,24.4109375,26.1796875,-0.13433592063013394,647.3947905815971
0.9997395833333333,21.107291666666665,13853.803125,0.22297668834330928,0.009444372219403809,0.48700081855189375,0.005498122340887384,11.388020833333334,0.7240783694418398,0.2085866042916705,0.24981784013418268,0.25369587275899086,5.470703125,197.73515625,0.003297321605430445,37.13125,27523.1328125,0.017035025009973503,67.6296875,54808.7453125,0.026441921884727583,2175.0,4287.0,13452.0,305.0,2748.0,6684.0,4.50234375,24.259375,26.059375,-0.1336163294182676,645.0004676649304
1.0,21.026041666666668,13875.391666666666,0.2226805008078824,0.009520331891090033,0.4805500051405996,0.005476957975167144,11.392708333333333,0.7362397820163488,0.20838770748410865,0.24933413562203546,0.25319803928882456,5.455859375,200.76484375,0.003290223694912702,37.0390625,27498.51875,0.017219037470970512,67.29375,54950.771875,0.02674205909591888,2191.0,4241.0,13425.0,317.0,2748.0,6634.0,4.487890625,24.2921875,26.1125,-0.13078834254149463,637.0894259982639
0.9997395833333333,21.1140625,13901.657291666666,0.22237355337307688,0.009428121498405096,0.48022009344109856,0.005499886038030737,11.473958333333334,0.744542292607119,0.2079458136585218,0.24919496468722988,0.25326310091714427,5.46484375,236.6359375,0.003223122935626371,37.1890625,27731.428125,0.017116886058215892,67.6359375,54731.971875,0.0265593511897092,2207.0,4226.0,13534.0,307.0,2766.0,6703.0,4.498046875,24.4984375,26.353125,-0.1293806449470552,644.1546980794269
0.9997395833333333,21.090625,13900.051041666668,0.22229502079547858,0.009570099858886516,0.4771685661151422,0.005493780932534514,11.448177083333333,0.7326023608435818,0.2079053894079963,0.24907684189528712,0.2530717252455994,5.455078125,233.6734375,0.0033004349987644384,37.190625,27791.85625,0.017309209841870402,67.5328125,54673.75625,0.02690964931639094,2224.0,4195.0,13518.0,313.0,2745.0,6706.0,4.499609375,24.43125,26.259375,-0.12962274477247201,643.6256412760416
1.0,21.127083333333335,13900.6046875,0.2225155597059323,0.009597524104157045,0.4866615770905098,0.005503277763306416,11.469010416666666,0.7515777536732078,0.20817753317104543,0.24924389303642025,0.2531393325149919,5.4984375,224.71484375,0.0033326277076706394,37.140625,27580.875,0.01732231045790548,67.628125,54923.89375,0.02693232333635424,2199.0,4276.0,13433.0,298.0,2730.0,6738.0,4.53203125,24.4109375,26.275,-0.13016096525878382,643.1562456597222
0.9994791666666667,21.169270833333332,13905.0625,0.22212135366364935,0.009544909901799391,0.4795233110345979,0.005514266953199618,11.441145833333334,0.7465370894328945,0.2076276783026235,0.24899789869603714,0.25321951007536503,5.46484375,251.58671875,0.0033017524519707436,37.1921875,27404.74375,0.017161233417513067,67.9640625,55019.284375,0.0269012161854003,2229.0,4234.0,13484.0,300.0,2767.0,6793.0,4.498046875,24.3921875,26.2625,-0.13018937215032475,651.6770765516493
0.9997395833333333,21.128125,13877.4,0.2227520926506445,0.009742739660843802,0.48519775645284835,0.005503549101328471,11.4125,0.7320662623872208,0.20839905696594174,0.24943180255285258,0.2534845254872476,5.41015625,221.69375,0.003360259531874271,37.309375,28350.81875,0.017630314328644932,67.81875,54026.80625,0.027385085508920798,2228.0,4269.0,13548.0,285.0,2788.0,6690.0,4.4578125,24.403125,26.240625,-0.13524660627397964,649.3059798177084
1.0,21.1421875,13928.353385416667,0.2221688815076083,0.009793927753879479,0.4815082113195613,0.005507212164626205,11.472135416666667,0.7408912866750424,0.20787926526102912,0.24882517707511456,0.2526710509264188,5.4828125,239.7046875,0.003377016633938484,37.2703125,27788.9953125,0.017782624095092802,67.6515625,54822.30625,0.027472875892430148,2190.0,4296.0,13546.0,306.0,2776.0,6617.0,4.475,24.6,26.3328125,-0.13241456040703645,643.1636368815103
1.0,21.232291666666665,13848.494270833333,0.22321307910275257,0.009689753091315,0.4894779187803177,0.005530682903533906,11.444791666666667,0.7338713633910612,0.20890858545411764,0.24974461556716293,0.25389951723288184,5.451953125,194.775,0.0033591957145012617,37.346875,26933.753125,0.017484288595560227,68.2390625,55378.1125,0.02721744709432472,2218.0,4290.0,13603.0,304.0,2803.0,6708.0,4.482421875,24.4921875,26.246875,-0.13561202701364233,655.5554155815971
0.9997395833333333,21.2265625,13934.251302083334,0.2221040374269471,0.0097640585981472,0.4824595126390189,0.005529190544412608,11.665625,0.7255796834744204,0.2077041685851467,0.24888075688357664,0.2529267933375189,5.44453125,323.490625,0.0033934345809716895,37.3921875,27431.1859375,0.017619299949472783,68.1890625,54880.359375,0.02739131331552367,2194.0,4303.0,13650.0,317.0,2806.0,6698.0,4.4703125,25.059375,27.053125,-0.13450499056081106,653.3799194335937
0.9997395833333333,21.363541666666666,13832.6796875,0.22322850055777424,0.009981523167080475,0.49042873412093885,0.005564871494312755,11.704947916666667,0.7316056365498074,0.208880761094352,0.24976247678572036,0.2540854821835171,5.49375,239.65546875,0.0035198926629287156,37.63125,27518.403125,0.01788636884339104,68.575,54519.053125,0.027923199507376945,2189.0,4329.0,13630.0,308.0,2807.0,6792.0,4.530859375,25.01875,27.0875,-0.13565039051011937,661.506379123264
0.9997395833333333,21.2328125,13881.559895833334,0.22241942761074085,0.009935646618179679,0.48271370912284367,0.005530818572544933,11.616927083333334,0.7329212353128756,0.2079803506680146,0.24914861679766914,0.2534465461947174,5.43984375,266.61328125,0.003423785112643614,37.371875,27115.3625,0.017942297537238416,68.265625,55107.54375,0.027976441721265212,2181.0,4341.0,13592.0,320.0,2744.0,6806.0,4.476171875,24.921875,26.875,-0.13241300232029585,656.9202775065104
0.9997395833333333,21.122916666666665,13854.592708333334,0.22282957581949814,0.009821675620837784,0.48173038345416497,0.0055021924112182,11.550520833333334,0.7480767334056613,0.20848107208480277,0.24940626332332821,0.25364690325444944,5.4078125,236.6765625,0.0034015260862223866,37.1578125,27392.7,0.01771241365532759,67.9484375,54788.15,0.027611535724809566,2185.0,4284.0,13536.0,308.0,2773.0,6759.0,4.431640625,24.75,26.8265625,-0.1319810391163932,653.386974826389
1.0,21.173958333333335,13916.798958333333,0.22244414876503976,0.009930675946701219,0.48143975833753777,0.005515487974298862,11.645052083333333,0.7515619619225661,0.20809014179265364,0.24926322438302165,0.2530411010366024,5.44140625,290.6296875,0.003463261659527024,37.403125,27878.0421875,0.017958385063914905,67.875,54460.2328125,0.027772623978184315,2215.0,4216.0,13665.0,299.0,2757.0,6714.0,4.47421875,24.9625,27.0109375,-0.13394784440158494,651.1598426649306
1.0,21.213541666666668,13887.64375,0.22287170839906312,0.01000999104968535,0.4862651280140388,0.005525798819136928,11.597135416666667,0.7303952860299534,0.2086074879095193,0.24943681314872385,0.2533634856075777,5.494921875,257.69375,0.003535793270469085,37.278125,27474.571875,0.01794927130929913,68.0234375,54820.515625,0.027967501906936632,2192.0,4240.0,13561.0,311.0,2745.0,6775.0,4.501953125,24.8015625,26.7734375,-0.13111362032943646,651.8913791232638
1.0,21.1140625,13915.332291666668,0.22246172159011426,0.00972171449707303,0.4836497608628779,0.005499886038030737,11.621875,0.7223167813710254,0.20826749061684535,0.2489022425229587,0.2527981245503453,5.4796875,272.64765625,0.0034637941709204853,37.0359375,27616.428125,0.017380009741504793,67.7296875,54784.975,0.02709510055725144,2187.0,4253.0,13440.0,298.0,2738.0,6742.0,4.517578125,24.809375,26.8515625,-0.1319429124884043,645.8817814127603
0.9997395833333333,21.081770833333334,13857.355208333332,0.22288653896866883,0.009926143976761911,0.4884383493208428,0.005491474559347052,11.572135416666667,0.7332559231168317,0.20870971980784536,0.24929566000338657,0.253184694577245,5.4515625,155.79609375,0.003531420322903327,36.9109375,27069.671875,0.01777101048498731,67.7734375,55451.275,0.02766017208397084,2164.0,4284.0,13437.0,292.0,2751.0,6732.0,4.477734375,24.728125,26.79375,-0.1331740715900205,643.6427926974827
0.9994791666666667,21.038541666666667,13862.797395833333,0.22271131227742286,0.009783787371042124,0.4849965420163091,0.005480214031431796,11.42109375,0.7090161905233451,0.2084847472193146,0.24938810210962256,0.2529407826776563,5.505078125,212.6421875,0.0034717251413581007,37.0515625,27611.61875,0.017625701214701826,67.159375,54714.596875,0.027190122446118514,2177.0,4201.0,13466.0,281.0,2725.0,6623.0,4.53671875,24.3421875,26.0375,-0.13130798331446744,633.7782020399304
1.0,21.059375,13856.702604166667,0.2231431273023747,0.009687039668851292,0.4834621419149668,0.005485640791872883,11.481770833333334,0.7454370084582282,0.20896013664293395,0.24963672690689567,0.25338149033561685,5.4546875,206.77890625,0.003423956482206604,37.10625,28004.840625,0.01743499320250238,67.43125,54308.259375,0.02699141888177895,2186.0,4197.0,13557.0,295.0,2740.0,6651.0,4.48515625,24.6109375,26.3390625,-0.13414877152888174,638.5725162760415
0.9997395833333333,21.044270833333332,13829.585416666667,0.2231602566248893,0.009570957036750217,0.4870465765601201,0.005481706390553095,11.46484375,0.7553520603885657,0.20897963897129568,0.2496337645613639,0.25340921930278937,5.46171875,203.73515625,0.0033862701092124887,37.0578125,27880.653125,0.01718159022449926,67.3609375,54281.91875,0.026699071559152087,2179.0,4303.0,13400.0,303.0,2754.0,6625.0,4.497265625,24.5015625,26.2984375,-0.13324219000495907,638.4209567599827
0.9984375,20.9921875,13872.4375,0.2218694367385202,0.009465230380928573,0.4772511832524876,0.005468139489450378,11.40703125,0.7448951742959931,0.20747827570129723,0.24869766712071678,0.2526058505052153,5.475390625,272.26171875,0.0033260500159888835,37.03125,27471.5625,0.01710447400395098,67.0203125,54674.015625,0.02638270821766492,2182.0,4235.0,13462.0,288.0,2789.0,6523.0,4.49765625,24.39375,26.0578125,-0.13217884073503147,633.7697306315105
1.0,21.0046875,13879.188541666666,0.2228060019677144,0.009564594954808091,0.4806173974377182,0.00547139554571503,11.41875,0.7298718044087381,0.20858957450605137,0.249402760418426,0.2530749533636552,5.40546875,236.75,0.0033576034006444653,37.0984375,28241.734375,0.017261102331288764,67.3078125,54086.396875,0.02669605379498192,2176.0,4289.0,13499.0,292.0,2811.0,6561.0,4.434765625,24.5609375,26.2125,-0.13393140469677453,638.1286238606771
1.0,21.051041666666666,13935.252083333333,0.22216582018706219,0.00948372810158773,0.48563384004232224,0.005483470087696449,11.459114583333333,0.7196298678806472,0.2078362739026816,0.249095490796282,0.25255433471536454,5.441796875,245.715625,0.0032803215500981156,37.109375,27879.221875,0.01725213659864277,67.4296875,54749.428125,0.026528945810491134,2186.0,4300.0,13505.0,298.0,2786.0,6568.0,4.466015625,24.6109375,26.2796875,-0.13468684801566455,637.8609364149306
0.9997395833333333,21.0171875,13887.48125,0.22243771056107484,0.009479564474846457,0.4849271196195991,0.005474651601979682,11.459375,0.7456942482591133,0.20813949434856416,0.2493621708205836,0.2527061151516089,5.444140625,206.7,0.003308963078419897,37.0390625,28138.3078125,0.017188269995157508,67.2875,54359.7796875,0.02645326454024165,2175.0,4282.0,13453.0,283.0,2778.0,6602.0,4.488671875,24.553125,26.2484375,-0.13218006439653376,636.5569962565103
0.9997395833333333,21.026041666666668,13943.468229166667,0.2217867210535779,0.009591418395051898,0.4856145029530043,0.005476957975167144,11.49296875,0.746965568491454,0.2075211876035324,0.24840594458865026,0.2522296313186877,5.390625,281.5921875,0.003328877316128658,37.1203125,28404.659375,0.01732544738209914,67.4734375,54129.78125,0.026907553723697613,2175.0,4287.0,13499.0,303.0,2781.0,6623.0,4.43515625,24.7703125,26.446875,-0.1358103560524093,637.3873426649305
1.0,21.110416666666666,13860.2546875,0.223011886913952,0.009727356847276335,0.48830984324867777,0.005498936354953547,11.498177083333333,0.7520971084575151,0.20889890014135934,0.2493527746746941,0.2531229462435801,5.552734375,227.72421875,0.0034612518733684395,37.1921875,27229.88125,0.01753452681288351,67.259375,55020.75,0.026984606777300746,2156.0,4296.0,13395.0,298.0,2730.0,6630.0,4.565234375,24.509375,26.21875,-0.13003783795290177,634.3393706597221
1.0,21.068229166666665,13862.5515625,0.2228756775193822,0.009761804466045458,0.4823966825832455,0.0054879471650603456,11.530729166666667,0.7563719067513782,0.20876968980093902,0.24923959550790106,0.2529357104046361,5.4609375,224.73828125,0.0034813802049441776,37.19375,27517.75,0.017568808766801065,67.371875,54758.60625,0.02707649720969497,2157.0,4190.0,13587.0,302.0,2783.0,6585.0,4.504296875,24.7328125,26.434375,-0.13381120935475296,636.1026364474826
1.0,21.047395833333333,13878.59140625,0.22283535066057616,0.009886289553810518,0.4837262319620765,0.0054825204046192585,11.44140625,0.721165029323699,0.20869970705966684,0.24928467219392542,0.2529286035308642,5.4609375,206.76328125,0.0035114718182171316,37.1578125,27789.30625,0.01784483760226389,67.2828125,54655.1890625,0.027427012447730693,2178.0,4227.0,13533.0,297.0,2711.0,6628.0,4.49765625,24.4890625,26.16875,-0.13419917625390862,635.3269203016494
0.9989583333333333,20.996875,13831.721354166666,0.2227302853428405,0.009683527719697573,0.4850025704737997,0.005469360510549622,11.426041666666666,0.7266706355112368,0.20852018951391757,0.24927499241197984,0.25302596158939317,5.424609375,176.60234375,0.003430653075999467,37.0328125,27530.921875,0.017415024839655863,67.25,54752.996875,0.026963529174531715,2183.0,4220.0,13434.0,308.0,2696.0,6659.0,4.484375,24.48125,26.1375,-0.13587668094005725,633.862490234375
0.9994791666666667,21.016666666666666,13870.243229166666,0.22249116431938193,0.009614153611699474,0.48501625519849945,0.005474515932968655,11.428645833333333,0.73976506740682,0.2082392731052623,0.24913510608111325,0.2528547874141291,5.455078125,209.64453125,0.003377915560430431,37.0796875,27132.709375,0.017385818330900964,67.2,55250.171875,0.026787441097574156,2211.0,4228.0,13420.0,306.0,2688.0,6652.0,4.498828125,24.44375,26.1328125,-0.13320951313665289,633.7356597222222
0.99921875,20.897916666666667,13880.946875,0.222097127550189,0.009408344986000837,0.48055181385108775,0.005443583398454459,11.403385416666667,0.7483550991925032,0.2079318207174901,0.24856741537601224,0.2522880670551615,5.443359375,200.6125,0.0032714071260945333,36.83125,28208.190625,0.01704789573510023,66.7828125,54275.040625,0.026316545676526647,2171.0,4199.0,13414.0,307.0,2687.0,6570.0,4.487890625,24.3515625,26.1171875,-0.13224331911304793,624.7322873263889
1.0,20.9890625,13949.867708333333,0.22202993230105506,0.009762849092032328,0.4782984823280268,0.005467325475384215,11.453645833333333,0.7273133328370431,0.207782412675635,0.24869741492930456,0.2523525281744858,5.451171875,272.6609375,0.0034209732408203046,36.9875,28186.54375,0.01766454084148258,67.1421875,54422.01875,0.027228660747430168,2218.0,4204.0,13415.0,306.0,2710.0,6654.0,4.491015625,24.528125,26.2296875,-0.1309806530691897,630.4431095377604
0.9997395833333333,21.013541666666665,13876.157291666666,0.2225041972036466,0.009746317802663865,0.4867620426783789,0.005473701918902492,11.471614583333333,0.7564566499776929,0.20834105590260554,0.24897298881326457,0.25268797079819255,5.469921875,206.7109375,0.0034370938657089086,37.0421875,27824.771875,0.01760421163557261,67.159375,54605.328125,0.027125319717574946,2173.0,4265.0,13405.0,311.0,2747.0,6589.0,4.498828125,24.5296875,26.3046875,-0.13185796849501372,630.0680457899305
0.9994791666666667,20.986458333333335,13847.716666666667,0.2227886726689502,0.009747600567047984,0.4814722119033316,0.005466647130329079,11.452604166666667,0.74949123939048,0.20864319434123835,0.24915133765462816,0.2530079209941197,5.458203125,158.74921875,0.0034643477859040554,37.0359375,27634.290625,0.017544474560032858,67.05,54817.0125,0.02708373769863883,2200.0,4227.0,13401.0,315.0,2740.0,6554.0,4.504296875,24.4921875,26.20625,-0.1350017389086582,630.465441623264
0.99921875,20.966145833333332,13845.531770833333,0.22251236481301306,0.009716410932087171,0.4813742442198257,0.005461356038899019,11.458333333333334,0.7453980871941374,0.20834191682289926,0.2490950710620937,0.2526114505243876,5.4640625,173.68359375,0.0034576508961289775,36.90625,27227.703125,0.017500203430736196,67.034375,55150.753125,0.026967658577270924,2171.0,4218.0,13385.0,313.0,2693.0,6637.0,4.49765625,24.5015625,26.2578125,-0.1320285449113669,628.599895562066
1.0,21.026041666666668,13922.884895833333,0.2223707279499336,0.009639520550252823,0.4830140757503875,0.005476957975167144,11.4875,0.7322764429031459,0.20817384436851533,0.24888230839757036,0.2526466818279701,5.4609375,227.72421875,0.0034127698800533895,37.078125,27372.725,0.017385387722837133,67.234375,55253.6875,0.026800656058466245,2171.0,4268.0,13400.0,281.0,2766.0,6633.0,4.512890625,24.5640625,26.309375,-0.1322316793121924,633.6201551649305
1.0,20.996354166666666,13872.269270833332,0.22282623816530106,0.009651600353514266,0.47981477541130724,0.005469224841538595,11.409635416666667,0.74164661523578,0.20867991480726422,0.24927299079927945,0.2529647789634698,5.45,215.74921875,0.0034140848366071936,36.9078125,27765.759375,0.01738316304172601,67.2703125,54604.859375,0.026870099732930818,2161.0,4337.0,13374.0,295.0,2764.0,6591.0,4.46796875,24.4625,26.1234375,-0.13254572827605238,633.310403374566
1.0,21.013541666666665,13935.893229166666,0.22225051322280293,0.009462510946821934,0.48138937104215623,0.005473701918902492,11.414322916666666,0.736305953502206,0.20797405843107394,0.24900397178917064,0.25260287382335117,5.42578125,218.76796875,0.0032715193230833132,37.1890625,28691.240625,0.01717341662334233,67.1890625,54049.046875,0.026515571765256013,2170.0,4305.0,13443.0,303.0,2798.0,6548.0,4.49453125,24.4,26.1078125,-0.13403607003834453,635.2638791232639
1.0,21.011979166666666,13923.259895833333,0.22233829555079698,0.009495803593904981,0.4852519612242059,0.005473294911869411,11.384114583333334,0.7307091688768808,0.20814666958366423,0.2488034954024752,0.25263959956764986,5.47265625,200.7640625,0.003310249370663207,36.9515625,27512.553125,0.017123684259591494,67.2296875,55223.95,0.026610139821185576,2156.0,4249.0,13426.0,298.0,2755.0,6617.0,4.50703125,24.265625,26.0109375,-0.1310729618575786,635.3769398328992
1.0,21.022916666666667,13932.740625,0.22218842625009855,0.009531060669784819,0.4840111877187122,0.005476143961100981,11.42734375,0.7383311862055297,0.20793821381336897,0.24886249239328836,0.25251520985382725,5.43515625,257.7140625,0.0033383927319187955,37.01875,27657.3,0.01720341992882314,67.378125,54908.2875,0.0266293731622106,2145.0,4329.0,13427.0,283.0,2734.0,6653.0,4.48671875,24.4703125,26.146875,-0.13419883176949607,638.8031206597223
0.99921875,21.075520833333332,13868.320833333333,0.22234132605467394,0.009486464331995749,0.48479475526385085,0.005489846531214726,11.449739583333333,0.742691214629927,0.20804597646884254,0.24906319550295422,0.2528008549497193,5.476953125,206.6,0.0032747254118646327,37.2109375,27983.05,0.017189217927045752,67.334375,54400.475,0.026630666417470212,2176.0,4216.0,13564.0,285.0,2733.0,6623.0,4.519921875,24.4546875,26.1640625,-0.13208044672648797,639.8692966037328
1.0,21.058854166666666,13932.652604166668,0.22222690785378632,0.009280763442639483,0.4832986910931673,0.005485505122861856,11.4203125,0.7380604951401083,0.207946931565475,0.24874776852546,0.25282595233535793,5.457421875,251.73046875,0.003194502668780926,37.1046875,27193.3734375,0.016762783830247242,67.41875,55395.6203125,0.026143786150465954,2165.0,4232.0,13537.0,297.0,2720.0,6675.0,4.51640625,24.3484375,26.1078125,-0.131209423186789,643.2663278537327
0.99921875,21.155208333333334,13857.327083333334,0.2223480750586968,0.009478396838663913,0.48533329779844236,0.005510603889901884,11.455208333333333,0.7376286375498547,0.2079707648007429,0.24906877608602782,0.2531366150631814,5.47578125,194.63671875,0.003294774219149154,37.265625,27563.46875,0.01706900171027114,67.7625,54801.946875,0.026622282445115712,2190.0,4251.0,13561.0,296.0,2775.0,6669.0,4.488671875,24.48125,26.2953125,-0.1340061211438946,646.5134103732639
1.0,21.189583333333335,13900.007291666667,0.22255970132518574,0.00935590426586701,0.48421110275271684,0.0055195580446296775,11.448958333333334,0.7357683610264477,0.20821556408510028,0.24920849781793467,0.25328745379277856,5.453125,188.80625,0.0032066705853056646,37.353125,27561.875,0.016903210742543452,67.971875,55082.94375,0.026405532511435938,2187.0,4233.0,13616.0,305.0,2764.0,6745.0,4.49375,24.4953125,26.2234375,-0.1333340560752662,651.5025998263889
0.9994791666666667,21.2828125,13883.4734375,0.2224326050900035,0.009291987889927328,0.48255798124507354,0.0055438427976035425,11.461197916666666,0.7342828475638108,0.20796112963224106,0.24928132079539161,0.25346979121566526,5.46796875,248.58671875,0.0031754223933347495,37.6015625,27758.234375,0.016775911770002323,68.2234375,54548.259375,0.026274325996222647,2166.0,4322.0,13644.0,305.0,2779.0,6768.0,4.508203125,24.4390625,26.2953125,-0.13323508727849487,659.6304337565105
1.0,21.303125,13863.600520833334,0.22310735368559834,0.009353324439032067,0.48643600569004203,0.005549133889033602,11.476822916666666,0.73460955454501,0.20874417054508557,0.24983276256645706,0.25383467736679055,5.49140625,191.8046875,0.0032103439580043968,37.6828125,28402.496875,0.016909014454885195,68.1703125,54011.8875,0.026369556347289637,2202.0,4297.0,13689.0,318.0,2767.0,6709.0,4.53203125,24.4609375,26.271875,-0.13603185011300534,657.898740234375
1.0,21.194791666666667,13926.99375,0.22228100235836584,0.009174263891016773,0.4862437140251138,0.0055209147347399495,11.435416666666667,0.7574581019314887,0.2079368951721717,0.24897122087869086,0.2529672125828175,5.473828125,206.76171875,0.003094182360626207,37.440625,28153.671875,0.016674677693331367,67.8328125,54581.24375,0.025994176210264442,2187.0,4309.0,13555.0,307.0,2770.0,6682.0,4.503515625,24.415625,26.1828125,-0.13305698427761398,649.8011187065972
1.0,21.163541666666667,13937.50546875,0.22215874132792784,0.009188923766343575,0.48331263018363907,0.005512774594078319,11.38671875,0.7573214549392134,0.2076480867492856,0.2492330131227143,0.25312708784771065,5.46796875,251.6921875,0.0031095783093212405,37.359375,27540.28125,0.016733093459219323,67.75,55077.9828125,0.02596213590155717,2206.0,4299.0,13549.0,308.0,2745.0,6687.0,4.50390625,24.28125,26.0234375,-0.1316164747185007,650.4414832899305
1.0,21.234895833333333,13916.0453125,0.2222738849730394,0.009210278101821614,0.4845278795374829,0.005531361248589042,11.469791666666667,0.7423904245664811,0.20782860271729692,0.24917426377104995,0.2531546351979992,5.484375,245.7109375,0.0031511432011521365,37.4953125,27787.696875,0.016635264664951917,67.9765625,54725.73125,0.02602183114136921,2201.0,4292.0,13591.0,315.0,2765.0,6711.0,4.512109375,24.475,26.2953125,-0.1333161305930442,651.0875322808159
1.0,21.246875,13892.083333333334,0.22267731623859685,0.009338762087065054,0.4828003625761331,0.0055344816358426675,11.499739583333334,0.7448889542579791,0.208191545869244,0.24974729116178188,0.25355042279282325,5.421875,203.78046875,0.0032041785424898827,37.65,28554.96875,0.016951962874075913,68.14375,53982.409375,0.026263895478354872,2180.0,4344.0,13655.0,318.0,2768.0,6716.0,4.463671875,24.678125,26.465625,-0.1384504816978976,655.6994694010416
0.9994791666666667,21.270833333333332,13893.298958333333,0.22243755071218121,0.009357587914760853,0.4843776840783679,0.005540722410349918,11.484895833333333,0.7420421155729677,0.20792001325198317,0.2495032147693495,0.2534420364958052,5.409765625,215.6640625,0.0032175960389817645,37.6046875,27870.384375,0.016948243654115035,68.38125,54626.753125,0.02632689967852302,2196.0,4313.0,13658.0,318.0,2728.0,6822.0,4.46171875,24.6765625,26.3859375,-0.13838652532155618,659.1776909722223
1.0,21.2296875,13916.4703125,0.22242401204121942,0.009426131759807475,0.48692460894930567,0.005530004558478771,11.501041666666667,0.7101641274747921,0.20801430128683807,0.24926498048399,0.25322188661597445,5.448046875,215.77109375,0.003259065069040684,37.3703125,27371.4375,0.017057749479364122,68.215625,55264.3,0.026462780803317987,2187.0,4335.0,13541.0,292.0,2757.0,6781.0,4.4875,24.64375,26.4125,-0.13568959657772123,652.3805769856772
0.9997395833333333,21.242708333333333,13861.8671875,0.22287485112844244,0.00954461767501046,0.49157017450787105,0.00553339628375445,11.499739583333334,0.7461628990339823,0.20852108543738898,0.2496230502165775,0.2535417148045213,5.49453125,179.7578125,0.003334781628742115,37.4484375,27599.346875,0.017195533573402637,68.0296875,54852.825,0.02673304596169166,2203.0,4224.0,13651.0,303.0,2785.0,6683.0,4.53984375,24.478125,26.3609375,-0.13609217893480355,649.2181759982639
0.9994791666666667,21.1734375,13902.7484375,0.22214938058245112,0.00921136402487736,0.48606853398704064,0.005515352305287835,11.480208333333334,0.7573610803630728,0.20776040471706345,0.24895496440611678,0.2528997002203363,5.494140625,236.6015625,0.003175993202727362,37.2890625,28187.825,0.016649975886417125,67.775,54282.259375,0.025914235451937585,2182.0,4296.0,13505.0,302.0,2758.0,6695.0,4.531640625,24.4703125,26.284375,-0.13357286043830396,645.4485652669271
0.9997395833333333,21.169270833333332,13879.050520833332,0.22268777408787901,0.009233545396433401,0.4882521564714921,0.005514266953199618,11.500260416666666,0.761422069135195,0.20827704406907205,0.2495835599367994,0.25343490831418647,5.45,194.7625,0.0031688417894843125,37.353125,27869.5171875,0.016728246213769515,67.8625,54625.7359375,0.025997659006893638,2183.0,4269.0,13611.0,326.0,2707.0,6716.0,4.51640625,24.5734375,26.3625,-0.13666286226290483,649.535930718316
1.0,21.150520833333335,13900.025520833333,0.22272037772122738,0.009441850005047133,0.4868145928357694,0.005509382868802639,11.509635416666667,0.7584279346942796,0.20841590691034587,0.24933814391347386,0.25332049477250695,5.508984375,194.78671875,0.0033158994691869217,37.1296875,27851.5765625,0.016963879947474288,67.7375,54769.4296875,0.026423622206060825,2188.0,4283.0,13441.0,290.0,2733.0,6721.0,4.56875,24.4921875,26.290625,-0.1339806953593912,642.843489312066
1.0,21.128645833333334,13918.671354166667,0.2224323045634316,0.009612610092411173,0.48886985811306033,0.005503684770339498,11.590104166666666,0.7336258535262652,0.20811039061426415,0.249142512179391,0.2530097527441419,5.43984375,233.73046875,0.003374864380198244,37.1890625,27398.4015625,0.017300940533079585,67.8234375,55178.7046875,0.026875262500594476,2190.0,4254.0,13544.0,299.0,2762.0,6702.0,4.48046875,24.8421875,26.7765625,-0.1361660528015678,645.9803252495659
0.9994791666666667,21.145833333333332,13889.879166666668,0.222256541573283,0.009743168059830044,0.4799477693637328,0.005508161847703395,11.4796875,0.7571428571428571,0.2078546213862671,0.24914556701252039,0.2529751968821093,5.46484375,230.6234375,0.0034000542419672713,37.29375,27814.44375,0.017562628708377208,67.721875,54602.3375,0.027296162682733972,2168.0,4262.0,13546.0,305.0,2751.0,6712.0,4.50859375,24.5578125,26.2859375,-0.1334049421577898,643.7266493055556
0.99921875,21.092708333333334,13880.417447916667,0.22223376320742377,0.009690711222624604,0.48372906101911095,0.005494323608578623,11.436197916666666,0.7594696034372068,0.2078452576763234,0.24904287563369154,0.25297867290555737,5.44296875,224.5640625,0.0033997633280112433,37.2171875,27742.09375,0.017481512309285165,67.5671875,54642.1546875,0.027063701714417486,2177.0,4265.0,13488.0,291.0,2778.0,6674.0,4.471875,24.4796875,26.25,-0.1335210962749732,643.1908843315973
0.9994791666666667,21.213541666666668,13875.766145833333,0.22237623486648145,0.009767626907423563,0.48673784940519366,0.005525798819136928,11.60859375,0.7508224895654309,0.20794526337769756,0.24936190928842086,0.25311444639967756,5.477734375,200.69140625,0.0034061876030465977,37.371875,27354.009375,0.017641011220518307,67.9984375,55097.821875,0.027339999811836692,2170.0,4312.0,13582.0,320.0,2775.0,6704.0,4.490625,24.9171875,26.771875,-0.13335460025097817,648.1538791232638
1.0,21.221354166666668,13923.169270833334,0.22224955197362795,0.009509378864910833,0.48516159683021237,0.005527833854302336,11.623958333333333,0.7600932629770524,0.207761996125845,0.24927142073360997,0.2531779066047776,5.43984375,230.7453125,0.0032924784976136726,37.496875,28181.1375,0.017201719154061167,68.071875,54434.896875,0.026684640044949148,2198.0,4286.0,13608.0,287.0,2838.0,6678.0,4.485546875,24.9125,26.8890625,-0.1367779437127051,653.5192314995659
0.9997395833333333,21.181770833333335,13915.690625,0.22221674168723587,0.009467467190080379,0.49026028190852794,0.00551752300946427,11.472395833333334,0.7617841599252502,0.20777851235068204,0.24913094695527702,0.25305545376540983,5.48046875,215.721875,0.0032910795243684425,37.21875,27505.934375,0.017076328913025206,67.95,55125.321875,0.026564156129983287,2183.0,4271.0,13519.0,306.0,2764.0,6703.0,4.534375,24.46875,26.228125,-0.13560963418424082,646.2044593641493
0.9997395833333333,21.228125,13929.4109375,0.22202779680298815,0.009513237925189426,0.4869153474370247,0.005529597551445689,11.468489583333334,0.747607831591344,0.2075140010397707,0.24897987659405013,0.25313090006479605,5.421484375,215.6953125,0.0032356098714770415,37.39375,27841.85625,0.017280172070821685,68.2890625,54871.828125,0.02685681599440671,2186.0,4311.0,13572.0,309.0,2828.0,6739.0,4.480078125,24.5359375,26.3546875,-0.1361495752541429,655.243271484375
1.0,21.324479166666666,13905.322395833333,0.22256213887663467,0.00952358077591297,0.48571194018238456,0.0055546963184857166,11.717708333333333,0.7520211025083653,0.20811450513069252,0.24948067847320327,0.25343413426383493,5.516796875,203.75546875,0.0032871968702020806,37.49375,27905.6625,0.01725903031032115,68.3859375,54711.25,0.02673366686434835,2163.0,4338.0,13606.0,295.0,2835.0,6720.0,4.5515625,25.0375,27.0625,-0.13475711770422663,654.5009632703993
0.9997395833333333,21.298958333333335,13876.508854166666,0.22267298297765556,0.00955120012856108,0.4870538386923405,0.005548048536945385,11.528125,0.7579596028757275,0.2081825607571571,0.24967335508758515,0.2536342997497195,5.4484375,197.7390625,0.003320206266907856,37.5203125,27476.49375,0.01724454513863165,68.4796875,54991.603125,0.026781830565103394,2209.0,4320.0,13598.0,299.0,2743.0,6849.0,4.5015625,24.709375,26.453125,-0.1377438186877087,659.5840614149306
1.0,21.306770833333335,13917.434375,0.22248567944968858,0.009592851127588238,0.4885252013943703,0.005550083572110793,11.53984375,0.7568016817815151,0.20801202740434271,0.24932638426986284,0.2535395828108977,5.492578125,203.79140625,0.0033202199631939535,37.371875,27551.23125,0.01731554057047097,68.4984375,55138.209375,0.026960686342282637,2213.0,4250.0,13594.0,282.0,2851.0,6758.0,4.53515625,24.6640625,26.434375,-0.13605654475482065,654.3741208224826
0.9994791666666667,21.247916666666665,13889.052604166667,0.22224269121291798,0.009598334679825455,0.48785005669022774,0.005534752973864722,11.663802083333334,0.7504412197274243,0.20768639715571716,0.24935952028560732,0.25335103836903206,5.4828125,224.61875,0.0033063149580645186,37.265625,27185.2953125,0.01734367476741368,68.290625,55250.5453125,0.027021073479280972,2183.0,4285.0,13576.0,277.0,2796.0,6763.0,4.504296875,24.971875,26.99375,-0.13521921000589365,653.4197873263889
1.0,21.336458333333333,13861.822916666666,0.2230423985704464,0.009671779262133771,0.49304671053898164,0.005557816705739342,11.7,0.7436898891763902,0.20863119819867865,0.2498268357409894,0.2539027628869744,5.513671875,173.8140625,0.0033668716905417657,37.4359375,27247.1125,0.017410910533833764,68.528125,55228.56875,0.027152278276801795,2189.0,4274.0,13619.0,277.0,2769.0,6820.0,4.55234375,24.9890625,27.0015625,-0.13703388919720727,656.226379123264
1.0,21.224479166666665,13910.139583333334,0.22236711918076418,0.009705546708067237,0.4901599929064739,0.005528647868368499,11.54140625,0.7317857230497411,0.20793043804066622,0.2493324773484067,0.2531484855735136,5.4578125,173.8,0.003388385739239823,37.3484375,27481.246875,0.017488961924363743,68.1671875,55284.390625,0.0271907753670804,2159.0,4291.0,13581.0,291.0,2760.0,6777.0,4.525390625,24.6609375,26.4859375,-0.13701372836960274,648.0402341037327
1.0,21.2578125,13924.777083333332,0.22232470168711516,0.009581146061676874,0.4848083244959234,0.005537330685074238,11.54140625,0.7357834129609212,0.2078312207794296,0.24940920085284235,0.2532141261521306,5.471875,221.77890625,0.003313067063802909,37.55625,27881.371875,0.017328744400083734,68.103125,54780.175,0.026905863714765877,2200.0,4263.0,13624.0,311.0,2776.0,6729.0,4.52421875,24.73125,26.4203125,-0.13523557196016547,650.154366048177
1.0,21.291666666666668,13910.435416666667,0.22230591472690214,0.009692794136049914,0.4887171886098072,0.005546149170791005,11.559375,0.722651663405088,0.20780737805830318,0.2494012951695353,0.25320468095866494,5.48671875,170.81796875,0.003365309071291403,37.428125,27333.8765625,0.01751965954125847,68.375,55445.4640625,0.027175868989875406,2196.0,4307.0,13550.0,294.0,2754.0,6833.0,4.53984375,24.715625,26.48125,-0.13483657672741828,651.4253472222222
0.9997395833333333,21.219270833333333,13920.388541666667,0.22218116328158152,0.009588628441767843,0.49014340060480954,0.005527291178258227,11.520833333333334,0.7510370388552073,0.20760900921634592,0.24941759092071245,0.253233351903393,5.463671875,170.76796875,0.003295939910512384,37.371875,28105.0984375,0.017428053217839978,68.0890625,54734.1609375,0.026919957790717562,2203.0,4258.0,13582.0,303.0,2744.0,6766.0,4.52890625,24.6328125,26.3765625,-0.13522727277933339,647.392024468316
1.0,21.241145833333334,13941.179166666667,0.2220372948385189,0.009773937416170055,0.4839156794387519,0.005532989276721368,11.700260416666667,0.7518083515190153,0.20748465920172166,0.24919242615205844,0.2530927060721685,5.448046875,170.821875,0.0033772171160301777,37.3421875,27886.978125,0.0176614806562719,68.3125,55076.809375,0.027473275376627727,2194.0,4318.0,13541.0,298.0,2789.0,6779.0,4.51953125,25.0390625,27.084375,-0.13571814466052753,651.8111195203994
0.9997395833333333,21.246354166666666,13949.380729166667,0.22186777613901135,0.009506180829648648,0.4839401359629007,0.00553434596683164,11.4765625,0.7517956512146692,0.2072290497350381,0.24916574126777458,0.2531247166261411,5.43828125,239.678125,0.0032463183312822974,37.34375,27121.125,0.0172408444006661,68.38125,55616.446875,0.026810967252096595,2159.0,4265.0,13665.0,320.0,2760.0,6797.0,4.503515625,24.534375,26.3109375,-0.13643015375149492,656.978372124566
1.0,21.16875,13986.372916666667,0.22146526965901936,0.009420348650914763,0.47903455370081305,0.0055141312841885904,11.411979166666667,0.7491142604074402,0.20682257599259807,0.24884220321986678,0.25265911076385716,5.42421875,272.6875,0.0031719488468304204,37.3796875,27765.684375,0.017180718136894084,67.9359375,55061.803125,0.026653578381272823,2154.0,4286.0,13600.0,305.0,2768.0,6727.0,4.462109375,24.4265625,26.196875,-0.1359220642148865,649.9210026041667
1.0,21.269791666666666,13938.757291666667,0.22211438971229794,0.009645751547323738,0.4853285335262611,0.005540451072327863,11.480208333333334,0.742813066261815,0.2075787741911513,0.24921192372910825,0.25315931778007417,5.411328125,221.7453125,0.003299766797112262,37.5828125,27904.115625,0.017467541927579582,68.390625,54841.446875,0.027207900167913784,2179.0,4370.0,13619.0,322.0,2808.0,6744.0,4.470703125,24.6375,26.3609375,-0.13928558348014541,656.2360666232639
1.0,21.2578125,13991.188020833333,0.22151343381255623,0.009582769364669853,0.484354675919933,0.005537330685074238,11.4640625,0.7520274408918289,0.20691145388111543,0.2486555814564248,0.2527792058944507,5.39765625,284.68125,0.0032450175334875534,37.58125,27709.915625,0.01738389122316873,68.375,55098.4875,0.027132654830900178,2220.0,4280.0,13684.0,326.0,2804.0,6745.0,4.433203125,24.6640625,26.3875,-0.1372570371652662,657.9965535481771
1.0,21.203125,13963.775,0.22188957832528147,0.00945072117932632,0.4796335712784996,0.005523085438916385,11.432291666666666,0.7462294276590519,0.20735026639262388,0.24882603413930263,0.25311037024189087,5.411328125,242.725,0.0031761970302999084,37.434375,28049.784375,0.017183919801125973,68.1390625,54761.965625,0.026815619153632307,2221.0,4232.0,13658.0,301.0,2812.0,6738.0,4.43671875,24.528125,26.31875,-0.134410551945451,654.786865234375
1.0,21.222916666666666,13924.8109375,0.2222234714934208,0.0094606730554213,0.4843381084894943,0.005528240861335417,11.46640625,0.7406007656817513,0.20770275757689136,0.24922644032539898,0.25330335832756046,5.458203125,212.74140625,0.003232774156380361,37.4515625,27859.91875,0.017136305999577803,68.053125,54837.98125,0.026696635707428557,2213.0,4300.0,13581.0,294.0,2781.0,6738.0,4.476171875,24.5640625,26.3296875,-0.13433286587965731,652.2836414930555
1.0,21.230729166666666,13914.454166666666,0.2224510823844662,0.00962158507077246,0.4828429810819416,0.005530275896500825,11.6390625,0.7518337708215784,0.20798691355408913,0.2492637405038983,0.2534950995865422,5.444921875,206.7859375,0.0033085664305684036,37.3515625,27778.34375,0.01739979084524808,68.253125,54881.2375,0.02709545385711305,2227.0,4285.0,13584.0,306.0,2759.0,6793.0,4.47109375,24.9609375,26.9890625,-0.13383706045505667,653.802493218316
1.0,21.211458333333333,13956.8453125,0.22210437098009975,0.009459367800894104,0.48507989491057324,0.005525256143092819,11.446875,0.7612336099788832,0.2075743696049507,0.2490783567267841,0.2532503907340115,5.429296875,239.7484375,0.00322006406640398,37.321875,27632.0875,0.017120949277074846,68.2296875,55149.990625,0.026755001262673866,2204.0,4307.0,13555.0,297.0,2789.0,6778.0,4.47578125,24.478125,26.3,-0.1346448088844444,653.5792437065973
0.9997395833333333,21.269791666666666,13931.846354166666,0.2220614665682012,0.009468755263903651,0.4815998325074434,0.005540451072327863,11.481510416666667,0.7537097801067633,0.20741892202643192,0.2492955052532385,0.2533976060502409,5.431640625,275.61875,0.0032121414251003685,37.378125,26752.41875,0.01715764867379901,68.5140625,55736.184375,0.02680631720922143,2198.0,4319.0,13581.0,309.0,2825.0,6808.0,4.476171875,24.559375,26.425,-0.13331817678976912,659.3699207899306
0.9997395833333333,21.321875,13879.675520833332,0.22256295106788812,0.009601518489286283,0.4899069312465195,0.005554017973430581,11.610416666666667,0.7409008744931359,0.20802506559701817,0.249544085335126,0.2537333586841301,5.45390625,254.6734375,0.0033259834693558643,37.45,27329.571875,0.017301914663390046,68.665625,54929.7875,0.027003262394904182,2191.0,4357.0,13605.0,297.0,2771.0,6838.0,4.475,24.8484375,26.9140625,-0.1373388194577579,662.7766048177083
0.9997395833333333,21.257291666666667,13904.655729166667,0.22244280567490998,0.009635484541721893,0.4856572032752447,0.005537195016063211,11.4921875,0.7457490076934385,0.20798447933063358,0.24939280340563608,0.2533261133212895,5.464453125,230.7015625,0.003356998303508911,37.3953125,26887.965625,0.017346857282352655,68.290625,55617.1625,0.02703805675394305,2172.0,4335.0,13594.0,318.0,2803.0,6727.0,4.494921875,24.5859375,26.3875,-0.13488218641032426,655.3140093315973
1.0,21.33125,13928.478125,0.22231992145648943,0.009384566470470004,0.4854109183668677,0.00555646001562907,11.505208333333334,0.7053179021388808,0.20772445114934013,0.24941519064158485,0.2536065334999912,5.509765625,239.73046875,0.0032124395055064536,37.534375,27639.04375,0.0169894514850076,68.4140625,54972.903125,0.0264681893157866,2171.0,4348.0,13603.0,336.0,2762.0,6786.0,4.549609375,24.5125,26.3203125,-0.13363031774483403,659.3501692708334
0.9994791666666667,21.288541666666667,13921.7984375,0.22197084450232563,0.009392259541990824,0.48858204057748505,0.005545335156724842,11.599479166666667,0.7561285903019034,0.20732708901774757,0.24918872841923542,0.2533279825237281,5.478515625,263.55,0.003221078556267999,37.440625,27560.684375,0.01702554249249933,68.3765625,54915.90625,0.026443700534373622,2193.0,4279.0,13625.0,320.0,2786.0,6772.0,4.533203125,24.7375,26.7265625,-0.13441613652846388,658.5802853732639
0.9994791666666667,21.298958333333335,13880.192708333334,0.22260597801341897,0.009399314058686378,0.48715087584857353,0.005548048536945385,11.448177083333333,0.7390570743874407,0.2080054651272869,0.24975293820711011,0.25386106936425606,5.4609375,218.64609375,0.0032302173467193425,37.44375,27029.2375,0.016975720986991398,68.50625,55377.334375,0.0264992939782495,2181.0,4343.0,13615.0,303.0,2786.0,6809.0,4.494140625,24.45625,26.25625,-0.1353798032289118,662.153332248264
0.9997395833333333,21.238541666666666,13935.021354166667,0.2220359427308378,0.009500967438078609,0.4820828941757629,0.005532310931666232,11.61171875,0.7589141203590171,0.20741415972054283,0.24926742177792027,0.25329159572493504,5.43359375,245.653125,0.0032214698170526497,37.3609375,27701.6125,0.01724079592123654,68.3359375,54925.903125,0.02687912943902452,2212.0,4352.0,13558.0,314.0,2781.0,6802.0,4.481640625,24.8765625,26.8671875,-0.13243062101802522,659.0863270399307
1.0,21.227604166666666,13946.938541666666,0.22210760675289493,0.009351371000637881,0.48620138206593805,0.005529461882434662,11.475260416666666,0.7573668326913169,0.2075137032197636,0.24919688361243747,0.2533939440258776,5.43125,245.7,0.003165604486856066,37.328125,27510.54375,0.016948323091401405,68.3125,55188.2875,0.02649748496500161,2240.0,4296.0,13555.0,305.0,2807.0,6779.0,4.48359375,24.546875,26.3703125,-0.13362657666822284,656.8034046766493
0.9997395833333333,21.285416666666666,13895.185416666667,0.22241913394071086,0.009508865742427102,0.48761484534812255,0.0055445211426586784,11.596875,0.738132524224332,0.2078690096584669,0.2494911798194805,0.25354758519091725,5.43671875,257.6390625,0.003260090113886514,37.378125,27267.709375,0.01719326150249615,68.5875,55072.846875,0.026819572496520405,2217.0,4347.0,13584.0,288.0,2817.0,6808.0,4.4703125,24.9,26.8,-0.13505652747104405,663.2253081597223
0.9994791666666667,21.266145833333333,13890.804166666667,0.2223945240172892,0.009355302957229583,0.4837748270994033,0.005539501389250673,11.589322916666667,0.7494550709020107,0.2078004225524026,0.24953005814208112,0.2536353957520438,5.467578125,239.60234375,0.0032257942784276418,37.4359375,27112.025,0.016851330965487445,68.290625,55274.390625,0.026377309664179484,2185.0,4291.0,13565.0,301.0,2766.0,6842.0,4.48671875,24.7828125,26.80625,-0.1328823513695769,660.5072913953993
0.9994791666666667,21.232291666666665,13847.2015625,0.22284007849298745,0.00944278090809204,0.48485054809008044,0.005530682903533906,11.421354166666667,0.7552126772310258,0.20830968414437753,0.24984497311770623,0.25395676126270816,5.444921875,191.69375,0.0032560902373028077,37.43125,27547.71875,0.01702541974719954,68.1828125,54768.715625,0.026606904752141475,2195.0,4269.0,13619.0,319.0,2719.0,6806.0,4.482421875,24.390625,26.2078125,-0.13588323109467573,658.0533322482639
1.0,21.236979166666668,13937.599479166667,0.22204632457021573,0.00948417270478,0.4846367642685068,0.005531903924633151,11.545052083333333,0.7522501532801962,0.20749155649910983,0.24907902066716195,0.25323270075769305,5.434765625,224.71875,0.0032436262984029906,37.3765625,27299.59375,0.017156105438097237,68.30625,55427.128125,0.026774425596970807,2161.0,4313.0,13594.0,318.0,2762.0,6814.0,4.473046875,24.675,26.703125,-0.13383151231090562,659.3802992078993
1.0,21.1546875,13943.10625,0.22213495693576232,0.009370181013523694,0.4822372305880774,0.005510468220890857,11.520572916666667,0.7412659723760987,0.20760514079008746,0.24916028862591738,0.25322888982830694,5.403125,239.71875,0.0031980674415250767,37.3765625,27750.1171875,0.016995807141521244,67.9390625,54949.6453125,0.026433009173520615,2165.0,4278.0,13616.0,297.0,2759.0,6753.0,4.468359375,24.609375,26.640625,-0.13633745346592424,656.3776342773438
1.0,21.211979166666666,13940.258854166666,0.2222032859679957,0.009647320338011247,0.47805874025931183,0.005525391812103846,11.627864583333333,0.7401969209615243,0.20767541432489423,0.24923015753866878,0.2532879009697284,5.467578125,275.65390625,0.0033275575359589123,37.3453125,27574.89375,0.01741416309043935,68.05625,54964.04375,0.027159528793792485,2197.0,4317.0,13580.0,324.0,2791.0,6719.0,4.497265625,24.8453125,26.9328125,-0.13164998863341923,653.2352731662326
0.9997395833333333,21.178125,13937.083333333334,0.22209385827946715,0.009622847764857287,0.48114674053667084,0.00551657332638708,11.563541666666667,0.7294525601298509,0.2075017943694355,0.24944632151346652,0.25310965068559443,5.400390625,254.6390625,0.003326477704997785,37.425,27327.440625,0.017414467859170023,68.0421875,55276.503125,0.027016707909982562,2178.0,4285.0,13626.0,299.0,2746.0,6784.0,4.43203125,24.853125,26.8,-0.13643892673003516,654.832333984375
0.9989583333333333,21.196354166666666,13906.780208333334,0.22184815816547396,0.009599358437353357,0.4818175282698139,0.005521321741773031,11.565885416666667,0.7606703196795832,0.20713757270559832,0.24928169161650854,0.25325696655394186,5.403515625,272.40390625,0.003279907466279533,37.325,27199.971875,0.017386284624645948,68.2390625,55151.09375,0.02709023613435606,2193.0,4311.0,13598.0,295.0,2777.0,6776.0,4.440625,24.8109375,26.821875,-0.13685556792584033,657.4088408745661
0.9997395833333333,21.265104166666667,13928.947395833333,0.2222480020720921,0.009479329871249926,0.48612690425954724,0.005539230051228619,11.473177083333333,0.7343309902275343,0.20762044204279512,0.24966425522761213,0.2533419890337601,5.461328125,224.675,0.0032693040362888545,37.678125,27826.55,0.01717398845822764,68.0671875,54848.434375,0.02662477462411651,2183.0,4253.0,13753.0,296.0,2765.0,6686.0,4.515234375,24.5140625,26.2640625,-0.13841131726664388,655.1802406141493
0.9994791666666667,21.169270833333332,13944.983333333334,0.22167482800275837,0.009582201959419034,0.48561905983823106,0.005514266953199618,11.600520833333333,0.7493418624677082,0.20700271110625595,0.24917976339351405,0.2528583601980122,5.408203125,200.6875,0.003241980914793411,37.428125,27597.4953125,0.01740784112312735,67.9546875,55269.6546875,0.027117446974213227,2219.0,4261.0,13560.0,282.0,2777.0,6775.0,4.465234375,24.865625,26.8765625,-0.13555688870366597,651.9552015516495
0.9994791666666667,21.289583333333333,13944.2640625,0.2218605063295402,0.009498165667510819,0.48466937938527227,0.005545606494746896,11.615625,0.7492905372345631,0.20712431338100093,0.24947417945069944,0.2531916050025383,5.448046875,260.565625,0.0032393483270189124,37.6,27838.984375,0.017256181009247685,68.3453125,54784.3375,0.026775419687741563,2165.0,4355.0,13696.0,301.0,2761.0,6770.0,4.50390625,24.8859375,26.7921875,-0.1369742205772957,660.8734331597224
0.9994791666666667,21.166666666666668,13942.701041666667,0.22175181594963805,0.00965688398672076,0.4820851113686911,0.005513588608144482,11.48125,0.7324557086614173,0.20718959134219245,0.24898775658353048,0.25276477374552836,5.44140625,200.68359375,0.003351862169899456,37.40625,27745.121875,0.017492000019801758,67.828125,55108.35,0.027041855220924976,2187.0,4263.0,13594.0,315.0,2791.0,6645.0,4.499609375,24.575,26.3140625,-0.13611583654243772,648.2180555555556
1.0,21.2765625,13903.207291666668,0.22275451135675825,0.009610929840471146,0.4875721534048673,0.005542214769471216,11.577604166666667,0.7462975202565421,0.20817784267024547,0.25008515252453956,0.2537305449350282,5.466015625,173.80859375,0.00331857112317869,37.6296875,28040.775,0.017425313721302443,68.165625,54683.234375,0.02696598082880967,2178.0,4335.0,13693.0,281.0,2822.0,6681.0,4.53125,24.7109375,26.6296875,-0.1366985204839867,658.7469506835938
0.9997395833333333,21.2703125,13900.013020833334,0.22254116365764343,0.009565551417190777,0.4870182188575099,0.005540586741338891,11.499479166666667,0.7309679473052719,0.20801179416318347,0.2497204082822309,0.2534793970108958,5.470703125,212.69921875,0.003325465264698009,37.640625,28238.465625,0.01735130654634325,68.0984375,54310.815625,0.026740140898009374,2196.0,4268.0,13713.0,286.0,2770.0,6705.0,4.52109375,24.5859375,26.3265625,-0.13689096353861824,656.610264485677
0.9997395833333333,21.255729166666665,13908.988020833332,0.22231685928415343,0.009604401194954277,0.4914911059993154,0.005536788009030129,11.501302083333334,0.7383303521109504,0.20779479537229636,0.24948366056207938,0.2532383136536558,5.45,173.76796875,0.0033213415726856994,37.5703125,27592.19375,0.017406733884784663,68.1640625,55166.6625,0.026934306994198198,2228.0,4221.0,13737.0,283.0,2774.0,6712.0,4.508984375,24.6453125,26.3265625,-0.13847640972792272,654.1002275933159
0.9997395833333333,21.311458333333334,13968.59375,0.22171074331321236,0.009648672108476208,0.485489598697144,0.0055513045932100375,11.678645833333333,0.7501832934161005,0.20703513826923686,0.24916700143653445,0.2529569053657924,5.503125,260.5609375,0.003328957296987714,37.7234375,28229.7375,0.017542019034008434,68.1328125,54539.58125,0.027034184428897955,2186.0,4273.0,13762.0,282.0,2809.0,6671.0,4.54296875,24.98125,26.91875,-0.13560692243194486,654.6785145399306
1.0,21.2234375,13940.806770833333,0.22216911589782937,0.009670659739933534,0.48110868151183994,0.0055283765303464445,11.473958333333334,0.7273061915629832,0.20758888927468072,0.24952351740073625,0.2531356208875171,5.46953125,233.7234375,0.0033773210074024953,37.45,27950.2359375,0.017494978342857636,68.0125,54759.7109375,0.027019696067133593,2168.0,4271.0,13661.0,301.0,2707.0,6764.0,4.499609375,24.540625,26.3046875,-0.13519220332633688,653.4943465169271
1.0,21.29375,13970.615625,0.22195603984333073,0.009554183144718549,0.48173042648387077,0.005546691846835114,11.513541666666667,0.7458663535857548,0.20732623625114535,0.24931264434361058,0.25311864971179227,5.492578125,302.61953125,0.0033105156203651295,37.5078125,27909.325,0.01729534894095821,68.284375,54703.890625,0.02678768744589257,2199.0,4281.0,13655.0,284.0,2788.0,6765.0,4.526171875,24.60625,26.3703125,-0.13260281752481662,659.4949609375
1.0,21.1609375,13964.652604166668,0.2218764369828787,0.009540961491258226,0.48393071044471037,0.005512096249023183,11.40703125,0.7475448571217603,0.20724539401456027,0.24934932125100281,0.25292772458802854,5.439453125,221.73359375,0.0032608571502221887,37.3484375,28038.578125,0.017379244871148097,67.859375,54862.403125,0.02682309547551251,2184.0,4265.0,13661.0,298.0,2697.0,6748.0,4.479296875,24.39375,26.13125,-0.1337019145353651,653.2657657877604
1.0,21.190104166666668,13995.580208333333,0.2214759687993619,0.00958868693973283,0.48527875606712634,0.005519693713640705,11.441145833333334,0.7453115398795624,0.20680668813792683,0.24890285617986602,0.2527262040645983,5.449609375,272.65,0.003286735972471267,37.3375,27666.9125,0.017402977622018097,68.0046875,55215.96875,0.026982200126493817,2182.0,4303.0,13601.0,292.0,2783.0,6723.0,4.477734375,24.4703125,26.265625,-0.1339527870943556,653.4206312391492
0.99921875,21.1078125,13952.119270833333,0.2213842160488859,0.009496105168137122,0.4786768433838038,0.005498258009898411,11.425260416666667,0.7589508229081847,0.20665187667325485,0.2490835128170311,0.2526142767832648,5.3953125,248.5203125,0.0032199106758889298,37.3546875,28092.71875,0.017344675757918086,67.7109375,54625.915625,0.026752312547348923,2246.0,4216.0,13656.0,288.0,2777.0,6653.0,4.445703125,24.4828125,26.2859375,-0.1363818649250742,649.7441056315105
0.9994791666666667,21.117708333333333,14021.990625,0.22083400537320935,0.00947721468842984,0.4759852364546184,0.005500835721107928,11.4140625,0.755956197898683,0.20603356195212932,0.248568074236211,0.25230171019452785,5.388671875,344.3546875,0.0031678409381061187,37.3125,28117.853125,0.017341568216539593,67.8390625,54636.671875,0.026850356161614963,2182.0,4332.0,13616.0,313.0,2740.0,6708.0,4.430078125,24.4671875,26.296875,-0.13540184760775797,651.9830197482639
0.9994791666666667,21.180208333333333,13949.116666666667,0.22145855510238258,0.009714632310235942,0.4775416740582177,0.005517116002431189,11.446614583333334,0.7350366399449171,0.20673403651596942,0.24899840254386846,0.2528167820065492,5.40703125,221.646875,0.003293572653776981,37.3640625,27722.359375,0.01767609991451257,68.0890625,55085.753125,0.027437403331795156,2185.0,4309.0,13692.0,324.0,2714.0,6759.0,4.45703125,24.58125,26.2703125,-0.13578580438112356,653.0284624565973
0.9997395833333333,21.240104166666665,13949.567708333334,0.22170215397799736,0.009625766821075937,0.4817581830169414,0.005532717938699314,11.51953125,0.7536352713273338,0.2069985142902831,0.24920323488642362,0.2530156318204283,5.4453125,209.71640625,0.0032631598056676258,37.4875,27819.33125,0.017513008333507295,68.171875,55039.209375,0.027188953370277817,2203.0,4295.0,13684.0,315.0,2752.0,6743.0,4.459375,24.675,26.6046875,-0.13498434047394803,657.8444333224827
0.9997395833333333,21.244791666666668,13945.6765625,0.22188153287600385,0.009628308936527217,0.4842661624350351,0.005533938959798559,11.547395833333333,0.7254474135817602,0.20721858910480181,0.24920395640335782,0.25321088443345785,5.435546875,233.6703125,0.003289516083808752,37.5234375,28166.78125,0.017510148804084275,68.203125,54572.596875,0.02710164047984403,2198.0,4270.0,13701.0,299.0,2803.0,6712.0,4.4625,24.7359375,26.6984375,-0.13648737056715468,657.7619520399305
0.9989583333333333,21.161979166666665,13929.6734375,0.221616175444838,0.009587661505087497,0.4825200922489373,0.005512367587045238,11.577083333333333,0.7490832123255642,0.20691960459167139,0.2490600210802682,0.25295861322207436,5.44609375,224.51953125,0.0032796230412480017,37.225,27527.93125,0.017377891459867022,67.9625,55152.03125,0.027029585405665947,2158.0,4354.0,13548.0,292.0,2748.0,6745.0,4.48515625,24.721875,26.8,-0.13398360193432998,651.7300127495658
1.0,21.09375,14030.846354166666,0.22109716324019704,0.009518981447187021,0.4812211817696808,0.005494594946600677,11.388541666666667,0.7460493827160494,0.20648118780213687,0.24843518202768095,0.25222304620495367,5.407421875,326.5984375,0.0032122126273080353,37.2140625,28366.796875,0.017316176798577117,67.71875,54511.8875,0.026948861375312872,2187.0,4344.0,13503.0,294.0,2755.0,6711.0,4.445703125,24.4,26.1484375,-0.13303538058710182,648.2781901041667
0.99921875,21.15625,13962.570833333333,0.2213443927880062,0.009605368501579285,0.4839654122694131,0.0055108752279239386,11.404947916666666,0.7476612506154604,0.20667719021500552,0.24877113324972483,0.2525864626182902,5.421875,269.45859375,0.0033169005774059492,37.3265625,27984.815625,0.017349943177311637,67.9234375,54712.775,0.027014665522540282,2167.0,4328.0,13548.0,315.0,2748.0,6739.0,4.466796875,24.4140625,26.1484375,-0.13599749189474294,653.1833984375
0.9994791666666667,21.076041666666665,13955.5625,0.22151787971164386,0.0094194674114464,0.4801510598808629,0.0054899822002257535,11.369010416666667,0.7238916621361142,0.2068743791618135,0.24889751153723044,0.2527122500853786,5.4234375,221.6359375,0.0032049922579022875,37.1046875,27935.765625,0.017079492134416792,67.6578125,54911.065625,0.026617343302652467,2205.0,4309.0,13466.0,306.0,2767.0,6677.0,4.466796875,24.29375,26.053125,-0.1331188083175583,648.4181759982639
1.0,21.226041666666667,13946.836458333333,0.22208970594469246,0.009669223318827328,0.4815230643911649,0.0055290548754015805,11.455729166666666,0.7319772292290327,0.20745796032051125,0.2494614320739359,0.25324496231217386,5.451953125,236.73125,0.0033090477152694655,37.3875,27425.33125,0.0175599877768986,68.1609375,55308.7625,0.027219161274987504,2192.0,4271.0,13609.0,320.0,2774.0,6753.0,4.4828125,24.5140625,26.2890625,-0.1339038591222073,654.5791134982638
0.9994791666666667,21.159375,13955.660416666668,0.2214580958769001,0.009636396431316396,0.47825951022356433,0.005511689241990102,11.426041666666666,0.7578398070201349,0.20673735354106704,0.24912062989971018,0.25267853119742245,5.44921875,299.4515625,0.003263023890918589,37.3640625,27863.996875,0.017601372606470565,67.7953125,54672.159375,0.02716491041775345,2209.0,4277.0,13650.0,300.0,2787.0,6635.0,4.47890625,24.459375,26.18125,-0.13407730697339934,648.551162109375
0.9994791666666667,21.214583333333334,13980.8046875,0.22132761273240179,0.009701023634513788,0.4807348714625063,0.005526070157158982,11.626302083333334,0.7513502896985171,0.20659881909175545,0.24895404355684092,0.25261635647054803,5.460546875,257.55,0.0033004143398780174,37.4796875,28089.63125,0.0176726527902116,67.965625,54764.996875,0.027331831657359064,2216.0,4298.0,13614.0,300.0,2776.0,6699.0,4.491015625,24.928125,26.865625,-0.133212524304422,653.7794748263889
1.0,21.127083333333335,13982.207291666668,0.22156957463261887,0.0095951503438191,0.4867076652636182,0.005503277763306416,11.584635416666666,0.7439601617197515,0.20694949235077473,0.24893609145687456,0.2526833869357396,5.42578125,242.7015625,0.0032651973868557263,37.365625,28066.9125,0.017477787885876707,67.69375,54855.525,0.02703232462961499,2226.0,4243.0,13586.0,305.0,2762.0,6655.0,4.480859375,24.7984375,26.7859375,-0.13542945886869054,647.3661414930556
0.9997395833333333,21.1921875,13949.694791666667,0.22173711180797168,0.009607139648342837,0.4804412414120474,0.0055202363896848135,11.421354166666667,0.7421661874216618,0.2070081478441595,0.24926348944912302,0.2531265900220688,5.440625,224.678125,0.0032495977661439247,37.4078125,27853.8375,0.017488689982964076,67.9828125,54945.61875,0.027155756842517243,2221.0,4289.0,13609.0,311.0,2748.0,6734.0,4.475,24.440625,26.1875,-0.13237885049075668,652.3609806315104
1.0,21.1828125,14000.998958333334,0.22136155962110296,0.009582329837574581,0.4867294550998951,0.005517794347486325,11.571875,0.7436994418627523,0.20665821810069077,0.24887008093382076,0.25266640439003385,5.402734375,269.7046875,0.003265414855492295,37.371875,28451.715625,0.017439905428133822,68.1140625,54475.459375,0.02699241417534448,2215.0,4384.0,13553.0,300.0,2770.0,6713.0,4.433203125,24.9140625,26.784375,-0.13785669966542693,654.2379337565105
1.0,21.168229166666666,13914.7828125,0.22236087001049143,0.009525875639750776,0.48835284630158016,0.005513995615177563,11.42421875,0.7549639544324976,0.20777148687829322,0.24954752047255174,0.25353175207722417,5.46171875,203.74609375,0.0032668052672854366,37.2453125,27244.940625,0.017286578962378167,67.9171875,55428.771875,0.026801453806984742,2193.0,4308.0,13551.0,287.0,2809.0,6665.0,4.479296875,24.421875,26.20625,-0.13363196058390217,649.7493031141494
0.9997395833333333,21.169791666666665,13930.065104166666,0.22206900240582808,0.00966723283569555,0.48753400928330504,0.005514402622210645,11.609375,0.745731437287802,0.20757637663380177,0.2492075027981448,0.2529010051016166,5.423828125,200.6953125,0.0033322823846622628,37.3359375,27727.7625,0.017543171993371458,67.9875,55049.846875,0.027131095482152794,2182.0,4295.0,13602.0,292.0,2759.0,6711.0,4.476953125,24.9046875,26.84375,-0.13770467417222385,649.5992957899306
1.0,21.246875,13928.607291666667,0.22230167010968654,0.00939854617468148,0.48800620416080837,0.0055344816358426675,11.5671875,0.75383634848262,0.2077397781729265,0.24943822629761497,0.25341268166879816,5.45625,218.75,0.0032244779336384694,37.43125,27684.096875,0.017018180453860145,68.225,55012.546875,0.026475184859674872,2244.0,4302.0,13536.0,309.0,2783.0,6753.0,4.491015625,24.7234375,26.715625,-0.135123309090341,655.9760319010416
1.0,21.211458333333333,13879.127604166666,0.22291177844207155,0.00947802693154325,0.49133049384503596,0.005525256143092819,11.597395833333334,0.746132691646614,0.208468868609223,0.24975810807709548,0.2538370881384419,5.4875,185.79375,0.0032597107055978235,37.246875,27065.221875,0.017144494328953874,68.071875,55466.36875,0.026684824437914322,2202.0,4295.0,13449.0,285.0,2751.0,6808.0,4.54296875,24.6984375,26.7140625,-0.1328676721276333,652.8886187065972
1.0,21.110416666666666,13936.509375,0.2220869726629058,0.009339053435168882,0.48541899716069803,0.005498936354953547,11.530208333333333,0.7449916115661699,0.20761034746284807,0.24904148667378695,0.25303895945225546,5.4546875,197.77890625,0.0031611437188186335,37.0921875,27935.9,0.016916521508821288,67.7515625,54892.040625,0.026473224226917468,2189.0,4324.0,13387.0,291.0,2755.0,6770.0,4.5,24.6046875,26.5765625,-0.13115941798327146,642.9643706597222
1.0,21.1328125,13892.207291666668,0.22262155031807926,0.009377059132600457,0.47861637522128275,0.0055047701224277155,11.49609375,0.7523105360443623,0.2081790452046596,0.2494312311402802,0.2535818899495569,5.3921875,227.73359375,0.0031520076166491095,37.2828125,27188.7875,0.017062821715219046,67.9453125,55253.521875,0.026591502613787267,2226.0,4257.0,13552.0,306.0,2790.0,6748.0,4.443359375,24.65625,26.546875,-0.13303273201569762,651.196944173177
0.99921875,21.153645833333332,13851.2765625,0.22236003411761807,0.009338576375948553,0.48271837267955375,0.0055101968828688026,11.6125,0.7480487504616521,0.20794918968138582,0.24923388864814733,0.2531295573320177,5.427734375,179.6734375,0.003162482197727394,37.3265625,28037.934375,0.016992690642154407,67.884375,54351.03125,0.026388838822627325,2203.0,4272.0,13537.0,311.0,2736.0,6768.0,4.4671875,24.89375,26.9125,-0.13335016727191767,648.6102471245661
0.9994791666666667,21.171875,13902.625,0.2221822591972869,0.00969153935593475,0.48253758145031317,0.005514945298254754,11.434635416666667,0.7495694956949569,0.20777818117832858,0.24896997501204562,0.25301085545836155,5.4625,209.6421875,0.0033041609755651005,37.209375,27352.634375,0.01758055559890697,67.971875,55224.546875,0.027352036634441124,2231.0,4249.0,13535.0,294.0,2782.0,6749.0,4.484375,24.4734375,26.196875,-0.1307476159255125,650.0465006510417
0.9997395833333333,21.205729166666668,13923.992708333333,0.22204555712590993,0.009476304115227374,0.4788689011732143,0.005523763783971521,11.491145833333333,0.7543902738548447,0.20755841924815677,0.2492671065404767,0.25277255922235575,5.452734375,221.7015625,0.0032046135707200565,37.4140625,27807.125,0.01728241775954049,68.009375,54850.025,0.02675695264894352,2246.0,4239.0,13638.0,319.0,2746.0,6745.0,4.46171875,24.6375,26.4625,-0.13259922489988346,650.7081963433159
1.0,21.1078125,13921.975520833334,0.22236120072950838,0.009585284466276997,0.48232287487530634,0.005498258009898411,11.5828125,0.7499938312729785,0.2080278322061902,0.24907921537929728,0.25297666017299236,5.42109375,245.72421875,0.003286480643503674,37.1,27039.553125,0.017371315240628495,67.8625,55509.403125,0.026994468983018806,2211.0,4298.0,13504.0,300.0,2743.0,6738.0,4.45078125,24.871875,26.821875,-0.13342467476192169,646.265459798177
0.99921875,21.071354166666666,13944.1640625,0.22142646258261411,0.009476655012644754,0.4789579751951654,0.005488761179126509,11.427604166666667,0.7428380749932026,0.206943487803191,0.24856851751068607,0.2522163067722347,5.4,269.478125,0.0031895471036980753,37.190625,27994.9484375,0.017290120021053595,67.6375,54592.1234375,0.026811621640022626,2216.0,4283.0,13505.0,302.0,2805.0,6645.0,4.43125,24.5359375,26.3046875,-0.1335769602984245,641.5204294162327
1.0,21.094270833333333,13923.971354166666,0.22228423641106493,0.008986007939223781,0.47832687128468987,0.005494730615611705,11.37734375,0.7531418977309202,0.20783517152261166,0.24917790560925837,0.2531868267666845,5.38203125,254.703125,0.00299878934981745,37.2734375,27656.865625,0.016393529435872453,67.7640625,54868.15,0.025527360800200443,2230.0,4219.0,13571.0,308.0,2791.0,6670.0,4.436328125,24.3953125,26.1234375,-0.13688190663587155,648.915071343316
1.0,21.153645833333332,13926.652604166668,0.22221486907225702,0.00924718460529392,0.4807846771037856,0.0055101968828688026,11.412239583333333,0.745488120152653,0.20773740799662344,0.2492322708774684,0.25310731156957994,5.422265625,197.80625,0.0031010795786370927,37.4140625,28459.5953125,0.016858595892656234,67.81875,54309.0953125,0.026220193424558925,2190.0,4290.0,13600.0,336.0,2781.0,6656.0,4.465625,24.440625,26.1703125,-0.1349354199723837,646.8696221245661
0.9994791666666667,21.1640625,13930.114583333334,0.2217643312103778,0.009272083873752161,0.4804307865008768,0.0055129102630893465,11.419270833333334,0.7603051556539928,0.20720138430352142,0.24882122759234546,0.2529592224558358,5.400390625,248.58984375,0.003102915547347027,37.36875,28196.725,0.016891580261556814,68.0140625,54389.603125,0.026329260791568054,2202.0,4330.0,13571.0,307.0,2814.0,6712.0,4.4296875,24.5265625,26.2703125,-0.13322807649377055,651.0433959960938
0.9994791666666667,21.254166666666666,13866.918229166668,0.22261557570933463,0.009246253660047585,0.4845867761069625,0.0055363810019970474,11.49140625,0.7492158400313664,0.20806674021265908,0.24984558754905453,0.253580905856317,5.4734375,179.72890625,0.0031472628561247584,37.525,28150.5703125,0.016887311198579176,68.10625,54332.0234375,0.026001159337207303,2175.0,4415.0,13609.0,307.0,2751.0,6692.0,4.517578125,24.5890625,26.2890625,-0.13541746210582997,652.3843576388889
1.0,21.194270833333334,13953.714583333332,0.22188018335771312,0.008998844668211726,0.4807426197008828,0.005520779065728922,11.420572916666666,0.7499324208094759,0.2073153476008966,0.24913463333296787,0.25288507640972446,5.42578125,209.75234375,0.002983480514542877,37.4765625,27801.296875,0.016503450255021222,67.9859375,55081.98125,0.02555569569607763,2191.0,4323.0,13634.0,314.0,2745.0,6721.0,4.446484375,24.49375,26.24375,-0.1341526346235271,652.1909046766493
0.9997395833333333,21.152083333333334,13969.860416666666,0.221633903834245,0.009175915229797844,0.4829796492711723,0.005509789875835721,11.44765625,0.7253521126760564,0.20710001275548975,0.24877119497344066,0.2526321770100703,5.45234375,263.62421875,0.0030981198848532418,37.371875,28484.4,0.01671811080890128,67.73125,54280.265625,0.02594490103047281,2179.0,4290.0,13579.0,312.0,2775.0,6643.0,4.46875,24.46875,26.3421875,-0.1341040994371618,645.4456206597222
0.9994791666666667,21.253645833333334,13925.322395833333,0.22181246249356965,0.009279557805653604,0.48597605364657687,0.00553624533298602,11.61796875,0.7425441713431519,0.2072243024462765,0.2490090442219584,0.2529685209543535,5.439453125,233.59296875,0.003114478044211133,37.5171875,27868.29375,0.016924629431851582,68.246875,54749.26875,0.026294805225225502,2187.0,4268.0,13683.0,323.0,2785.0,6733.0,4.501171875,24.865625,26.8375,-0.13491113957246348,654.8393096245659
0.9997395833333333,21.1734375,13966.678125,0.22163332240705733,0.009378725972341557,0.48636477068037764,0.005515352305287835,11.443229166666667,0.7434383686320812,0.20706855541154287,0.24881472836939444,0.252710984426778,5.425,284.59921875,0.0031702914799685454,37.3875,28065.23125,0.017109797764523794,67.953125,54596.440625,0.026481392149651374,2235.0,4170.0,13669.0,305.0,2836.0,6670.0,4.444140625,24.5296875,26.353125,-0.13371809059346396,650.245440266927
0.9997395833333333,21.316666666666666,13957.653125,0.22175103287796116,0.00916281396432721,0.48568821069226054,0.0055526612833203095,11.465885416666667,0.7306978107896794,0.20708926893977847,0.2490861842911558,0.2530629372174974,5.447265625,266.609375,0.0030847101308439434,37.6484375,27692.178125,0.01672949841608387,68.4625,54987.303125,0.025908544846503616,2191.0,4361.0,13688.0,308.0,2812.0,6741.0,4.487109375,24.5484375,26.2984375,-0.13733086008977233,659.500763888889
1.0,21.3375,13947.503645833332,0.2221683244124673,0.00936880728645057,0.4852011445537129,0.0055580880437613965,11.634635416666667,0.7536613942589337,0.20753699504979348,0.24948807850796068,0.2533738877676692,5.458203125,248.75390625,0.003168756116988121,37.73125,27818.815625,0.017126131087328876,68.4609375,54871.190625,0.026411688163422063,2215.0,4313.0,13764.0,311.0,2844.0,6668.0,4.49453125,24.9328125,26.896875,-0.1385874416005121,659.9147395833332
0.9997395833333333,21.390104166666667,13951.539583333333,0.22190649417694316,0.00954012173432441,0.4810958556569188,0.005571790613875141,11.48984375,0.7413620979327473,0.2071532464090156,0.24943167655170634,0.25339430287389036,5.483203125,269.60546875,0.003217770082803379,37.8515625,27908.8,0.01741548656697765,68.55625,54722.015625,0.026954163507755285,2223.0,4283.0,13803.0,307.0,2808.0,6745.0,4.50234375,24.5796875,26.35,-0.13692805105891662,661.6103187391493
1.0,21.426041666666666,13893.972916666668,0.2226699964731464,0.009584006687793847,0.48749490365484205,0.005581151775636017,11.658072916666667,0.7494530604307453,0.2080566103650165,0.24989966243029915,0.25389387494851323,5.45859375,227.70625,0.0032558187299488394,37.9734375,28427.203125,0.017447662605566117,68.7484375,54025.809375,0.027033102601401605,2201.0,4346.0,13821.0,304.0,2838.0,6724.0,4.496875,24.9859375,26.975,-0.14053597303191864,667.4851551649306
0.9989583333333333,21.363020833333334,13910.175520833332,0.22170668411710814,0.009376775287377683,0.48940468647144064,0.0055647358253017275,11.626041666666667,0.7480313040934247,0.20697493684809398,0.24915549022699457,0.25318486708327864,5.43203125,221.496875,0.0031391267767777857,37.803125,27867.54375,0.017126251006407297,68.646875,54707.521875,0.02657789361074766,2177.0,4318.0,13778.0,285.0,2831.0,6786.0,4.490625,24.896875,26.896875,-0.13845477839844786,665.171340874566
0.9997395833333333,21.408854166666668,13935.696354166666,0.2220579329391798,0.00952309523131136,0.49088790290324075,0.005576674698272119,11.644010416666667,0.7483274540810121,0.207383932925398,0.24934638017834568,0.2534654857551414,5.42578125,257.62265625,0.0031922419122899755,37.86875,28075.1875,0.0174342996876654,68.88125,54508.5,0.026935304051042858,2226.0,4353.0,13793.0,294.0,2864.0,6743.0,4.46875,25.003125,26.9859375,-0.14094038024154187,668.9057549370659
0.99921875,21.4015625,13943.8234375,0.22148776590241678,0.009492648367251706,0.48548863001516873,0.005574775332117739,11.65234375,0.7409895110851524,0.2066591053312176,0.24915996799054016,0.2531302060990902,5.4109375,293.43515625,0.0031762143053090065,37.84375,27662.54375,0.017345484223915165,68.921875,54826.65625,0.026905548758359054,2230.0,4245.0,13934.0,281.0,2845.0,6789.0,4.45703125,25.05,27.0359375,-0.139416145318035,671.5897892252603
0.9997395833333333,21.352604166666666,13950.361458333333,0.22174582175522606,0.009682270110403823,0.4825358541861745,0.005562022445081184,11.645052083333333,0.746859526306803,0.20702978019398555,0.24918826531034416,0.25316754444506995,5.41640625,248.6703125,0.0032592126785003033,37.7625,27847.00625,0.017695618017117293,68.6875,54860.48125,0.02736115193130443,2211.0,4317.0,13806.0,306.0,2830.0,6781.0,4.425390625,25.1078125,27.0609375,-0.13659038493400918,664.700149468316
1.0,21.416666666666668,13886.294270833334,0.22278028042121775,0.009431181924864218,0.48875459184298536,0.005578709733437527,11.660416666666666,0.7362110894941635,0.20809916691625788,0.25015401907692086,0.25413099578535425,5.427734375,170.8078125,0.0031546954328291244,37.9578125,28395.11875,0.01725764712617899,68.83125,54239.415625,0.026710662691689823,2188.0,4341.0,13863.0,292.0,2863.0,6759.0,4.468359375,25.0625,27.0265625,-0.1389688368906877,670.1440972222222
0.9994791666666667,21.266145833333333,13964.77734375,0.22149857261641587,0.009159116205049604,0.4786469584782201,0.005539501389250673,11.402864583333333,0.7626313340354143,0.2066765122866146,0.24906447750860092,0.25322090904343597,5.363671875,296.4921875,0.0030197199771597205,37.55625,27718.696875,0.016795430227761324,68.5859375,54883.9984375,0.026080387093897418,2171.0,4394.0,13702.0,306.0,2797.0,6822.0,4.41640625,24.496875,26.2546875,-0.13720890012166537,665.480208062066
0.9997395833333333,21.2609375,13899.1703125,0.2224610905762469,0.009223929629071644,0.4851599825123412,0.005538144699140401,11.4859375,0.7502265990544082,0.20778223363643783,0.24970117096634964,0.25393643794538023,5.3734375,242.66953125,0.0030771328815629366,37.6359375,27517.65,0.016860420950537608,68.4359375,54906.69375,0.02617462529764051,2230.0,4228.0,13805.0,299.0,2820.0,6761.0,4.416015625,24.6890625,26.5625,-0.1371355100357784,667.1777449544272
1.0,21.298958333333335,13936.90625,0.22216101161424587,0.00923929223399037,0.4802062574898636,0.005548048536945385,11.449739583333333,0.7287132586687534,0.20746462802800014,0.24929181758633776,0.25381573998713675,5.434375,257.6328125,0.003071335919535429,37.41875,27117.246875,0.01679167208201729,68.6375,55473.659375,0.026358737643783225,2211.0,4335.0,13654.0,304.0,2833.0,6819.0,4.46875,24.5265625,26.296875,-0.1315978123647283,663.6397905815973
0.9994791666666667,21.2921875,13961.976041666667,0.22153753409146512,0.00916663199362516,0.4834448018602396,0.005546284839802032,11.407291666666667,0.7490032044225924,0.2067294636383346,0.2490160016419558,0.2532913483534966,5.40390625,275.52890625,0.0029965964091555903,37.6953125,27555.7875,0.016807126982404923,68.4421875,55113.953125,0.026206279342723675,2213.0,4334.0,13720.0,312.0,2813.0,6753.0,4.459375,24.409375,26.196875,-0.13510592624073797,665.0797306315104
0.9997395833333333,21.3609375,13947.286458333334,0.2217979395831781,0.00936698761463233,0.4788727489774486,0.0055641931492576195,11.614583333333334,0.7408626533050496,0.20705736489060875,0.24912525611825753,0.25343292181837584,5.478515625,278.5765625,0.0030940409983162215,37.6515625,27883.1,0.017131063793788332,68.6,54686.3125,0.026694697900740767,2220.0,4315.0,13756.0,317.0,2799.0,6784.0,4.508984375,24.8109375,26.840625,-0.13216152405309106,664.3473282877603
1.0,21.291666666666668,13937.774479166666,0.2221783782856458,0.009261585204788947,0.48079120016988713,0.005546149170791005,11.417447916666667,0.7410225048923679,0.20746717163100908,0.24937739409865634,0.25382418909118193,5.44609375,263.67109375,0.0030809769546480464,37.421875,27084.9765625,0.016886765396882525,68.54375,55486.9859375,0.02635883801325898,2172.0,4298.0,13674.0,299.0,2813.0,6818.0,4.479296875,24.3421875,26.2453125,-0.13226227364234644,665.0914930555556
1.0,21.369270833333335,13913.227604166666,0.22247857633154103,0.009105102314674695,0.48326581684983877,0.005566363853434054,11.57890625,0.7354066635794194,0.20777414165036684,0.24971123459657765,0.2540636567912011,5.45625,218.725,0.0030229853815041683,37.6015625,27509.45,0.0165970237425783,68.7890625,55095.015625,0.025941648619453188,2194.0,4287.0,13760.0,318.0,2728.0,6922.0,4.49375,24.75625,26.7421875,-0.1332783108771956,670.1875973849826
0.9997395833333333,21.250520833333333,13932.661979166667,0.22206587646610404,0.008957696253619895,0.48624839329146635,0.005535431318919858,11.406510416666666,0.7553491335996667,0.20744484132820232,0.24924916815049256,0.2533667253333224,5.45546875,254.6125,0.0029743586225812807,37.3328125,28066.9109375,0.016334043010600343,68.3484375,54510.6109375,0.025514700020793906,2199.0,4328.0,13592.0,290.0,2818.0,6773.0,4.485546875,24.3296875,26.1671875,-0.13194630069882318,659.7700518120661
1.0,21.234895833333333,13964.228385416667,0.2219875732720569,0.0090745668712095,0.4793379910343229,0.005531361248589042,11.4,0.7323097299551151,0.20729902480035803,0.24931233728494423,0.2534170031459652,5.433203125,221.78203125,0.002986735636726751,37.403125,28197.8890625,0.016575273962764238,68.2734375,54700.353125,0.02592518471758577,2238.0,4258.0,13702.0,317.0,2784.0,6759.0,4.46328125,24.3703125,26.1765625,-0.13335875167433447,659.1755531141494
1.0,21.2484375,13907.134895833333,0.22241182578788585,0.009018441766315709,0.4861276399714872,0.005534888642875749,11.44296875,0.7460597592960266,0.20786256036707823,0.2495584378400984,0.25346227541890354,5.484765625,197.784375,0.0030392858486295317,37.53125,28166.553125,0.016471654689704195,68.0203125,54485.11875,0.02548185251367193,2167.0,4301.0,13650.0,303.0,2794.0,6681.0,4.526171875,24.3703125,26.1828125,-0.1353013026670021,654.6648413085937
0.9997395833333333,21.1578125,13942.236458333333,0.2218311346517286,0.009238318159298483,0.4796724795032909,0.00551128223495702,11.401822916666667,0.7326391453117692,0.20716522674352983,0.249265318700762,0.2530605822354902,5.448828125,254.646875,0.0030683534432813663,37.3890625,27917.1625,0.016924450337852604,67.7625,54717.66875,0.026232044844812834,2237.0,4212.0,13657.0,306.0,2796.0,6626.0,4.49765625,24.3171875,26.103125,-0.1344965800226359,650.7761368815104
0.9997395833333333,21.259375,13923.508333333333,0.2222463974113672,0.009219205602116743,0.48557918054172,0.005537737692107319,11.53671875,0.7401881522857563,0.2076502633593571,0.2494949094323946,0.2533824215983802,5.494921875,245.621875,0.0031319428877393542,37.5171875,27802.39375,0.01676376260113053,68.059375,54756.16875,0.02602369946061251,2211.0,4272.0,13650.0,307.0,2827.0,6642.0,4.51953125,24.5875,26.5546875,-0.133862718453063,655.3327246093748
0.9994791666666667,21.135416666666668,13963.871354166668,0.22143702650218977,0.009297441086774418,0.4828166638179322,0.0055054484674828515,11.543229166666666,0.7386890093642188,0.20672122762921313,0.24896906915356293,0.2527681793427233,5.417578125,263.54296875,0.0031331171321602853,37.2140625,27401.075,0.016965020860099815,67.928125,55327.98125,0.026287157131905547,2205.0,4278.0,13579.0,288.0,2805.0,6690.0,4.45078125,24.74375,26.7125,-0.1347349387794118,652.2702039930555
1.0,21.142708333333335,13991.884895833333,0.22162554293224818,0.00936816961647088,0.4795884785735839,0.005507347833637232,11.519791666666666,0.7465635315563877,0.206940925371114,0.2491132402363498,0.25287631587268333,5.410546875,293.62265625,0.0031325545173198203,37.4015625,27797.784375,0.017168915557915658,67.8125,54979.034375,0.02650988407163034,2198.0,4299.0,13620.0,314.0,2787.0,6682.0,4.43203125,24.7171875,26.6734375,-0.13244367896100034,651.0009884982641
1.0,21.069270833333334,14021.8875,0.22124918505827731,0.009332021772736796,0.47636548263086226,0.0054882185030824,11.52421875,0.7544310681531654,0.20662124555906933,0.24858066894859415,0.25242945916479237,5.38359375,317.61796875,0.003127472327948273,37.228125,28312.284375,0.017052352768885844,67.653125,54548.56875,0.026429888555741847,2200.0,4330.0,13496.0,289.0,2770.0,6721.0,4.4234375,24.71875,26.7328125,-0.1330935235841754,649.608743218316
0.9994791666666667,21.2125,13957.147395833334,0.22151593526923846,0.009233106773481796,0.4806529829236846,0.005525527481114873,11.41640625,0.7413572971911215,0.20684587586365724,0.24897480097261115,0.25273730718819054,5.460546875,260.53984375,0.0030890749423293346,37.4828125,28301.603125,0.01688526826916561,67.95,54399.121875,0.026157072602407815,2194.0,4320.0,13654.0,326.0,2788.0,6666.0,4.462109375,24.446875,26.203125,-0.13062792672105994,653.0605729166666
0.9997395833333333,21.172395833333333,13985.878645833332,0.22137824942578313,0.009562430952623888,0.47826886030387394,0.005515080967265781,11.574739583333333,0.7545447836461587,0.20667547866715727,0.24893006903234874,0.25263751285372066,5.388671875,293.57578125,0.003195191628531757,37.4203125,27808.15,0.01749570071890713,68.059375,54932.81875,0.027098118482709165,2238.0,4240.0,13664.0,317.0,2767.0,6750.0,4.4390625,24.8421875,26.85,-0.13480967366794552,655.3890296766494
1.0,21.3828125,13921.377083333333,0.222309968446349,0.009633709281879439,0.48154917431833716,0.005569891247720761,11.6609375,0.7561076604554865,0.20765120543021043,0.24959262870117166,0.2536623602560806,5.46171875,218.753125,0.0032735817277883177,37.69375,27550.740625,0.01749141494236024,68.75625,55102.509375,0.027216513837763127,2200.0,4321.0,13724.0,312.0,2815.0,6818.0,4.494140625,24.959375,27.0296875,-0.1350001797709795,666.7961629231771
0.9989583333333333,21.3453125,13904.608333333334,0.2216171594064934,0.009455829661716571,0.4869870295488778,0.005560123078926804,11.614322916666667,0.7532879486616402,0.20684923943155745,0.2491028478069918,0.2532031509057389,5.438671875,242.4515625,0.0031361439723441645,37.615625,27702.2828125,0.017268266151777158,68.7015625,54755.5609375,0.026922135929145618,2234.0,4293.0,13719.0,302.0,2792.0,6863.0,4.47421875,24.8546875,26.934375,-0.13366271138099997,666.4302384440105
1.0,21.3671875,13946.963541666666,0.22212314495787502,0.009631909729887405,0.4836871240475756,0.005565821177389945,11.645833333333334,0.7474954296160877,0.2075506649672227,0.24920950862948105,0.2533267012488782,5.505078125,296.61484375,0.003299259021459714,37.6703125,27915.490625,0.017445240735637847,68.5125,54579.83125,0.027149181557847728,2192.0,4350.0,13650.0,302.0,2769.0,6825.0,4.52421875,24.8484375,26.9296875,-0.1331076221416095,661.1073608398438
0.9994791666666667,21.265104166666667,13957.403125,0.22149677004018933,0.00927507811801914,0.47607666249484015,0.005539230051228619,11.4484375,0.7523818854245756,0.20673629805263052,0.24906570241017517,0.25296972562043835,5.4375,290.5109375,0.003108463845103256,37.546875,27667.775,0.01693396480329703,68.29375,54914.6,0.026282648524404772,2212.0,4331.0,13677.0,315.0,2771.0,6762.0,4.466015625,24.5359375,26.290625,-0.13350149572334385,658.7599281141494
1.0,21.156770833333333,14022.697916666666,0.22133722919017693,0.008986482889924922,0.4796780523253812,0.005511010896934966,11.589583333333334,0.742620811895325,0.206693965015135,0.24871358720382536,0.25253392787669615,5.41328125,317.5765625,0.0029807317444883004,37.3375,28260.79375,0.01643901273075359,67.95,54605.0875,0.02555695763084274,2238.0,4276.0,13624.0,299.0,2801.0,6699.0,4.44140625,24.86875,26.903125,-0.13253100998566295,652.5608395724828
1.0,21.225,13949.500520833333,0.221982868220272,0.009143010645165034,0.4817809116851132,0.005528783537379526,11.57890625,0.7558647428347075,0.20738870078402777,0.24917005482812274,0.2531723513573982,5.415625,269.69765625,0.003057706499355671,37.4203125,27315.00625,0.016680991011486606,68.2671875,55303.20625,0.025946246862080906,2210.0,4339.0,13628.0,300.0,2820.0,6701.0,4.448828125,24.840625,26.8375,-0.1366756614684824,658.6071875
1.0,21.2515625,13953.438541666666,0.22205789250576285,0.009174336768117712,0.48205330074847175,0.005535702656941912,11.42578125,0.7482538048672892,0.20747681091738884,0.24929659209622165,0.25314351926880013,5.4640625,251.715625,0.003057369210578825,37.5203125,28293.084375,0.016788464491719567,68.1328125,54420.684375,0.026028079274671396,2202.0,4292.0,13683.0,301.0,2761.0,6727.0,4.512109375,24.3671875,26.1390625,-0.1355235169928154,655.6512996419272
1.0,21.284895833333334,13940.257291666667,0.22211648711360396,0.009125726742617008,0.4858893830787911,0.005544385473647651,11.54453125,0.7512663028849683,0.20744710375532183,0.24942799797584803,0.25348250968448827,5.418359375,263.68671875,0.0030452244260803065,37.5265625,27461.55625,0.016609159327844385,68.509375,55125.240625,0.02596430342353645,2198.0,4268.0,13669.0,308.0,2801.0,6829.0,4.450390625,24.684375,26.78125,-0.135207504681205,665.8063343641493
1.0,21.249479166666667,14013.922916666666,0.2213679432649599,0.00915882046603935,0.4798338101574116,0.0055351599808978035,11.411197916666667,0.7359494105247678,0.20668140829880324,0.24880141631208694,0.25268061008245957,5.37578125,299.65859375,0.00303993001652078,37.6328125,28333.4546875,0.01674475795365204,68.3609375,54551.4484375,0.02604844477650093,2222.0,4257.0,13782.0,317.0,2815.0,6736.0,4.410546875,24.515625,26.309375,-0.1364911790725953,662.1882809787327
1.0,21.276041666666668,14018.720833333333,0.22131179600074588,0.009124360394284688,0.48475494054530865,0.005542079100460189,11.59921875,0.7597552019583843,0.20656113539793813,0.24895167189656617,0.2526745625161565,5.34453125,317.62421875,0.0030019767007633978,37.7203125,27673.153125,0.016764522534445235,68.5578125,55168.675,0.025973733028209288,2228.0,4279.0,13837.0,310.0,2839.0,6719.0,4.39375,25.0328125,26.9875,-0.14100816111285724,665.6545301649305
0.9994791666666667,21.329166666666666,13942.930989583334,0.2217734587206275,0.008983519783047829,0.4835486589296386,0.005555917339584961,11.628645833333334,0.7514651299081851,0.20702235370614552,0.24927365791425588,0.2532776795849271,5.4046875,284.51640625,0.002990478449957902,37.6609375,27723.396875,0.016367385716943295,68.6953125,54796.1234375,0.025571819181512072,2195.0,4309.0,13806.0,328.0,2805.0,6790.0,4.445703125,25.009375,26.9796875,-0.13656135934391947,667.9739409722222
0.9997395833333333,21.180208333333333,13952.527604166668,0.22165727556592843,0.009286298502822924,0.4753809779791924,0.005517116002431189,11.575,0.7477253725470909,0.20703029196684836,0.24901303466564134,0.2528094508625357,5.406640625,290.54296875,0.003137523100437428,37.3484375,27242.884375,0.016897279079307326,68.10625,55310.109375,0.026270419535880506,2206.0,4278.0,13646.0,306.0,2830.0,6720.0,4.438671875,24.8140625,26.88125,-0.13134729575631632,655.4378374565972
1.0,21.226041666666667,13963.267708333333,0.22190386538160195,0.009147394724837622,0.48392302595648606,0.0055290548754015805,11.405729166666667,0.731780929479315,0.20731662803891365,0.2490985907104119,0.2530580894235451,5.408203125,263.6765625,0.003059938525346108,37.4375,27636.284375,0.01667155704797416,68.2859375,55088.615625,0.025973057199667148,2208.0,4257.0,13698.0,301.0,2810.0,6748.0,4.448046875,24.41875,26.2234375,-0.1362289758617382,660.3025509982639
0.9997395833333333,21.174479166666668,13973.860416666666,0.22151210728051218,0.009120088872162683,0.48220241052883084,0.00551562364330989,11.401302083333333,0.7459599065305621,0.20689566027628029,0.24879535222362956,0.2526946503543225,5.380078125,332.50546875,0.0030566654597214437,37.440625,27795.659375,0.016636193946737838,68.0859375,54717.48125,0.02585767744735249,2245.0,4259.0,13641.0,311.0,2758.0,6744.0,4.42890625,24.471875,26.2203125,-0.1370782379415417,657.8794528537327
1.0,21.3015625,13937.019791666668,0.2222370168197273,0.009245511352036436,0.48065904565695544,0.005548726882000521,11.52265625,0.7477199931538668,0.20759931195837877,0.2496453417358752,0.25337951134897346,5.433203125,254.684375,0.003113746422189402,37.68125,28051.778125,0.016881595138140942,68.3953125,54551.603125,0.02613648728532006,2234.0,4293.0,13739.0,308.0,2808.0,6718.0,4.487890625,24.66875,26.515625,-0.13774563943723248,663.2080183919271
0.9994791666666667,21.184375,13950.591666666667,0.22154259304474494,0.009183948693892005,0.4796354441215991,0.005518201354519406,11.400260416666667,0.7524462801789841,0.20691602880969642,0.24891236811799633,0.25267907491168773,5.44296875,257.540625,0.003089065291390288,37.4765625,27678.69375,0.016827533731378186,67.8578125,54994.69375,0.025919897266412695,2185.0,4291.0,13645.0,307.0,2730.0,6711.0,4.481640625,24.378125,26.096875,-0.1361257280793802,654.3467350260416
1.0,21.092708333333334,13956.231770833334,0.22191205900826652,0.009486118881177157,0.4818442605564959,0.005494323608578623,11.563020833333333,0.7410489406884291,0.20749003704064678,0.2488421875766594,0.2526700183103527,5.3921875,239.70234375,0.0032482460557310675,37.28125,27998.3078125,0.017265223906403705,67.70625,54780.2734375,0.026658505157734973,2189.0,4286.0,13540.0,286.0,2788.0,6656.0,4.443359375,24.8265625,26.778125,-0.1382849504379042,648.0908843315973
0.9994791666666667,21.1546875,13888.650520833333,0.22230082570333068,0.00927327990832133,0.4868897461375623,0.005510468220890857,11.593229166666667,0.7218898490779723,0.20775777935762346,0.24934402758927293,0.25342980920021707,5.455859375,209.653125,0.0031563937937305595,37.2875,27986.9546875,0.01682670792690913,67.8171875,54506.3359375,0.026187396348096616,2200.0,4257.0,13536.0,284.0,2758.0,6760.0,4.4890625,24.7734375,26.8296875,-0.13176426959617174,650.2370092773438
0.9997395833333333,21.094791666666666,13915.644270833332,0.22215584457928325,0.009441532893523334,0.48852420863723495,0.005494866284622732,11.429427083333334,0.7597896400177769,0.20776685803436373,0.2489089430389499,0.252958692299295,5.45234375,224.68125,0.003284764178126387,37.1484375,27425.821875,0.017048278239070257,67.6109375,55169.31875,0.026461862409564184,2189.0,4259.0,13471.0,287.0,2806.0,6633.0,4.51328125,24.35625,26.1671875,-0.13630951621769305,642.1550770399306
0.9997395833333333,21.186458333333334,13892.208854166667,0.22256320510302305,0.009608251667175549,0.48353279662649673,0.005518744030563515,11.623177083333333,0.7377943851713457,0.2081471222919519,0.24921798566282088,0.25357275578750976,5.444140625,215.68671875,0.00332396311061086,37.328125,27396.915625,0.0173482741827101,68.0140625,55093.590625,0.027005383377899754,2215.0,4212.0,13611.0,311.0,2769.0,6739.0,4.503125,24.853125,26.8734375,-0.135845299781812,651.2990874565971
0.9997395833333333,21.199479166666666,13915.184114583333,0.22220658255259368,0.009308694800251201,0.48577366680663314,0.005522135755839194,11.4859375,0.7384222293197061,0.20776051862161102,0.2491646518687433,0.2530327689603746,5.48359375,179.75078125,0.003161734613715935,37.2609375,27014.2328125,0.016909178961158625,68.0015625,55757.86875,0.026296051385484853,2188.0,4234.0,13571.0,314.0,2747.0,6762.0,4.535546875,24.515625,26.2578125,-0.13316670955854634,649.2341663953994
0.9997395833333333,21.1171875,13939.368229166666,0.2218000336863776,0.009104021684051321,0.48356541882054677,0.0055007000520969004,11.426302083333333,0.7417437415217659,0.20735713548317855,0.24871472899954875,0.2526569311860025,5.49296875,239.62265625,0.003068537775126074,37.1359375,27192.325,0.016564134733419503,67.5953125,55485.39375,0.025785844270384127,2201.0,4218.0,13513.0,291.0,2761.0,6692.0,4.495703125,24.3984375,26.1765625,-0.13031218198823483,644.3852254231771
0.9994791666666667,21.1953125,13935.931770833333,0.22196826446393123,0.009377797543942705,0.4842892669427709,0.005521050403750977,11.582291666666666,0.7243641725027644,0.20737315345282142,0.24924910029094766,0.253067872681354,5.46875,266.49140625,0.003198821357682311,37.271875,27473.040625,0.01701394645351544,68.025,55076.584375,0.026457553379411546,2217.0,4250.0,13554.0,282.0,2815.0,6731.0,4.490234375,24.7859375,26.746875,-0.13253851723633298,653.5915405273438
0.9997395833333333,21.307291666666668,13910.842708333334,0.22237901007264854,0.009352738261326602,0.4933162167960094,0.00555021924112182,11.66640625,0.7493033488144708,0.20785607370404105,0.2495814415661913,0.2532683240535358,5.519921875,254.603125,0.0032415730221819566,37.446875,28123.1328125,0.01688255093391692,68.3171875,54323.5109375,0.02626758654531487,2170.0,4255.0,13681.0,291.0,2779.0,6757.0,4.54375,24.8859375,26.9375,-0.13460940594510198,658.575363498264
0.99921875,21.2515625,13955.318229166667,0.22145593493351293,0.009289100228159274,0.48387167939357256,0.005535702656941912,11.613541666666666,0.7447491606009362,0.20681275223818005,0.24889274907596798,0.25259185157238945,5.450390625,329.3015625,0.003140912094373619,37.4671875,28225.521875,0.016947659739595156,68.240625,54189.18125,0.02622329325186602,2189.0,4307.0,13682.0,281.0,2834.0,6702.0,4.475390625,24.91875,26.8609375,-0.13551296716712513,658.8877579752603
0.9997395833333333,21.216145833333332,13873.770833333334,0.22266321451779383,0.009367166489940407,0.4875563119028052,0.005526477164192064,11.568489583333333,0.7453786669939855,0.20818460531555613,0.2497482303764454,0.2534926354680927,5.476953125,218.6828125,0.003246112983025181,37.309375,27772.153125,0.01699878740341592,68.0796875,54595.740625,0.026219759604125797,2190.0,4321.0,13571.0,307.0,2763.0,6685.0,4.51171875,24.7171875,26.646875,-0.13605666341633024,655.1657809787328
0.99921875,21.277604166666666,13886.093229166667,0.22213550685914482,0.009441766131088387,0.48833825720496776,0.0055424861074932705,11.656510416666666,0.760507184294911,0.20759062538303813,0.24937620229064686,0.25307433733206974,5.50625,257.51328125,0.0032653117291675847,37.4359375,27751.35625,0.017135217065722592,68.2046875,54535.15,0.026454132804137387,2183.0,4284.0,13678.0,283.0,2798.0,6698.0,4.53046875,24.94375,26.8734375,-0.13558171000102776,653.936477593316
0.99921875,21.136979166666666,13947.390104166667,0.2215036368942138,0.009708524954408656,0.48351128030202006,0.005505855474515933,11.64140625,0.7529261020624399,0.2069590442535974,0.24880287710291665,0.25238276724797626,5.433984375,218.57890625,0.003329834320264519,37.2828125,27738.40625,0.017711124470178183,67.803125,55071.61875,0.02722068797521568,2228.0,4182.0,13692.0,307.0,2789.0,6627.0,4.463671875,25.06875,26.925,-0.13405418077694084,642.355715874566
1.0,21.118229166666666,13977.665625,0.22171301363668322,0.009436965452521475,0.482623055051224,0.005500971390118955,11.435677083333333,0.733420475004316,0.20727339831976424,0.24886103579450874,0.25232345274653384,5.468359375,269.69140625,0.0032205775882821037,37.24375,28051.515625,0.017258228859404055,67.5921875,54735.7125,0.02648125350259637,2213.0,4237.0,13624.0,297.0,2766.0,6597.0,4.47890625,24.55,26.1484375,-0.1336540205677803,643.126126030816
0.9994791666666667,21.175520833333334,13937.186979166667,0.22173842178187642,0.009546581616975726,0.4769694636533272,0.005515894981331944,11.5796875,0.7421354256339622,0.20724817338463947,0.2489547487664073,0.25248308838629346,5.4734375,263.54765625,0.003269042443671491,37.340625,27639.48125,0.017375152000880873,67.81875,54929.45,0.026828167926287526,2186.0,4268.0,13624.0,320.0,2718.0,6730.0,4.487109375,24.821875,26.7078125,-0.13132269458111442,647.9785674370659
0.9997395833333333,21.00625,13988.305208333333,0.22129172067639438,0.009418037955750459,0.4831876814538718,0.005471802552748112,11.41328125,0.7405534067241892,0.20683929379797808,0.24833102959545403,0.25206211927100003,5.42734375,290.53125,0.003210183371966087,37.0421875,27699.821875,0.017114858265190058,67.2859375,55067.884375,0.026552635981448348,2188.0,4189.0,13530.0,298.0,2771.0,6612.0,4.45625,24.4546875,26.2,-0.13197196209672127,637.3661067708333
0.9997395833333333,21.116145833333334,13939.427604166667,0.2219369381148,0.009571490131108567,0.4836135080725588,0.005500428714074846,11.422916666666667,0.7430382556791555,0.20749581248306953,0.24887162466391227,0.2527667540926098,5.4390625,200.715625,0.0032717512228410033,37.1703125,27564.096875,0.017388478229407006,67.7703125,55269.60625,0.026953457665880386,2247.0,4183.0,13578.0,298.0,2749.0,6726.0,4.462109375,24.465625,26.2234375,-0.13159707903853665,647.0234893120661
1.0,21.167708333333334,13964.30625,0.22185002594368677,0.009448399239299226,0.47942502422152933,0.005513859946166536,11.42734375,0.7424339353378279,0.20737654455205118,0.2488606635748604,0.25273331387905545,5.443359375,251.70546875,0.0031937577259010946,37.2515625,27927.5375,0.017228574522872783,67.98125,54851.478125,0.026686790009318194,2181.0,4248.0,13630.0,302.0,2771.0,6726.0,4.47890625,24.4203125,26.228125,-0.13316442840946807,652.7057280815972
0.9997395833333333,21.009375,13968.719270833333,0.2215305227222367,0.009425171663505158,0.4774744155593828,0.005472616566814275,11.38359375,0.7294610540929148,0.20716810661370283,0.24834637134846754,0.2521643385301412,5.445703125,230.6671875,0.003220976829505473,36.9578125,26864.503125,0.01714188352298491,67.315625,56025.14375,0.026525239140024148,2168.0,4264.0,13409.0,290.0,2779.0,6636.0,4.4859375,24.3015625,26.05625,-0.13098713548694835,638.2019954427083
0.9994791666666667,21.077083333333334,13916.791666666666,0.22198810647305633,0.009216114765165158,0.4879255038679035,0.005490253538247808,11.422916666666667,0.7384847286745082,0.20762036839722234,0.2488149879740203,0.25263217727542847,5.470703125,233.5828125,0.003160340915440714,37.1296875,27309.509375,0.01673672202098322,67.45,55256.909375,0.025918602908244874,2191.0,4253.0,13433.0,291.0,2772.0,6642.0,4.496484375,24.3796875,26.171875,-0.13300597218476326,644.1695789930556
0.99921875,21.231770833333332,13865.1875,0.22255866195151588,0.009432365242085529,0.4853974292056956,0.005530547234522879,11.414322916666666,0.7453698025266773,0.2081086489905918,0.2494972236809753,0.2534201520657528,5.4609375,239.46953125,0.003251755188500126,37.5140625,26881.7640625,0.01708274175492882,68.0328125,55351.4828125,0.026504428943583857,2190.0,4303.0,13618.0,303.0,2686.0,6796.0,4.494921875,24.440625,26.065625,-0.13580028335063243,655.7035739474827
0.9994791666666667,21.09375,13930.255729166667,0.2218245309674643,0.009728593027527451,0.48523996171796546,0.005494594946600677,11.446614583333334,0.7015555555555556,0.20744537557875703,0.24865589809001096,0.25250978539974633,5.417578125,242.55390625,0.0033676662063758557,37.125,27004.453125,0.017578725182813438,67.7671875,55606.865625,0.027322168156847848,2194.0,4292.0,13492.0,300.0,2737.0,6728.0,4.468359375,24.584375,26.221875,-0.13389729365693506,642.9031901041667
0.9997395833333333,21.145833333333332,13962.605208333332,0.22164494113965752,0.009838821664614248,0.48608787295152667,0.005508161847703395,11.640364583333334,0.746551724137931,0.20727629786544072,0.2484431427698583,0.252321312606324,5.45703125,287.57421875,0.0034598984737781724,37.2515625,27164.95,0.01773562800784271,67.7953125,55460.384375,0.027457708084730092,2189.0,4325.0,13508.0,327.0,2737.0,6675.0,4.5,24.96875,26.8734375,-0.1351969545286669,642.1209201388889
0.9997395833333333,21.0484375,13930.493229166666,0.22195255929903762,0.009617136126500518,0.4835490646085816,0.005482791742641313,11.418489583333333,0.744735604879618,0.20763170331020459,0.24865606993055928,0.2525324726228481,5.4203125,266.5921875,0.003373534874241653,37.0265625,27187.359375,0.017346891793954978,67.5828125,55329.23125,0.02686178546808151,2174.0,4280.0,13514.0,318.0,2733.0,6631.0,4.468359375,24.4640625,26.1734375,-0.13663108075818442,641.5283829752603
1.0,21.203125,13915.691666666668,0.22240200508227345,0.009776718265787849,0.48554057669251804,0.005523085438916385,11.4828125,0.7480717268484401,0.20813067528404683,0.2488723998761211,0.25301692948133214,5.4765625,209.77890625,0.003425419460333913,37.275,27569.3484375,0.01759049510157815,68.0375,55085.6859375,0.027368136651813296,2212.0,4270.0,13552.0,315.0,2746.0,6740.0,4.51015625,24.546875,26.309375,-0.13313767911134264,646.505615234375
1.0,21.136979166666666,13950.302604166667,0.2221193634802318,0.009723841971724318,0.48481647620096296,0.005505855474515933,11.471354166666666,0.7455338442204864,0.2077910779949519,0.24886213526530843,0.2526897336362749,5.472265625,248.71328125,0.0034248151839977995,37.1203125,27760.84375,0.017516382122132516,67.8125,54946.11875,0.027127408972222183,2163.0,4315.0,13498.0,295.0,2729.0,6734.0,4.496484375,24.5265625,26.315625,-0.1325787728722184,643.4395700412327
0.9989583333333333,21.0203125,13899.083854166667,0.22174077507410986,0.00956923956976207,0.4826711735905343,0.005475465616045845,11.408854166666666,0.735821006466959,0.20737224520399833,0.24867257870920847,0.2522830909194572,5.446875,260.39921875,0.0033144064306896044,36.9515625,26971.08125,0.01731213851637331,67.3828125,55381.825,0.026845673179440678,2177.0,4307.0,13395.0,299.0,2732.0,6660.0,4.479296875,24.4015625,26.134375,-0.1321853435993513,636.439170735677
0.9997395833333333,21.052083333333332,13925.5390625,0.2220549098645198,0.009717687113982302,0.4828444546695256,0.005483741425718503,11.418229166666666,0.7335972290945076,0.2077813851446697,0.24862536041191205,0.252578558196528,5.467578125,224.66171875,0.003411333116788543,36.975,27912.8125,0.017459020080605334,67.4671875,54741.775,0.027201770136134305,2198.0,4292.0,13341.0,307.0,2741.0,6706.0,4.491796875,24.396875,26.1453125,-0.13013069474042352,636.8681206597223
1.0,21.150520833333335,13965.75625,0.2218214194594288,0.009983475403842581,0.4802517750787694,0.005509382868802639,11.631770833333333,0.7192494274668177,0.20739428028084933,0.24875594572012197,0.25259544991305355,5.494140625,248.64921875,0.0034920922147642143,37.209375,27466.28125,0.01798275078146012,67.7171875,55333.659375,0.027949732782538504,2174.0,4312.0,13496.0,323.0,2713.0,6734.0,4.50234375,24.878125,26.903125,-0.1293621277035162,644.5408851453993
1.0,21.111979166666668,13964.146875,0.22198637602668658,0.009947317377553317,0.4835782021704747,0.0054993433619866285,11.559635416666667,0.7555692611323548,0.20754281395810087,0.24885302533741355,0.2528939749903025,5.430859375,257.66484375,0.003490365724757645,37.084375,27398.290625,0.017890342400254312,67.8640625,55355.93125,0.027832098966035012,2196.0,4296.0,13463.0,315.0,2766.0,6730.0,4.45234375,24.796875,26.7515625,-0.13278216154171815,646.0265231662327
1.0,21.108854166666667,13995.48125,0.22165404766744343,0.009936941903568424,0.4819735443239735,0.005498529347920465,11.43828125,0.7404574502208295,0.20714782387491928,0.24877544395735085,0.25255754654763257,5.421484375,302.615625,0.003452716428537922,37.2421875,27213.046875,0.018005832762434955,67.725,55549.378125,0.027804952944823907,2191.0,4295.0,13540.0,306.0,2784.0,6661.0,4.45390625,24.534375,26.2796875,-0.1333379663963383,645.7917966037326
1.0,21.244791666666668,13950.577604166667,0.22213733056312066,0.009895022969922592,0.480400949810581,0.005533938959798559,11.627864583333333,0.7549889678842854,0.20756985316837578,0.24926572456490365,0.25327884614031726,5.444140625,302.65078125,0.0034155096919771047,37.3953125,27423.19375,0.017926896002910676,68.296875,55069.66875,0.027781203048716452,2200.0,4332.0,13623.0,293.0,2797.0,6777.0,4.4828125,24.946875,26.8890625,-0.13309889801494193,655.3129937065971
0.9997395833333333,21.248958333333334,13921.008333333333,0.2221669128351948,0.010020455396642097,0.484158049614753,0.005535024311886776,11.64140625,0.7349134761507917,0.20768207771538094,0.24927017701370308,0.2530029891359421,5.46015625,245.55390625,0.003483514125035353,37.4296875,28067.36875,0.018148301046366815,68.2234375,54476.465625,0.028040374833344362,2192.0,4316.0,13586.0,295.0,2767.0,6809.0,4.4859375,24.99375,26.9109375,-0.13072359532857494,654.8473947482639
1.0,21.103645833333335,13990.111979166666,0.22153087160481602,0.009760898179883008,0.4754975677836748,0.005497172657810193,11.520572916666667,0.7179594758014759,0.2070034026709687,0.24862826158259602,0.2525433573624252,5.41796875,299.61328125,0.003340847518802082,37.1390625,27759.7640625,0.017660852779972033,67.8109375,54982.4546875,0.027541146224117692,2223.0,4153.0,13663.0,286.0,2790.0,6734.0,4.40859375,24.7453125,26.74375,-0.1293558493703312,648.0142575412326
1.0,21.138541666666665,13940.753125,0.2220647991103117,0.009898775714367073,0.4768308664368702,0.005506262481549015,11.578125,0.7344404474449318,0.20760564960708155,0.2491245962696437,0.25284159996390054,5.4296875,239.7359375,0.0034018630922177198,37.34375,27403.496875,0.017975277763383334,67.76875,55282.078125,0.02780992415394823,2185.0,4292.0,13625.0,305.0,2766.0,6686.0,4.459375,24.88125,26.75,-0.13190399861721402,647.2120562065973
0.9997395833333333,21.246354166666666,13880.600520833334,0.22259957126694935,0.009635453793110387,0.4855369933800483,0.00553434596683164,11.448177083333333,0.7069595273698919,0.2081209424307932,0.24960955791518477,0.2535040999633384,5.4953125,209.68203125,0.00336175085781373,37.34375,27267.40625,0.01741119084958449,68.153125,55177.46875,0.026954528477822915,2193.0,4256.0,13586.0,291.0,2746.0,6804.0,4.5109375,24.421875,26.2234375,-0.132319071298894,656.3117054578994
0.99921875,21.168229166666666,13902.0171875,0.221973254954572,0.009818589553483208,0.4857601947882887,0.005513995615177563,11.559635416666667,0.7280466500996482,0.20740139017763268,0.24916736402131168,0.25306660499558975,5.486328125,233.51640625,0.00338373602997849,37.259375,27504.55625,0.017744831821139003,67.8046875,54973.48125,0.02763176137984628,2134.0,4313.0,13492.0,330.0,2721.0,6772.0,4.523046875,24.5890625,26.6765625,-0.12951240076521642,648.9008656141493
0.9997395833333333,21.209895833333334,13932.020833333334,0.22197922816895196,0.009864908156916765,0.48396099318920266,0.005524849136059738,11.56171875,0.7417921076541513,0.20749817795952435,0.24894538198268884,0.2529372751929257,5.4859375,236.64765625,0.0034326607283368697,37.2875,27889.20625,0.017765359700425466,68.028125,54756.328125,0.02769344632772764,2138.0,4337.0,13525.0,306.0,2748.0,6754.0,4.519140625,24.6265625,26.6671875,-0.13277108747805905,652.1793812391493
1.0,21.193229166666665,13957.024479166666,0.22198735678542705,0.009630201901964508,0.48456917256081494,0.005520507727706868,11.506510416666666,0.7282937258853309,0.20748294012934929,0.2489717410889515,0.2530206391062137,5.49296875,281.6609375,0.0033269250235233652,37.2734375,27412.959375,0.017362421967384568,67.9140625,55202.54375,0.027111089350309026,2147.0,4264.0,13569.0,295.0,2747.0,6754.0,4.5171875,24.5125,26.4578125,-0.13150485498970527,652.0720374891494
1.0,21.246354166666666,13899.659895833332,0.22259658837676188,0.009653705024036237,0.48195518134541326,0.00553434596683164,11.548697916666667,0.7272571274483367,0.20805409603360864,0.24962291874818296,0.25374022737795376,5.484765625,200.7953125,0.0033009891431433846,37.4796875,27440.8234375,0.017457439431711543,68.059375,55153.9546875,0.027260834139932345,2181.0,4233.0,13725.0,292.0,2763.0,6721.0,4.512109375,24.6,26.64375,-0.135444085175827,655.9169137912327
1.0,21.334375,13848.159375,0.22330126635147843,0.009642411948128538,0.48652989695823484,0.005557274029695233,11.59765625,0.7237439578145598,0.2088401694904089,0.2500708641412667,0.25437605600596824,5.483984375,164.83359375,0.0033238826793540966,37.5734375,27514.5625,0.017376660241848464,68.496875,54915.059375,0.027182280729506368,2225.0,4239.0,13716.0,305.0,2800.0,6785.0,4.509375,24.771875,26.7765625,-0.1344491569444485,662.3548600260417
1.0,21.233854166666667,13944.301041666668,0.22207883940855513,0.009601279017385188,0.48364638766489654,0.005531089910566988,11.53046875,0.7538816257450514,0.2075767628895629,0.24899293760477165,0.2531730472883077,5.470703125,203.77265625,0.003266268889172924,37.33125,27631.56875,0.017384641903426368,68.1890625,55219.146875,0.027157956644193054,2209.0,4279.0,13569.0,297.0,2786.0,6758.0,4.494921875,24.60625,26.596875,-0.1341269963270767,657.3041663953993
0.9997395833333333,21.175520833333334,13918.560416666667,0.22234074118937777,0.009599555103553212,0.48285862646266,0.005515894981331944,11.52265625,0.7489731165604939,0.20784883540434979,0.24924871901799878,0.2534003865008689,5.462109375,182.76328125,0.003287180344163321,37.2796875,27251.390625,0.017323688582631395,67.925,55528.91875,0.027124920662034598,2229.0,4218.0,13549.0,298.0,2758.0,6768.0,4.49921875,24.59375,26.5453125,-0.1330277925635446,651.7556507703993
1.0,21.23125,13931.666666666666,0.2222075439693917,0.009728539255508456,0.481625762084671,0.0055304115655118525,11.54453125,0.7557894220390541,0.20768243429719022,0.24920766182084703,0.25330786480674233,5.446484375,233.72890625,0.0033046593439773502,37.4140625,27858.81875,0.017618296816362858,68.1875,54796.265625,0.02753430134077848,2191.0,4286.0,13639.0,314.0,2798.0,6763.0,4.4625,24.7125,26.7046875,-0.13166243651230353,658.4798567708332
0.9997395833333333,21.244791666666668,13928.474479166667,0.22211929218666224,0.009650839508632896,0.4867133248367096,0.005533938959798559,11.568489583333333,0.7264770777151263,0.20760036674383792,0.2490550747323787,0.25325921141224295,5.5046875,248.615625,0.003319571947372478,37.3671875,27917.065625,0.017450963040046372,68.0828125,54659.31875,0.02717578622226109,2184.0,4274.0,13637.0,302.0,2822.0,6659.0,4.51875,24.6390625,26.696875,-0.13277745431313218,653.5364312065972
1.0,21.133333333333333,13908.2546875,0.22246766918405328,0.009660199684203338,0.48134574454685886,0.005504905791438743,11.419791666666667,0.7451695583596214,0.20796001100076258,0.24948862638744967,0.2534773447138196,5.44296875,218.74609375,0.0033260112914976075,37.0890625,27108.7625,0.017473932840874444,67.9390625,55465.78125,0.027183220098355144,2167.0,4279.0,13578.0,303.0,2756.0,6740.0,4.495703125,24.3515625,26.184375,-0.131505623269634,650.5582638888889
0.9989583333333333,21.161458333333332,13908.13125,0.2217674190917528,0.009757186000737121,0.4861611466795395,0.0055122319180342105,11.40859375,0.7363278365739602,0.20721273478595031,0.24881233867297414,0.25294123673374147,5.477734375,233.47578125,0.0034033615316600685,37.2203125,27598.90625,0.017579846917489244,67.8375,54915.978125,0.027349822960293202,2174.0,4276.0,13581.0,293.0,2810.0,6625.0,4.501171875,24.3515625,26.0953125,-0.13422541193131585,646.5583062065973
0.9997395833333333,21.1421875,13892.328645833333,0.22252170807923624,0.009597710477402066,0.4856533206010543,0.005507212164626205,11.408333333333333,0.7511886285812824,0.2080334027954999,0.24951883687786638,0.2534778004155516,5.443359375,224.69609375,0.0033061414810398497,37.1421875,27766.375,0.017375877943207677,67.9375,54688.8125,0.02698581899704532,2194.0,4321.0,13501.0,289.0,2792.0,6707.0,4.478515625,24.3578125,26.178125,-0.13351918367174398,648.5761368815104
1.0,21.185416666666665,13904.799479166666,0.22258246597497378,0.009700900385407465,0.4865868425186468,0.005518472692541461,11.460677083333334,0.7413708329235913,0.20812231272533702,0.24936017385732584,0.25364537109116875,5.440234375,224.7453125,0.0033826034176591274,37.29375,27064.284375,0.017453007861817964,68.0578125,55465.53125,0.02722198077999031,2172.0,4274.0,13549.0,287.0,2832.0,6707.0,4.502734375,24.4484375,26.3046875,-0.13493777873508547,652.0025998263889
0.9997395833333333,21.2046875,13934.021875,0.22203493409279432,0.009377467711253824,0.48572709850029683,0.005523492445949466,11.440364583333333,0.7518237418023727,0.20748307313369044,0.2490814608482501,0.2531958511737538,5.46484375,218.71171875,0.003228014015190637,37.3,27905.2625,0.01688969785467946,68.06875,54824.021875,0.026463052352080935,2198.0,4268.0,13600.0,308.0,2754.0,6758.0,4.491796875,24.44375,26.23125,-0.13210412522069656,651.463311360677
0.9997395833333333,21.193229166666665,13895.580729166666,0.22229694609849798,0.009605123291041583,0.48357358067855727,0.005520507727706868,11.4640625,0.7272861320685163,0.20778838759051982,0.24923598303959343,0.25339214318931547,5.46171875,182.74296875,0.003292464285711712,37.290625,27396.921875,0.01734082708008551,68.021875,55245.590625,0.027120055523317144,2231.0,4272.0,13521.0,298.0,2815.0,6731.0,4.499609375,24.528125,26.2578125,-0.13108524460370602,647.7413083224825
0.9989583333333333,21.111979166666668,13865.530729166667,0.22220702152877472,0.009540992402888906,0.48656828493316806,0.0054993433619866285,11.4546875,0.7419514000246701,0.2076399737590835,0.24927735400288387,0.2534048801334305,5.42890625,185.60546875,0.003316992880852434,37.134375,27465.396875,0.017167638065727048,67.821875,54985.365625,0.026810344828196664,2181.0,4314.0,13487.0,297.0,2756.0,6717.0,4.483984375,24.5125,26.2796875,-0.13481464049373637,646.1260023328992
0.9997395833333333,21.1375,13887.450520833334,0.22257559075435107,0.00966713346656357,0.4828949463777723,0.00550599114352696,11.473958333333334,0.7509856100926473,0.20813009521200843,0.24943975697804316,0.25349340670002973,5.460546875,200.74375,0.0033914257789489943,37.2296875,27207.853125,0.01737760079231602,67.753125,55313.875,0.02705949689126943,2151.0,4274.0,13507.0,298.0,2774.0,6692.0,4.51015625,24.5109375,26.2921875,-0.13409279899799106,645.6961979166665
0.99921875,21.078125,13947.750260416668,0.2216251713968551,0.009592766653511525,0.4797430156875185,0.005490524876269862,11.391145833333333,0.7289103039288362,0.20707380156050698,0.24877418417969177,0.25268163795941084,5.415625,257.5265625,0.003355675681506863,37.2875,28125.99375,0.01730022182746515,67.51875,54530.4015625,0.026833675367576547,2169.0,4293.0,13529.0,290.0,2733.0,6678.0,4.455078125,24.39375,26.1328125,-0.1362496097397469,644.678271484375
0.9997395833333333,21.0734375,13910.83046875,0.2222973807121494,0.009640777346840018,0.48649051521727077,0.0054893038551706175,11.45,0.7315439559081585,0.20785582767088942,0.24910352254967946,0.25325745103965935,5.44765625,206.7078125,0.003396526028410417,37.1109375,27968.19375,0.017324377186395845,67.5390625,54669.9578125,0.026934182781002597,2180.0,4268.0,13494.0,291.0,2714.0,6715.0,4.488671875,24.459375,26.2859375,-0.1326777089242024,642.1289819335938
1.0,21.0359375,13909.760416666666,0.22240494903611327,0.009801504352979691,0.48729829573018624,0.00547953568637666,11.450260416666667,0.7397063556909059,0.20811810386368162,0.24891710171387366,0.2530401770480794,5.47890625,215.75078125,0.0035066716811011714,36.903125,27160.4,0.017545928377705668,67.396875,55435.159375,0.027236411015767792,2171.0,4250.0,13430.0,307.0,2718.0,6641.0,4.50546875,24.434375,26.2453125,-0.1331631566252164,635.9502709960936
0.9997395833333333,20.963541666666668,13933.790625,0.22189738300338055,0.009764757615634174,0.4806145695552221,0.005460677693843883,11.41484375,0.7440745341614907,0.20752253607081209,0.24861325531699796,0.25268089842003716,5.450390625,212.7125,0.003465100031692163,36.84375,27923.465625,0.017516369308246727,67.1359375,54828.428125,0.027211776258789667,2153.0,4222.0,13393.0,302.0,2767.0,6619.0,4.50625,24.325,26.1390625,-0.13070267028133026,632.6309624565971
0.9997395833333333,20.932291666666668,14008.902083333332,0.2211673855537382,0.009881798917213984,0.4814711618366297,0.005452537553182252,11.409635416666667,0.7528987310276188,0.20673398803625612,0.24814097285618136,0.2519273883212234,5.384375,302.56171875,0.003465031217100522,36.9703125,27726.715625,0.017872286119091127,67.0859375,55116.45,0.02755838251579069,2156.0,4214.0,13476.0,323.0,2714.0,6622.0,4.42265625,24.5375,26.2296875,-0.1339729683170322,632.6224989149305
0.9997395833333333,21.015104166666667,13903.352604166666,0.22226471455408808,0.009813043544924767,0.4812769198406084,0.005474108925935573,11.437239583333334,0.7547151106594959,0.2079341485333493,0.24896907706235546,0.25288261612877616,5.467578125,197.70859375,0.00349480868157507,37.0796875,27415.428125,0.017650088526265817,67.140625,55213.853125,0.027248938016982506,2162.0,4239.0,13494.0,302.0,2798.0,6518.0,4.480078125,24.4953125,26.2078125,-0.13197441163710047,635.9273760308158
1.0,21.003125,13894.515625,0.22261908376722858,0.009840757494925752,0.48177257743605334,0.005470988538681948,11.444791666666667,0.7261568219015028,0.20838142334021023,0.24898639843571707,0.25320241080681355,5.430859375,167.834375,0.003494986487202903,37.00625,27987.053125,0.017612023022878728,67.2890625,54708.703125,0.027452575997864177,2186.0,4268.0,13442.0,307.0,2753.0,6623.0,4.452734375,24.509375,26.3484375,-0.13192357681395905,635.5869694010418
0.99921875,21.008333333333333,13887.538541666667,0.2223022641638489,0.009754889840766655,0.4774493460825357,0.00547234522879222,11.449479166666666,0.7016312971043237,0.20797919889281724,0.24895117027134792,0.25294561914047653,5.5,218.56328125,0.003474341290427454,36.90625,27366.940625,0.017476896813073375,67.14375,55084.0375,0.027155077069816735,2158.0,4241.0,13405.0,290.0,2720.0,6667.0,4.5359375,24.38125,26.171875,-0.12748289216404254,633.3775347222222
1.0,20.9703125,13891.194791666667,0.22259444068529913,0.009674168692986141,0.4818602334854499,0.005462441390987237,11.397916666666667,0.7207858331470581,0.20833208214862195,0.24924131968976124,0.2529969958275455,5.487890625,197.74375,0.0034475283868720015,36.8421875,27668.28125,0.01738186408827816,67.028125,54887.9125,0.026873034522150667,2153.0,4231.0,13407.0,318.0,2710.0,6601.0,4.501171875,24.3109375,26.071875,-0.12968270521070577,629.4845353190103
0.9997395833333333,20.952083333333334,13914.470833333333,0.22234735098695196,0.009531471506450543,0.48107851778159705,0.005457692975601285,11.450520833333334,0.7289201551158397,0.20810498880932443,0.24875606117368063,0.2529080895107335,5.4578125,182.7375,0.0033723373665101404,36.7625,27598.2625,0.01707851851142882,67.11875,55157.6125,0.026620961061233885,2157.0,4198.0,13411.0,298.0,2725.0,6633.0,4.499609375,24.428125,26.2765625,-0.1303593379826401,629.548224826389
0.9997395833333333,20.965104166666666,13883.233333333334,0.22254828429856105,0.009629503150100329,0.4810744967723943,0.005461084700876965,11.433854166666666,0.7417086925198122,0.20828484548723908,0.24899330614848,0.25315701769393006,5.448046875,170.75625,0.003396800188070259,36.84375,27628.7375,0.017294613875160396,67.1546875,54987.6375,0.026895204273160545,2180.0,4203.0,13413.0,292.0,2763.0,6622.0,4.4953125,24.4046875,26.2171875,-0.13009385067534016,633.345657280816
0.9997395833333333,20.9703125,13910.285416666668,0.2222674376269748,0.009675814213752795,0.48366905578971425,0.005462441390987237,11.397916666666667,0.7288577602265107,0.20796426658706074,0.2486789016873107,0.2530686577262949,5.421484375,200.71796875,0.003390050521574757,36.85625,27309.590625,0.017354752387836743,67.2796875,55349.25,0.027139930808380997,2145.0,4239.0,13365.0,302.0,2752.0,6696.0,4.47734375,24.2875,26.190625,-0.12987970766715928,636.4980769856771
1.0,20.983333333333334,13956.032291666666,0.221996037335194,0.009641864285138385,0.47982809815852717,0.005465833116262916,11.40078125,0.7056940031771247,0.2077121910040849,0.24852812225135076,0.25259933774347365,5.45703125,242.68984375,0.0034106595611661066,37.0140625,28156.325,0.017304587266200187,67.0578125,54609.109375,0.026903960199965694,2173.0,4219.0,13461.0,311.0,2724.0,6618.0,4.4703125,24.3890625,26.134375,-0.13000674664649164,632.4627430555556
1.0,21.019270833333334,13933.549479166666,0.22223516455710454,0.009710749774760937,0.47983223496000005,0.005475194278023791,11.397916666666667,0.7420521842555194,0.2079305910318412,0.24876116605259285,0.2529274571626698,5.46171875,275.63671875,0.0034537446592400865,36.9515625,27417.8,0.017373146422351892,67.3171875,55080.95,0.02707637358925339,2175.0,4245.0,13394.0,308.0,2720.0,6695.0,4.46640625,24.3546875,26.1671875,-0.13128476342333822,638.7652536349826
0.9997395833333333,21.142708333333335,13917.494791666666,0.22225810121188364,0.009891706800470471,0.4834811316952984,0.005507347833637232,11.47734375,0.7515889047642509,0.20795055894263323,0.24878928418824015,0.2529570873125288,5.518359375,239.65234375,0.0035274055700057817,37.103125,27617.5,0.017692130449521348,67.6796875,54928.859375,0.027548488073278355,2170.0,4225.0,13441.0,310.0,2745.0,6756.0,4.557421875,24.3953125,26.2390625,-0.12800331422073957,641.765050998264
1.0,21.0796875,13927.524479166666,0.22225178627033382,0.009763474419309772,0.481935334576837,0.005490931883302943,11.488802083333333,0.7442245447582339,0.20798491646385112,0.24869017549349381,0.25288087627310485,5.525390625,209.740625,0.0034950866579276695,36.9203125,27375.534375,0.01741242917322066,67.45625,55350.65,0.02718807071092729,2165.0,4225.0,13379.0,300.0,2748.0,6716.0,4.55390625,24.403125,26.3140625,-0.128129450844241,635.4373999023436
1.0,21.033333333333335,13907.7859375,0.22250515650419952,0.009641594598458971,0.480539489582268,0.005478857341321525,11.46328125,0.7427198890649762,0.20819118900744585,0.24922203579357965,0.25304414720183427,5.460546875,191.79609375,0.003399212245096324,37.0765625,27566.346875,0.017332695631483715,67.28125,55113.184375,0.026920022978884815,2162.0,4238.0,13470.0,298.0,2723.0,6677.0,4.5015625,24.48125,26.2921875,-0.1302233648382412,637.7244097222223
0.9994791666666667,21.052604166666665,13856.698958333332,0.22273115110449163,0.009807517848999466,0.47895062339792766,0.0054838770947295305,11.445572916666666,0.7515153014522155,0.20847135061295505,0.2492409974708522,0.2532605067042775,5.50390625,206.671875,0.003511103771395122,37.0890625,27713.2,0.017520059331794062,67.2109375,54600.30625,0.02728063267662224,2175.0,4218.0,13459.0,306.0,2723.0,6628.0,4.51796875,24.4015625,26.2,-0.13103964895979786,634.5769203016494
0.9997395833333333,20.9703125,13881.6171875,0.22261921809102247,0.00967142137862974,0.4867098566707141,0.005462441390987237,11.4328125,0.7561036187070015,0.20835519139624542,0.2492162145384519,0.2530783284227011,5.44296875,194.7171875,0.003438306072539532,36.9546875,27871.996875,0.017365076133478152,67.0953125,54638.8375,0.026910227848142156,2188.0,4204.0,13424.0,292.0,2706.0,6641.0,4.485546875,24.453125,26.2015625,-0.13312878373758616,634.0907853190105
0.9997395833333333,20.867708333333333,13944.665104166666,0.22187875091864592,0.009458950137701917,0.4817226579444606,0.005435714595814882,11.388020833333334,0.7495382618679179,0.20763912341940535,0.24848731391697437,0.25222869791727964,5.46953125,284.5484375,0.0033591913679253994,36.7828125,27696.228125,0.016958358249367814,66.5453125,54833.56875,0.02635857710514209,2203.0,4150.0,13309.0,305.0,2689.0,6573.0,4.497265625,24.2765625,26.0625,-0.12992715257312323,623.7793739149306
0.9994791666666667,21.044270833333332,13890.472395833332,0.22219583169838597,0.009611318951122372,0.4832614471029271,0.005481706390553095,11.470833333333333,0.7346863012003465,0.20791734971858303,0.2488306774240563,0.2526749138919276,5.4890625,245.534375,0.0034324242665732356,37.18125,27718.915625,0.01726301630242018,67.128125,54641.78125,0.02667520033802111,2200.0,4124.0,13579.0,291.0,2750.0,6567.0,4.51875,24.5296875,26.2203125,-0.13353706631621542,634.1048109266493
0.9994791666666667,21.046354166666667,13885.3046875,0.2223644274687896,0.009390901808281409,0.48303955666709947,0.005482249066597204,11.47734375,0.7250365017694078,0.208047058214275,0.24911010047743018,0.25288823147820716,5.508203125,236.61875,0.003360847418468082,37.1328125,27767.109375,0.016786279317510283,67.1125,54598.24375,0.026115741858305834,2140.0,4215.0,13496.0,298.0,2742.0,6581.0,4.538671875,24.4640625,26.2453125,-0.1329587486950248,635.3384762912326
1.0,21.019270833333334,13982.505208333334,0.2217711431151668,0.009376434628535156,0.47746089205427295,0.005475194278023791,11.4453125,0.7250291151473103,0.20734043817221148,0.2486628857099693,0.2526022202921857,5.44140625,326.571875,0.003310608191454982,37.1140625,27613.215625,0.016840738334175223,67.2359375,54975.528125,0.02617543667121578,2170.0,4215.0,13511.0,288.0,2746.0,6632.0,4.48828125,24.484375,26.234375,-0.13281416640052165,639.6850453016491
0.9997395833333333,21.061458333333334,13901.731770833334,0.22239152361114314,0.009520476580517582,0.4827814954461088,0.005486183467916992,11.397395833333333,0.7115584351352688,0.20797373882795805,0.24919416417193854,0.25326002218308796,5.432421875,227.68046875,0.003327986174003826,37.1359375,27322.58125,0.017094866148301174,67.503125,55177.0875,0.026716048638789014,2180.0,4269.0,13467.0,280.0,2753.0,6688.0,4.472265625,24.365625,26.1296875,-0.13421855839376357,644.0378895399306
0.9997395833333333,21.0828125,13939.428645833334,0.2220104076516721,0.009434816483122903,0.4846328879530369,0.005491745897369106,11.436458333333333,0.7315892191012624,0.20758523766809972,0.2488574693298154,0.2528640259078184,5.453125,266.61171875,0.0033359202401865864,37.16875,27764.9375,0.0168430342579438,67.515625,54805.1875,0.026422183680047263,2138.0,4279.0,13494.0,300.0,2747.0,6651.0,4.50703125,24.4171875,26.1734375,-0.1359934462375769,641.6613712565104
1.0,21.105208333333334,13909.773958333333,0.2225510442226332,0.00951342405556748,0.4934510156277097,0.005497579664843275,11.438802083333334,0.7484576279551849,0.20816069701728832,0.24935057150413797,0.25331290576250787,5.434765625,197.77265625,0.0033091369872966015,37.23125,27738.996875,0.017126388219007395,67.6609375,54928.55625,0.026717608165211078,2185.0,4254.0,13474.0,295.0,2758.0,6709.0,4.509765625,24.3875,26.20625,-0.13529851410870072,643.7076812065972
1.0,21.163020833333334,13872.59375,0.22304206469936905,0.009572286409339787,0.485616124626558,0.005512638925067292,11.46171875,0.7393744001181306,0.2086699659098922,0.24968687044917653,0.25388565410746894,5.476171875,170.8140625,0.0033608156928741258,37.278125,27491.3,0.017171728480258684,67.7953125,55061.00625,0.02681872720428353,2179.0,4236.0,13569.0,309.0,2747.0,6706.0,4.51640625,24.490625,26.2140625,-0.1340366093570195,646.7713408745659
1.0,21.061979166666667,13901.075260416666,0.22251460740426013,0.009560453575361973,0.4862263523835839,0.005486319136928019,11.452083333333333,0.7414624496154703,0.20814825564591272,0.24923171318719223,0.2532629086547177,5.4625,170.8046875,0.003346504115874324,37.0375,27255.234375,0.01716968340653171,67.484375,55467.9984375,0.026807021582142827,2181.0,4243.0,13470.0,315.0,2747.0,6632.0,4.512109375,24.4375,26.2265625,-0.13422804818446202,639.7258460828994
1.0,21.154166666666665,13950.997135416666,0.22207581789640046,0.009583860687936537,0.47756919681853904,0.00551033255187983,11.455989583333333,0.7297370494386448,0.20762856839472424,0.24882587094386227,0.2531147628556434,5.44609375,290.67265625,0.003313462710303384,37.2109375,26800.4484375,0.017274357542949575,67.9296875,55742.84375,0.026974955743456108,2202.0,4293.0,13516.0,310.0,2760.0,6739.0,4.4625,24.534375,26.3515625,-0.1319711371435941,647.9043576388887
0.9994791666666667,21.222395833333334,13893.655729166667,0.22210297866304032,0.010046079919213354,0.48709172605075335,0.00552810519232439,11.712760416666667,0.7367168135077429,0.20777436192128165,0.2487587325779877,0.2527616917151278,5.48671875,215.6234375,0.003551658203771847,37.4328125,27462.85625,0.018071819748605798,67.9546875,55036.584375,0.02799802695158694,2194.0,4309.0,13560.0,320.0,2762.0,6678.0,4.52734375,25.1375,27.0296875,-0.13448267944665313,643.8208525933161
1.0,21.05625,13924.39375,0.22229774240498293,0.00989662297169655,0.48609700889993757,0.005484826777806721,11.440104166666666,0.7420846937765905,0.2080412791850666,0.24878399593881087,0.25283734175082023,5.460546875,212.73359375,0.003487124665365647,37.159375,27519.503125,0.01782326840542277,67.3359375,55175.925,0.027607970763293938,2170.0,4242.0,13502.0,308.0,2725.0,6639.0,4.491015625,24.4828125,26.19375,-0.1330722154612743,634.7192317708333
0.9997395833333333,21.0453125,13884.9515625,0.22251307502992404,0.009831047122494602,0.49179665307585196,0.00548197772857515,11.5875,0.7367287846165268,0.20825365419953873,0.24903747423207756,0.2530263591493118,5.482421875,182.72265625,0.003463000105317784,37.06875,27526.684375,0.017697075089976113,67.2734375,55052.134375,0.027437207223720367,2183.0,4212.0,13437.0,297.0,2714.0,6683.0,4.51875,24.721875,26.728125,-0.13038426997638058,635.1651342773438
1.0,21.047395833333333,13939.602083333333,0.22205836550697472,0.009655576693284717,0.48321078718923033,0.0054825204046192585,11.431770833333333,0.7387345029818614,0.20771996751028685,0.24872628071323338,0.2527440422874675,5.441796875,239.734375,0.0033469277717699344,37.0,27915.696875,0.017399245753229837,67.5171875,54762.978125,0.02714650331939873,2214.0,4247.0,13441.0,319.0,2772.0,6672.0,4.461328125,24.475,26.2703125,-0.1300061474608619,639.031086968316
0.9994791666666667,21.090625,13897.211979166666,0.22238870095692895,0.009811791135382436,0.4856523086913344,0.005493780932534514,11.580729166666666,0.7506050279053686,0.2081156970188336,0.24899163450504572,0.25287778316119375,5.458203125,230.58203125,0.0034772664880066083,37.25625,28233.1890625,0.017632533932625895,67.4546875,54227.7546875,0.027329146927642278,2188.0,4307.0,13452.0,281.0,2748.0,6667.0,4.513671875,24.7328125,26.696875,-0.13355271665442572,640.7167871093749
1.0,21.089583333333334,13908.505729166667,0.22236326873230267,0.009936683333209843,0.4820649739827747,0.00549350959451246,11.448697916666667,0.7214017583720241,0.2080620376858362,0.24903860982974058,0.2528928518207305,5.494140625,263.6625,0.0035256731797850384,37.1921875,28136.59375,0.01788365445553965,67.36875,54259.790625,0.02763375282457926,2177.0,4288.0,13442.0,314.0,2688.0,6672.0,4.503125,24.4375,26.2421875,-0.1313441262020358,637.2794748263888
0.9997395833333333,21.0640625,13922.7125,0.2219888475399463,0.009878909625250749,0.48085438777134143,0.005486861812972128,11.42578125,0.7250451252379893,0.2076734113209099,0.2487205767974245,0.25251886315861377,5.478125,284.5359375,0.0034685645172652475,37.2109375,27817.365625,0.017821756656208994,67.2609375,54580.765625,0.027577443026234494,2201.0,4237.0,13499.0,311.0,2699.0,6656.0,4.48828125,24.4328125,26.16875,-0.13122057201822881,638.4474584960936
0.9997395833333333,21.052604166666665,13928.4390625,0.22207536544612935,0.009966438923300921,0.48438805911116384,0.0054838770947295305,11.590364583333333,0.7392444521412137,0.20775379527563942,0.24876285114436536,0.25267416042985313,5.437890625,236.69140625,0.003526174775499806,37.178125,27829.590625,0.017936427727446004,67.3859375,54794.278125,0.027757506710360296,2207.0,4242.0,13525.0,296.0,2761.0,6624.0,4.483203125,24.85,26.759375,-0.13468696203985547,637.1571286349825
1.0,21.1546875,13847.8234375,0.22323108291052815,0.009895437022735232,0.4830368420486078,0.005510468220890857,11.504427083333333,0.729989905704508,0.20897328416100613,0.24984699087198062,0.253646369947164,5.528515625,161.809375,0.0035274620421312753,37.3046875,27518.196875,0.017788999057060696,67.509375,54921.50625,0.027473774910825595,2195.0,4218.0,13557.0,298.0,2734.0,6659.0,4.565234375,24.49375,26.271875,-0.13152797885221648,639.3823217773438
0.9994791666666667,21.09375,13885.847395833332,0.2223654579068848,0.00993392854389429,0.4833971398964276,0.005494594946600677,11.4734375,0.7246913580246913,0.20804463403328066,0.24917346976899796,0.25284074153918834,5.46484375,206.66875,0.0035138191647101713,37.184375,27866.953125,0.017905605113472646,67.51875,54621.45625,0.02764268949105242,2193.0,4227.0,13538.0,301.0,2730.0,6666.0,4.50234375,24.5515625,26.2796875,-0.1345930463793792,639.0333984375
0.99921875,21.0921875,13834.840885416666,0.22264715863764442,0.009931148451573946,0.48883618512538973,0.005494187939567596,11.514322916666666,0.7263254068202583,0.20842263514235498,0.249240973625842,0.2529514376306044,5.44140625,170.7015625,0.003524707431332637,37.1109375,27005.734375,0.017843222090593115,67.6765625,55320.5046875,0.027644838893520006,2174.0,4260.0,13473.0,300.0,2723.0,6751.0,4.4953125,24.70625,26.3984375,-0.13358589877948707,638.8836889648438
1.0,21.0640625,13907.182291666666,0.22251277960983182,0.009830775955591876,0.48027840889750273,0.005486861812972128,11.473177083333333,0.7385950597136711,0.20824370935878972,0.2492392264708548,0.2528626137529772,5.4484375,215.728125,0.0034706109773435757,37.2515625,27822.5375,0.01774694020858896,67.3390625,54757.64375,0.027355271615587994,2166.0,4316.0,13524.0,304.0,2745.0,6596.0,4.494921875,24.58125,26.278125,-0.13348563227350438,637.2333959960938
0.9994791666666667,21.030729166666667,13869.488541666668,0.22247504033405346,0.009581975123823222,0.48275706524450857,0.005478178996266389,11.433072916666667,0.7507120037643329,0.20814656921182745,0.2492166857453797,0.2530472794116313,5.396875,191.6828125,0.00334766632742796,37.1515625,27379.759375,0.017305087118455968,67.4453125,55070.440625,0.026796098314771526,2186.0,4272.0,13531.0,307.0,2713.0,6671.0,4.442578125,24.5703125,26.2578125,-0.1347563303574093,639.8558265516492
0.99921875,21.146354166666665,13915.460416666667,0.22186581334961472,0.009582581733612644,0.4818884126299905,0.005508297516714422,11.450520833333334,0.7441688628358908,0.2074300313778899,0.2487531319505439,0.25272162263558495,5.454296875,284.4453125,0.0033313779798331404,37.2296875,27599.85,0.017250007783967316,67.83125,54755.13125,0.026919970698375994,2234.0,4209.0,13582.0,317.0,2794.0,6679.0,4.47109375,24.5265625,26.2921875,-0.1318362034183991,646.2337887912327
0.9994791666666667,21.128645833333334,13852.692447916666,0.22272328740756742,0.0096091809338947,0.4882884340116236,0.005503684770339498,11.4015625,0.7303719772228658,0.20828748528478253,0.24957253038383861,0.25361725292243575,5.428125,209.66796875,0.0033667218936094786,37.121875,26670.1875,0.01729507402988149,67.9375,55607.2953125,0.02689312399904879,2229.0,4246.0,13460.0,310.0,2787.0,6739.0,4.48125,24.35625,26.128125,-0.13308322381405735,647.9120960828992
1.0,21.1703125,13871.871875,0.22287908278633126,0.009754622294834111,0.4850765399837663,0.005514538291221672,11.48984375,0.734174723841858,0.2085735790398838,0.24949949922005543,0.25348068133839685,5.461328125,239.6828125,0.0034411080287097434,37.3109375,27947.778125,0.01749337112585178,67.865625,54324.721875,0.027269930528313908,2186.0,4300.0,13488.0,321.0,2715.0,6778.0,4.519921875,24.5578125,26.3015625,-0.13249893243874827,647.5652644856771
0.9997395833333333,21.1828125,13867.850520833334,0.22271409820935695,0.009883749602393011,0.4855320170101346,0.005517794347486325,11.492708333333333,0.7424208895773401,0.208444817313476,0.24922912678447046,0.2532761932177675,5.494921875,188.7390625,0.003533892222407882,37.2234375,27777.1015625,0.01766735123883365,67.89375,54675.0453125,0.02749957748589289,2199.0,4220.0,13545.0,297.0,2794.0,6707.0,4.5203125,24.571875,26.303125,-0.13286845162960323,643.6868920898438
0.9994791666666667,21.128125,13837.997916666667,0.22293849754116093,0.009885945134758736,0.48890728046945103,0.005503549101328471,11.501822916666667,0.751466745550461,0.20876130074326715,0.2492189109601573,0.2533668713137397,5.534375,179.71328125,0.003598649750906379,37.11875,27737.6875,0.017571268779248438,67.5125,54571.446875,0.02734980302567846,2200.0,4155.0,13445.0,296.0,2765.0,6687.0,4.5625,24.475,26.2859375,-0.13097099871445625,637.3742089843751
0.9994791666666667,21.234375,13797.360677083334,0.22339476929689575,0.010010308623540838,0.4872515556112519,0.005531225579578015,11.66796875,0.7169487368162865,0.2092368502859931,0.24950222065633146,0.25391899398107054,5.489453125,125.8140625,0.0035596743501567782,37.271875,26950.5828125,0.017865686173672263,68.1765625,55330.325,0.027957468166945654,2199.0,4189.0,13552.0,295.0,2807.0,6796.0,4.506640625,24.9609375,27.0203125,-0.13196689305586273,647.8377766927083
1.0,21.203645833333333,13883.196875,0.22283991170679698,0.009970636191895527,0.48566206083336116,0.005523221107927412,11.703385416666666,0.7480042249023605,0.20861416601622737,0.24926193129575455,0.2533208748801178,5.460546875,227.74296875,0.003494351974041946,37.35625,27208.33125,0.017942652635556954,68.0234375,55179.878125,0.02790375661964841,2179.0,4257.0,13582.0,309.0,2762.0,6770.0,4.52265625,25.053125,27.0765625,-0.13368169167170785,647.5751950412326
0.9997395833333333,21.202083333333334,13866.676041666668,0.22281558348986066,0.01000492162905392,0.4826529931168731,0.00552281410089433,11.695833333333333,0.7536110838164488,0.20848106420572235,0.24951054485801985,0.2534586992582548,5.4578125,215.703125,0.003524630139398613,37.375,27588.653125,0.01802628283766599,68.00625,54748.590625,0.027904726379063084,2182.0,4283.0,13577.0,314.0,2779.0,6727.0,4.5015625,25.1015625,27.0671875,-0.1328497751679274,647.3055164930556
0.9997395833333333,21.168229166666666,13853.029166666667,0.22296491805074656,0.01014335332250634,0.48246984223542905,0.005513995615177563,11.661979166666667,0.7619762320694831,0.20876136266554207,0.24935904531892367,0.2533850123233875,5.47578125,194.74609375,0.003611114229380101,37.303125,27807.40625,0.01817271263476069,67.803125,54531.784375,0.028242950382756937,2154.0,4316.0,13485.0,309.0,2768.0,6720.0,4.515625,24.9375,26.971875,-0.13224045779643734,645.4425322808161
1.0,21.135416666666668,13892.4359375,0.22263703418664235,0.010058260460598838,0.4897561614085343,0.0055054484674828515,11.640364583333334,0.736323311976343,0.20839841914689003,0.2491248692039454,0.25310365932834866,5.39140625,188.7953125,0.0035177897541993006,37.3390625,28039.878125,0.018150820569578577,67.9078125,54559.55625,0.028127583177217242,2172.0,4265.0,13589.0,291.0,2781.0,6710.0,4.462890625,25.0,26.990625,-0.13815010377225395,646.7535373263888
0.9997395833333333,21.05,13862.565625,0.2226941043995675,0.010010254648655322,0.4880769496018098,0.0054831987496743945,11.448697916666667,0.7432699920823437,0.20849342102951499,0.24912173303309007,0.2530692092462551,5.422265625,185.73984375,0.0035456140197700258,37.0671875,27256.34375,0.01797113023332106,67.54375,55176.090625,0.02790794157953077,2184.0,4264.0,13379.0,315.0,2720.0,6714.0,4.4796875,24.5140625,26.259375,-0.13628637016902634,637.4501041666667
0.9997395833333333,21.16875,13900.353645833333,0.22229727247723965,0.009943837922063693,0.4853396017342052,0.0055141312841885904,11.67421875,0.7485483712233048,0.2080107990660734,0.24910825136016754,0.25263218723897696,5.490625,242.6453125,0.0035380668771888306,37.371875,27219.35625,0.017909397984360857,67.678125,55212.184375,0.027601362039265977,2163.0,4334.0,13488.0,295.0,2739.0,6702.0,4.52265625,25.0328125,26.921875,-0.1341353648041722,641.9819401041666
0.99921875,21.130729166666665,13928.365625,0.22179918591822517,0.010001448636281147,0.48122857128130836,0.005504227446383607,11.612760416666667,0.7419092455201992,0.20740338459177235,0.2487145971705885,0.25246697997167333,5.45390625,260.5140625,0.0035018569101491594,37.284375,27538.2875,0.01802786344127328,67.684375,54989.85,0.027973400735816965,2169.0,4287.0,13580.0,311.0,2794.0,6619.0,4.486328125,24.884375,26.846875,-0.13505387025454296,642.9183265516493
1.0,21.021354166666665,13995.614583333334,0.22142970776743354,0.009762831917580601,0.4766601918931183,0.0054757369540678995,11.401302083333333,0.7474790020068879,0.20708064328901205,0.24825636770925766,0.2519993057392954,5.392578125,254.62265625,0.003345189337880955,37.1203125,27692.55,0.017707535739912232,67.4375,55262.646875,0.027488698414047563,2185.0,4331.0,13464.0,299.0,2768.0,6659.0,4.440234375,24.4578125,26.1890625,-0.13271799039731513,639.3875648328992
0.9997395833333333,21.0765625,13934.8640625,0.22187202518340837,0.009988162503807806,0.479916642362566,0.005490117869236781,11.613541666666666,0.7520201645785455,0.20756682148493527,0.24864155357309903,0.2523233115876101,5.40234375,245.6328125,0.0034641196546087876,37.228125,27689.965625,0.018096269875145565,67.621875,54936.6875,0.027976226529266124,2201.0,4303.0,13501.0,297.0,2788.0,6656.0,4.4390625,25.0,26.925,-0.1347424726578885,639.8941381835938
0.99921875,20.989583333333332,13923.459895833334,0.22173520976376196,0.010019308987294102,0.4856560718912272,0.005467461144395242,11.598697916666667,0.7385856079404467,0.20742043045828992,0.24846512394321948,0.2522644128061923,5.392578125,212.61328125,0.0035212614218802915,37.0546875,27911.60625,0.018091118098992214,67.3125,54778.7,0.027939690137251227,2185.0,4281.0,13437.0,294.0,2766.0,6615.0,4.45546875,24.9671875,26.803125,-0.13584484052047574,634.4712456597223
1.0,21.1859375,13863.4828125,0.22288040408625504,0.010024018718541675,0.4892725846433987,0.005518608361552488,11.72421875,0.7447697716154092,0.20861350163819364,0.24961196098497457,0.2532164569797811,5.50546875,173.81015625,0.0035559110552098733,37.303125,27506.33125,0.018060053879138265,67.790625,54979.325,0.0278604142112723,2153.0,4325.0,13523.0,291.0,2767.0,6661.0,4.55546875,25.1078125,27.015625,-0.13454179556508455,640.8159480794271
0.9997395833333333,21.1765625,13855.030208333334,0.2227811049045902,0.009839292771213386,0.483287980518863,0.005516166319353998,11.49375,0.7401067414348607,0.2084913842133259,0.24944014043927215,0.25328095213496554,5.451953125,170.7796875,0.0034366199360750917,37.40625,28142.034375,0.017776235600266997,67.8453125,54305.028125,0.027513041282712952,2142.0,4326.0,13565.0,293.0,2785.0,6681.0,4.5203125,24.54375,26.3375,-0.13643155244868455,644.0620548502604
0.9997395833333333,21.2,13847.636979166668,0.22296575132189408,0.010011055123643533,0.4923414509382844,0.0055222714248502214,11.525260416666667,0.7468799135220126,0.20874851398496325,0.24949283042446577,0.2533076215670458,5.5015625,128.81953125,0.0035787189557040812,37.3078125,27822.490625,0.017928549901054414,67.8859375,54748.053125,0.027822905017990462,2129.0,4290.0,13536.0,289.0,2758.0,6706.0,4.555078125,24.5765625,26.3546875,-0.1359788419198328,643.7027083333334
0.99921875,21.252083333333335,13835.311458333334,0.22274497903917861,0.009950088636314757,0.48684306017692713,0.0055358383259529395,11.496875,0.7424517204195668,0.2083378086372239,0.24955591115856107,0.253562728527615,5.447265625,206.62109375,0.0035019498261725387,37.3796875,27128.48125,0.017895961763137867,68.34375,55056.903125,0.02779677075006053,2144.0,4251.0,13727.0,295.0,2770.0,6764.0,4.48828125,24.6484375,26.3796875,-0.1374129872156675,654.386974826389
0.9997395833333333,21.161979166666665,13859.728645833333,0.2228093725309339,0.009861506248216733,0.48369292814687237,0.005512367587045238,11.46328125,0.7542516797519135,0.208461437218146,0.24946358027119606,0.25354690604182323,5.484375,176.75390625,0.003471244406000684,37.1484375,27401.5875,0.017730381842584204,67.8859375,55049.76875,0.027553678022713447,2159.0,4204.0,13603.0,290.0,2771.0,6718.0,4.5078125,24.5140625,26.234375,-0.13279699471046483,645.662825249566
0.9994791666666667,21.205729166666668,13838.190104166666,0.22290825445166237,0.00973003183903998,0.48636153990963815,0.005523763783971521,11.487239583333333,0.7395554463956773,0.20860340316733367,0.2495738235406435,0.25346209049999624,5.468359375,158.74375,0.003377404276473718,37.2828125,27448.415625,0.01761155048436098,68.078125,54945.75,0.027259023443984044,2179.0,4273.0,13581.0,288.0,2764.0,6753.0,4.515625,24.5671875,26.29375,-0.13393346185278024,648.1394463433159
1.0,21.10625,13881.8015625,0.22279039838355902,0.009900471685748013,0.48520276523219047,0.005497851002865329,11.626822916666667,0.7465946106011253,0.20861363295247282,0.2492717689566879,0.25301608953477495,5.514453125,182.775,0.0034945114396795775,37.1578125,27907.45,0.017882590689027467,67.421875,54652.259375,0.02754219366674231,2170.0,4251.0,13480.0,282.0,2786.0,6611.0,4.542578125,24.834375,26.75625,-0.13096252687873278,636.1298567708333
0.9997395833333333,21.093229166666667,13893.520833333334,0.22250309931448645,0.009725372325841867,0.48040308166938755,0.00549445927758965,11.609114583333334,0.744536902145732,0.20822859562121324,0.2490501949020402,0.2530540185000255,5.470703125,212.696875,0.003416738026722991,37.140625,27388.70625,0.01749904881477205,67.5359375,55121.63125,0.027186233033387186,2193.0,4225.0,13513.0,307.0,2758.0,6675.0,4.50703125,24.8234375,26.803125,-0.1307138854372771,640.5392249891491
0.9994791666666667,21.061458333333334,13930.832291666668,0.2219128936426351,0.009564850994243269,0.48210882046817605,0.005486183467916992,11.581510416666667,0.7052277560710223,0.20754020495959705,0.2487576709630086,0.2525588710544139,5.457421875,212.66953125,0.003305254443849491,37.0453125,27733.921875,0.017314214846580273,67.49375,55000.39375,0.026853873343481383,2203.0,4250.0,13492.0,280.0,2742.0,6671.0,4.501953125,24.7796875,26.7015625,-0.1324253476563573,639.8675770399307
1.0,21.0375,13945.850520833334,0.22214175074054518,0.009534909691154054,0.47834907900235507,0.005479942693409742,11.524739583333334,0.7466577540106952,0.20778796447524686,0.24894063630699964,0.2527580102352841,5.422265625,215.76640625,0.0032576983998382435,37.084375,28048.009375,0.01729195081053936,67.4515625,54764.028125,0.02688671373703198,2224.0,4208.0,13511.0,312.0,2756.0,6653.0,4.4609375,24.64375,26.6609375,-0.13281438337600307,640.6397395833335
0.9997395833333333,21.131770833333334,13905.421875,0.22241848103425726,0.009696721495970135,0.4840225453905127,0.005504498784405661,11.5453125,0.7554284869248022,0.20805201554781966,0.24923204481072597,0.2530707792035391,5.46171875,170.77421875,0.003339481408952534,37.303125,27798.228125,0.017551100321894466,67.640625,54951.20625,0.0272713030181162,2215.0,4211.0,13566.0,302.0,2781.0,6662.0,4.4984375,24.646875,26.63125,-0.13315228914982777,644.5711781141493
1.0,21.10625,13890.225520833334,0.22258048314387732,0.00959002559301002,0.48212769732594957,0.005497851002865329,11.584114583333333,0.7432385746717994,0.20821397157311705,0.24943871814969065,0.2531882944211052,5.4671875,185.7953125,0.0032900980142109267,37.1953125,27886.659375,0.017393546956342126,67.5734375,54711.5125,0.026986214544874286,2205.0,4178.0,13561.0,295.0,2749.0,6708.0,4.50234375,24.7390625,26.75625,-0.13173292180785642,642.9361067708331
1.0,21.13125,13943.5703125,0.22219336747414317,0.009524305234206245,0.48808569023986076,0.005504363115394634,11.546354166666667,0.7498274672187716,0.20775457701853792,0.24915490720443026,0.25298698956627697,5.451953125,218.759375,0.0032862891806370877,37.2484375,27696.196875,0.017255564667355488,67.73125,55090.1875,0.02674511001533363,2165.0,4285.0,13557.0,295.0,2768.0,6660.0,4.482421875,24.6953125,26.653125,-0.13513391713074221,647.0098567708334
1.0,21.154166666666665,13887.195833333333,0.22274352349207752,0.009628859195591342,0.48307041989278027,0.00551033255187983,11.615104166666667,0.7607100649990152,0.20838248230974504,0.24945854690912142,0.2534726648043634,5.476953125,179.8,0.003351279622043442,37.3203125,28004.884375,0.017433250839518955,67.696875,54599.090625,0.026934785845855336,2195.0,4241.0,13595.0,289.0,2776.0,6642.0,4.5046875,24.8421875,26.8296875,-0.1345817503884636,644.8116493055555
1.0,21.102083333333333,13892.48125,0.22259276828563387,0.0093717688403371,0.48314148971710325,0.005496765650777112,11.388020833333334,0.752789021621088,0.20821482218893478,0.24936637580236373,0.2533309451557004,5.45703125,176.80625,0.0031913302507021214,37.2796875,27518.2125,0.017085612849822435,67.5046875,55129.45,0.026379679189391658,2180.0,4253.0,13562.0,291.0,2736.0,6675.0,4.487890625,24.3078125,26.06875,-0.133545642566462,644.8302039930555
0.9997395833333333,21.121354166666666,13930.963020833333,0.22202515254366,0.00921444398557839,0.4801320498246133,0.005501785404185118,11.46796875,0.7498582102433852,0.2075070605321577,0.24903668663286335,0.25308598650046593,5.42890625,212.71796875,0.0030615390745916773,37.303125,27634.084375,0.01690453115777773,67.709375,55100.821875,0.026135976457325905,2178.0,4267.0,13622.0,306.0,2799.0,6630.0,4.447265625,24.5640625,26.4546875,-0.13393581073615954,647.360793999566
1.0,21.059375,13973.326041666667,0.22170643305953466,0.009534537715354242,0.47649399134266895,0.005485640791872883,11.37734375,0.7557501112924766,0.20722040986392884,0.24872962930655804,0.2526273295949345,5.45546875,263.70234375,0.0031998957143724365,37.125,27751.9625,0.01743190606852315,67.409375,55033.184375,0.026975737366112564,2183.0,4256.0,13488.0,316.0,2731.0,6691.0,4.45546875,24.2953125,26.146875,-0.12923403021068322,641.6386621093749
1.0,21.166666666666668,13940.438541666666,0.22213494730962485,0.009285114135073559,0.4806846743477766,0.005513588608144482,11.4484375,0.7407972440944882,0.20765766600645566,0.2491392100482092,0.2530398097837172,5.449609375,215.77421875,0.0031063909019804084,37.3171875,27804.6625,0.016965232430039872,67.884375,54974.871875,0.026319888772479854,2145.0,4330.0,13565.0,309.0,2754.0,6723.0,4.4703125,24.50625,26.303125,-0.13331570163134798,649.0701388888888
1.0,21.164583333333333,13973.370833333332,0.22170680568231968,0.009267739815612058,0.48119581485717255,0.005513045932100374,11.445833333333333,0.7487449552121271,0.20718574075394422,0.2488586039501764,0.2526392671279647,5.4453125,248.73203125,0.003093389321027616,37.290625,27924.51875,0.016936986727384667,67.915625,54920.778125,0.026295894882177217,2176.0,4292.0,13561.0,294.0,2768.0,6726.0,4.50234375,24.465625,26.2,-0.1334257015128561,649.1718706597222
0.9997395833333333,21.3203125,13922.3640625,0.22213711025002786,0.009145617062167074,0.487449030569649,0.005553610966397499,11.501302083333334,0.7447172346402834,0.2075956621143377,0.2493195455283929,0.25312046751442374,5.480859375,218.68515625,0.0030586484409059543,37.5078125,27422.634375,0.016743177292958513,68.490625,55236.809375,0.025895931316420116,2192.0,4287.0,13687.0,311.0,2818.0,6744.0,4.528125,24.58125,26.3140625,-0.13448915660543218,659.2343790690104
0.9997395833333333,21.278125,13942.161979166667,0.22197930495495494,0.009326906688197488,0.48466688008091374,0.005542621776504298,11.659114583333333,0.7456063053801342,0.2073711295732595,0.24924695791359533,0.2531443535230961,5.4078125,257.64921875,0.003114133771751303,37.5359375,28047.803125,0.017053982312590206,68.5015625,54574.571875,0.026450922729589495,2190.0,4332.0,13714.0,292.0,2837.0,6719.0,4.487890625,25.0109375,26.9921875,-0.1404750007524836,659.2893131510415
1.0,21.236979166666668,13928.786979166667,0.2223957801789769,0.009413717102172764,0.4871401711881193,0.005531903924633151,11.6546875,0.7471489883507051,0.2078411922055447,0.24957774401962532,0.25343216823205716,5.413671875,212.771875,0.003204208442006659,37.4546875,27757.7375,0.01714900127102202,68.3125,54963.896875,0.02651646757398792,2151.0,4358.0,13601.0,290.0,2792.0,6751.0,4.495703125,24.9984375,26.946875,-0.13993511265550013,656.3464450412325
0.9994791666666667,21.269791666666666,13921.471875,0.22198121580343944,0.009659259719835684,0.4872783936364358,0.005540451072327863,11.653385416666667,0.7492776335765708,0.20741051672559546,0.24930982354744372,0.25293540437081097,5.4546875,203.6875,0.003306950606296981,37.5453125,27637.70625,0.017573887791911026,68.2546875,55076.375,0.02715386810191515,2193.0,4320.0,13659.0,286.0,2826.0,6696.0,4.487890625,25.065625,26.903125,-0.13721511144425685,654.8261707899305
1.0,21.280729166666667,13934.503125,0.22230772048785216,0.009587309416781507,0.49260015848857513,0.005543300121559434,11.661458333333334,0.7230965026065249,0.20774088089348908,0.24946388181709986,0.25341891753605683,5.448828125,221.76328125,0.0032845386299526188,37.471875,27407.18125,0.01743947771870221,68.4171875,55312.784375,0.026946224262176355,2159.0,4285.0,13695.0,297.0,2826.0,6717.0,4.50859375,24.9796875,26.9546875,-0.13849326119439384,658.3581703016492
1.0,21.080729166666668,13979.748958333334,0.22152422903298688,0.009518625298734894,0.4921404368284993,0.0054912032213249974,11.412760416666666,0.752118591723286,0.2070434231984053,0.24863934200822993,0.25233233939606997,5.416796875,200.7875,0.003249146229507797,37.2328125,27785.5859375,0.017353627543355732,67.584375,55289.7578125,0.02676153933102244,2181.0,4273.0,13548.0,315.0,2774.0,6599.0,4.48125,24.4484375,26.103125,-0.13799972884120462,642.3075453016493
1.0,21.195833333333333,13948.83125,0.22200310174893573,0.00935841519140169,0.4879869945662519,0.005521186072762004,11.4484375,0.7302683310399056,0.20738964294586718,0.24933343326746274,0.2531266054426829,5.426953125,188.78828125,0.0031753020859047283,37.5015625,27535.646875,0.017058102434048948,67.965625,55402.1875,0.026391180370742284,2193.0,4283.0,13617.0,313.0,2759.0,6695.0,4.49375,24.5171875,26.1984375,-0.13823011197922558,651.9350868055556
0.9994791666666667,21.331770833333334,13901.1328125,0.22223376513012863,0.008896234488264477,0.4909179696717898,0.005556595684640097,11.632291666666667,0.7367238811436384,0.20766277170903077,0.2493821864773079,0.2533693174673409,5.445703125,152.75703125,0.0029651152306221927,37.6734375,27914.96875,0.016274592691233342,68.534375,54880.8,0.02524235331586474,2174.0,4292.0,13778.0,307.0,2800.0,6734.0,4.490234375,24.96875,26.8640625,-0.13930565054446623,660.4185739474826
1.0,21.288541666666667,13959.789583333333,0.2218196311033277,0.00911215391934613,0.48845719702042917,0.005545335156724842,11.455208333333333,0.751064246220091,0.20721665024073016,0.2489377172682281,0.25311346838881754,5.450390625,197.77890625,0.003026609935847185,37.5046875,27343.9125,0.01661565870029324,68.425,55623.709375,0.025950825072394802,2203.0,4301.0,13646.0,321.0,2805.0,6754.0,4.517578125,24.4546875,26.20625,-0.13611488731451632,658.8167437065972
0.9997395833333333,21.241666666666667,13973.671354166667,0.22150811080184454,0.009298642536934227,0.48414781754399816,0.0055331249457323955,11.590885416666667,0.7385739505688506,0.20681514937385082,0.24875966612646466,0.25302840118919934,5.427734375,245.6625,0.003108204889996336,37.4390625,27585.678125,0.016905234654505285,68.3,55273.7,0.026453801007114745,2215.0,4285.0,13665.0,325.0,2794.0,6730.0,4.449609375,24.8875,26.859375,-0.1348201254601369,656.0837847222223
1.0,21.242708333333333,13922.327083333334,0.2223997100837917,0.0094953758742121,0.4873723516913335,0.00553339628375445,11.6140625,0.727651645172363,0.2077759187588931,0.24957862711015205,0.2537159583570259,5.433203125,215.7484375,0.003223676796499516,37.5703125,27961.928125,0.01725457088795656,68.153125,54709.040625,0.026822977171317992,2215.0,4272.0,13672.0,312.0,2798.0,6695.0,4.489453125,24.8734375,26.853125,-0.1372990687100049,655.4900509982639
0.9997395833333333,21.236979166666668,13928.633333333333,0.22208752557708303,0.009424413285685577,0.48887035491303776,0.005531903924633151,11.625260416666666,0.7588963825873697,0.20745625635112344,0.24934669560637107,0.2533534324516335,5.40625,191.73984375,0.003200657949249658,37.484375,28072.0125,0.01705972629549967,68.3125,54732.828125,0.026684121621615153,2192.0,4302.0,13678.0,318.0,2790.0,6715.0,4.475390625,24.9078125,26.9421875,-0.14099006157861432,657.8579033745659
1.0,21.288020833333334,13878.357291666667,0.22283386601338886,0.009152855277383609,0.493101901224793,0.0055451994877138144,11.440885416666667,0.757908643848017,0.20831519047043043,0.24971964355739198,0.2540227906412194,5.49140625,110.89921875,0.0030697981893577017,37.4359375,27530.8,0.016629483098667273,68.3265625,55295.746875,0.026008455808203566,2215.0,4230.0,13629.0,311.0,2834.0,6737.0,4.5125,24.4015625,26.19375,-0.13317302093243702,654.9727731662326
0.9997395833333333,21.199479166666666,13917.669791666667,0.2220503890604519,0.009180174201931427,0.4886617539424254,0.005522135755839194,11.610416666666667,0.7545881138982384,0.2075182275681898,0.2490497096004744,0.2531797144894779,5.434765625,158.79296875,0.0030871689869996586,37.5,28412.1078125,0.016740824862392138,67.9578125,54458.7390625,0.025991544401197803,2211.0,4209.0,13698.0,312.0,2835.0,6625.0,4.475390625,24.8921875,26.86875,-0.137341022234441,650.6055205620661
1.0,21.1421875,13954.340104166668,0.22189487824491613,0.009253066447538852,0.48769141172495184,0.005507212164626205,11.416666666666666,0.7527406203039932,0.207352064356421,0.24890573947943445,0.25305527256437826,5.419140625,200.78125,0.0031062975336905198,37.3109375,28144.209375,0.016818940258401287,67.865625,54778.70625,0.026274268292069754,2241.0,4240.0,13568.0,308.0,2804.0,6652.0,4.472265625,24.4015625,26.209375,-0.13776094372009756,646.8407202148436
0.9994791666666667,21.2046875,13871.955729166666,0.22239838872049056,0.009396751173433675,0.4854762196847355,0.005523492445949466,11.42890625,0.7514061847567116,0.2078764648839318,0.2493049411720603,0.253579531615156,5.44921875,167.73046875,0.0031916848659914628,37.365625,27718.246875,0.017025984455190536,68.065625,54842.565625,0.026587783121445673,2220.0,4296.0,13520.0,315.0,2784.0,6736.0,4.4921875,24.3671875,26.2375,-0.13534680724556067,649.8039363606771
1.0,21.2640625,13901.889583333334,0.22262478944245395,0.009695219634447213,0.48759657121536776,0.005538958713206564,11.651302083333333,0.754966076371029,0.20820333765352167,0.24937750588432617,0.2535578801563109,5.46328125,203.7609375,0.0033707952110657,37.41875,27649.715625,0.017459983536451073,68.3125,54946.578125,0.027228153425969404,2227.0,4256.0,13620.0,300.0,2761.0,6784.0,4.496875,24.934375,26.9859375,-0.1357518453362684,652.8354793294272
0.9994791666666667,21.210416666666667,13861.669791666667,0.22246022613654517,0.009871547748525432,0.4926712405296744,0.0055249848050707645,11.638541666666667,0.751178666142815,0.2080423444159722,0.24938586242542327,0.25320611672995913,5.475390625,197.69453125,0.0034572192336005383,37.4265625,27827.653125,0.017852878849044664,67.934375,54551.5875,0.027547530707705777,2244.0,4263.0,13589.0,303.0,2803.0,6621.0,4.5046875,24.9421875,26.8703125,-0.1370936294238143,646.6442664930556
0.9997395833333333,21.169270833333332,13912.602604166666,0.2221327262122933,0.009356213376087516,0.48360932860568967,0.005514266953199618,11.48359375,0.7331037027924714,0.20773922960658608,0.24899722050247713,0.2528422183449384,5.47265625,206.7015625,0.0032207995712115237,37.290625,27998.4375,0.01697547453307302,67.834375,54650.371875,0.026278607438605966,2202.0,4321.0,13502.0,322.0,2727.0,6704.0,4.52109375,24.559375,26.2578125,-0.13415888552321237,642.2942640516495
0.9997395833333333,21.181770833333335,13909.265104166667,0.2223138663827985,0.009463362526762657,0.4937728711918189,0.00551752300946427,11.485416666666667,0.7534731613759866,0.20797189337620442,0.24908266383879316,0.25291296095318,5.495703125,161.78125,0.0033103061321331576,37.221875,27611.98125,0.017059820828376974,67.8859375,55196.484375,0.026479129803666346,2199.0,4299.0,13440.0,303.0,2713.0,6746.0,4.5453125,24.50625,26.225,-0.13591477331686042,643.3450843641493
1.0,21.116145833333334,13915.9734375,0.22248396167901424,0.009620643867148145,0.4885031454662934,0.005500428714074846,11.448177083333333,0.7449621389635696,0.2080213315797895,0.24948806471701818,0.2533303790379094,5.406640625,194.78671875,0.0033883266664391835,37.021875,27345.7,0.01726645028622719,68.0484375,55370.99375,0.026904106250904954,2147.0,4292.0,13501.0,278.0,2759.0,6785.0,4.475390625,24.5125,26.275,-0.13727403349919845,649.650051812066
0.9997395833333333,21.190104166666668,13922.89375,0.2220718358531691,0.00966594552812125,0.4880342247223494,0.005519693713640705,11.68671875,0.7534472164188276,0.20760189466985227,0.24900652973368245,0.2530169067059229,5.439453125,215.7078125,0.003369986198257838,37.2390625,27330.015625,0.017453598638520827,68.14375,55344.515625,0.02706212973717532,2165.0,4267.0,13614.0,288.0,2809.0,6717.0,4.49375,25.1078125,27.0375,-0.13584595780442685,651.485735405816
0.9997395833333333,21.147395833333334,13941.014583333334,0.22203130802424972,0.009330347738171214,0.48228906830431095,0.005508568854736476,11.613541666666666,0.7492796098810433,0.2075023678162043,0.24911912366494987,0.2530592532157314,5.42421875,221.6859375,0.003199152549996561,37.30625,28313.76875,0.016938522355116337,67.88125,54445.575,0.02624695387392471,2212.0,4213.0,13641.0,294.0,2788.0,6683.0,4.470703125,24.915625,26.8828125,-0.1356057333948625,651.4886911349827
1.0,21.294270833333332,13926.730729166668,0.22234537172526914,0.009366991388673232,0.4838880447214934,0.005546827515846141,11.488541666666666,0.7547755900697077,0.20773607315778717,0.24949339843018006,0.25363453929028595,5.465625,200.7859375,0.003174837457389798,37.640625,27863.3265625,0.017047501150991608,68.2625,54893.9140625,0.026455097351488592,2179.0,4300.0,13680.0,298.0,2799.0,6736.0,4.522265625,24.5515625,26.290625,-0.1361929890846678,655.8076755099828
0.99921875,21.1546875,13924.627604166666,0.2216813946821197,0.009281618402548262,0.48546328500905184,0.005510468220890857,11.475520833333333,0.7488736243444863,0.2071564199967967,0.24873985778074276,0.2527228303247885,5.450390625,203.61171875,0.003187822014388923,37.309375,28019.184375,0.016808787508305906,67.8171875,54714.134375,0.026129634849427975,2192.0,4293.0,13540.0,300.0,2778.0,6664.0,4.503125,24.521875,26.31875,-0.13710816558211325,645.8083634440105
1.0,21.215104166666666,13976.20625,0.22165174753076278,0.009284059442173713,0.48031368101829197,0.005526205826170009,11.6484375,0.7347114133503547,0.20708152176036024,0.24885768725542637,0.2527267108877093,5.4375,230.75,0.0031262345170345444,37.4078125,27674.60625,0.016927344888603833,68.1328125,55259.63125,0.026272073696300267,2203.0,4308.0,13608.0,304.0,2772.0,6772.0,4.4734375,25.04375,26.953125,-0.1324099181396719,650.3740426974825
0.9997395833333333,21.30625,13939.713020833333,0.2220185836127541,0.009355413005272638,0.4871881428966819,0.0055499479030997655,11.4984375,0.745502102278283,0.2074090919582025,0.24922739730500196,0.25324773653871263,5.453515625,212.7109375,0.003159440068803806,37.684375,28094.91875,0.017032086219871224,68.3390625,54692.515625,0.026462631536549375,2205.0,4307.0,13715.0,306.0,2810.0,6717.0,4.4953125,24.6484375,26.3609375,-0.13641697830409008,656.0879817708333
1.0,21.317708333333332,13916.50625,0.2223478696642391,0.009519863346899943,0.4857489382458874,0.005552932621342364,11.674739583333333,0.753799169313462,0.20771615271708402,0.2495769859678078,0.2536456211492909,5.416796875,218.7609375,0.003219944797159407,37.771875,28032.496875,0.01731476435111446,68.4671875,54591.496875,0.026924636541647572,2203.0,4273.0,13818.0,299.0,2801.0,6750.0,4.49296875,25.0703125,27.00625,-0.13962281439242236,660.0568739149306
0.9997395833333333,21.272916666666667,13897.054166666667,0.22248309881089245,0.009484843874805257,0.487427368470233,0.0055412650863940266,11.644270833333334,0.7490941141905788,0.20787319852490144,0.24977123654388095,0.253634562221868,5.393359375,194.74140625,0.003249218150501991,37.6921875,28230.05,0.01721491052400534,68.371875,54373.309375,0.026697280122818245,2200.0,4319.0,13766.0,296.0,2802.0,6687.0,4.490625,24.96875,26.934375,-0.14308678072666217,661.2104123263888
0.9997395833333333,21.29375,13903.6796875,0.22241903803221022,0.009480630133317949,0.49322783585421487,0.005546691846835114,11.485416666666667,0.7457685158008023,0.20781311730890498,0.24969732017314133,0.25356443878450025,5.44296875,206.7109375,0.0032553226999655475,37.4609375,26747.015625,0.017156204504497237,68.5296875,55848.21875,0.026706285495548265,2198.0,4310.0,13667.0,308.0,2758.0,6793.0,4.520703125,24.5625,26.2671875,-0.13922118398021657,660.9647526041665
1.0,21.215104166666666,13964.846354166666,0.221849443061484,0.009620289667690336,0.48165479666040045,0.005526205826170009,11.63359375,0.7118061522598385,0.20726952631629195,0.24905210632642588,0.2529664467773104,5.49375,236.71953125,0.003307648679175954,37.3609375,28220.38125,0.01742501833389374,67.9546875,54621.81875,0.027066124955544456,2174.0,4256.0,13640.0,311.0,2749.0,6707.0,4.53046875,24.834375,26.8453125,-0.1338861512118849,651.2381051974827
0.9997395833333333,21.165625,13953.959375,0.22187137358642123,0.009409124559154408,0.48249615478903907,0.005513317270122428,11.398958333333333,0.728283872237807,0.20724149351406682,0.2490479313622922,0.2532143360999678,5.421484375,242.65546875,0.003168321997454904,37.34375,27670.521875,0.017110506734700735,67.9640625,55082.6125,0.026670952630406097,2190.0,4233.0,13631.0,320.0,2760.0,6722.0,4.48125,24.325,26.14375,-0.1351998634125776,654.7043391927083
1.0,21.2765625,13924.103125,0.22242691140247217,0.009624821181360743,0.48464779597558316,0.005542214769471216,11.614322916666667,0.7287459303321828,0.20784485805103028,0.24961436315566665,0.25356767305504524,5.49453125,227.7296875,0.003314745826951302,37.5421875,27808.303125,0.01743920269118312,68.1390625,54825.396875,0.02705074108917612,2171.0,4235.0,13726.0,307.0,2782.0,6732.0,4.515625,24.7953125,26.828125,-0.13245603805842548,655.6542423502605
1.0,21.180208333333333,13941.807291666666,0.22204849035199128,0.00962456908193693,0.4854661413830795,0.005517116002431189,11.592447916666666,0.7381596419613436,0.20755232436257698,0.24904534525906508,0.25303629940257455,5.454296875,233.75234375,0.0033257893202441545,37.3921875,27484.5828125,0.017425418019779045,67.871875,55231.2515625,0.027018839190865916,2186.0,4281.0,13585.0,322.0,2735.0,6694.0,4.497265625,24.8046875,26.7609375,-0.13628081675320625,649.6128374565973
0.9997395833333333,21.203645833333333,13942.765625,0.22187673940616245,0.009673833533217324,0.4771101781370828,0.005523221107927412,11.665625,0.7467269288398712,0.20735283845909294,0.24901265363375255,0.25283642896685027,5.5109375,233.66640625,0.0033272546631445735,37.3875,28195.04375,0.017551231477491474,67.790625,54526.884375,0.027182751069234172,2187.0,4299.0,13582.0,323.0,2717.0,6715.0,4.5359375,24.9484375,26.9015625,-0.1297789967564845,648.005403374566
0.9997395833333333,21.084375,13935.671354166667,0.2219331743146218,0.00968880910692172,0.482964627810223,0.005492152904402188,11.43515625,0.7426757571266241,0.2074429207902826,0.24897625793146783,0.2528511047951329,5.474609375,212.69140625,0.0033458066655472824,37.0734375,27331.465625,0.01755498934231667,67.534375,55431.796875,0.02719463863702452,2196.0,4185.0,13529.0,301.0,2703.0,6715.0,4.49375,24.4359375,26.2,-0.13174543268883515,640.3465266927083
1.0,21.105729166666666,13970.696354166666,0.22171786979738106,0.009571233574536674,0.479720275228623,0.005497715333854302,11.639583333333333,0.7491794783209536,0.20721406189513134,0.248756261486243,0.25269470971751806,5.433203125,239.7203125,0.0032392415659069176,37.2078125,28031.5203125,0.017446688501250918,67.69375,54833.7765625,0.02702374668234145,2230.0,4216.0,13528.0,309.0,2775.0,6715.0,4.46875,25.0015625,26.9609375,-0.12970568767769186,642.2638213433161
1.0,21.096875,13981.895833333334,0.22166126808441394,0.009541908015981064,0.4855957186673867,0.005495408960666841,11.588541666666666,0.7505554732632203,0.20710712525684527,0.2487931703674608,0.2527459371116417,5.410546875,245.7015625,0.0032622489681086108,37.30625,28050.74375,0.01733715830700585,67.6328125,54857.825,0.02686529391644608,2203.0,4227.0,13600.0,308.0,2728.0,6698.0,4.434765625,24.9171875,26.875,-0.13404112658603592,647.4619694010418
1.0,21.158333333333335,13930.480729166668,0.22219164109402295,0.009703968895345012,0.4808784305529283,0.005511417903968047,11.633854166666667,0.7306025994486018,0.20773682853079248,0.24909289812517182,0.25310963431579603,5.46015625,236.72265625,0.00333695544791838,37.4171875,28064.7875,0.017579451673246954,67.6921875,54571.20625,0.027296539907149597,2188.0,4279.0,13608.0,305.0,2769.0,6648.0,4.473046875,24.978125,26.9328125,-0.13444913676535394,646.3900347222223
1.0,21.061979166666667,13988.900520833333,0.22157055507950482,0.009639871951823243,0.4812756584180785,0.005486319136928019,11.440364583333333,0.7125547120354113,0.20709878246576602,0.2486136835784456,0.25241451703551937,5.41484375,278.6796875,0.0033613114252495093,37.1671875,27747.31875,0.017397459509329066,67.5453125,55071.365625,0.026996526500612343,2220.0,4218.0,13522.0,297.0,2747.0,6673.0,4.466796875,24.51875,26.25625,-0.13577559846978543,641.1680335828993
0.9989583333333333,21.047395833333333,13930.814583333333,0.22143532320763215,0.009389012350512113,0.48236117629629643,0.0054825204046192585,11.405729166666667,0.748335849149984,0.2068471520589374,0.2487594261431648,0.25246390486687853,5.458203125,266.40859375,0.003268505882102557,37.090625,27262.09375,0.016938582502443417,67.3609375,55257.159375,0.02632146807221903,2202.0,4142.0,13572.0,301.0,2731.0,6645.0,4.48125,24.359375,26.15,-0.13360137713249737,640.859211968316
0.9997395833333333,21.071354166666666,13978.401041666666,0.22154374494379858,0.00909933706384494,0.4782982986918872,0.005488761179126509,11.412760416666666,0.7269940924932644,0.20698595247770973,0.24875345796847026,0.252565201783482,5.43125,257.6078125,0.0030928959854408774,37.184375,28455.690625,0.016537407743982813,67.51875,54384.284375,0.025687030697323327,2224.0,4219.0,13569.0,277.0,2733.0,6685.0,4.4484375,24.4953125,26.1875,-0.1328402937995438,642.836575249566
1.0,21.180729166666666,13948.414583333333,0.2221950721542632,0.00912622804190775,0.4814656214980167,0.005517251671442216,11.546614583333334,0.7229448938943124,0.20760621345196784,0.2494426252725984,0.25330295384510937,5.4765625,251.70703125,0.0031062657736483125,37.3328125,27597.81875,0.016555292608100108,67.8453125,55085.840625,0.025777012548753142,2170.0,4242.0,13644.0,295.0,2772.0,6677.0,4.489453125,24.6765625,26.6453125,-0.13338825354357825,651.6949411349827
1.0,21.258854166666666,13951.078645833333,0.22237338714806576,0.009245351012078995,0.48639849921034606,0.005537602023096292,11.556510416666667,0.7441752211088517,0.2078172251497135,0.24941844071140035,0.2535529815781401,5.451953125,281.68671875,0.003157727935828733,37.4375,27359.584375,0.01667805908463421,68.3078125,55220.140625,0.02616313524452483,2188.0,4318.0,13618.0,281.0,2823.0,6743.0,4.5359375,24.6046875,26.590625,-0.1360166687361749,659.9538278537326
0.9997395833333333,21.257291666666667,13934.219791666666,0.22216640286368694,0.009335543479669233,0.48595258486866855,0.005537195016063211,11.477604166666667,0.7296270887440585,0.2076268001901303,0.24920316565530776,0.2532880507662925,5.453515625,254.63125,0.0032071179332286348,37.4890625,27356.8875,0.016826158811864177,68.240625,55229.90625,0.02635863033323669,2207.0,4253.0,13633.0,285.0,2847.0,6709.0,4.5203125,24.5140625,26.2703125,-0.1359109162292315,657.1796343315972
0.9997395833333333,21.306770833333335,13933.08125,0.2220802150977606,0.00952275555943157,0.48302628772523865,0.005550083572110793,11.54453125,0.7413527585616857,0.20745217183044548,0.24937657763907758,0.25329602562570414,5.451171875,233.659375,0.003247273176816909,37.665625,27737.71875,0.017282952261885098,68.3703125,54926.13125,0.02686448838743668,2215.0,4258.0,13752.0,293.0,2823.0,6723.0,4.528125,24.7046875,26.45,-0.1368002488329694,655.7595374891494
0.9997395833333333,21.355208333333334,13944.7953125,0.22196364411946484,0.00943115927314339,0.4820584353154127,0.00556270079013632,11.480208333333334,0.7290619969757572,0.20725791585902212,0.24922856691375822,0.2535216343669422,5.433203125,254.6375,0.0031928829589810007,37.6296875,27665.459375,0.017069240809230536,68.76875,54984.7625,0.02674618299370579,2237.0,4299.0,13688.0,301.0,2874.0,6813.0,4.463671875,24.6078125,26.41875,-0.13448964502262237,663.2743478732639
0.9989583333333333,21.440104166666668,13902.432291666666,0.22193790815883138,0.009319957904199832,0.48503664472631325,0.00558481483893375,11.675260416666667,0.7281185473096077,0.2071451961306489,0.24947690384015436,0.25356976059023817,5.48515625,236.48515625,0.0031885889692835684,37.8359375,27906.25,0.01686090605326994,68.8640625,54562.403125,0.02630448549479477,2233.0,4288.0,13850.0,304.0,2827.0,6767.0,4.52578125,25.025,26.9234375,-0.13804090750956982,666.4958916558159
1.0,21.327604166666667,13989.5890625,0.22171612107924793,0.009662505862677239,0.48620776826632484,0.00555551033255188,11.631510416666666,0.752570270336272,0.20708751732367583,0.24905932205046738,0.2528873351303169,5.50078125,269.703125,0.0033507970919750773,37.5,27904.978125,0.017455296695261125,68.4625,54953.74375,0.027116550112901993,2227.0,4237.0,13708.0,284.0,2839.0,6713.0,4.495703125,24.9671875,26.8390625,-0.13498199358129004,656.2171546766492
0.9994791666666667,21.1734375,13951.811979166667,0.22163579251631169,0.009595072746730089,0.48501319330088194,0.005515352305287835,11.45,0.7487270312154085,0.20705188541665245,0.248873422433824,0.25273379099743637,5.465234375,215.63046875,0.0033018044957492756,37.30625,27555.703125,0.017378084033961752,67.8734375,55292.646875,0.026985134463421684,2198.0,4279.0,13583.0,288.0,2798.0,6658.0,4.501953125,24.4796875,26.2125,-0.13522921384080516,645.2001277669272
1.0,21.277083333333334,13961.0921875,0.22196883463488806,0.009651936258669903,0.4827106624441438,0.005542350438482243,11.555729166666667,0.747747968275727,0.20733674294706095,0.24912059966016836,0.25334543636091617,5.434765625,242.7484375,0.0033048824261350585,37.5609375,27394.721875,0.017465098272107467,68.3625,55400.8375,0.02722698957537172,2223.0,4289.0,13710.0,305.0,2804.0,6731.0,4.47734375,24.7734375,26.6515625,-0.13656475325721246,657.4940581597222
1.0,21.330208333333335,13965.8,0.22180805419440433,0.009646013800709579,0.4883868771111492,0.005556188677607016,11.672916666666667,0.7354837134345852,0.20709664452434443,0.24923445638190894,0.25322729068713945,5.471484375,269.6625,0.003302554855500214,37.6609375,27238.828125,0.01750704868205049,68.434375,55477.321875,0.027158814700206126,2220.0,4325.0,13723.0,305.0,2843.0,6681.0,4.500390625,25.0640625,26.971875,-0.13505754738810202,658.0753374565973
0.9997395833333333,21.2328125,13978.903645833334,0.22151446384745066,0.009628099721229634,0.48799849390970773,0.005530818572544933,11.615885416666666,0.7530110138101896,0.20686302037570484,0.2487584929570951,0.2528762086247892,5.41875,257.61328125,0.0033148358608882955,37.4546875,27902.20625,0.017396935964883165,68.2671875,54940.7625,0.027112318918941457,2144.0,4393.0,13601.0,306.0,2794.0,6721.0,4.458984375,24.934375,26.925,-0.13913830926756537,654.7405900065104
1.0,21.2671875,13967.3296875,0.2219703272807573,0.009328944734192764,0.4830717609443606,0.005539772727272727,11.4578125,0.7498836725197757,0.2073108135375925,0.24918813026613273,0.253390579268041,5.448828125,248.715625,0.00317416103478631,37.540625,27821.428125,0.01689082241816518,68.2671875,54987.6875,0.026386201847846163,2161.0,4361.0,13664.0,304.0,2805.0,6729.0,4.46640625,24.571875,26.309375,-0.13459101987369174,657.4046525065103
0.9997395833333333,21.213020833333335,13956.284375,0.22183453540061163,0.0092438077141399,0.4837835068710651,0.0055256631501259005,11.46875,0.7465933364433205,0.20715964099794854,0.24912807116439484,0.2532405772474805,5.424609375,242.65625,0.003148889607868414,37.434375,27689.7,0.016758266284529373,68.1453125,55077.38125,0.02610902156883637,2190.0,4287.0,13647.0,302.0,2770.0,6750.0,4.478125,24.590625,26.309375,-0.13686564645857557,654.9994137912327
0.9997395833333333,21.266666666666666,13978.255729166667,0.2215247312514594,0.009484959838229019,0.48480615645008224,0.0055396370582617,11.602864583333334,0.7385139106583072,0.20678925387146713,0.24904283231555535,0.25294853970733255,5.426953125,227.68203125,0.003207508735777668,37.5453125,28039.696875,0.017276886548794456,68.346875,54919.109375,0.02680283753746897,2193.0,4345.0,13656.0,310.0,2786.0,6751.0,4.475,24.9015625,26.815625,-0.13667039013977178,657.5361805555555
0.9994791666666667,21.184895833333332,13978.479166666666,0.2213276488225196,0.009358781553369718,0.4826894952689891,0.005518337023530434,11.427604166666667,0.7536324523663184,0.2065353131546285,0.24892141452641905,0.25290322579018454,5.380859375,257.53671875,0.0031516722267283166,37.45,28105.5296875,0.017043047692315256,68.1359375,54735.1984375,0.026502952720989792,2221.0,4322.0,13612.0,306.0,2802.0,6717.0,4.438671875,24.5078125,26.303125,-0.13765445017780992,655.109563530816
0.9997395833333333,21.1671875,14028.071875,0.22106968669222152,0.009542796383068382,0.48791880275765404,0.005513724277155509,11.377083333333333,0.7263600797224478,0.2064095161509798,0.24830427966261048,0.25247577588679926,5.3703125,272.61484375,0.003227679103059757,37.3859375,28105.8875,0.01727218182330091,68.1359375,54972.084375,0.027073880062870353,2195.0,4305.0,13606.0,303.0,2782.0,6751.0,4.422265625,24.3546875,26.21875,-0.13820399721545462,654.5137150065106
0.9997395833333333,21.202083333333334,14015.469270833333,0.22129374729107024,0.00972810876834594,0.4819464378086697,0.00552281410089433,11.627083333333333,0.7426795715829813,0.2066165622905583,0.24868176386856233,0.2526144707156263,5.369921875,344.48046875,0.003307623137695735,37.471875,27739.596875,0.017629358447876838,68.2609375,54975.296875,0.027508801611415862,2237.0,4256.0,13721.0,308.0,2788.0,6745.0,4.43671875,25.0578125,26.9578125,-0.13775506981043414,656.9570789930555
0.99921875,21.241666666666667,13941.348958333334,0.22161149244505668,0.009417975858570102,0.4847850140548741,0.0055331249457323955,11.611458333333333,0.7434042761867399,0.20693073543187243,0.24894830240991977,0.2529977105329306,5.4390625,260.50859375,0.0032166962273713433,37.509375,27608.528125,0.017027971549302807,68.184375,54997.53125,0.026613098692632432,2209.0,4241.0,13681.0,295.0,2806.0,6754.0,4.471484375,24.9078125,26.875,-0.13468328749480968,655.4139930555556
0.9994791666666667,21.275520833333335,13974.5625,0.22140967910938347,0.009673601265529293,0.4827391619669142,0.005541943431449162,11.638541666666667,0.7430292051213004,0.2067536998737054,0.24874392439240225,0.25269935076907685,5.38359375,305.49375,0.0032954732158467703,37.5703125,27359.778125,0.017509919280431725,68.5484375,55265.621875,0.02734979544935695,2229.0,4259.0,13694.0,297.0,2824.0,6848.0,4.431640625,25.065625,27.0390625,-0.1341470116909498,661.0001299370659
1.0,21.291666666666668,14015.147395833334,0.22142251175259192,0.009861791557063137,0.48755751552746057,0.005546149170791005,11.706510416666667,0.7485322896281801,0.206851966632422,0.248505169053941,0.2526220349319225,5.408203125,323.6140625,0.0034149387838383225,37.5375,27875.875,0.017761035287862537,68.5796875,54920.553125,0.027749958919162997,2225.0,4325.0,13630.0,299.0,2845.0,6800.0,4.46171875,25.2359375,27.15625,-0.13574196133805444,657.7748263888888
0.9994791666666667,21.336458333333333,13905.838541666666,0.22217546045163997,0.009870949896963575,0.4877188164794121,0.005557816705739342,11.717708333333333,0.7418835131572523,0.20756368911333647,0.2494675444014693,0.2533304618550249,5.451171875,179.715625,0.003418088486117751,37.7046875,27819.59375,0.017848388287131933,68.509375,54896.575,0.02770495715017851,2213.0,4362.0,13707.0,302.0,2803.0,6743.0,4.501171875,25.225,27.0765625,-0.13748008319752686,657.226379123264
0.99921875,21.2359375,13933.59375,0.22180740017842854,0.009989999110085303,0.486497110460346,0.005531632586611096,11.698177083333333,0.7431143158462709,0.20720624565739,0.24914110259450117,0.25287831584651016,5.416015625,242.53984375,0.0034992075182767937,37.5984375,28499.165625,0.018085250460742875,68.153125,54132.2375,0.027857914126661765,2191.0,4336.0,13681.0,293.0,2799.0,6709.0,4.462890625,25.225,27.1125,-0.1375142303645938,652.7162084960936
1.0,21.180729166666666,13996.665104166666,0.22156532856124453,0.009974065081333226,0.4832142996845492,0.005517251671442216,11.648697916666666,0.7331497282809157,0.20709910381395238,0.2485032481466492,0.25249230796500843,5.401171875,272.6796875,0.0034833345051160994,37.3859375,28311.85625,0.01801288759461527,68.09375,54577.415625,0.027898164872919684,2191.0,4310.0,13568.0,284.0,2801.0,6760.0,4.4421875,25.0859375,27.0375,-0.13586858435879007,649.5006703016493
0.9994791666666667,21.2046875,13968.2890625,0.22145294857032105,0.010038860415996557,0.4814596182149289,0.005523492445949466,11.636458333333334,0.743939282293125,0.20686226560428694,0.24858797544438804,0.2526806535603906,5.423828125,317.478125,0.003499389621867831,37.3453125,27526.45,0.01810954819932247,68.1875,55013.371875,0.028126055809185545,2216.0,4291.0,13602.0,292.0,2786.0,6790.0,4.454296875,25.015625,26.9859375,-0.13207768744616336,652.9679988606771
0.99921875,21.085416666666667,13999.413020833334,0.2210040473847061,0.009925911075739447,0.4854317372782327,0.005492424242424242,11.668229166666666,0.7393785199090999,0.20648201712803793,0.24815740015127302,0.2519388156448118,5.382421875,329.30390625,0.0034688245238977252,37.184375,27888.15625,0.017906164506354107,67.7984375,54791.10625,0.02777400385249167,2225.0,4244.0,13582.0,295.0,2799.0,6663.0,4.434765625,25.1734375,27.096875,-0.13637049791451125,643.1031206597221
0.9989583333333333,21.245833333333334,13921.8015625,0.22164267409373264,0.009926976042848947,0.485387779365912,0.005534210297820613,11.6125,0.7506864090998235,0.2070630565987283,0.24896904780124157,0.25263477036624105,5.488671875,287.378125,0.003474458074743051,37.4234375,27949.61875,0.01789287963902091,68.096875,54431.678125,0.027771144319100566,2217.0,4301.0,13554.0,307.0,2781.0,6734.0,4.5453125,24.8046875,26.6890625,-0.1320496880106453,650.1109201388888
0.9994791666666667,21.151041666666668,13981.94375,0.2213689392213335,0.00990598515529801,0.4813459333091014,0.005509518537813667,11.540885416666667,0.7420339817778873,0.20683847334017896,0.24846266900111297,0.252397072966172,5.457421875,275.5140625,0.003434758313563625,37.2,27659.31875,0.017867465762686507,67.8765625,55130.2875,0.027829411914847047,2205.0,4262.0,13543.0,292.0,2844.0,6672.0,4.47734375,24.6921875,26.64375,-0.1308290842091682,646.1974989149305
0.9994791666666667,21.215625,13954.530729166667,0.22168287527463518,0.009854279731797155,0.4809367602334935,0.0055263414951810365,11.634635416666667,0.7422055285510876,0.20714751219897454,0.24882007862114844,0.25268712423076434,5.43671875,275.5140625,0.0034169083838592198,37.5234375,28167.3375,0.017806693795838803,68.0234375,54457.790625,0.027651351059507244,2203.0,4264.0,13701.0,303.0,2804.0,6691.0,4.467578125,25.021875,26.915625,-0.13385803017008605,651.628505859375
0.9997395833333333,21.1765625,13985.561458333334,0.22145721576456145,0.009607881961124828,0.4841289199149578,0.005516166319353998,11.580208333333333,0.7338350672667798,0.2069941875198711,0.24852213790229624,0.2522444066055881,5.43515625,299.51484375,0.0033682458725021675,37.3890625,28014.159375,0.017318246702661945,67.9296875,54701.15,0.026856061574078362,2191.0,4260.0,13670.0,288.0,2796.0,6664.0,4.48046875,24.8578125,26.7015625,-0.13650286351084712,648.4209090169271
1.0,21.253645833333334,13970.274479166666,0.22185098175638523,0.00989362013257963,0.4806526507239614,0.00553624533298602,11.658854166666666,0.7367118386551327,0.20733536866120664,0.24881085343616,0.2529535624573249,5.466015625,317.53515625,0.0034418206350339173,37.3734375,27451.1796875,0.01783430798449131,68.284375,55100.3265625,0.0277601302708508,2222.0,4296.0,13614.0,283.0,2816.0,6785.0,4.483203125,25.0203125,27.0,-0.13176060932979972,651.1262887912326
1.0,21.172916666666666,14035.0625,0.22112454717249844,0.009800913006639793,0.48037139928094563,0.005515216636276808,11.629427083333333,0.7468513234281217,0.20659600217946653,0.24827998750600763,0.2520832868111168,5.43984375,314.50234375,0.0033551385799603984,37.3796875,28294.85,0.017849473602422627,67.8984375,54657.515625,0.027535450117574523,2196.0,4294.0,13589.0,300.0,2750.0,6749.0,4.4703125,24.9734375,26.921875,-0.13277566683996486,646.390412326389
0.99921875,21.134375,13984.698958333332,0.22116449469822047,0.009834980600303482,0.48076696286558124,0.005505177129460797,11.63828125,0.7454039134506383,0.2065615888436915,0.24836714541953891,0.2523734673950179,5.41953125,317.34296875,0.003407435494981008,37.215625,27136.390625,0.017808917271807948,67.9125,55502.43125,0.027571224350088915,2177.0,4331.0,13550.0,300.0,2757.0,6748.0,4.46328125,25.0125,26.9640625,-0.13149509389468883,646.5668391927082
1.0,21.0984375,14028.145833333334,0.22101000745359672,0.010042123610651254,0.47818997024479987,0.005495815967699922,11.680208333333333,0.7498333703621417,0.20659480696035115,0.24787458226734804,0.2518062346128277,5.440625,278.665625,0.0034858471327688934,37.24375,28187.459375,0.018193924817557116,67.584375,54866.753125,0.028115428315274825,2202.0,4303.0,13512.0,318.0,2815.0,6607.0,4.44375,25.146875,27.159375,-0.13140581809555935,637.1517683919269
0.9997395833333333,21.18125,14063.874479166667,0.22076829916699173,0.010012170827058974,0.4799876203607508,0.005517387340453243,11.51328125,0.7429182649749189,0.2062597264394328,0.2477785871616433,0.25179230208257586,5.466796875,395.22265625,0.0035029715133898438,37.21875,27718.84375,0.01804827771108739,68.0015625,55083.5125,0.02801286119770709,2200.0,4218.0,13611.0,312.0,2815.0,6703.0,4.495703125,24.6703125,26.4265625,-0.13042267741578448,642.3947526041666
1.0,21.234375,14046.572916666666,0.22092889053213985,0.010048021826198092,0.48084101464471835,0.005531225579578015,11.629166666666666,0.7544518027961736,0.20637214267394094,0.2481407110629696,0.25194406143410575,5.42265625,320.5421875,0.0034707104297205848,37.2828125,27468.7875,0.018166405139300172,68.4328125,55528.48125,0.028238884099006028,2213.0,4304.0,13591.0,289.0,2805.0,6831.0,4.443359375,25.0234375,26.978125,-0.1326937243187393,651.0424641927083
0.9997395833333333,21.156770833333333,14036.761979166668,0.22088450091515116,0.009825070079012097,0.48096837191003605,0.005511010896934966,11.5078125,0.74028212008567,0.2063725941739507,0.24809030371057497,0.25172632508452936,5.437890625,335.32734375,0.0033763667971617333,37.25625,27502.6125,0.017868413724812314,67.9328125,55376.65,0.027576539560613338,2170.0,4354.0,13577.0,315.0,2792.0,6668.0,4.4640625,24.7390625,26.4515625,-0.1327873241014361,643.6353187391493
0.99921875,21.119270833333335,13937.9984375,0.22154832198844812,0.009785356408540637,0.48000036313084105,0.005501242728141009,11.513541666666667,0.7516584872623246,0.20700109619061308,0.2488276044484798,0.2524579427197565,5.40390625,293.3515625,0.0033789735835629,37.3265625,27219.103125,0.017795612360645044,67.7734375,55235.48125,0.02740063175634718,2198.0,4276.0,13631.0,295.0,2787.0,6659.0,4.462109375,24.7953125,26.4375,-0.1345053293881236,643.8409828016494
1.0,21.077083333333334,14007.769791666668,0.2214922880412909,0.009705229555114925,0.47856615350564286,0.005490253538247808,11.484635416666666,0.7439952555105268,0.20711924392414552,0.24845339936795324,0.25202335318321006,5.455078125,293.58203125,0.003374123212125736,37.1828125,28215.81875,0.017635648002201937,67.459375,54656.471875,0.02709923647998467,2169.0,4247.0,13542.0,292.0,2767.0,6642.0,4.49296875,24.6234375,26.3125,-0.13193846495479541,637.4924956597222
0.9994791666666667,21.1078125,13926.361458333333,0.22174139198363185,0.009754245324622737,0.4805919837754507,0.005498258009898411,11.5171875,0.7521652231845436,0.20733754843767782,0.2488106409292211,0.2522875172218589,5.45234375,221.62734375,0.003428515387449782,37.278125,27902.375,0.01766768957375578,67.559375,54769.284375,0.02714372082418151,2212.0,4245.0,13596.0,316.0,2768.0,6600.0,4.47890625,24.75625,26.43125,-0.13391690198673706,638.4227514648438
0.9997395833333333,21.071875,14017.205208333333,0.22102270173030134,0.009486870954065143,0.4765804023681221,0.005488896848137536,11.497135416666667,0.7337732957635078,0.2065202251229575,0.24825259733024527,0.2518027125597325,5.44140625,323.5046875,0.0032533524148888188,37.2625,28673.003125,0.017231773217520962,67.403125,54136.209375,0.02667604284731461,2188.0,4277.0,13558.0,313.0,2768.0,6612.0,4.47578125,24.6875,26.3921875,-0.1309605791801483,636.0885839843748
0.99921875,21.200520833333332,13986.350520833334,0.22118935258950695,0.009570105399967995,0.4821065505281439,0.005522407093861249,11.485677083333334,0.7491708635302788,0.2065761727735529,0.24858975696336777,0.25224166747946253,5.448828125,296.36015625,0.0033171918433792134,37.3234375,27819.475,0.017335444438518168,68.084375,54913.1875,0.026816420587772942,2186.0,4288.0,13608.0,297.0,2749.0,6764.0,4.482421875,24.640625,26.34375,-0.13353242490036882,647.7676038953992
0.9994791666666667,21.188020833333333,13935.577604166667,0.2218478336597182,0.009584682841852533,0.48449692683999895,0.005519151037596597,11.5,0.7488016518767975,0.20734054718560913,0.24898317298838943,0.25274164022748313,5.484765625,227.634375,0.003336583933116334,37.3234375,28142.94375,0.0173613361326081,67.865625,54559.984375,0.026800425186041754,2172.0,4362.0,13549.0,305.0,2764.0,6653.0,4.499609375,24.65625,26.3453125,-0.13337773526426752,643.9375648328993
0.9997395833333333,21.178645833333334,13976.445833333333,0.22143780655394973,0.009217682441742035,0.4793412587326263,0.005516708995398107,11.598177083333333,0.7582077072522933,0.20685809067774877,0.24877117670583043,0.2524232999068728,5.426953125,266.5859375,0.003114368234653084,37.3984375,27781.35625,0.016828911237135098,67.965625,55010.975,0.02601971047470477,2203.0,4291.0,13657.0,314.0,2763.0,6675.0,4.446484375,24.9265625,26.8765625,-0.13553794695379962,649.3285023328992
0.9997395833333333,21.347916666666666,13929.7,0.22227227667236352,0.009357964285596291,0.481862471485996,0.00556080142398194,11.633333333333333,0.7361666829315897,0.20762567459055886,0.24947707284286355,0.25365388882908196,5.46875,290.5640625,0.003188522751030022,37.575,27340.48125,0.016952878995945157,68.6375,55075.4625,0.0264408157135125,2200.0,4275.0,13739.0,301.0,2786.0,6836.0,4.500390625,24.909375,26.8890625,-0.13286032762428607,661.9914539930556
0.9994791666666667,21.202083333333334,13962.5671875,0.221472389374041,0.009470497700922214,0.48145509277358894,0.00552281410089433,11.637760416666667,0.7430971799154957,0.2068321584610759,0.24881358806388681,0.25269211433605576,5.458984375,242.59453125,0.003237123893491843,37.3734375,27852.1125,0.01723064137421415,68.003125,54952.9125,0.02664384925735177,2220.0,4250.0,13677.0,303.0,2777.0,6707.0,4.48828125,24.9640625,26.909375,-0.13182521698880495,648.4143706597223
0.9997395833333333,21.250520833333333,13976.246875,0.22164595231234133,0.009355031847578013,0.4788613225255318,0.005535431318919858,11.5875,0.7375309428690473,0.20698806027080968,0.24907007260239106,0.2528534001884182,5.405078125,323.53515625,0.003175665119132269,37.50625,27414.915625,0.01701829611725745,68.3765625,55148.425,0.02640923449168155,2228.0,4256.0,13765.0,294.0,2831.0,6713.0,4.438671875,24.9078125,26.8625,-0.1356372077616777,658.3679684787327
0.9997395833333333,21.2015625,13936.861458333333,0.22198823113465777,0.009677161482349745,0.4840276644198479,0.005522678431883303,11.5171875,0.7513449775222935,0.20747037458894946,0.2491642879459807,0.2528836005061679,5.46015625,230.71015625,0.003376422311026595,37.475,28253.709375,0.017488485588674597,67.89375,54444.61875,0.027068794061317496,2217.0,4295.0,13587.0,289.0,2804.0,6656.0,4.491015625,24.7328125,26.40625,-0.13602942505708268,644.1895808919271
0.99921875,21.170833333333334,13884.173958333333,0.22212498484769566,0.00944678304541816,0.48769870787304,0.005514673960232699,11.641145833333333,0.741241881519386,0.20761445704137788,0.24920970326832775,0.25308237765233443,5.4640625,203.60390625,0.0032767167715425844,37.271875,27566.728125,0.017101891281601368,67.896875,54923.9,0.026471939904737264,2173.0,4248.0,13599.0,291.0,2722.0,6758.0,4.5078125,24.95625,26.859375,-0.13317989447032946,645.4702951388889
0.9997395833333333,21.1796875,13938.200520833334,0.22198782586858495,0.009526733926788775,0.47942685415185726,0.005516980333420162,11.469270833333333,0.7352268535595721,0.2075015882584664,0.24907479075467406,0.25284581142296997,5.440625,248.6421875,0.003297732427349384,37.390625,28503.128125,0.017228239422300666,67.925,54131.50625,0.026741234429034456,2170.0,4276.0,13656.0,289.0,2771.0,6699.0,4.475,24.565625,26.35,-0.13570880207202365,647.4239624023437
0.99921875,21.198958333333334,13881.378645833332,0.22221431569817476,0.009524000360700136,0.4864484830598015,0.005522000086828167,11.448177083333333,0.7389563166429168,0.20769832848562322,0.2491880220840507,0.2533045581625052,5.4171875,206.60390625,0.00329396123575595,37.2625,27589.259375,0.0171748268525976,68.2625,54872.596875,0.02679333036857941,2198.0,4311.0,13566.0,313.0,2739.0,6806.0,4.4453125,24.5828125,26.325,-0.13432978868937565,653.5609364149307
1.0,21.131770833333334,13953.240625,0.22206684074156685,0.009611619207331777,0.4819476088988959,0.005504498784405661,11.501041666666667,0.750942745175363,0.20767501190269239,0.24897706788772683,0.25272392895090484,5.466796875,239.7203125,0.0033494691572822618,37.2453125,28101.534375,0.01736485329241911,67.678125,54659.028125,0.02690698532244251,2205.0,4292.0,13518.0,310.0,2760.0,6671.0,4.4828125,24.6671875,26.4078125,-0.1316187026153942,640.9888864474827
0.9994791666666667,21.09375,13919.932291666666,0.22208184641376624,0.009661465741915112,0.4812415389056533,0.005494594946600677,11.427083333333334,0.7650123456790123,0.20763646773058966,0.2490351707044976,0.2529100368557411,5.430859375,224.628125,0.0033785780514071773,37.0859375,27253.8578125,0.01742558022673884,67.753125,55367.2234375,0.027028902019123124,2211.0,4262.0,13482.0,286.0,2757.0,6719.0,4.454296875,24.44375,26.3015625,-0.1336427640647226,646.3646484375
0.9994791666666667,21.111979166666668,13970.153645833334,0.22149736351832885,0.00957903859011915,0.4833362323852583,0.0054993433619866285,11.419270833333334,0.7522634760083878,0.20692052237116004,0.24882416680081826,0.2524779248245147,5.426171875,305.459375,0.00329125515120592,37.2515625,27817.346875,0.017410182171609723,67.715625,54781.7375,0.026899028764281484,2164.0,4315.0,13584.0,303.0,2760.0,6667.0,4.453125,24.478125,26.225,-0.13301482993216146,644.7702731662325
0.9997395833333333,21.077604166666667,13903.732291666667,0.2222669990478493,0.009572459919557321,0.4819888554447155,0.005490389207258835,11.447135416666667,0.7462502162148805,0.20788799707021516,0.24903392086949355,0.2530160851367417,5.454296875,239.6828125,0.0033387791733086635,37.071875,27754.953125,0.01728368042241852,67.5765625,54708.709375,0.026795962401690753,2186.0,4300.0,13446.0,297.0,2784.0,6658.0,4.491015625,24.4859375,26.2328125,-0.13217592165237108,639.3944984266493
0.9997395833333333,21.113020833333334,13941.808333333332,0.2218975933070892,0.009739629859138541,0.48053044426023184,0.005499614700008683,11.480729166666666,0.7288403187211683,0.20749136396977796,0.24877031784602358,0.25264978611739985,5.520703125,284.5578125,0.003429845532873686,37.1,27916.028125,0.017559348811119847,67.4953125,54596.590625,0.02715904821221664,2185.0,4212.0,13506.0,309.0,2745.0,6677.0,4.53125,24.48125,26.278125,-0.12835623577030408,637.5398304578991
1.0,21.08125,13944.8078125,0.22211723923704296,0.009459633693745136,0.4823497923656291,0.005491338890336025,11.433333333333334,0.7320881510030636,0.20768217358628432,0.24903028393412346,0.2529444571429968,5.423046875,254.6953125,0.0032943340917916037,37.1375,27798.0875,0.017112511078811166,67.6578125,54851.978125,0.02646795471649324,2153.0,4268.0,13543.0,294.0,2760.0,6705.0,4.462109375,24.5140625,26.2375,-0.13303234987449689,644.7428776041667
1.0,21.06875,13937.026041666666,0.22201663713166742,0.009584623949438957,0.48302174475317117,0.005488082834071373,11.454166666666667,0.7282458222090379,0.20758178544236375,0.24888962074015514,0.2528830602803941,5.47421875,215.765625,0.003364612949299372,36.990625,27387.228125,0.01723964377182002,67.525,55371.865625,0.026809648127616232,2164.0,4211.0,13462.0,306.0,2719.0,6740.0,4.499609375,24.440625,26.2859375,-0.1295242899746242,640.2593359375
1.0,20.988541666666666,14008.982291666667,0.2213326226051263,0.009422609772865928,0.4803718142683729,0.005467189806373188,11.423958333333333,0.728051019901732,0.2068950815978372,0.24827439970531903,0.25214100953408963,5.43671875,281.640625,0.00328458053846256,36.9765625,27941.875,0.01706417527129996,67.2078125,54985.45625,0.026333161212045375,2178.0,4278.0,13421.0,300.0,2758.0,6611.0,4.460546875,24.4671875,26.234375,-0.13116129257320372,634.7535145399305
0.99921875,21.178645833333334,13908.223177083333,0.22188825966015388,0.009471651883823077,0.4828798946833311,0.005516708995398107,11.50703125,0.7380419546024641,0.20737806786331064,0.2488638488468414,0.25295343766083944,5.52734375,239.528125,0.003307811673462223,37.1703125,27394.64375,0.017079075451484745,67.7921875,55096.5828125,0.026519589157604818,2214.0,4215.0,13540.0,299.0,2784.0,6696.0,4.534765625,24.51875,26.384375,-0.12903000703126785,642.4258981662326
0.9997395833333333,21.107291666666665,13943.53125,0.2219854300910298,0.0096019553817669,0.48121043385920065,0.005498122340887384,11.534895833333334,0.7472733553767952,0.20757901645654103,0.249004071507615,0.25259244321239976,5.461328125,281.571875,0.003364090065781996,37.125,27883.83125,0.017334703729892376,67.6734375,54651.06875,0.026820668297581035,2199.0,4234.0,13547.0,287.0,2798.0,6642.0,4.4875,24.7421875,26.5171875,-0.13381947098950908,639.0384884982637
0.9997395833333333,21.1609375,13947.916145833333,0.22178478033190777,0.00952668789722538,0.48203860788929026,0.005512096249023183,11.521614583333333,0.7555440695070024,0.2073508778636448,0.24863793361940995,0.2526672369174575,5.493359375,242.628125,0.003317089471860259,37.08125,27851.50625,0.01719173097347611,67.9109375,54865.478125,0.026700038522435122,2213.0,4263.0,13485.0,297.0,2778.0,6739.0,4.520703125,24.6375,26.409375,-0.1301301170464919,641.901182454427
0.9997395833333333,21.180208333333333,13943.321354166666,0.22191336193508893,0.009322456373826083,0.4819350003270155,0.005517116002431189,11.49296875,0.7482909555894359,0.20740619191180806,0.2488486354070047,0.25300676855629656,5.442578125,254.6390625,0.003201082102694959,37.325,27953.946875,0.016892644382455663,67.9859375,54687.425,0.026237765449720996,2206.0,4250.0,13606.0,306.0,2793.0,6724.0,4.4625,24.6625,26.4453125,-0.13283298702923407,647.1487749565972
0.9997395833333333,21.071875,13966.269791666668,0.22146122268722837,0.00933677667736291,0.47976939045360834,0.005488896848137536,11.462760416666667,0.7560185871768254,0.2069161638291818,0.24870642747392022,0.2523962533327229,5.4328125,248.65546875,0.003174304799996751,37.215625,28108.66875,0.01704425107816704,67.484375,54694.328125,0.02627918978602343,2166.0,4268.0,13593.0,307.0,2745.0,6652.0,4.454296875,24.6328125,26.3265625,-0.13273924880185106,637.8818131510416
0.9997395833333333,21.0,13943.491145833334,0.22187229506784162,0.009601604505223424,0.48263529349259654,0.005470174524615785,11.3140625,0.7443948412698412,0.20741083558321924,0.24903255286659523,0.25255787520757755,5.3859375,236.65546875,0.003316630725415852,37.1546875,27970.78125,0.017441448911299035,67.3015625,54743.54375,0.02690165521837809,2177.0,4263.0,13573.0,313.0,2717.0,6592.0,4.4140625,24.3265625,25.9015625,-0.13729607974820623,635.3723958333334
0.9997395833333333,21.047916666666666,13933.171354166667,0.221866724971762,0.009630332882213972,0.4841441242785152,0.005482656073630286,11.484114583333334,0.7375284568939919,0.20745285955377782,0.2487697877232252,0.2526191238922355,5.440625,230.6859375,0.0033576578505324804,37.078125,27259.734375,0.01740568372074579,67.446875,55416.55,0.026945682170408113,2182.0,4316.0,13440.0,283.0,2756.0,6648.0,4.472265625,24.665625,26.35,-0.13315601345349146,635.7487456597223
0.9997395833333333,21.156770833333333,13951.784895833332,0.221843984923221,0.009557532776107451,0.4807576870491233,0.005511010896934966,11.701041666666667,0.7431131680657788,0.20737163439313905,0.24876978121490012,0.25280759075186954,5.442578125,299.540625,0.0033490117972139744,37.1765625,27667.81875,0.01718124551312771,67.99375,54844.728125,0.0267679039546611,2194.0,4274.0,13521.0,297.0,2740.0,6796.0,4.49296875,25.10625,27.128125,-0.13455963826053205,645.0551104058161
0.9994791666666667,21.147395833333334,13939.511979166668,0.2219725984598769,0.00971741683847411,0.48206468876726033,0.005508568854736476,11.48671875,0.7382705711400636,0.207445352724246,0.24911466242218863,0.2529395174400889,5.421484375,287.528125,0.0034103035752094113,37.4015625,27593.921875,0.0175249926353332,67.796875,54893.0375,0.02713829409467382,2214.0,4229.0,13600.0,291.0,2761.0,6719.0,4.478125,24.659375,26.3484375,-0.1351220468489626,644.9090036349826
1.0,21.1078125,14013.1984375,0.22129864388348577,0.009582052262562927,0.48324808478728587,0.005498258009898411,11.475520833333333,0.7394576455202705,0.2068229015125418,0.24829191820509963,0.2522083390456478,5.41953125,305.6140625,0.0033056077068092174,37.2640625,27731.978125,0.017329283547323555,67.7046875,55124.75625,0.026940599200817133,2202.0,4221.0,13607.0,313.0,2767.0,6688.0,4.432421875,24.690625,26.4328125,-0.1333378329499488,641.5118139648438
1.0,21.090104166666666,13966.931770833333,0.2218433329756546,0.009659521068084693,0.47820669990954306,0.005493645263523487,11.461458333333333,0.7477588719037859,0.20731999774777013,0.24900283173250398,0.2527771751303431,5.3890625,242.70546875,0.0033270031275967004,37.2015625,27422.11875,0.017518090018806658,67.7828125,55408.65,0.02713102387931471,2224.0,4269.0,13546.0,292.0,2748.0,6746.0,4.40625,24.7453125,26.3984375,-0.13321057312375578,642.2007354058161
0.9989583333333333,21.111979166666668,13965.301041666668,0.2211159657512246,0.009882421225949352,0.47987819610286125,0.0054993433619866285,11.480989583333333,0.7399037868508697,0.20656217013060693,0.24838344041225127,0.2520636735726686,5.400390625,299.34921875,0.0034358394024221325,37.2390625,27364.75,0.01781513948125284,67.83125,55229.659375,0.027736030264754748,2223.0,4215.0,13563.0,276.0,2850.0,6679.0,4.43984375,24.7125,26.4140625,-0.13422866971063332,642.3905856662327
0.9989583333333333,21.115625,13962.94375,0.2211354740029325,0.009606429338627508,0.48187192832800974,0.005500293045063819,11.442708333333334,0.7561787775640076,0.2065515325750472,0.24844432435721303,0.2521623893601932,5.40390625,305.33984375,0.003319989696527026,37.3484375,28261.525,0.01737263806033304,67.7296875,54294.778125,0.026985979185323906,2189.0,4324.0,13517.0,298.0,2787.0,6669.0,4.431640625,24.6453125,26.284375,-0.13491054811731604,641.6319433593751
0.99921875,21.0484375,13960.271354166667,0.22124052969612537,0.009597915399814657,0.4777106747893028,0.005482791742641313,11.462239583333334,0.7430282334892238,0.2067220322286531,0.24846779620326012,0.2520872530588798,5.444921875,257.534375,0.003336492160470611,37.01875,27580.24375,0.017355054109033034,67.4921875,55151.246875,0.026886469647972457,2218.0,4275.0,13412.0,289.0,2767.0,6668.0,4.487890625,24.5703125,26.2515625,-0.13206019952511136,635.1450496419271
0.9986979166666666,21.191666666666666,13912.0109375,0.22141285596746366,0.009799777806550634,0.4835597811074149,0.005520100720673786,11.634635416666667,0.7271677152968934,0.20683125937837216,0.24860553823199322,0.2525465600593004,5.45625,254.3921875,0.003387191752285952,37.3140625,27751.915625,0.017705989073325303,68.0109375,54702.58125,0.02754391075683469,2195.0,4344.0,13531.0,311.0,2756.0,6751.0,4.481640625,24.9546875,26.9265625,-0.13152802093515698,647.1096180555556
0.99921875,21.284895833333334,13897.121354166668,0.22207244076358876,0.009882956274498528,0.48615911336899303,0.005544385473647651,11.7109375,0.7290723566691952,0.20750963455961552,0.24927448271658256,0.25312162362648793,5.483203125,224.57578125,0.00344131818870779,37.4265625,27373.746875,0.017826414965252405,68.35,55110.678125,0.027706049926907606,2216.0,4319.0,13602.0,306.0,2794.0,6764.0,4.51796875,25.1140625,27.0796875,-0.1329497952757313,652.8480010308159
1.0,21.161979166666665,13943.888541666667,0.22205756332150248,0.009949633748463547,0.4873741425873577,0.005512367587045238,11.6328125,0.7517905047869853,0.20759002533173992,0.2491161382691291,0.2528691403329263,5.45078125,239.7421875,0.0034720428236666655,37.271875,27865.371875,0.017946108995524963,67.896875,54838.990625,0.027863522200589658,2172.0,4353.0,13483.0,314.0,2765.0,6732.0,4.498046875,24.925,26.8796875,-0.13311310445716454,646.1805335828992
0.99921875,21.229166666666668,13920.2953125,0.22175577776198718,0.009726749192742927,0.4860835296127396,0.005529868889467744,11.671354166666667,0.7433267909715408,0.20716778327091187,0.24901256999787344,0.25285096349040204,5.4609375,197.6328125,0.003352927919106336,37.3171875,27247.865625,0.017603153689672156,68.2140625,55483.375,0.02734562979036006,2210.0,4296.0,13530.0,285.0,2818.0,6764.0,4.494140625,25.075,26.9765625,-0.1328209484552158,649.4412326388888
0.9989583333333333,21.204166666666666,13929.2984375,0.22158815946658392,0.009888539863718605,0.48631433379488836,0.005523356776938439,11.518489583333333,0.7574670858714875,0.20703434151564154,0.24878483919289973,0.25260675154403767,5.4390625,233.496875,0.003438108600583105,37.3296875,27011.7109375,0.017855603546274745,68.1390625,55630.0921875,0.027723201233704475,2215.0,4300.0,13592.0,300.0,2822.0,6683.0,4.4765625,24.75625,26.4484375,-0.1364330356213406,648.6921701388889
0.9997395833333333,21.194270833333334,13918.534895833332,0.2221426400862583,0.009782073906185625,0.48498997838259755,0.005520779065728922,11.513802083333333,0.7189934386749564,0.20767356619132685,0.2491520725861381,0.25300950316610427,5.493359375,206.7296875,0.003449393303903675,37.328125,27353.2046875,0.017588407872918693,67.8640625,55331.0859375,0.027306462348580363,2218.0,4246.0,13529.0,315.0,2804.0,6664.0,4.534765625,24.5984375,26.3453125,-0.13344524808182476,644.9742380099827
0.9989583333333333,21.223958333333332,13899.816145833332,0.22172225282710195,0.009773221985325549,0.48367296181811137,0.005528512199357472,11.465625,0.7263067484662576,0.20709545010826402,0.24912793670489589,0.25282377982465964,5.430859375,236.48671875,0.0033797724545781725,37.409375,27488.346875,0.017679019668355105,68.2109375,54964.603125,0.0274412224252855,2215.0,4249.0,13602.0,303.0,2783.0,6794.0,4.4671875,24.5578125,26.3671875,-0.13414955218940525,653.417550998264
