percolation,avg_degree,betweenness,closeness,eigenvector,clustering,density,avg_kcore,persistence,wat_cc,cat_cc,an_cc,wat_deg,wat_bc,wat_ec,cat_deg,cat_bc,cat_ec,an_deg,an_bc,an_ec,ham_hso_s1,ham_hso_s2,hso_hso_s1,hso_hso_s2,hso_hso_s3,wat_kcore,cat_kcore,an_kcore,assortativity,degree_variance
0.99765625,12.0171875,16165.7734375,0.194918301024502,0.007962635377760463,0.44077525430217784,0.00313029109143006,6.56015625,0.0,0.18309858663502354,0.20778510495723843,0.22933035464967927,3.99921875,1533.2765625,0.0027903844554936445,11.3046875,1037.125,0.01029808331035605,44.8015625,89824.409375,0.02631619113423215,1620.0,4759.0,394.0,2631.0,6443.0,3.036328125,10.428125,16.7875,0.19122666690830456,248.90439208984375
0.9986979166666666,11.959375,16218.940625,0.19525790861174908,0.008328137011184253,0.4386896895574919,0.0031152318312060432,6.491927083333334,0.6448044595418517,0.18341136966879185,0.20808310852455966,0.22981886447076744,3.97578125,1684.37578125,0.0028496087861417424,11.19375,975.78125,0.010867284993124556,44.659375,89600.359375,0.027703101929413977,1566.0,4762.0,410.0,2650.0,6398.0,3.009765625,10.315625,16.596875,0.19327887943766348,247.1863704427083
0.9981770833333333,11.895833333333334,16190.240104166667,0.19494755328030955,0.008106136849735443,0.43903614798209306,0.0030986802118607277,6.525520833333333,0.6530210157618214,0.1832769823852085,0.2074322059720982,0.22914518416892501,3.9828125,1498.10546875,0.0027301819459848746,11.2046875,808.309375,0.010721823611003508,44.2390625,90340.709375,0.026994269703469652,1557.0,4729.0,397.0,2636.0,6297.0,3.071484375,10.33125,16.5359375,0.19449231664115468,243.28289930555553
0.9979166666666667,11.96875,16240.858854166667,0.19441783503505616,0.00808491816497903,0.43220694381978075,0.0031176738734045324,6.5359375,0.6449956483899043,0.18264113413887248,0.2070768267058441,0.2288656469490029,4.017578125,1629.3109375,0.0027508380671015685,11.284375,946.775,0.010675573341882768,44.4578125,89981.134375,0.026830583379585143,1563.0,4761.0,440.0,2552.0,6394.0,3.043359375,10.371875,16.6703125,0.1957069427183716,244.7052734375
0.99921875,11.865104166666667,16185.1015625,0.19578010499722798,0.00823471647869868,0.43684252931387035,0.0030906757402101243,6.464322916666666,0.640533778148457,0.18437535056249182,0.20768903555199084,0.22949019218141,4.0265625,1469.8953125,0.0029051146550835858,11.146875,1053.203125,0.010633671934647529,43.9375,90177.825,0.02715416831721021,1589.0,4638.0,414.0,2624.0,6233.0,3.056640625,10.215625,16.34375,0.197584607882899,238.10524061414927
0.9981770833333333,11.9265625,16036.7828125,0.19639163201776638,0.008260111835786036,0.4361312815767126,0.003106684683511331,6.47578125,0.627407310362898,0.1847532011891311,0.20861928216146622,0.23071770518860762,4.0234375,1471.40390625,0.0029025290387376898,11.11875,901.09375,0.010674525617479416,44.346875,89433.9875,0.02727602924228605,1556.0,4718.0,419.0,2582.0,6375.0,3.062109375,10.23125,16.375,0.1957048752334479,243.5279402669271
0.9989583333333333,11.928125,16152.037239583333,0.19608998918629528,0.007973796084935753,0.43625030317078856,0.0031070916905444126,6.470572916666667,0.6287660466334818,0.18460531523288387,0.20797258638371746,0.23014608780251877,4.0265625,1577.12421875,0.0027751697962945334,11.125,935.775,0.010323806729983774,44.3375,89667.9515625,0.02641829059445262,1577.0,4701.0,416.0,2575.0,6393.0,3.0375,10.2578125,16.415625,0.20091187030466692,243.408896484375
0.9989583333333333,11.90625,16180.566145833332,0.1957472911372484,0.008294332443242831,0.4376203664064184,0.003101393592081271,6.530729166666666,0.6406386701662292,0.18424568751285436,0.20749019043898081,0.23001080633309218,3.96640625,1574.22890625,0.0029309498222550314,11.13125,1021.196875,0.010594187238196422,44.440625,89765.284375,0.027448008132240444,1602.0,4629.0,404.0,2639.0,6403.0,3.04453125,10.2515625,16.7546875,0.19947540892601334,243.33912760416666
0.9973958333333334,11.877604166666666,16083.701041666667,0.19558980716473154,0.008339119580863608,0.4335095799427364,0.0030939317964747766,6.461979166666667,0.6418329313746985,0.18407602456228894,0.20750114109625656,0.22973360364297682,4.02734375,1538.9,0.0029668307861327255,11.021875,850.7125,0.010684134069119338,44.134375,89495.89375,0.027483260271531407,1591.0,4595.0,402.0,2624.0,6343.0,3.05390625,10.1375,16.41875,0.20343093134753001,240.63397759331602
0.99609375,11.846354166666666,16059.994791666666,0.19489715296900192,0.008052285192655842,0.4315764395875126,0.0030857916558131456,6.478385416666667,0.6300285777093867,0.18314587721215198,0.207535362952345,0.22926404601305855,3.997265625,1530.76015625,0.0028280748183355927,10.99375,777.090625,0.01041109590336815,44.0953125,89459.8375,0.02659031597922453,1582.0,4615.0,401.0,2608.0,6344.0,3.011328125,10.1390625,16.6859375,0.20185825264932605,240.27483045789936
0.99765625,11.877083333333333,16179.465104166668,0.19478823452826835,0.008179287545779937,0.4385604554143081,0.0030937961274637494,6.42890625,0.6380898088054727,0.1832383004324301,0.20699333765412753,0.2287828677857621,4.0328125,1485.3375,0.002905993421506313,11.1671875,1021.528125,0.010534861373156132,43.9640625,90113.9125,0.02691689021549824,1551.0,4656.0,419.0,2550.0,6322.0,3.0703125,10.20625,16.0859375,0.19967588495656421,238.08437065972223
0.99765625,11.938541666666667,16156.3671875,0.19519637903687145,0.008171199446272459,0.43049447792177964,0.003109805070764956,6.483854166666666,0.6303114911438792,0.1834871423399993,0.20741131889804204,0.2298183859631895,3.971484375,1592.83984375,0.0028391623448031727,11.2203125,1161.615625,0.01064342994026429,44.525,89405.228125,0.027027117358157778,1602.0,4711.0,427.0,2622.0,6391.0,3.023046875,10.31875,16.4921875,0.19504429158011002,246.09674370659727
0.9958333333333333,11.903645833333334,16185.422395833333,0.19352896417041257,0.007908902490956994,0.4378245126176514,0.003100715247026135,6.476302083333334,0.6409538394224459,0.18175702223851736,0.20613088999989443,0.2280148060685116,3.9859375,1628.61015625,0.002745173576014114,11.1140625,1149.4,0.010243809276767216,44.3640625,89448.69375,0.02622891136491829,1534.0,4732.0,421.0,2613.0,6352.0,3.034375,10.23125,16.4890625,0.19283253335685607,243.05269504123262
0.9994791666666667,11.8453125,16226.604166666666,0.1957188872307515,0.007929171232386673,0.4329044066246647,0.0030855203177910916,6.409375,0.6271819900628764,0.18429238199621337,0.20754778516032588,0.22959601023932982,4.025390625,1560.06796875,0.0028332677469210905,11.028125,1275.153125,0.01015996234659194,43.9421875,89844.2,0.026081994060043724,1555.0,4635.0,413.0,2555.0,6336.0,3.03671875,10.0890625,16.2203125,0.19856828431417733,240.14169677734378
0.9981770833333333,11.923958333333333,16261.836458333333,0.19460527562504246,0.007778563223169194,0.4320288035919871,0.003106006338456195,6.448958333333334,0.6296409539617367,0.18285495787752154,0.20705393762216168,0.22915788461800696,4.01484375,1754.8859375,0.0027096517872978983,11.175,1094.93125,0.010057748619950154,44.309375,89456.54375,0.025775023569873413,1566.0,4735.0,422.0,2592.0,6387.0,3.030859375,10.271875,16.2984375,0.2013948736616567,243.2931759982639
0.9994791666666667,11.896875,16307.733854166667,0.1951125804774439,0.0075521845824379095,0.4330962882158666,0.003098951549882782,6.495833333333334,0.6366342702040102,0.18347935421287093,0.2076140947227516,0.22914397129042802,3.96484375,1703.32265625,0.002676319875446623,11.16875,1340.99375,0.009630952697925587,44.353125,89692.11875,0.024976875294915386,1582.0,4691.0,422.0,2613.0,6338.0,3.04140625,10.234375,16.575,0.19060253869972676,244.55863606770828
0.9973958333333334,11.910416666666666,16195.0203125,0.19461769815747543,0.007476431185143966,0.43919607438049124,0.0031024789441694888,6.447395833333333,0.6290449536470176,0.18277704884182047,0.20757160433222088,0.22902638924534977,3.977734375,1705.8859375,0.002649809590864852,11.190625,953.96875,0.009598205766360156,44.3609375,89392.609375,0.024661142981044236,1552.0,4745.0,432.0,2558.0,6393.0,3.013671875,10.30625,16.3234375,0.19638576150800352,244.16228732638885
0.9981770833333333,11.833333333333334,16263.145833333334,0.19461697743410636,0.00773569400491183,0.4372137465735835,0.0030823999305374665,6.512760416666667,0.6440580985915493,0.1829199437714258,0.20710320866021642,0.2289188808587185,3.95,1698.31328125,0.0028090753200537737,11.0421875,1123.1625,0.009772462583083914,44.1578125,89662.459375,0.025405400166171967,1553.0,4658.0,418.0,2591.0,6347.0,3.030859375,10.1671875,16.7859375,0.19433668965991652,242.2185763888889
0.9986979166666666,11.852604166666667,16300.775,0.1945738908369486,0.007756607575591111,0.4341949573783587,0.003087419683945472,6.420572916666667,0.6507448257678956,0.18287199787537495,0.20689872620455296,0.2290566273156386,3.973828125,1749.79453125,0.0027816304897015456,11.1390625,1147.7,0.009845055616478984,44.08125,89657.771875,0.02556806787826149,1567.0,4685.0,397.0,2573.0,6363.0,3.015625,10.2328125,16.228125,0.19606299889684123,242.21681613498268
0.9989583333333333,11.772395833333333,16304.811458333334,0.19463101358956064,0.007760638935415498,0.4395659037656246,0.0030665266562472865,6.403645833333333,0.6353581383002256,0.18296396288601952,0.2071386338389801,0.2287915961543054,3.98203125,1651.5578125,0.002782905303960716,11.0734375,1002.528125,0.009880110582414803,43.6328125,90220.109375,0.025552101814235322,1569.0,4625.0,394.0,2601.0,6209.0,3.01875,10.153125,16.19375,0.19612673302542338,236.73830050998265
0.996875,11.864583333333334,15951.121354166668,0.19633677959472043,0.008242301228175186,0.43765454653157565,0.003090540071199097,6.452083333333333,0.6331431079894645,0.18481334792643717,0.20809198583409666,0.23067530002847744,4.004296875,1337.79921875,0.0029954080368713477,11.0265625,1028.3875,0.010506574813197602,44.14375,89327.14375,0.026965600408368116,1539.0,4681.0,399.0,2562.0,6356.0,3.058984375,10.1625,16.3140625,0.19281584147354364,242.21239149305555
0.9958333333333333,11.907291666666667,15940.309895833334,0.19583370810608683,0.008138684876675996,0.44158767857277786,0.0031016649301033256,6.505729166666667,0.6397078120899309,0.1841441517274625,0.20808360725460967,0.23034203447206134,4.0265625,1393.24609375,0.002957534627457089,11.01875,1049.409375,0.010212878056645008,44.31875,89019.465625,0.026789092693582615,1542.0,4652.0,405.0,2619.0,6366.0,3.074609375,10.15,16.5859375,0.19813836161653928,243.68932183159728
0.9989583333333333,12.003645833333334,16227.443229166667,0.1953898337390258,0.00850158456673995,0.43816966899532406,0.0031267636971433533,6.58046875,0.6291057404434417,0.18361633048003442,0.20790554374086798,0.22996813677314912,4.040625,1591.7421875,0.003094876643244166,11.171875,1136.53125,0.010740995772116532,44.6875,89861.159375,0.027889005055346493,1555.0,4732.0,399.0,2593.0,6469.0,3.08828125,10.2625,16.8671875,0.1947226792132171,247.86457004123264
0.9984375,11.871354166666666,16166.114583333334,0.195542845456262,0.008302585894319578,0.43032908708690626,0.0030923037683424502,6.411979166666667,0.646558153819155,0.18396274317766115,0.20753857770650833,0.2298675223204191,3.991796875,1609.1,0.003025675346969999,11.1015625,1002.265625,0.010530568636845771,44.159375,89558.021875,0.0271822453411917,1591.0,4657.0,415.0,2571.0,6350.0,3.02109375,10.2125,16.175,0.1965526335857118,241.89022108289933
0.9979166666666667,11.913020833333333,16006.525520833333,0.19653288897471252,0.008932788078560476,0.4413747867689261,0.0031031572892246243,6.4921875,0.637651379355572,0.18489315552676316,0.20866729722829908,0.23095741451292348,4.012109375,1366.1984375,0.003277718978251147,11.128125,892.328125,0.011381004025650527,44.3015625,89682.03125,0.029104848532707738,1588.0,4670.0,421.0,2557.0,6376.0,3.04375,10.2515625,16.5265625,0.19517500413491196,242.59451795789926
0.99765625,11.90625,16123.631770833334,0.19518376252991262,0.009036358637999039,0.43260734506075543,0.003101393592081271,6.46640625,0.6383202099737533,0.18351815134351812,0.20765973938563248,0.22937023041977067,4.054296875,1506.09921875,0.003378639098865914,11.0796875,925.234375,0.011393549082547128,44.140625,89792.159375,0.029310046349983444,1552.0,4690.0,431.0,2560.0,6318.0,3.10078125,10.21875,16.1765625,0.19761751143714826,240.23444010416668
0.9984375,11.826041666666667,16271.597916666668,0.1946169787227249,0.00859563134061169,0.43605567320311855,0.0030805005643830857,6.467447916666667,0.6336651105434686,0.18291885742920994,0.20713630875817807,0.2288901338613316,3.99921875,1718.92890625,0.003179149346983365,11.0625,971.01875,0.010873602379430013,43.896875,89782.853125,0.027983588276306655,1546.0,4673.0,385.0,2576.0,6310.0,3.051171875,10.2,16.4,0.19877461600751653,238.4067176649305
0.9981770833333333,11.863020833333334,16183.611979166666,0.19518126310443726,0.00859270945239487,0.4424926014997606,0.0030901330641660155,6.466927083333333,0.6287922026605787,0.18353299540784723,0.20750899742104076,0.22944659957419372,4.010546875,1554.50625,0.003191388537013482,11.084375,1181.290625,0.010806622524338847,44.0515625,89702.35625,0.027984080041976445,1554.0,4644.0,397.0,2606.0,6287.0,3.092578125,10.1734375,16.2578125,0.1930122217416878,238.93436170789928
0.9984375,11.909895833333334,16193.076041666667,0.19540798156044387,0.008611106160452379,0.4369947604733901,0.0031023432751584616,6.501302083333333,0.6383434643809857,0.1837555987888324,0.20783057493766136,0.22959491926967232,4.055078125,1587.86328125,0.003177872627969116,11.1453125,1242.2625,0.01091755526648189,44.09375,89564.740625,0.028037591184355913,1572.0,4700.0,432.0,2558.0,6294.0,3.092578125,10.221875,16.415625,0.19435348843873085,239.06115207248257
0.9986979166666666,11.843229166666667,16208.0265625,0.1953124182603924,0.008266423931172384,0.4329940037070606,0.003084977641746983,6.485677083333333,0.6380227802453934,0.1837607493068974,0.20743705833037146,0.22939445400439315,4.023046875,1537.66484375,0.0030198482265580357,11.040625,1193.4875,0.010445251572539348,43.9265625,89904.0125,0.02707389910826281,1525.0,4653.0,416.0,2582.0,6288.0,3.05,10.128125,16.5859375,0.19632870573023292,238.75563123914932
0.9984375,11.783854166666666,16218.567708333334,0.1950091499451738,0.008483371313093945,0.44088347063581435,0.0030695113744898844,6.405729166666666,0.6300110497237569,0.1834741603470793,0.20724282501521601,0.22891543326750968,4.000390625,1537.25234375,0.0031225816202913826,10.9953125,1026.428125,0.010747179278642539,43.70625,90135.96875,0.02766272211875559,1539.0,4635.0,425.0,2553.0,6243.0,3.036328125,10.109375,16.1796875,0.1963846488276949,236.41890597873268
0.9973958333333334,11.711458333333333,16206.335416666667,0.19438659103579853,0.008018864245277013,0.4388838179587134,0.003050653381957107,6.42890625,0.6109579293782799,0.1827267708034647,0.2069413072563256,0.22847115574460686,3.999609375,1532.71328125,0.002918012084231153,10.9875,1294.953125,0.010316619398353523,43.2828125,89812.20625,0.026124517736383947,1525.0,4620.0,410.0,2534.0,6161.0,3.06953125,10.0609375,16.234375,0.19488686969504887,230.90372287326392
0.9971354166666667,11.8109375,16062.0265625,0.19540019927358215,0.007725537599852667,0.43909085876690146,0.003076566163063298,6.426822916666667,0.628081315870706,0.18376304891999407,0.2079311825102232,0.22941781745129322,3.977734375,1421.91015625,0.0027571664353314537,11.2640625,975.84375,0.010023501113098719,43.690625,89708.675,0.025301058744691463,1554.0,4721.0,402.0,2565.0,6192.0,3.03203125,10.3171875,16.115625,0.19068064272944243,237.09446370442706
0.9989583333333333,11.8046875,16169.519791666668,0.19569362749643518,0.008072193636354842,0.4381965473061823,0.0030749381349309715,6.407552083333333,0.6390028678579307,0.184115815241911,0.2080787909524175,0.2296197130585496,3.998046875,1445.5046875,0.002904265862619608,11.190625,968.23125,0.010420393823544592,43.6453125,90266.86875,0.026395704544106023,1539.0,4730.0,406.0,2559.0,6196.0,3.033984375,10.278125,16.03125,0.19383212911699568,235.2691446940104
0.9973958333333334,11.902083333333334,16062.172916666666,0.1957193124188412,0.008266108181185216,0.44443734965766046,0.0031003082399930536,6.475260416666667,0.6444074916856293,0.18407266159312105,0.20820346220206537,0.22982176593849762,4.03203125,1449.1734375,0.003014810472192478,11.221875,947.271875,0.010694396064204555,44.0625,89629.071875,0.026843011134136823,1524.0,4780.0,397.0,2539.0,6297.0,3.08984375,10.3296875,16.1625,0.18887321543161273,239.71384982638887
0.9981770833333333,11.788541666666667,16218.219270833333,0.19475983201112435,0.00803611448320749,0.4358301441781176,0.0030707323955891292,6.40703125,0.6408058672793143,0.18300965335921,0.20761915337429898,0.22890122525560716,3.95078125,1542.9796875,0.0028545919051397245,11.2203125,1032.878125,0.010480011090826167,43.7078125,90104.51875,0.026318308187859886,1541.0,4724.0,428.0,2528.0,6238.0,3.019921875,10.2703125,16.0921875,0.19124431510951803,236.43601453993054
0.9979166666666667,11.771354166666667,16234.117708333333,0.1945314410671816,0.008308532635583067,0.43296466904381403,0.003066255318225232,6.359375,0.6232910048227954,0.18284448098368272,0.20695440215223443,0.22885632031612424,3.9375,1611.303125,0.0029545999748162195,11.0875,950.25,0.010734894280297108,43.790625,90009.24375,0.027297901633936427,1560.0,4673.0,402.0,2557.0,6286.0,2.98515625,10.1890625,16.0265625,0.19251522460780118,237.32949191623266
0.9986979166666666,11.799479166666666,16400.666145833333,0.19370333403826295,0.008360324208194344,0.4289105748560844,0.0030735814448207,6.38984375,0.641006400353123,0.18178745189499695,0.2068664211662527,0.22820377548333698,3.967578125,1759.0390625,0.0029913505421303027,11.2015625,1206.80625,0.010817364248600154,43.725,90161.034375,0.027379178832044694,1589.0,4659.0,406.0,2549.0,6284.0,3.02265625,10.240625,16.0078125,0.19831311956393435,237.76343722873264
0.9986979166666666,11.869270833333333,16292.007291666667,0.19459796520859182,0.008653159202344095,0.43527124449993465,0.0030917610922983414,6.499739583333334,0.6425029619553293,0.18276745201629122,0.20738151152702686,0.22913647165935944,3.974609375,1621.5203125,0.0031356712418844695,11.196875,1298.00625,0.011083569278069978,44.1203125,89967.95625,0.0282927009684567,1579.0,4703.0,416.0,2610.0,6288.0,3.037109375,10.2671875,16.5828125,0.19169135060925485,242.00009738498258
0.99765625,11.858854166666667,16195.795833333334,0.19490492276702806,0.008402244037057388,0.4401358805944786,0.003089047712077798,6.415625,0.6500944266327023,0.18306917868372788,0.20768809110658976,0.2294647307606672,3.93203125,1527.34140625,0.003045212564596937,11.109375,1180.884375,0.010700568151009943,44.315625,89884.525,0.02753204581294664,1541.0,4699.0,416.0,2610.0,6346.0,3.01328125,10.203125,16.2375,0.18723327858126548,245.13632785373267
0.9984375,11.858854166666667,16251.646354166667,0.19479201232312568,0.008744717942476781,0.4397927546214235,0.003089047712077798,6.420052083333333,0.6480741358865124,0.18303108491484804,0.20743419471768226,0.2291935395616796,3.912890625,1591.29375,0.0031756735871452,11.16875,1074.284375,0.011136646719657431,44.3328125,90070.41875,0.02862896658662246,1527.0,4771.0,421.0,2586.0,6356.0,3.010546875,10.296875,16.18125,0.18799770781803107,245.464973687066
0.9971354166666667,11.949479166666666,16051.8734375,0.19563953434444403,0.008379022630147594,0.4448317256874798,0.003112654119996527,6.528645833333333,0.6469075535021576,0.18366912127734045,0.20870776832849183,0.23045295262881046,3.969140625,1478.7859375,0.002934760942092715,11.225,973.11875,0.010850628040519585,44.5953125,89422.978125,0.027684463971995123,1526.0,4785.0,402.0,2584.0,6441.0,3.0359375,10.3265625,16.7015625,0.1905895671632394,248.395364312066
0.9984375,11.91875,16262.630729166667,0.1946551482360008,0.008354471474344328,0.4414826980598416,0.0031046496483459235,6.508072916666666,0.6405785701800385,0.18269812171359867,0.2077662211944582,0.229372181367152,3.969140625,1564.84375,0.0029055358155805795,11.1984375,1136.640625,0.010880747971415933,44.4375,90179.76875,0.027623937612327724,1605.0,4745.0,387.0,2638.0,6363.0,3.059375,10.33125,16.4796875,0.1891530886606673,245.35641927083333
0.9971354166666667,11.894791666666666,16192.4890625,0.19436676818992665,0.007535129940516307,0.4362334179344336,0.0030984088738386733,6.412760416666667,0.6430510552587793,0.18236138817028094,0.20750424125384045,0.2292508152045957,3.964453125,1568.32109375,0.0024957260717218717,11.134375,952.134375,0.00992389015809168,44.3765625,89929.515625,0.02530398519811868,1565.0,4742.0,397.0,2591.0,6418.0,3.002734375,10.30625,16.159375,0.1980418391292105,246.67226453993058
0.9984375,11.961458333333333,16288.618229166666,0.19445602096433875,0.008659605927762111,0.44383072443655747,0.003115774507250152,6.558333333333334,0.6411652007315162,0.18253425078176827,0.20762450005168373,0.2289746226072757,3.9796875,1633.13359375,0.003063845581857078,11.275,1065.353125,0.011275316601815726,44.575,90133.821875,0.028426936637328627,1585.0,4767.0,408.0,2601.0,6394.0,3.04765625,10.390625,16.76875,0.1900106158066049,246.06101453993057
0.9979166666666667,11.946354166666667,16211.677083333334,0.19475481629562078,0.008138517735706948,0.4313580064019842,0.0031118401059303637,6.533333333333333,0.6528752670357937,0.18275934181679254,0.20783030823739934,0.22966122226915506,3.93828125,1557.73046875,0.0028058163866317167,11.221875,1028.540625,0.010595991037058803,44.703125,90010.6,0.02701184983065602,1574.0,4748.0,396.0,2629.0,6443.0,3.015625,10.353125,16.784375,0.19160042324575546,247.92108045789934
0.9981770833333333,11.9921875,16142.175,0.1955407598075776,0.008718083494169825,0.42884853930763017,0.0031237789789007554,6.54921875,0.6474267100977199,0.1836370242989698,0.20835707331650574,0.23033938833308057,3.97265625,1444.4515625,0.003088088441329049,11.309375,1120.26875,0.011290028625109179,44.753125,89954.975,0.028666118574593568,1594.0,4765.0,405.0,2594.0,6480.0,3.014453125,10.39375,16.84375,0.19240937733679334,249.20462646484376
0.9989583333333333,11.9296875,16318.3078125,0.19460409069345821,0.008579916059499822,0.4334359005644346,0.0031074986975774942,6.537760416666667,0.652128356254093,0.18270163101825615,0.20754026275579296,0.22927775733193165,3.963671875,1711.8203125,0.0030118213085995977,11.221875,1110.76875,0.011081917804025931,44.5015625,89951.796875,0.02835029331857461,1612.0,4685.0,406.0,2593.0,6465.0,3.023828125,10.3171875,16.8140625,0.2012690911142251,247.87057698567708
0.9981770833333333,11.894270833333334,16291.5609375,0.19420180517984983,0.009033609237425348,0.43272936041718707,0.003098273204827646,6.51875,0.65109252528791,0.1823311149679307,0.2071558571626712,0.22873051404470496,3.96328125,1581.70625,0.003225315729425643,11.240625,993.653125,0.011666031517246666,44.271875,90428.8875,0.02963436098960285,1587.0,4713.0,395.0,2635.0,6334.0,3.01953125,10.3375,16.696875,0.19692377280810208,242.56798800998266
0.9984375,12.005729166666667,16253.816666666668,0.19474896825097587,0.008444375708616999,0.4410628312004647,0.003127306373187462,6.535677083333334,0.638974447963212,0.18291610689238544,0.2073462572793417,0.22948312465697168,3.965234375,1597.2078125,0.002964670375147007,11.253125,872.03125,0.010921304346641666,44.9203125,90262.0375,0.02788626840447229,1618.0,4690.0,415.0,2619.0,6494.0,3.010546875,10.334375,16.8375,0.1913455544178314,249.54111300998258
0.99765625,12.074479166666666,16200.416145833333,0.19474430562439954,0.008710256878865322,0.43832911234722505,0.003145214682643049,6.589583333333334,0.6466807574515809,0.18284312478329653,0.20760353625234088,0.22948979836087008,3.99765625,1610.665625,0.0031047963308618864,11.2765625,976.25625,0.011112172735996767,45.1796875,89783.578125,0.02873018321374763,1596.0,4748.0,427.0,2681.0,6494.0,3.059765625,10.36875,16.9296875,0.19428221592897332,252.65903618706605
0.99765625,11.8921875,16325.690625,0.1935660034344736,0.008158757511514266,0.4346805057351129,0.0030977305287835373,6.51640625,0.6384618753558446,0.1817674047331847,0.20645494270997783,0.22787145896412472,3.96796875,1619.7390625,0.002865866854403646,11.225,1043.8,0.01051888064907859,44.25625,90431.3875,0.026970197002392428,1564.0,4732.0,436.0,2538.0,6374.0,3.0328125,10.3015625,16.665625,0.19088673078399726,243.2420222981771
0.9963541666666667,11.909895833333334,16154.288020833334,0.19413649171895658,0.00833224764365937,0.43502838291049795,0.0031023432751584616,6.549479166666667,0.6449031355228058,0.1821213275739843,0.20746691902857956,0.22886672098922278,3.958203125,1626.47265625,0.0030058242865769707,11.3078125,973.99375,0.010697684500159349,44.31875,89445.84375,0.02727250421548898,1605.0,4732.0,424.0,2579.0,6370.0,3.000390625,10.378125,16.9171875,0.19442449744384147,242.7226104058159
0.99765625,11.924479166666666,16175.228645833333,0.19495331641258815,0.008574998634873154,0.4351596152719671,0.0031061420074672223,6.537760416666667,0.6389167940598384,0.183063940658414,0.20776336491205544,0.2297007709298174,3.926171875,1613.9203125,0.0030172957375794256,11.196875,732.55625,0.011035576061023702,44.6453125,89863.134375,0.028345232797897517,1591.0,4728.0,400.0,2632.0,6451.0,3.008203125,10.3265625,16.8671875,0.19310673190026945,247.6083591037327
0.9984375,11.965625,16331.068229166667,0.19395845456579916,0.008505539544230997,0.4355205642222824,0.003116859859338369,6.549739583333333,0.6344563419517716,0.18212679066073872,0.20686522279266742,0.2283783419591728,3.9484375,1632.9390625,0.002945350986997876,11.23125,968.8875,0.01104532615485037,44.76875,90485.765625,0.0282065071625441,1585.0,4751.0,425.0,2674.0,6409.0,2.982421875,10.3578125,17.0109375,0.19395899586276683,247.18319335937497
0.996875,11.8953125,16293.555208333333,0.19328074618988023,0.008591383531041115,0.4322838947022158,0.0030985445428497005,6.537239583333333,0.6264722623582468,0.18120267933964812,0.20670055413642568,0.2281732056442632,3.93671875,1654.484375,0.0029937623196207206,11.2359375,1218.825,0.011129916218828625,44.3890625,89924.56875,0.02844333568893519,1580.0,4716.0,424.0,2628.0,6382.0,3.000390625,10.2890625,16.9328125,0.1957394743331997,245.0968530273437
0.9984375,11.853645833333333,16231.053645833334,0.19477483937702308,0.008855257880303252,0.44227837802195596,0.0030876910219675264,6.530208333333333,0.6491058482358627,0.18304463925640702,0.20757182285409828,0.22889865638241233,3.98046875,1483.50625,0.003200700887710309,11.16875,906.93125,0.011371941220161177,44.03125,90545.365625,0.028956802510817108,1558.0,4700.0,412.0,2580.0,6298.0,3.0390625,10.2546875,16.7703125,0.19361682678599385,239.087434624566
0.9989583333333333,11.930729166666667,16268.305729166666,0.19497398927049486,0.008551400576628223,0.4447564262561336,0.0031077700355995486,6.542447916666666,0.6451739642903915,0.18326140964314505,0.20760568649500227,0.2291926105553867,3.99609375,1529.265625,0.0031058873908999356,11.1734375,1114.534375,0.010957292868756763,44.4265625,90378.2375,0.02792756102741284,1602.0,4682.0,409.0,2588.0,6377.0,3.045703125,10.253125,16.81875,0.188775013380087,242.94259738498266
0.99765625,11.9359375,16270.766666666666,0.19406607753387178,0.008751496811905972,0.43205517043436337,0.00310912672570982,6.580208333333333,0.647728760308941,0.1821736813035509,0.2070652360243649,0.2286365039646622,3.93359375,1625.98984375,0.0031223597751524525,11.3109375,1110.34375,0.011371653978686103,44.5703125,90010.296875,0.028647887792139913,1582.0,4763.0,414.0,2601.0,6413.0,2.999609375,10.371875,17.1109375,0.1899075483129198,245.24902099609375
0.9986979166666666,11.9390625,16264.59375,0.1948897774511309,0.008944493182889994,0.4432077283337146,0.0031099407397759834,6.5421875,0.6238712210443659,0.18317856636640473,0.2075336288806681,0.22909077036049824,3.98828125,1603.6015625,0.0033019496730127607,11.209375,604.00625,0.011290129485220768,44.471875,90569.15,0.029169030920068152,1571.0,4723.0,422.0,2599.0,6365.0,3.0375,10.303125,16.8,0.1912804569240777,243.9728491210937
0.9981770833333333,12.0078125,16189.897395833334,0.19516786801595826,0.008965516180208355,0.44212809571919115,0.003127849049231571,6.589322916666666,0.6193016699197571,0.1835067230741317,0.2072864258284716,0.22969388997075096,4.025390625,1635.71640625,0.0032788959442481514,11.234375,854.01875,0.011297869149444296,44.7109375,89742.5,0.02937964415481322,1540.0,4778.0,432.0,2573.0,6463.0,3.0546875,10.2984375,17.01875,0.19551937610530834,247.69368896484374
0.9981770833333333,12.076041666666667,16239.940625,0.1948816417405838,0.007737951990820242,0.439144950686732,0.003145621689676131,6.606510416666667,0.6265850081946002,0.18305670378591535,0.20754019404532684,0.22952284125451464,3.995703125,1665.203125,0.0027088086171334932,11.4703125,1111.246875,0.0099475897317105,45.003125,89667.584375,0.025644887744676974,1538.0,4928.0,428.0,2671.0,6399.0,3.0390625,10.5234375,16.959375,0.18888809575736423,252.35828016493056
0.9986979166666666,11.959895833333333,16354.390104166667,0.19407838358987003,0.007867660334579989,0.43479972571657927,0.0031153675002170704,6.575,0.6457344423638026,0.18226910999233445,0.20679302256525092,0.22860083900463152,3.9921875,1696.15546875,0.0027693512059875107,11.2609375,1169.565625,0.01004635930994737,44.5296875,90172.153125,0.026082197873582513,1526.0,4798.0,437.0,2632.0,6365.0,3.042578125,10.3171875,16.9625,0.19487634824892286,246.34839165581596
0.9984375,11.9875,16224.438541666666,0.1951492257981135,0.008888049812647014,0.4331711665189168,0.0031225579578015106,6.577604166666666,0.6330813347236705,0.18345173846125573,0.2075410425309252,0.22954735841273277,3.965625,1561.50546875,0.0032214363146840534,11.3,976.990625,0.011295337051833642,44.7625,90123.61875,0.029147216565312228,1582.0,4725.0,409.0,2649.0,6438.0,3.043359375,10.353125,16.9390625,0.1948533821706636,250.56755208333334
0.9973958333333334,12.103645833333333,16106.201041666667,0.1954816040779369,0.00860910382907793,0.441096815818734,0.0031528121472605714,6.66171875,0.6327724945135332,0.18364085201470398,0.2080788066821763,0.23024740972662933,4.019140625,1544.84765625,0.003135854834372672,11.3359375,1019.209375,0.010869145342485311,45.209375,89438.60625,0.02824205829449159,1559.0,4780.0,445.0,2669.0,6487.0,3.0671875,10.3921875,17.309375,0.19602486147921666,254.4673825412327
0.9979166666666667,11.991666666666667,16106.922395833333,0.19597251769180257,0.008900116261156076,0.43697113747416094,0.003123643309889728,6.57421875,0.6415479499652537,0.18439217506274547,0.20812856494226742,0.23013784095756606,3.983203125,1470.76796875,0.003272455671185773,11.296875,1099.053125,0.01129718764514048,44.7203125,89659.409375,0.029013687237052877,1573.0,4767.0,406.0,2662.0,6372.0,3.06328125,10.3703125,16.821875,0.1891565422868905,248.51868055555556
0.9979166666666667,12.031770833333333,16102.3578125,0.1958116147936977,0.008845143322293277,0.4357496313164882,0.0031340898237388207,6.576041666666667,0.6352538851131986,0.18398707759191021,0.20847622849781472,0.23044514989673087,3.944921875,1512.8328125,0.003128597415963545,11.378125,902.909375,0.011336721842639461,45.0328125,89659.90625,0.029219748427266018,1560.0,4810.0,434.0,2633.0,6472.0,3.013671875,10.4453125,16.95625,0.18956518561656246,251.36982394748262
0.9973958333333334,11.995833333333334,16108.4109375,0.1953872880002588,0.00845902249112178,0.4440265830432285,0.0031247286619779458,6.565364583333333,0.6404567558179923,0.18365629827006966,0.20786936880344045,0.22982916611783377,4.003515625,1467.08125,0.003067471050456444,11.321875,1262.70625,0.010691798038406471,44.6390625,89519.434375,0.02779245270649843,1563.0,4748.0,420.0,2646.0,6363.0,3.079296875,10.3625,16.7125,0.19166384842749898,249.0286284722222
0.9994791666666667,11.834895833333333,16356.026041666666,0.19458123617860565,0.00829643133148963,0.43326825571978844,0.0030828069375705477,6.51015625,0.6456013730581349,0.1829900195572205,0.20686561505391757,0.22866172378883434,4.017578125,1712.56484375,0.003024764223285503,11.059375,930.16875,0.010531441385309917,43.8796875,90355.728125,0.02714808971048586,1547.0,4657.0,408.0,2616.0,6245.0,3.066015625,10.153125,16.64375,0.19853510466753763,238.8201364474826
0.9984375,11.846354166666666,16185.300520833332,0.19539868836836197,0.008363939445341919,0.43508419529054987,0.0030857916558131456,6.442708333333333,0.6470433062211475,0.18378973559038922,0.20783811131862553,0.22939507652998953,3.99453125,1501.4140625,0.003055678314290641,11.1421875,1053.8625,0.010599818466927589,43.9578125,90052.284375,0.027361104947961363,1512.0,4672.0,423.0,2599.0,6254.0,3.069140625,10.1625,16.2171875,0.1941543871961888,240.47014295789933
0.9986979166666666,11.940104166666666,16240.1390625,0.19515078505788772,0.008451774566940668,0.44108867586167394,0.0031102120777980378,6.497135416666667,0.6203707742639041,0.1834707057243925,0.20751648224317432,0.22950540520658205,3.99296875,1618.3671875,0.0030618456683511853,11.1328125,903.646875,0.010705320935787114,44.5359375,90063.71875,0.027757943792452156,1565.0,4709.0,403.0,2644.0,6365.0,3.029296875,10.2625,16.603125,0.19190924855300465,246.40682915581598
0.9979166666666667,11.86875,16182.049479166666,0.19516752026717027,0.00793765467490268,0.43307245587107407,0.0030916254232873142,6.481770833333333,0.6291469194312796,0.1834602859273376,0.20762700961021396,0.22953696828345738,4.009375,1593.10078125,0.0029084031551064567,11.065625,1182.015625,0.010009539549847044,44.109375,89537.878125,0.025982775879143206,1531.0,4621.0,397.0,2658.0,6289.0,3.07109375,10.11875,16.4875,0.19799719197008386,242.77444010416664
0.9986979166666666,11.930208333333333,16208.344791666666,0.19551238355439457,0.008311021966647321,0.4329897513489341,0.0031076343665885214,6.501302083333333,0.6400506417532524,0.18373120731356898,0.2081459315704072,0.23000354050168442,4.0234375,1609.2015625,0.0029784726291826433,11.1875,1195.009375,0.010682049479950464,44.3,89618.253125,0.027270191803202885,1560.0,4690.0,408.0,2599.0,6385.0,3.060546875,10.246875,16.51875,0.20034741396018999,243.9154416232638
0.9984375,11.955729166666666,16361.1703125,0.1941749658629558,0.008507900274812493,0.4309952674350432,0.003114282148128853,6.503645833333334,0.6301895011979961,0.18229264963196146,0.20691401636532958,0.2289651802845595,3.965625,1850.8,0.0029921549110050794,11.2609375,1064.834375,0.0109518869065895,44.6109375,89698.9875,0.02812689509826515,1538.0,4773.0,419.0,2640.0,6402.0,3.01953125,10.3390625,16.6046875,0.1956620806991994,248.51470675998266
0.9989583333333333,11.984895833333333,16300.224479166667,0.19480632270186873,0.008625444513821474,0.4390835504596018,0.003121879612746375,6.579166666666667,0.624310112554865,0.18300480705736655,0.20760600333797402,0.22921270464377233,3.9921875,1627.79765625,0.0030770063676569264,11.253125,1067.121875,0.01101023475903877,44.6875,90223.034375,0.028434406853262373,1562.0,4762.0,437.0,2661.0,6353.0,3.079296875,10.3515625,16.80625,0.19282752742371526,246.09091769748267
0.9981770833333333,11.931770833333333,16216.971354166666,0.19497864844524354,0.008733429829474833,0.4375028868133228,0.003108041373621603,6.51171875,0.6233358068881226,0.18315484747940072,0.2076643727231672,0.22958812803069106,3.935546875,1554.80234375,0.0031423750483868425,11.18125,1047.9875,0.011103880759221106,44.6671875,90034.63125,0.028727198024080525,1554.0,4708.0,427.0,2619.0,6422.0,3.030078125,10.2578125,16.6921875,0.18949392260081385,247.3239906141493
0.996875,12.0515625,16041.3265625,0.19577582523626127,0.009140216063969355,0.43642249486188545,0.003139245246157854,6.609114583333334,0.6499848740222136,0.18393050938237643,0.2082436441120637,0.23068926977599818,3.978125,1430.38125,0.0033766615461913374,11.2734375,1114.5875,0.011530310451959494,45.1234375,89411.846875,0.02980433974709128,1629.0,4699.0,414.0,2705.0,6445.0,3.0625,10.340625,17.0640625,0.18860891442537714,252.0983829752604
0.9973958333333334,12.063020833333333,16241.671875,0.19446934451854558,0.008396452368058558,0.432637225244409,0.0031422299644004517,6.584895833333333,0.6416821380769396,0.1825774376556744,0.20696163234138698,0.229544684147189,3.996484375,1729.60859375,0.00300037706024587,11.259375,814.50625,0.010661594544878406,45.1328125,89717.090625,0.02771561142248946,1555.0,4784.0,409.0,2657.0,6516.0,3.07421875,10.378125,16.834375,0.193726561636649,253.4215492078993
0.9984375,11.994791666666666,16213.252083333333,0.19528240189086993,0.008553672552842733,0.4386317902882157,0.0031244573239558914,6.567447916666667,0.6430742509769866,0.18357868751198142,0.2075819509159361,0.2297977103813577,4.02578125,1612.00859375,0.0031153135359853995,11.1859375,1026.56875,0.010859221957027081,44.6796875,89804.909375,0.02800155921608773,1565.0,4712.0,402.0,2688.0,6357.0,3.078515625,10.2984375,16.7921875,0.19474278240035553,248.82861870659727
0.99765625,12.004166666666666,16094.2625,0.19575001862246813,0.008313822354138672,0.436153575820347,0.0031268993661543805,6.496614583333334,0.634371745921555,0.18393033288587762,0.20845773055777136,0.2303210496335269,4.0046875,1464.575,0.0029270000024917272,11.29375,1074.178125,0.010714908776551508,44.7125,89633.096875,0.02746002533831362,1585.0,4758.0,411.0,2708.0,6304.0,3.051171875,10.3734375,16.4015625,0.18797525101533477,248.43696180555563
0.9979166666666667,11.9921875,16202.430729166666,0.1950487666328987,0.00873772696685118,0.4402660627589903,0.0031237789789007554,6.491927083333334,0.6487296416938111,0.18317057657180036,0.2078622180677745,0.2297480754424162,4.014453125,1644.05,0.0031717249718495807,11.3140625,995.24375,0.011192260122210558,44.58125,89643.140625,0.0285472017914982,1544.0,4803.0,430.0,2606.0,6380.0,3.07578125,10.403125,16.2453125,0.19678647300184152,247.30618896484376
0.9984375,11.920833333333333,16209.130729166667,0.19541379557809832,0.008828947871020095,0.43777347612790046,0.0031051923243900323,6.461197916666666,0.6439182104159384,0.18372294688362467,0.20795726034796563,0.2296337255861256,4.01640625,1600.0765625,0.0032578192258736357,11.1953125,1060.421875,0.011240983156443288,44.2640625,89794.05625,0.028701427166182736,1559.0,4734.0,432.0,2603.0,6296.0,3.078515625,10.3046875,16.1484375,0.19518936842600002,243.67133680555554
0.9981770833333333,12.0109375,16172.1171875,0.19539197610054368,0.008740751911555494,0.43815674077763933,0.0031286630632977337,6.549739583333333,0.646676206582542,0.18361125599079947,0.2079124354779716,0.22999439716209263,4.033203125,1668.01875,0.0031531332973045306,11.3046875,958.840625,0.011207267011970288,44.628125,89401.7875,0.02862471126814456,1586.0,4750.0,433.0,2593.0,6423.0,3.05,10.4140625,16.684375,0.20097900200779992,248.65717203776046
0.9986979166666666,11.908854166666666,16439.143229166668,0.1933601552882719,0.008664303913570292,0.43069963250146015,0.003102071937136407,6.454947916666667,0.6489831620380494,0.1816930457879154,0.20600042930516888,0.227388319272801,3.984375,1767.58671875,0.003126332978570167,11.4125,1031.115625,0.011210691161404853,44.103125,90533.396875,0.028269800405736227,1591.0,4771.0,429.0,2595.0,6254.0,3.024609375,10.44375,16.1875,0.1947345030091562,241.94481743706598
0.9966145833333333,11.871875,16212.597395833332,0.19386747698089415,0.008596601237636824,0.4282015735055163,0.0030924394373534774,6.55234375,0.6355619899973677,0.18210963225873827,0.20641476855361338,0.22835156429679843,3.98046875,1615.125,0.0031094519578352964,11.2203125,1040.459375,0.010984864234873215,44.0890625,89774.625,0.02815693535960654,1547.0,4739.0,422.0,2621.0,6275.0,3.040625,10.325,16.8265625,0.19818865857688137,241.2137923177083
0.9981770833333333,11.848958333333334,16214.966145833334,0.1948386063549927,0.009007792786024482,0.43016331879100134,0.0030864700008682816,6.43984375,0.6521318681318682,0.18315788774939118,0.20737028222621703,0.22902980490617458,4.027734375,1602.6546875,0.003318600946780395,11.1125,1005.903125,0.011547695656429944,43.8703125,89873.275,0.029224657272595357,1610.0,4675.0,419.0,2571.0,6263.0,3.038671875,10.2765625,16.2078125,0.20019541155422713,238.40218641493053
0.9963541666666667,11.902083333333334,16084.461458333333,0.19497674519537875,0.008280874025319703,0.43763574721726123,0.0031003082399930536,6.43671875,0.6430509364607037,0.18318888253755047,0.20761622406964642,0.22948871695242418,4.01328125,1593.678125,0.0030293235338769557,11.2296875,969.1,0.010537596086480515,44.1296875,89162.95625,0.027030353929929873,1576.0,4691.0,412.0,2561.0,6342.0,3.021875,10.2875,16.2453125,0.19674041808629925,241.2862456597222
0.9986979166666666,11.9140625,16307.719270833333,0.19460848874687262,0.007973014975403548,0.43080681796882936,0.0031034286272466787,6.446354166666667,0.6306448087431694,0.18290218313635506,0.20712325584976843,0.22891894408604713,4.053515625,1767.8875,0.002840756491519177,11.15625,969.903125,0.01019220213942674,44.1140625,89804.8625,0.026282861746917845,1536.0,4742.0,429.0,2589.0,6299.0,3.052734375,10.2984375,16.16875,0.20326588460178738,242.16501057942708
0.9981770833333333,11.919791666666667,16041.647916666667,0.19635683308971325,0.008261631012282633,0.4370409101573457,0.003104920986367978,6.510677083333333,0.6351918203268374,0.18475818219008783,0.20856306869751728,0.23054520108041085,4.0046875,1429.33125,0.0029293647338702973,11.1765625,833.23125,0.010634142404316729,44.3234375,89699.33125,0.027218184733897886,1581.0,4683.0,405.0,2643.0,6325.0,3.046484375,10.25625,16.621875,0.19572522416760502,244.6498166232639
0.9981770833333333,11.984895833333333,16259.460416666667,0.1946947550743915,0.008763597527433617,0.4330237426103771,0.003121879612746375,6.58046875,0.6401720916083612,0.1829176641740303,0.20740103456658537,0.22909683918364226,4.012109375,1737.1828125,0.0031594516440708307,11.24375,991.5375,0.01122318146564864,44.6171875,89616.49375,0.02872059712266975,1576.0,4778.0,424.0,2647.0,6381.0,3.028125,10.3890625,16.98125,0.19999167214239466,246.14716769748262
0.99765625,11.925,16282.075,0.19404441806615516,0.008055747831834494,0.43002268723308273,0.0031062776764782495,6.56171875,0.6270090845562544,0.18224909565442063,0.2068591936408664,0.22841093213838204,3.989453125,1676.578125,0.0027971894390733214,11.2765625,1150.228125,0.01052085719608432,44.315625,89835.909375,0.026624872038629354,1558.0,4756.0,424.0,2627.0,6315.0,3.044921875,10.35,16.840625,0.19444782502335367,243.325625
0.9971354166666667,11.9703125,16224.497395833334,0.19404910877620876,0.007569624062258362,0.4338002351448317,0.003118080880437614,6.56328125,0.628986642300831,0.1820976129528153,0.2072200228063783,0.22868417803961316,3.991796875,1690.6140625,0.0025540193314600155,11.3078125,1043.578125,0.009944118003298679,44.546875,89540.95,0.02525754904441143,1570.0,4805.0,410.0,2646.0,6369.0,3.030859375,10.4234375,16.8328125,0.19699784962168482,246.48453531901043
0.9989583333333333,11.854166666666666,16374.780729166667,0.19396437638759553,0.007654722795772711,0.4383208812750425,0.0030878266909785536,6.51171875,0.6483304042179262,0.1822775559659773,0.20664516053587706,0.22803087392578703,3.944921875,1687.7984375,0.0025927756184382957,11.2265625,1145.8125,0.010099227110246009,44.11875,90351.678125,0.025458007190637073,1553.0,4755.0,437.0,2599.0,6280.0,3.017578125,10.3046875,16.6953125,0.1924677372374867,241.62612847222226
0.9989583333333333,11.9796875,16326.608333333334,0.19449692051010928,0.007646663029563836,0.4318610970539554,0.003120522922636103,6.5265625,0.6417547063171166,0.18263656665628356,0.20723286804492275,0.22920238839059862,4.0015625,1810.3609375,0.0026100827598568473,11.240625,1093.421875,0.009915856783339233,44.63125,89624.784375,0.025523790354616403,1577.0,4770.0,443.0,2622.0,6408.0,3.037890625,10.3609375,16.646875,0.19829582861508707,247.68864990234377
0.9973958333333334,11.905729166666667,16172.6796875,0.1948678028730275,0.00817025736572814,0.43878942141450433,0.003101257923070244,6.507291666666666,0.6342359683275733,0.1830549109837632,0.2075435249715949,0.22944364833151742,3.983984375,1547.77265625,0.0028642238794330775,11.109375,1462.484375,0.01051660807431856,44.3890625,89382.503125,0.02704804060231798,1547.0,4734.0,412.0,2590.0,6390.0,3.053515625,10.240625,16.5890625,0.1921817060621745,246.10621717664932
0.996875,11.9375,16193.0359375,0.19421703433772855,0.00793471708528317,0.43495417554885596,0.0031095337327429018,6.536458333333333,0.6383071553228621,0.18231548645734774,0.20718155610117567,0.22885870409580447,3.973828125,1612.61328125,0.0027225063746050453,11.278125,1095.453125,0.010343811920027698,44.4515625,89612.309375,0.02637446509325115,1544.0,4769.0,440.0,2606.0,6365.0,3.023828125,10.359375,16.7640625,0.19531853124957707,246.47109375
0.9994791666666667,11.923958333333333,16278.234895833333,0.19519626753872032,0.007677693791512586,0.42914230000937714,0.003106006338456195,6.536197916666667,0.649427797676247,0.18341200312891118,0.20782152425102401,0.22970806846565334,4.00078125,1554.18359375,0.002575619708640995,11.2125,1213.24375,0.010087466725562965,44.328125,90239.43125,0.02567621718894857,1534.0,4755.0,466.0,2559.0,6382.0,3.0296875,10.2640625,16.834375,0.19974183453577105,244.0379676649306
0.9984375,11.983854166666667,16294.4171875,0.19437741076257076,0.007171102158281246,0.42685350025928914,0.0031216082747243207,6.55546875,0.6384892868008171,0.1824554962523639,0.2072952523338663,0.2291472272321026,3.946484375,1683.98125,0.0023627975846403186,11.2703125,912.003125,0.009345161559633983,44.846875,90118.575,0.024230261051492223,1579.0,4764.0,423.0,2623.0,6476.0,3.01640625,10.3546875,16.9125,0.1920075857943682,251.09453097873265
0.9986979166666666,12.046354166666667,16269.7546875,0.19479462553055663,0.007715334715848578,0.4309044541855711,0.003137888556047582,6.504166666666666,0.6412296251459207,0.18297755312789252,0.20734313413981834,0.22951440653195115,3.95390625,1642.4515625,0.00254360051126936,11.4078125,1234.30625,0.010114104056032608,45.0546875,89814.415625,0.026003502193981416,1588.0,4794.0,434.0,2701.0,6437.0,3.0140625,10.453125,16.515625,0.1941072009721195,252.09316379123266
0.9971354166666667,12.023958333333333,16218.260416666666,0.19426106296864482,0.007830977498567673,0.4312101875378435,0.003132054788573413,6.57109375,0.6477952005544486,0.1823103511248412,0.2070338842951979,0.22929108901730602,3.969921875,1639.75625,0.0026628386715305758,11.246875,1207.43125,0.01013598907371333,45.0171875,89543.10625,0.026198521231570397,1570.0,4783.0,426.0,2633.0,6521.0,3.03515625,10.3609375,16.925,0.1971011948045686,251.72234266493058
0.9973958333333334,11.911979166666667,16285.630729166667,0.19395760581871252,0.008105827844760414,0.4301859398492205,0.00310288595120257,6.538802083333334,0.6453587512570504,0.182060021977213,0.20662627516199922,0.2288792718414236,3.942578125,1777.62578125,0.002736113279630856,11.2375,927.509375,0.010622107645890357,44.4640625,89675.771875,0.027068406304148713,1564.0,4767.0,431.0,2620.0,6391.0,3.0,10.3546875,16.878125,0.19758568606873322,246.70683566623262
0.9979166666666667,11.978125,16268.509375,0.19428427590332137,0.008056261853886946,0.42960204410485325,0.0031201159156030215,6.502604166666667,0.6390990520914862,0.18240299082755285,0.20676970319882554,0.2293239889108912,3.953125,1751.584375,0.002711332801654643,11.2796875,1095.934375,0.010534435492908046,44.7765625,89508.784375,0.026957804423795063,1604.0,4749.0,429.0,2634.0,6461.0,3.00859375,10.365625,16.615625,0.19563089169580536,248.7615006510417
0.9971354166666667,11.975520833333333,16147.80625,0.19463267951526075,0.008531251861988658,0.42695606888875887,0.003119437570547886,6.563020833333334,0.65567781498717,0.18273179245725818,0.2075092765000151,0.22935963076251661,3.983984375,1508.43984375,0.002986880347740267,11.3,1056.2625,0.011084249939253983,44.6171875,89796.815625,0.028155739841716897,1596.0,4742.0,418.0,2604.0,6452.0,3.008203125,10.3546875,16.990625,0.19735914615204264,245.81085910373258
0.9981770833333333,11.855208333333334,16251.030729166667,0.19464123384860285,0.008260137408744327,0.42432510223155334,0.003088098029000608,6.50703125,0.6451981372462877,0.18278173155170876,0.20727379693073122,0.22944667995405071,3.9140625,1707.4734375,0.002916900753337598,11.203125,945.875,0.010581731799522228,44.271875,89730.415625,0.027311489639593345,1569.0,4708.0,437.0,2600.0,6361.0,2.989453125,10.29375,16.790625,0.19712620140751685,244.4128895399305
0.9981770833333333,12.028645833333334,16149.145833333334,0.19558263715996466,0.008029460536304519,0.43271013435667244,0.003133275809672658,6.5046875,0.6385364797575233,0.18378759909837022,0.20815118834393428,0.23019423822237287,4.001171875,1578.7171875,0.002816214129300934,11.3625,1117.084375,0.010257642413506476,44.8046875,89462.921875,0.02665426428711689,1571.0,4794.0,411.0,2621.0,6450.0,3.0671875,10.4328125,16.3265625,0.19558097474917546,248.57365858289924
0.9979166666666667,11.954166666666667,16126.796354166667,0.19548612261342457,0.007943218353866579,0.43388543040143,0.0031138751410957717,6.542708333333334,0.6396392471244337,0.18368960565683903,0.20816044372680773,0.2299978693263837,3.957421875,1524.69375,0.002779958665235254,11.321875,1007.815625,0.010276500242922423,44.5734375,89654.1875,0.026262975219336026,1584.0,4761.0,408.0,2623.0,6390.0,2.99375,10.39375,16.8875,0.19165107579003515,246.98904513888888
0.99921875,11.943229166666667,16284.791666666666,0.19513392206209393,0.008028895529282537,0.43539493384622546,0.003111026091864201,6.53671875,0.6450220225895077,0.18333644674058705,0.20772604469596315,0.22973170071425214,3.953515625,1661.32421875,0.002840184971015827,11.2828125,988.021875,0.010271493895756845,44.5625,90075.43125,0.026541139395875067,1580.0,4750.0,410.0,2653.0,6364.0,3.027734375,10.3796875,16.7296875,0.19396997641870953,248.17802707248262
0.9981770833333333,11.9640625,16321.239583333334,0.19407099979070613,0.007948547731822884,0.4330083933833876,0.003116452852305288,6.532291666666667,0.645335422924557,0.18214429489967343,0.20702226253535122,0.22882655661019177,3.941015625,1749.2328125,0.0027347108124935937,11.4234375,1067.084375,0.01029813943878348,44.596875,89863.421875,0.02645430370217945,1579.0,4823.0,439.0,2575.0,6440.0,2.985546875,10.509375,16.7421875,0.19914423195652253,248.99870849609377
0.9984375,12.055729166666667,16291.900520833333,0.19448024598366329,0.0073870484478252745,0.430010005042757,0.003140330598246071,6.591927083333333,0.6409037888279259,0.18268660058604957,0.20703536125395097,0.22909971230383047,3.95,1719.68984375,0.0024794276387865278,11.4546875,1119.3875,0.009649578167157592,45.0796875,89753.25625,0.02475500196464795,1588.0,4820.0,424.0,2635.0,6512.0,3.0125,10.4890625,17.0125,0.19339361568296565,253.00783175998265
0.9979166666666667,12.056770833333333,16158.330208333333,0.19524698256051742,0.00793319287954016,0.4362854102594005,0.0031406019362681253,6.591145833333333,0.6606332886949761,0.18343110271312352,0.20786681243679234,0.22989067207381808,4.0140625,1569.16875,0.002780683297569652,11.3265625,1012.4625,0.010166240433140721,44.9578125,89660.84375,0.02631018365382163,1570.0,4806.0,441.0,2640.0,6442.0,3.058984375,10.425,16.8859375,0.19633742651800862,250.55563123914936
0.9971354166666667,11.990625,16147.363020833332,0.19483980914306306,0.007663748441854348,0.43965004509505995,0.003123371971867674,6.503385416666666,0.6569802797324299,0.18313505252234888,0.2070465227861007,0.22945212198288215,3.976953125,1544.36640625,0.002643763748709316,11.2734375,1232.371875,0.009896989057081532,44.7625,89474.340625,0.025510446599207294,1563.0,4785.0,424.0,2658.0,6386.0,3.04140625,10.3828125,16.471875,0.19163630743842636,248.0144954427083
0.9984375,11.989583333333334,16227.536458333334,0.19495318692312805,0.007897183692897476,0.4373762614628665,0.0031231006338456194,6.563020833333334,0.6509122502172024,0.1832390021892988,0.20739767305133885,0.22936543973023418,4.0078125,1582.2109375,0.0027786265478102366,11.31875,948.540625,0.010229476754255881,44.5875,90087.834375,0.026039119211888027,1609.0,4752.0,420.0,2610.0,6382.0,3.064453125,10.4015625,16.71875,0.19340199236557393,246.18634982638886
0.99765625,12.03125,16195.369270833333,0.19474855077093772,0.007542104393561806,0.4367465985600479,0.0031339541547277935,6.60625,0.6507359307359307,0.18294254117043726,0.20727152648458286,0.22944961345929454,4.0171875,1619.76015625,0.0026229993337650694,11.271875,1088.059375,0.009728503654082022,44.846875,89605.115625,0.025032125372228542,1559.0,4810.0,416.0,2626.0,6471.0,3.060546875,10.3890625,17.00625,0.19809529629390896,249.91725260416666
0.9979166666666667,12.000520833333333,16272.077083333334,0.19433095614781284,0.006936374762151616,0.43018884437549404,0.00312594968307719,6.47421875,0.638947962328024,0.18237100737118853,0.20741584990602058,0.22908585749610247,4.025,1715.9375,0.002376487362320938,11.234375,1324.6625,0.009068730932454406,44.66875,89444.05,0.023043568191171537,1582.0,4742.0,405.0,2660.0,6430.0,3.0484375,10.309375,16.3421875,0.20131542325518775,247.72604139539925
0.9984375,12.041666666666666,16311.290104166666,0.19425111699736644,0.007563542697828479,0.44062297065730216,0.003136667534948337,6.565885416666666,0.6241349480968859,0.1824313934124078,0.20705708823291485,0.2287240401016525,3.965625,1713.35546875,0.0026197445466166693,11.3484375,1175.446875,0.009698488758097179,45.0390625,89838.871875,0.025203789242407022,1600.0,4811.0,418.0,2717.0,6393.0,3.0328125,10.4375,16.8265625,0.1884004315830907,251.5045138888889
0.99765625,12.038020833333333,16256.4203125,0.19419020195818343,0.008409725936718888,0.4365786115429709,0.003135717851871147,6.52734375,0.6530523947561978,0.1823077984162064,0.20720920204095936,0.22870081604331588,3.991015625,1658.47421875,0.002977969700490514,11.4015625,978.54375,0.010907922600953305,44.8625,89926.08125,0.02763855421739797,1597.0,4783.0,419.0,2712.0,6370.0,3.055859375,10.4765625,16.4640625,0.19615020254992588,247.580325249566
0.9986979166666666,12.106770833333334,16400.507291666665,0.1937521955131323,0.008164875141279981,0.43751511439300755,0.0031536261613267346,6.644791666666666,0.6578619057861905,0.18175696270781455,0.20695086163063164,0.2285344606169041,3.968359375,1851.59765625,0.0028533092303749973,11.4640625,1059.759375,0.010586400923834538,45.303125,89936.89375,0.026989613002345352,1580.0,4858.0,439.0,2697.0,6480.0,3.013671875,10.5265625,17.2875,0.1923997494278286,253.86151665581593
0.9966145833333333,12.1125,16133.255729166667,0.19469991543811846,0.007923842836638174,0.44138995084378224,0.0031551185204480334,6.630208333333333,0.6646026831785345,0.1826819702554193,0.20788951431206035,0.22958209729497298,3.98046875,1552.42109375,0.002795653939911478,11.4484375,1283.253125,0.010144804346702377,45.3046875,89306.596875,0.026215636913480767,1588.0,4814.0,432.0,2674.0,6498.0,3.04765625,10.48125,17.109375,0.18819024496120892,255.15609375000003
0.9981770833333333,12.100520833333333,16196.072916666666,0.1949839158399626,0.008389476336360472,0.43680785202547295,0.0031519981331944082,6.60703125,0.6439116773554857,0.18311767269793305,0.20768766589230525,0.22974513835573815,3.964453125,1546.0390625,0.002975399757688844,11.3390625,1036.34375,0.010705790510784621,45.40625,89955.9375,0.02772946847662284,1597.0,4809.0,431.0,2701.0,6502.0,3.022265625,10.434375,17.11875,0.18505834506574245,255.30708306206594
0.9984375,12.133854166666667,16205.922395833333,0.1952450056147797,0.008303950034403824,0.43480940557528147,0.0031606809499001476,6.69765625,0.6345022964330171,0.18326373592584394,0.20828363178346043,0.23013145820184205,3.946875,1677.96328125,0.0028101272193432436,11.5453125,1114.578125,0.010914238013828606,45.4703125,89409.103125,0.027668953315221363,1582.0,4902.0,439.0,2643.0,6584.0,3.010546875,10.5796875,17.5640625,0.19124136726198349,257.18833306206596
0.9984375,12.0984375,16316.577604166667,0.19415573370452854,0.008490207004124907,0.4367229453674935,0.0031514554571502994,6.62421875,0.6628352490421456,0.18209012755348936,0.20761072219624926,0.22896316981696474,3.93828125,1737.73984375,0.0028767129934727754,11.496875,1123.634375,0.011185583149402267,45.340625,89824.871875,0.02824880690145608,1578.0,4899.0,442.0,2620.0,6565.0,3.00546875,10.5640625,17.159375,0.19094837856027166,255.4528100585937
0.9981770833333333,12.0765625,16235.388020833334,0.19466810048394165,0.008654149233943283,0.4371122187659289,0.003145757358687158,6.580989583333333,0.6438521585371113,0.1827602577205382,0.207517752816885,0.22944981920461216,3.95234375,1632.7796875,0.0030421935368648316,11.3640625,1092.196875,0.011215138256545914,45.2859375,89789.0125,0.028540982999654463,1604.0,4795.0,416.0,2655.0,6542.0,3.01484375,10.4265625,17.0,0.18697397297886936,255.13736735026038
0.9986979166666666,12.163020833333333,16201.755729166667,0.1953126586003105,0.008798934689307213,0.44882643444022124,0.0031682784145176694,6.640364583333334,0.6289555945702907,0.18340152515985184,0.20815351462677106,0.23011633633568457,4.009375,1567.66484375,0.0030547917195645493,11.4109375,1022.071875,0.011493208643337045,45.5296875,89917.803125,0.029081232614248043,1593.0,4856.0,441.0,2705.0,6500.0,3.048828125,10.515625,17.13125,0.18954923882895708,255.53384087456595
0.9994791666666667,12.115625,16315.353125,0.1949921384462128,0.008670117794917132,0.43143335677065764,0.0031559325345141965,6.61953125,0.6534691771988651,0.18296422043531732,0.2081811583389026,0.22991479059710498,3.96875,1667.715625,0.0029838874225671533,11.4125,1043.828125,0.011305418142197187,45.40625,90177.428125,0.028779738937036992,1591.0,4847.0,419.0,2672.0,6555.0,3.0296875,10.5140625,17.084375,0.1919057744815789,254.6621516927083
0.99765625,12.204166666666667,16180.697916666666,0.1950089389645295,0.008405730969897395,0.44002576746823174,0.0031789962663888167,6.670052083333333,0.653379993171731,0.18309655964852573,0.20767676792614168,0.22999062726693253,3.980078125,1601.709375,0.0028873091417891132,11.5515625,1088.353125,0.0109572884027233,45.753125,89588.996875,0.02792786084950462,1609.0,4881.0,429.0,2674.0,6582.0,3.04609375,10.621875,17.2140625,0.18471276398246192,259.8546701388889
0.9973958333333334,12.121875,16182.507291666667,0.1946822364995996,0.008919629030495065,0.44164470688336077,0.0031575605626465225,6.688802083333333,0.6447967689266993,0.182650755458894,0.207796884532085,0.2296935126299365,3.9359375,1613.34609375,0.003085461224684315,11.3734375,792.759375,0.011522949804279682,45.6140625,89848.9,0.02965297947995345,1575.0,4835.0,427.0,2683.0,6576.0,3.02421875,10.4765625,17.559375,0.18410864144521663,257.8434798177083
0.9955729166666667,12.164583333333333,16116.155208333334,0.1940693790724266,0.008621034478344664,0.4435764684363799,0.003168685421550751,6.734895833333334,0.649640349374893,0.1818731967532888,0.2076620990928885,0.2292613883285159,3.98828125,1577.55390625,0.0029662389529593602,11.4328125,1200.375,0.011216127961898118,45.6015625,89186.340625,0.028645123096332426,1610.0,4786.0,422.0,2699.0,6575.0,3.072265625,10.4625,17.6578125,0.19123018287988053,258.1697873263889
0.9979166666666667,12.131770833333333,16095.907291666666,0.1956941546785292,0.008699857493547698,0.44272111743191117,0.003160138273856039,6.62734375,0.6297170823852659,0.18380975278446918,0.2083249404301239,0.2306009765031744,3.934765625,1396.21640625,0.0030807772034244377,11.403125,911.4375,0.011106019098425237,45.6484375,90079.140625,0.028770017049163193,1597.0,4757.0,441.0,2734.0,6519.0,3.0359375,10.4578125,17.1625,0.1833509702840358,257.17951144748264
0.9986979166666666,12.178645833333333,16147.875,0.1958736360476187,0.008457104077986484,0.430721600361424,0.003172348484848485,6.599739583333333,0.6502159688662704,0.18380467420038787,0.20894681520671163,0.23107630427744907,3.96171875,1534.83671875,0.002916264785425128,11.4125,1136.634375,0.010944622550412664,45.8125,89611.26875,0.02813294277580573,1569.0,4852.0,432.0,2654.0,6671.0,3.012890625,10.496875,17.05,0.1898121211265099,260.7529814995659
0.9981770833333333,12.165625,16254.066145833332,0.19452551436790433,0.008359900059517757,0.43324628878153,0.0031689567595728054,6.632291666666666,0.6411079715729087,0.18242817536391934,0.20787928523208601,0.22956109951966255,3.958203125,1632.7953125,0.0028606686956097385,11.4953125,972.465625,0.010861796440719936,45.665625,90020.75,0.02785492913394765,1566.0,4879.0,433.0,2648.0,6628.0,3.032421875,10.5703125,17.09375,0.1906011853578608,259.1590266927084
0.9963541666666667,12.1671875,16164.533854166666,0.19427644344574233,0.00795269494288119,0.43541550304350324,0.003169363766605887,6.6203125,0.6582766148709387,0.18202838670171057,0.20770810050741223,0.22983701336019968,3.98046875,1650.6109375,0.0027420272645905137,11.4375,1046.90625,0.010231689253226959,45.64375,89337.853125,0.02651637134569812,1538.0,4888.0,450.0,2650.0,6591.0,3.06484375,10.55625,16.90625,0.19054612022953626,259.5939233398438
0.9979166666666667,12.13125,16223.382291666667,0.19470018924793622,0.00816602482554149,0.44079983726242633,0.0031600026048450116,6.53359375,0.6618581487205908,0.18255177181200727,0.20805493018009108,0.22993911805949724,3.942578125,1614.42421875,0.002831387332107616,11.5078125,1236.06875,0.010520973402908489,45.509375,89646.528125,0.027149626221909983,1582.0,4895.0,423.0,2668.0,6549.0,3.0015625,10.5890625,16.60625,0.18600222976126932,258.85985677083335
0.99921875,12.108333333333333,16334.570833333333,0.19463563022822766,0.008084519698256172,0.43781263509912893,0.0031540331683598158,6.613020833333334,0.6534325533379215,0.18255001683358474,0.20796980580247207,0.22964390823255498,3.91953125,1765.8390625,0.002792557337920265,11.540625,1055.5,0.010469131146152093,45.43125,89888.56875,0.026867757691703874,1550.0,4906.0,426.0,2628.0,6575.0,3.030078125,10.58125,16.9765625,0.1852599947444696,257.3455555555555
0.9979166666666667,12.161458333333334,16287.908854166666,0.1941621760208072,0.008464306938185064,0.4358590018141673,0.003167871407484588,6.603125,0.6499357601713062,0.18219097468460815,0.20718690143004306,0.22902225595636744,4.01328125,1688.10859375,0.002923678344120633,11.5640625,1084.975,0.011044417675502174,45.3515625,89890.04375,0.028046710577125676,1563.0,4904.0,447.0,2667.0,6463.0,3.078125,10.59375,16.7125,0.18889084450790153,253.95257703993056
0.99765625,12.144270833333334,16286.5265625,0.1941047009383779,0.00846416958588594,0.4328970302355055,0.003163394330120691,6.644270833333334,0.6589612728910237,0.18200524584779787,0.20747899768028183,0.22912822455879414,4.00703125,1745.2546875,0.0029326002890770002,11.515625,1236.959375,0.011044572073074202,45.321875,89501.18125,0.028010044285933428,1547.0,4874.0,461.0,2654.0,6501.0,3.04140625,10.5421875,17.1578125,0.19440000694610066,254.1927275933159
0.9950520833333333,12.0484375,16186.022395833334,0.19309512392485,0.008375827029379918,0.4382666160081346,0.0031384312320916906,6.518229166666667,0.6498940906929495,0.1807957710525825,0.20693549229427802,0.22845216704449206,3.913671875,1659.96328125,0.002848234552101174,11.5703125,1295.26875,0.011064687792837707,45.065625,89181.0125,0.027797336175037102,1590.0,4873.0,440.0,2618.0,6475.0,2.9953125,10.5953125,16.5328125,0.1855991256332039,252.02161214192708
0.9981770833333333,12.0609375,16246.506770833334,0.194607688841754,0.008351215964113461,0.43032675069233683,0.003141687288356343,6.586458333333334,0.6381655654877575,0.1825937835205447,0.20777935381438284,0.2294916451539625,3.941015625,1564.04453125,0.002820323135443518,11.4765625,1261.8375,0.010965934576159042,45.125,89961.025,0.027860068666747662,1562.0,4852.0,433.0,2669.0,6470.0,3.005078125,10.5125,16.9859375,0.19006295429279166,251.92389078776037
0.9984375,12.088541666666666,16339.950520833334,0.19403240937589245,0.007614804233831705,0.4359018103785714,0.003148877745940783,6.638020833333333,0.6332184403274451,0.1819490434838001,0.20744296359841377,0.22895531872174066,3.94375,1743.3,0.0025157532725310467,11.396875,841.828125,0.009985077691865542,45.359375,90224.675,0.025640734621000506,1597.0,4841.0,420.0,2658.0,6552.0,2.990234375,10.5359375,17.33125,0.19112133089453084,255.01768120659727
0.9984375,11.984375,16320.778125,0.19428698189609114,0.007783726932857312,0.44202104264688963,0.003121743943735348,6.54375,0.6451108213820078,0.1824905557960323,0.2069578143983421,0.22880185379407564,3.946875,1707.6765625,0.002599516603572878,11.2734375,1214.796875,0.010232018025850215,44.8453125,89879.165625,0.026072277157002145,1562.0,4769.0,407.0,2684.0,6417.0,3.022265625,10.3703125,16.803125,0.1904133055402263,251.20340169270833
0.9979166666666667,11.992708333333333,16329.675,0.1938564424504075,0.00775855007597267,0.43995968371896527,0.0031239146479117826,6.552604166666667,0.6396682011639017,0.18185326304797228,0.206999207025578,0.2287263954849778,3.983984375,1689.0203125,0.0025635063195249288,11.3234375,1236.015625,0.01020433656763294,44.696875,89985.953125,0.026092938610103374,1541.0,4793.0,419.0,2700.0,6352.0,3.076171875,10.371875,16.6390625,0.19537738874342922,249.82650933159724
0.9963541666666667,12.040625,16122.328645833333,0.19436855119578364,0.007475628655047639,0.4356337443018364,0.003136396196926283,6.519791666666666,0.6394151743230383,0.1823824780090195,0.20740414486193046,0.2292772502766934,3.989453125,1450.6328125,0.0024200743136660458,11.3640625,1131.096875,0.009905807680139501,44.921875,89800.34375,0.025267666995482156,1568.0,4809.0,406.0,2635.0,6453.0,3.037109375,10.45625,16.5140625,0.19131303557158463,250.70564127604172
0.9979166666666667,12.0546875,16255.083854166667,0.1943923279077716,0.00763646275078762,0.4386729300435894,0.0031400592602240165,6.54140625,0.6204795852235904,0.1823483022474694,0.20750189053652995,0.22945886792022224,3.984375,1695.00625,0.0025069422115707985,11.3640625,1179.99375,0.0100040068235133,45.0265625,89570.484375,0.02578700083492922,1572.0,4817.0,403.0,2644.0,6504.0,3.069140625,10.4265625,16.5453125,0.1931958634161604,253.02825927734375
0.9994791666666667,12.033854166666666,16297.645833333334,0.19511232607049084,0.007849683279007565,0.44192183339473723,0.0031346324997829295,6.561197916666667,0.6553127028781649,0.18323596814480653,0.20801059050043608,0.22971949334328273,3.96953125,1592.575,0.002641529358811975,11.340625,1036.796875,0.010236086229783637,44.984375,90378.778125,0.026295896009013865,1567.0,4823.0,420.0,2599.0,6472.0,3.05703125,10.43125,16.7078125,0.1848473097846835,252.257708062066
0.9979166666666667,12.075520833333334,16337.847395833332,0.19389271724831741,0.007790387665688189,0.4404219345817769,0.0031454860206651036,6.55390625,0.6349363812810006,0.1816839847246238,0.2072689898626626,0.22935137472874664,3.98359375,1789.75625,0.002579165512059186,11.2984375,885.984375,0.01023388648615799,45.2203125,89982.075,0.0261917774597344,1563.0,4779.0,424.0,2630.0,6562.0,3.050390625,10.3703125,16.7515625,0.19251131151504594,255.67242160373263
0.9973958333333334,11.997395833333334,16278.272916666667,0.19393432855686094,0.0075386609500392296,0.4331007447303273,0.0031251356690110274,6.524739583333333,0.6417625352724116,0.18185833538380766,0.20715215001175252,0.22902047979418247,3.96484375,1687.9640625,0.0024749907621997224,11.3328125,946.221875,0.009995646815587825,44.7921875,89971.559375,0.025336355835848662,1611.0,4760.0,422.0,2601.0,6459.0,3.0296875,10.4125,16.6171875,0.19151544721899416,249.75311821831596
0.9981770833333333,11.953125,16385.802083333332,0.19344923146624887,0.00757476461487031,0.4315102402393967,0.0031136038030737173,6.459114583333333,0.6328540305010893,0.18136854758083712,0.20679440609955843,0.22842679237458632,3.961328125,1764.053125,0.0024696597699697303,11.3296875,1050.2625,0.010038269799288962,44.54375,90208.3375,0.025531678810053988,1588.0,4787.0,430.0,2588.0,6414.0,3.00234375,10.4171875,16.328125,0.19396958385020854,246.50926106770834
0.9986979166666666,11.936979166666667,16251.377604166666,0.19488043865119795,0.007368321192703492,0.4367198797396827,0.0031093980637318746,6.496354166666666,0.6382041101269689,0.18308806487734378,0.20747729978544985,0.2294530726123626,4.00859375,1585.3734375,0.0024185806652094466,11.21875,884.13125,0.009743635577706177,44.36875,90282.640625,0.02479196891767699,1572.0,4703.0,413.0,2572.0,6397.0,3.03984375,10.2859375,16.5328125,0.19556900691564097,244.52884087456596
0.9971354166666667,11.984375,16244.954166666666,0.1939565355882945,0.007396921420059818,0.4314882482906739,0.003121743943735348,6.4703125,0.6382007822685789,0.18183469400691915,0.20726620923393,0.22913422826816027,3.905859375,1702.33984375,0.0023583412006389567,11.35,1057.2875,0.009792657027698807,44.9328125,89603.078125,0.02515550669010428,1584.0,4773.0,441.0,2569.0,6541.0,2.980859375,10.409375,16.4890625,0.19081957247728468,252.070068359375
0.9981770833333333,12.029166666666667,16307.865104166667,0.19402675679090498,0.007341504668595418,0.43337516260404435,0.003133411478683685,6.52890625,0.6603307932109456,0.1819128600070592,0.20745837361456437,0.22905072710262847,3.93125,1650.7375,0.0023378290809758806,11.403125,1291.54375,0.00980842125539461,45.046875,89952.696875,0.02488929043227438,1584.0,4836.0,428.0,2674.0,6437.0,2.9953125,10.484375,16.7078125,0.18736572801660076,253.25123263888884
0.99921875,12.029166666666667,16401.203125,0.19401324458002497,0.007724559270827239,0.4307673077007034,0.003133411478683685,6.584635416666667,0.643747835122965,0.18196522896524708,0.20703819607218094,0.2291803555469804,3.946484375,1795.91171875,0.0025353749699553252,11.3921875,1209.15,0.010261810189237714,44.996875,90014.421875,0.025944045555904415,1595.0,4796.0,439.0,2593.0,6524.0,2.99453125,10.471875,17.0578125,0.19333101723812007,252.4538368055555
0.9979166666666667,12.1125,16223.00625,0.19476117182843272,0.007790718357564292,0.43347130263510597,0.0031551185204480334,6.5921875,0.65187478500172,0.18270491811464398,0.2077518854217109,0.22999547309030968,3.95625,1581.4046875,0.002518457453016396,11.4578125,1311.715625,0.010401267109613454,45.3921875,89700.703125,0.026269213223706716,1562.0,4887.0,432.0,2630.0,6557.0,3.026953125,10.55,16.8953125,0.18665925252266613,257.68005208333335
1.0,12.1453125,16205.458333333334,0.1961555778960596,0.00796151297853797,0.44829879519265503,0.0031636656681427455,6.633333333333334,0.6544019897937304,0.18431246647911065,0.20871511514834382,0.23096848631157121,4.001171875,1518.90625,0.002643396143104073,11.365625,866.921875,0.01050154060691825,45.5015625,90290.203125,0.026693952691893275,1584.0,4811.0,443.0,2663.0,6532.0,3.056640625,10.453125,17.1203125,0.18821084608582053,258.1830509440104
0.9986979166666666,12.094791666666667,16239.374479166667,0.1951070153017661,0.007825915854391517,0.4416157786288526,0.0031505057740731095,6.606770833333333,0.647446387046766,0.18310694880078504,0.2079756599345473,0.230238636672909,3.977734375,1642.51484375,0.0025591267630543715,11.41875,1156.775,0.010384781558581566,45.2390625,89709.4125,0.026334206515550063,1580.0,4809.0,429.0,2662.0,6509.0,3.02734375,10.4765625,17.0546875,0.19111609883319433,254.9212228732639
0.9989583333333333,12.049479166666666,16185.230208333332,0.19562391135717092,0.007947238484946991,0.43417579701398323,0.003138702570113745,6.591666666666667,0.6483682731791658,0.18380231162670785,0.20821278471292598,0.23032143692326806,4.003125,1535.3078125,0.0026401911386194693,11.353125,1097.33125,0.01053011534531526,44.93125,89872.81875,0.02659255100988881,1582.0,4795.0,419.0,2658.0,6442.0,3.044921875,10.415625,16.9546875,0.19440937751650011,252.03192681206602
0.99765625,11.963541666666666,16179.50625,0.19483189428329356,0.008168235407449478,0.44084032140347534,0.003116317183294261,6.553125,0.6477579451458424,0.18296373585150755,0.20756124361200853,0.22957517868172275,3.97109375,1548.2453125,0.002789216716584234,11.1515625,934.2,0.010681385717610946,44.7453125,89949.85625,0.027171159860748983,1554.0,4702.0,441.0,2655.0,6407.0,3.038671875,10.26875,16.8953125,0.1945185482652065,249.22419162326392
0.996875,11.9640625,15997.066666666668,0.19590259299709512,0.008042688844676871,0.434966145393447,0.003116452852305288,6.51171875,0.6503852683818728,0.1842185894055784,0.2077843311767375,0.2307568691835195,3.945703125,1406.8671875,0.0027149865036134395,11.1546875,937.125,0.01049010004254415,44.846875,89417.80625,0.02690608701106332,1542.0,4744.0,413.0,2691.0,6392.0,3.054296875,10.2734375,16.5796875,0.18550760093618654,250.18829182942713
0.99765625,11.98125,16067.569270833334,0.1960113206975396,0.007941706186185341,0.435539020137557,0.0031209299296691847,6.500260416666666,0.6419753086419753,0.18411919900494828,0.20848375160566307,0.23110737655978147,3.908984375,1512.38125,0.002660181624989846,11.215625,1082.11875,0.010397346573603888,45.0359375,89273.771875,0.02661216404354878,1579.0,4755.0,414.0,2651.0,6500.0,2.991796875,10.3265625,16.7078125,0.18660077882513143,254.8808984375
0.9989583333333333,12.041666666666666,16150.528645833334,0.19615824272396196,0.008209521422888989,0.44013663263774233,0.003136667534948337,6.551041666666666,0.6588667820069204,0.18435840279325327,0.20863245282309908,0.23088339234765956,3.980078125,1568.2609375,0.0028284441648245597,11.2078125,1027.053125,0.010640835128575882,45.121875,89603.075,0.027302516749459806,1577.0,4781.0,424.0,2650.0,6484.0,3.034765625,10.3625,16.8046875,0.18936295869990852,253.90451388888889
0.9981770833333333,12.036458333333334,16123.690104166666,0.19576935466696066,0.00809889066145294,0.43331380780386014,0.0031353108448380655,6.55390625,0.6396797922977067,0.18388469368692434,0.20848687947511585,0.23059047377895087,4.0390625,1611.61484375,0.0028290208691695326,11.35,991.68125,0.010428312623168434,44.7125,89304.0,0.02684894786887108,1514.0,4806.0,418.0,2586.0,6449.0,3.079296875,10.3625,16.64375,0.19451565342368513,249.71481662326389
0.9966145833333333,11.9671875,16055.4546875,0.19524761859825146,0.008244447891108545,0.43248294163429646,0.0031172668663714508,6.5234375,0.6453845149497324,0.1834893290181371,0.20747997740815344,0.230048418108807,4.00546875,1466.03671875,0.002838036868812796,11.2234375,854.475,0.01076553699157443,44.5578125,89614.10625,0.027349002879825658,1584.0,4729.0,428.0,2575.0,6429.0,3.0453125,10.3484375,16.6109375,0.19756334907114742,246.5213191731771
0.99921875,11.983333333333333,16164.221875,0.19610460039416047,0.008142926327048695,0.4368122992413345,0.0031214726057132935,6.54296875,0.6381693324061196,0.18434266855467601,0.20847359219194478,0.2307833359543138,3.9640625,1490.88984375,0.0028295496423700146,11.309375,1067.484375,0.010587423235696197,44.734375,89954.2875,0.02695193615711592,1585.0,4738.0,422.0,2609.0,6427.0,3.009375,10.3640625,16.85625,0.19046788766862974,249.5054513888889
0.9971354166666667,11.977604166666667,15956.227604166666,0.1965521246598314,0.00814131489905884,0.44352554559562,0.0031199802465919943,6.452083333333333,0.6344740618341522,0.18483777621410863,0.20884549788654744,0.23111614521600643,4.000390625,1350.2828125,0.0029280337686220697,11.1921875,1025.8875,0.010422450977918536,44.671875,89310.346875,0.026713303341946222,1563.0,4734.0,389.0,2631.0,6407.0,3.04921875,10.275,16.240625,0.1884501342121775,248.3307484266493
0.9966145833333333,11.9765625,16057.283854166666,0.19538851182954103,0.008376921506678844,0.4388950909394919,0.00311970890856994,6.5578125,0.6423135464231354,0.18370182819112052,0.20749908173161344,0.23002467648115074,4.0125,1546.428125,0.0030350554420957325,11.121875,930.790625,0.010605879270492929,44.6875,89227.2,0.0275154280011972,1587.0,4646.0,417.0,2640.0,6408.0,3.07421875,10.221875,16.828125,0.1930972136355417,248.48382568359375
0.99765625,11.988020833333334,16095.815625,0.19568298420516486,0.00782890577263941,0.43245333355406396,0.003122693626812538,6.585677083333334,0.6406134596168049,0.18376734514402354,0.20844858689126616,0.2305799377636287,4.003515625,1518.34375,0.0026918398382574033,11.1890625,1237.965625,0.009991889227262955,44.725,89263.553125,0.026214186055543886,1572.0,4756.0,413.0,2615.0,6439.0,3.0578125,10.3265625,16.95625,0.19314864826581812,248.68996066623262
0.99765625,12.082291666666666,15986.986979166666,0.1966848911653673,0.00843041055655162,0.4407748090524579,0.003147249717808457,6.6015625,0.6489352530390551,0.18494229034289833,0.20866994695476296,0.23167023866584763,4.03359375,1443.621875,0.0029678230120975735,11.1875,937.809375,0.010742186096256583,45.171875,89209.625,0.02796898519466285,1561.0,4738.0,425.0,2687.0,6476.0,3.076953125,10.321875,16.9796875,0.19555258203052456,252.98958224826393
0.9963541666666667,12.0484375,16005.865625,0.1956128244925706,0.008539750998274965,0.43250260035944227,0.0031384312320916906,6.594270833333334,0.6496347209613972,0.1837154792656846,0.20819378067682354,0.23062124921586152,4.00078125,1483.40234375,0.002994373785626398,11.240625,1030.534375,0.011037570096604757,45.046875,89071.05,0.02822344075053943,1578.0,4765.0,416.0,2687.0,6461.0,3.030859375,10.346875,17.0953125,0.19382196806754534,252.27421630859374
0.9971354166666667,12.052083333333334,16023.220833333333,0.1959454303080303,0.008463541112669027,0.43917155807458846,0.003139380915168881,6.60625,0.6394554883318928,0.184118205607604,0.20830797463051276,0.230891784787253,3.988671875,1475.609375,0.0029863117871073925,11.2734375,850.95,0.01088024791867636,45.084375,89385.9375,0.02795575160890823,1567.0,4778.0,422.0,2668.0,6469.0,3.046875,10.375,17.075,0.1899745991970135,252.71239149305555
0.99765625,12.077604166666667,16140.3421875,0.19513292023701212,0.008551355988776927,0.4345470953573835,0.0031460286967092124,6.626822916666667,0.6333175212385183,0.1832095305935409,0.20773156345767269,0.23022783559023643,4.063671875,1581.06015625,0.0030030274366315895,11.2375,1070.578125,0.011001271785779754,44.9734375,89447.234375,0.02829475440035545,1588.0,4746.0,411.0,2669.0,6481.0,3.078125,10.3625,17.0859375,0.20410088124776551,250.7241859266493
0.9979166666666667,12.0484375,16208.169791666667,0.19487993214496785,0.00828117893075862,0.42850786619189024,0.0031384312320916906,6.58046875,0.6361907232092682,0.18292111459246918,0.20760175521671315,0.22999337928321725,3.96640625,1626.54609375,0.002874230124778296,11.3609375,1192.540625,0.010638478142307044,45.0640625,89550.29375,0.027551674943131488,1576.0,4789.0,435.0,2595.0,6564.0,3.015234375,10.415625,17.00625,0.19754699226562183,253.24452880859377
0.9989583333333333,12.078645833333333,16222.140104166667,0.19546807936441965,0.008398611853925585,0.4373415542302478,0.003146300034731267,6.61796875,0.6450347117416239,0.1836757870805459,0.20784485201831226,0.23026047584602222,4.031640625,1603.9515625,0.0029396010234786383,11.3046875,1231.4375,0.010834856123289978,45.040625,89685.596875,0.02779841090634898,1519.0,4785.0,424.0,2664.0,6467.0,3.08203125,10.3484375,17.03125,0.1967792544792517,250.9078773328993
0.9989583333333333,11.985416666666667,16325.422916666666,0.19452172872266174,0.008686416304159873,0.42959945713673614,0.0031220152817574023,6.53515625,0.6558751955501477,0.18263150722281957,0.20730316893168385,0.22930117451300838,3.965625,1699.703125,0.0030234220394163127,11.2953125,1309.59375,0.01113008096103339,44.7546875,89844.13125,0.028894728706260597,1576.0,4756.0,461.0,2603.0,6450.0,3.0171875,10.378125,16.7640625,0.19704332239568514,249.8404123263889
0.9966145833333333,12.016666666666667,16108.346875,0.19489389269982269,0.008645532773016796,0.439769564390909,0.003130155422419033,6.574739583333334,0.6451109570041609,0.1828969255671399,0.20788098741574118,0.22989466651463547,4.000390625,1585.35546875,0.0030170746330683814,11.3328125,1229.875,0.01123731746017788,44.765625,89078.784375,0.02856758064564936,1541.0,4817.0,444.0,2630.0,6407.0,3.029296875,10.3921875,16.9390625,0.19455825439458024,249.18149305555556
0.9955729166666667,12.007291666666667,16016.2421875,0.19491751926991555,0.00879390480819426,0.4375941440323615,0.0031277133802205437,6.586458333333334,0.6484774876377202,0.18302586365153845,0.20737705442660864,0.23002460658673093,4.00546875,1446.5296875,0.003127044529424957,11.178125,940.34375,0.011200211114169934,44.84375,89370.990625,0.029055039617295792,1520.0,4726.0,428.0,2640.0,6451.0,3.062890625,10.275,16.9921875,0.19640273135865705,250.1624468315972
0.9984375,11.957291666666666,16213.2015625,0.19515168805749716,0.008419423080664323,0.4317147636784072,0.0031146891551619344,6.533854166666667,0.6497081627319453,0.18330625523549732,0.20768880413802843,0.22999630326496515,3.96171875,1597.22109375,0.0028825099893908454,11.240625,1294.346875,0.010906142879735075,44.65625,89595.978125,0.028080355646687472,1556.0,4714.0,421.0,2701.0,6361.0,3.00859375,10.2921875,16.8765625,0.19577753262919237,248.7403634982639
0.9966145833333333,11.996354166666666,16166.369791666666,0.19426107758942296,0.008768435600227371,0.4358960958983989,0.003124864330988973,6.546354166666666,0.6394737984630747,0.18234212753187246,0.20723624142574443,0.22896171398330364,4.018359375,1555.59609375,0.003178542940167403,11.2203125,1156.284375,0.011084637786204287,44.684375,89619.55,0.028811804054490332,1514.0,4766.0,417.0,2657.0,6359.0,3.04375,10.30625,16.796875,0.19174536900440464,248.2333200412327
0.996875,11.969791666666667,15989.29375,0.1959533462876596,0.008495715919745716,0.4381326786273611,0.0031179452114265867,6.576041666666667,0.6495518231659559,0.18418400761433862,0.20853066039606008,0.23045338687254308,3.998828125,1344.0859375,0.0029994199783787805,11.28125,1117.909375,0.010934229131050466,44.5421875,89441.509375,0.02804238647390871,1562.0,4731.0,399.0,2626.0,6370.0,3.061328125,10.296875,16.9140625,0.1871266907774839,246.53502495659723
0.9979166666666667,11.93125,16198.167708333332,0.19485795814051812,0.008744436230749974,0.43946194175246955,0.003107905704610576,6.5640625,0.6268115942028986,0.1831022046355914,0.20745028694688097,0.22928864335386204,4.0171875,1512.7703125,0.0030835238666596563,11.23125,1094.89375,0.011322991077827343,44.2875,90043.03125,0.028809530840033883,1581.0,4695.0,409.0,2618.0,6328.0,3.06484375,10.2703125,16.8546875,0.19693891793582752,243.5733984375
0.9981770833333333,11.855208333333334,16176.584895833334,0.19533957232468477,0.008556717857340466,0.4367519063662212,0.003088098029000608,6.500260416666666,0.6469554520692382,0.18358867965949804,0.2080147760396124,0.22966793927050405,3.96953125,1489.30703125,0.00302681897177004,11.1453125,1038.98125,0.0110068171596287,44.1078125,90063.3,0.02822621409733393,1560.0,4728.0,419.0,2619.0,6255.0,3.00625,10.284375,16.6921875,0.19150515538977522,241.83788953993053
0.9984375,11.944270833333333,16152.743229166666,0.19566283931768053,0.008277603748051645,0.4331216289944705,0.003111297429886255,6.551822916666667,0.6216369423974185,0.1840205241562327,0.20791053558813646,0.22998440369301573,3.994921875,1525.84921875,0.002906401760824417,11.2359375,1217.240625,0.01069978499824086,44.45,89595.821875,0.027340230446771335,1536.0,4734.0,436.0,2611.0,6353.0,3.059765625,10.2515625,16.8203125,0.19229682432210948,245.91460259331595
0.9986979166666666,11.9953125,16071.9640625,0.19653312680483495,0.008404463808970149,0.43470848650441013,0.0031245929929669186,6.568489583333333,0.6448699578828535,0.18485039123433245,0.2088502810426009,0.23094691484907898,4.008984375,1484.07734375,0.0029571430201894566,11.2765625,1138.196875,0.010930911247282765,44.659375,89357.278125,0.027667299525780297,1517.0,4789.0,419.0,2624.0,6392.0,3.058984375,10.3359375,16.8390625,0.1923432885175605,248.32393636067712
0.9981770833333333,11.939583333333333,16245.113020833332,0.19460697234389546,0.00755628897247542,0.437739280946451,0.0031100764087870106,6.567447916666667,0.6430378642470773,0.18270816110435031,0.2073119773988822,0.22949721224708938,3.958203125,1632.82109375,0.002546080150060313,11.0609375,1213.7,0.009817596278580773,44.74375,89725.69375,0.025335816956030495,1561.0,4642.0,407.0,2697.0,6461.0,3.035546875,10.1484375,17.1140625,0.19999464271487427,249.00207899305556
0.99921875,12.0265625,16270.428125,0.19511628294977262,0.008175321072859265,0.43740605068198507,0.003132733133628549,6.594791666666667,0.6540210471612317,0.18343437154936648,0.20734511681581833,0.2296150946853516,4.01015625,1691.040625,0.002818145231882851,11.234375,1009.95625,0.010592752985518317,44.884375,89848.45,0.02718659252410587,1579.0,4757.0,425.0,2654.0,6438.0,3.067578125,10.325,16.9734375,0.19429873151110208,249.16960693359377
0.9971354166666667,11.9546875,16137.9421875,0.19477465562268892,0.008158326952247948,0.429238113359836,0.0031140108101067984,6.5640625,0.6533350760249205,0.18294688651371943,0.2074299404373107,0.22943044724394518,3.965625,1565.34296875,0.002844593483896137,11.2390625,1275.4,0.010504670393109435,44.6265625,89290.88125,0.027066917384793703,1592.0,4714.0,428.0,2657.0,6376.0,3.040234375,10.29375,16.9296875,0.19303034754705428,247.82763427734378
0.9973958333333334,11.938541666666667,16261.509375,0.19399149735123783,0.00869290905345185,0.43397258638087827,0.003109805070764956,6.5515625,0.6495506500305384,0.18212806210380797,0.2067297409541211,0.228706994738074,3.987109375,1720.875,0.0030550320447453906,11.1546875,1010.171875,0.011175474714365455,44.528125,89675.384375,0.028761851427364083,1597.0,4652.0,427.0,2676.0,6365.0,3.019921875,10.215625,17.0140625,0.20079301391722373,245.62070203993062
0.99765625,11.941145833333334,16245.336458333333,0.19438662008008337,0.008241629248725143,0.43478230743494645,0.003110483415820092,6.53984375,0.6462249749203995,0.18257568841300995,0.20681487260324563,0.22920209422521456,3.9625,1667.6921875,0.002915720527982759,11.046875,1068.271875,0.010504924852183304,44.75,89732.978125,0.02728196852823652,1556.0,4672.0,423.0,2617.0,6496.0,3.007421875,10.1765625,17.0328125,0.1976137214892349,248.1116403537326
0.9989583333333333,11.997916666666667,16176.197916666666,0.19582673247304194,0.008478771659200598,0.4395549332385496,0.0031252713380220546,6.593229166666666,0.6305348150720611,0.184170115651614,0.20788998013703014,0.2303899520947653,3.9890625,1544.25,0.0030060581689237377,11.140625,909.565625,0.010843894460762716,44.890625,89970.621875,0.028004502818745912,1556.0,4711.0,430.0,2649.0,6473.0,3.065625,10.2390625,17.0578125,0.19650944452544558,250.91093315972222
0.9979166666666667,11.986458333333333,16167.233854166667,0.19516758631005574,0.007925112265769713,0.433641219671273,0.0031222866197794566,6.569791666666666,0.649604588511341,0.18342176988502543,0.2074565625658244,0.22986187575440833,3.9484375,1551.6421875,0.0027624403874339076,11.203125,1090.615625,0.010166661213492422,44.921875,89706.21875,0.02633425083139022,1582.0,4697.0,415.0,2671.0,6460.0,3.013671875,10.2734375,17.090625,0.1906524834840626,249.63002495659723
0.9979166666666667,11.925,16365.647916666667,0.19361468240592083,0.007726554828796345,0.4356415471600277,0.0031062776764782495,6.544010416666667,0.64159678546471,0.1816301610976081,0.2065742205622131,0.2285932294828795,3.9421875,1853.05703125,0.0026337298402679793,11.2171875,873.425,0.009991527103287377,44.5640625,89908.234375,0.025832882508418774,1599.0,4691.0,453.0,2606.0,6422.0,3.000390625,10.315625,16.946875,0.20011023567941627,247.57822916666666
0.9989583333333333,11.9515625,16307.128125,0.1947334529468447,0.0077364163434989535,0.4365618197040087,0.0031131967960406357,6.57890625,0.6432649148036781,0.18291830103074444,0.20732125896316508,0.22940625459492514,3.973046875,1720.2625,0.002665139996059426,11.1671875,1059.259375,0.010001223659083234,44.65,89902.459375,0.02575671441767279,1603.0,4666.0,417.0,2700.0,6359.0,3.04140625,10.2625,17.0453125,0.19592493140575545,246.65598714192706
0.9981770833333333,11.933854166666666,16215.626041666666,0.1949055754057684,0.007805333314431289,0.4325334837439773,0.0031085840496657114,6.57265625,0.6557849255880941,0.1830634535899875,0.20751305429746097,0.22966658377719962,3.9875,1680.4796875,0.002701088355215781,11.1296875,1058.8625,0.010070490464644793,44.5234375,89512.975,0.025957156001079822,1619.0,4640.0,404.0,2661.0,6409.0,3.0671875,10.2125,16.9546875,0.19948252680572176,245.63416639539932
0.99765625,11.8796875,16226.403125,0.19441815696790804,0.007524356423522194,0.42417962449469876,0.003094474472518885,6.428385416666667,0.6497873646367662,0.18259901686497784,0.20700749199915558,0.2291053823483813,3.95,1643.83515625,0.002557372385379208,11.23125,1205.55625,0.009742424941677435,44.246875,89577.521875,0.025174224057938892,1614.0,4686.0,446.0,2571.0,6366.0,3.004296875,10.2921875,16.2609375,0.19594920358338672,243.89750406901038
0.99765625,11.948958333333334,16281.183854166668,0.19402130969224723,0.008211063405263454,0.43553006111538767,0.0031125184509854997,6.453125,0.6372155871327696,0.18202031901524446,0.20718077900224294,0.22886580309026275,3.950390625,1730.39375,0.002852100676616429,11.3,1034.04375,0.010689681332950816,44.5921875,89731.484375,0.02716829639216419,1584.0,4812.0,411.0,2609.0,6396.0,2.99296875,10.45,16.296875,0.19182560503430726,248.33072808159716
0.9971354166666667,11.9078125,16228.1546875,0.19402692803109864,0.008211384605247988,0.4300816698048904,0.003101800599114353,6.499739583333334,0.6540261557975768,0.18202890741666283,0.20706775053373647,0.22897818798620412,3.944921875,1598.0828125,0.002850526384280942,11.2640625,1360.309375,0.010751912473273159,44.403125,89616.2875,0.027114289621091005,1601.0,4704.0,437.0,2676.0,6314.0,3.012109375,10.33125,16.61875,0.1971706706503329,245.13993896484374
0.9979166666666667,11.928125,16276.7,0.19417517827160163,0.008171052816673664,0.4385092680685963,0.0031070916905444126,6.496354166666666,0.6512531656623876,0.1822691809875698,0.20736405851374912,0.22861028716558157,3.994140625,1596.4625,0.0029474346347469122,11.2640625,1088.440625,0.010581112726071502,44.328125,90185.909375,0.026655465634982833,1622.0,4693.0,393.0,2662.0,6303.0,3.046484375,10.3453125,16.446875,0.19371557238089984,242.763583984375
0.9986979166666666,11.831770833333334,16338.3828125,0.19413496548933792,0.00819174114735347,0.4276755038881404,0.003081992923504385,6.477864583333333,0.6422502971343047,0.18223257113950544,0.20721058439281065,0.22866892398519517,3.93203125,1738.26796875,0.0028783755663816073,11.1984375,931.41875,0.010656149394140823,44.0640625,90145.80625,0.02698079522445357,1612.0,4684.0,437.0,2584.0,6304.0,2.99453125,10.31875,16.5703125,0.19556716139622843,240.72482394748263
0.9958333333333333,11.8609375,16304.300520833332,0.19264276425728838,0.008665011135924827,0.4352147351971712,0.0030895903881219067,6.52734375,0.6449743116848901,0.1805789543270089,0.20588037556196684,0.22766039267372787,3.916796875,1792.8625,0.0031143636841005516,11.2765625,1329.521875,0.011121545111178719,44.221875,89324.83125,0.028411066967968034,1578.0,4686.0,430.0,2622.0,6305.0,3.00078125,10.2765625,16.884375,0.1909229994167054,242.18743245442704
0.9971354166666667,11.864583333333334,16291.436979166667,0.19335385732215998,0.008521426556088818,0.42633424285765675,0.003090540071199097,6.5,0.6301580333625988,0.18130377154493826,0.20683986737111432,0.2280681903820926,3.9578125,1645.90234375,0.0029656669690136415,11.2640625,1175.296875,0.011193963737446272,44.0921875,89989.715625,0.028071927723032065,1604.0,4700.0,430.0,2604.0,6316.0,3.0015625,10.34375,16.65,0.2004136181838555,240.80301649305557
0.99609375,11.867708333333333,16165.0734375,0.19392087921242418,0.008396659807513552,0.4354286387492386,0.00309135408526526,6.5,0.643684718686913,0.1818764950187902,0.20719849156612571,0.2288208036332589,3.95234375,1548.6546875,0.002976851033737152,11.2,1058.184375,0.010840548540748635,44.196875,89737.6375,0.02763200616938406,1604.0,4702.0,418.0,2617.0,6304.0,3.002734375,10.309375,16.6796875,0.19387507555510403,242.66218641493057
0.9973958333333334,11.9375,16267.344270833333,0.19391551478555702,0.008443850979807956,0.4374377153556613,0.0031095337327429018,6.576302083333333,0.6425828970331589,0.18189043331393687,0.2070885825442394,0.22884277291335517,3.96015625,1673.27578125,0.003005066724273282,11.3234375,1076.68125,0.01092510411156855,44.4609375,89834.28125,0.027717734870186063,1595.0,4785.0,424.0,2602.0,6356.0,3.016015625,10.40625,16.9875,0.18947404172640644,246.02994791666666
0.9981770833333333,11.860416666666667,16245.108333333334,0.19453866215382917,0.008622350270333562,0.43150386390438306,0.0030894547191108795,6.388541666666667,0.6600649920955559,0.18264923396234362,0.2073928688736928,0.22924216819990778,3.961328125,1561.034375,0.003081776898181911,11.1390625,1053.99375,0.011088193407720045,44.178125,90172.51875,0.028318800621553685,1535.0,4706.0,408.0,2573.0,6387.0,2.99375,10.19375,16.1625,0.19585296109408443,243.9180164930556
0.9973958333333334,11.875,16310.1140625,0.19361830978068537,0.008317254578646325,0.4387347589556414,0.0030932534514196406,6.490364583333333,0.644298245614035,0.181653049663815,0.2064748549011628,0.22862280512768934,3.941796875,1682.05703125,0.0028995626739227844,11.125,1244.646875,0.01077483317029032,44.3578125,89887.809375,0.02753044360589648,1553.0,4707.0,431.0,2604.0,6368.0,3.002734375,10.2328125,16.6984375,0.1931226801149835,246.04010416666668
0.9984375,11.9921875,16302.170833333334,0.1942626086548333,0.00833811971054505,0.43115633058687136,0.0031237789789007554,6.534635416666666,0.6201085776330076,0.18223934006160528,0.20731737889278373,0.22930091278979492,3.97421875,1660.0640625,0.0029370277932841632,11.2703125,1148.2,0.010692548681287673,44.7859375,90024.56875,0.027588058408845973,1531.0,4795.0,444.0,2640.0,6417.0,3.055078125,10.3046875,16.6828125,0.19199878188429736,251.50775146484375
0.9981770833333333,11.982291666666667,16239.852083333333,0.19470787635967243,0.008147229858525397,0.4373712967328832,0.003121201267691239,6.529166666666667,0.6387029470572894,0.1827218041376298,0.207505098927302,0.22985494268021314,4.01484375,1587.684375,0.002852897797127818,11.1875,1079.740625,0.010373093098976457,44.646875,90008.634375,0.027098694863664653,1527.0,4783.0,447.0,2594.0,6400.0,3.04140625,10.3109375,16.6984375,0.19379375678435043,249.85541558159719
0.99765625,11.9578125,16285.691666666668,0.19402083917630503,0.008644356832710831,0.43555236033977635,0.0031148248241729616,6.541666666666667,0.6314299403284115,0.18197566148382877,0.20712325324785405,0.22909913587466102,3.95859375,1694.353125,0.0030593322787728075,11.325,1229.671875,0.011048893322149636,44.5875,89707.065625,0.02857991855902412,1579.0,4780.0,458.0,2607.0,6379.0,2.998828125,10.403125,16.8515625,0.19422722614183774,248.37009521484373
0.9973958333333334,11.967708333333333,16396.025520833333,0.1929232764165853,0.00848262333012273,0.4316433573210013,0.003117402535382478,6.534635416666666,0.6498824963008095,0.18079744121843505,0.20598112906346833,0.22836876456230346,3.946484375,1876.21953125,0.002970602849304318,11.2796875,1359.303125,0.010792374800915843,44.740625,89511.971875,0.028220953782603263,1585.0,4745.0,444.0,2672.0,6391.0,2.998046875,10.3453125,16.8703125,0.192967465225022,249.59374891493056
0.99921875,11.975520833333333,16340.240625,0.19455710223917677,0.008453947397971028,0.4368027556536308,0.003119437570547886,6.528645833333333,0.6569825599095377,0.18272124375696114,0.2072116479160777,0.22924599049113828,4.0125,1757.0390625,0.003013153101790971,11.178125,1255.421875,0.010709053547132183,44.625,89757.865625,0.0279620184335301,1576.0,4733.0,436.0,2664.0,6368.0,3.046875,10.2828125,16.7015625,0.19641385433213338,246.69731743706595
0.9971354166666667,11.948958333333334,16297.4875,0.19358732272701584,0.008699974847719552,0.43581439845228365,0.0031125184509854997,6.549739583333333,0.650466393514079,0.18153569317854626,0.20685647060293558,0.22852469304497447,3.941015625,1711.5609375,0.003137356222591492,11.309375,1333.30625,0.011097464381072281,44.6203125,89605.375,0.028552959814879063,1575.0,4761.0,439.0,2653.0,6357.0,3.014453125,10.36875,16.871875,0.1912158787028235,248.33541558159718
0.99765625,11.976041666666667,16313.393229166666,0.19373375899910947,0.008446529949502245,0.4260517076366376,0.003119573239558913,6.544010416666667,0.6487344524658607,0.1816073815734407,0.20704367892212083,0.22892934877877344,3.95703125,1790.14765625,0.0029803637802187075,11.290625,1326.4625,0.010796216953492453,44.7375,89393.30625,0.0279615076226462,1557.0,4803.0,448.0,2651.0,6395.0,3.00234375,10.3640625,16.890625,0.1930633185423223,249.92286349826384
0.9979166666666667,11.953125,16279.8828125,0.19411513002333844,0.008221616714185457,0.43644526456948934,0.0031136038030737173,6.510416666666667,0.652156862745098,0.18211470042115277,0.20718878360263476,0.22904319485278476,3.937109375,1691.7765625,0.0029235946507281674,11.3953125,1355.453125,0.010520775498882579,44.575,89556.7375,0.02711454618331749,1543.0,4815.0,442.0,2643.0,6341.0,3.016796875,10.415625,16.5796875,0.1890196638550562,248.02332356770833
0.9989583333333333,11.963541666666666,16300.208333333334,0.19472803618070156,0.008381266279335806,0.43613870947454,0.003116317183294261,6.49765625,0.6563343491510666,0.1828413554742106,0.20753586286293477,0.2294669323244321,3.953125,1684.84765625,0.0030331444086222686,11.315625,1312.9375,0.010637457102681857,44.653125,89748.921875,0.027517562938843897,1595.0,4778.0,416.0,2687.0,6342.0,3.017578125,10.390625,16.525,0.18947958364702508,249.2351291232639
0.9981770833333333,11.9453125,16345.264583333334,0.19391216468098793,0.008249266148287106,0.4324207834396574,0.0031115687679083093,6.492708333333334,0.6571179420100284,0.1818321770258485,0.20708786346699207,0.22905641651554126,3.951171875,1802.996875,0.0029317882308497484,11.3671875,1252.921875,0.010537370309482423,44.5,89606.678125,0.027231073656841225,1594.0,4806.0,431.0,2615.0,6359.0,3.0046875,10.440625,16.496875,0.19065818006937021,248.42461344401042
0.9989583333333333,11.896875,16374.143229166666,0.19401950536395604,0.008659304772366564,0.4287978593232923,0.003098951549882782,6.520833333333333,0.6410997285701777,0.18202743329649188,0.20705281749760088,0.228954481500168,3.960546875,1729.76796875,0.0030249847901864884,11.2296875,1416.89375,0.01112141225346579,44.309375,89908.89375,0.02873447721998764,1563.0,4751.0,420.0,2705.0,6267.0,3.016015625,10.3046875,16.75625,0.19587372486041055,245.74717773437496
0.99921875,11.9328125,16434.475,0.1936029332773175,0.008433113355291889,0.4310480878207475,0.003108312711643657,6.534375,0.6487713325476845,0.18159382285089773,0.20679686484259935,0.22844544341771486,3.9203125,1718.325,0.0029055523209080085,11.4484375,1328.3,0.01099033519300834,44.4671875,90405.25,0.027986135655110954,1602.0,4818.0,439.0,2638.0,6327.0,2.9890625,10.4796875,16.7703125,0.19151044979263376,247.4762150065104
0.9984375,11.916145833333333,16353.5875,0.19382124827979139,0.008443053201387342,0.4318951775618965,0.0031039713032907875,6.530729166666666,0.646007255561869,0.18175532918212317,0.20704374684195975,0.22886242610829605,3.906640625,1770.65703125,0.002959942211356644,11.396875,1339.190625,0.010854795919232827,44.4734375,89699.70625,0.02796375444366465,1540.0,4829.0,462.0,2570.0,6396.0,2.962890625,10.4375,16.8953125,0.19188900899404668,247.1460934787327
0.9981770833333333,11.877083333333333,16359.8359375,0.19372512611323478,0.008500076008149938,0.43993343118920225,0.0030937961274637494,6.512239583333334,0.6317312752148746,0.1818115876080185,0.206658993098897,0.2284454131484377,3.915625,1722.1984375,0.0030117787467503145,11.3953125,1341.6,0.010965890184200836,44.2046875,89928.621875,0.02798745087769753,1588.0,4764.0,433.0,2658.0,6235.0,2.99921875,10.415625,16.6609375,0.18734817720482153,243.61353732638892
0.9971354166666667,11.961979166666667,16182.865104166667,0.19445655493782557,0.008308867365675498,0.432401031143502,0.003115910176261179,6.504947916666667,0.6416162319850219,0.18236763906302894,0.2076603284828365,0.2296084448920011,3.953125,1595.24765625,0.0028952006182461033,11.359375,1046.096875,0.010703085479500937,44.6,89670.103125,0.027569316241567648,1591.0,4775.0,444.0,2598.0,6385.0,3.016015625,10.4125,16.553125,0.190688382906816,248.186575249566
0.9971354166666667,12.013020833333334,16179.894270833332,0.1944714102021477,0.008568269298942997,0.4373266888693474,0.0031292057393418424,6.541145833333333,0.6323000216778669,0.18251807851533486,0.20741689019824597,0.22933925695330074,3.97109375,1609.9171875,0.0030909899052984674,11.321875,1090.628125,0.010839363549198398,44.871875,89549.06875,0.028206292623265704,1534.0,4835.0,442.0,2662.0,6381.0,3.02890625,10.40625,16.725,0.1892482806521195,250.86545545789932
0.9984375,11.944791666666667,16372.884895833333,0.19375280956774094,0.008532634083346695,0.43555160224402983,0.003111433098897282,6.504427083333334,0.6552716490799686,0.18195868947557772,0.20620616456312754,0.22847593494100732,3.953125,1740.825,0.0030789683969711114,11.2125,1569.271875,0.01078344186840752,44.64375,89704.7375,0.028096489043788198,1514.0,4802.0,450.0,2602.0,6417.0,3.01484375,10.303125,16.6640625,0.19156783011121584,248.99018120659724
0.9994791666666667,11.896354166666667,16315.14375,0.1948249311453898,0.008480792539846772,0.4320040099349717,0.003098815880871755,6.449479166666666,0.6406462063832582,0.18300875373049275,0.20772227722966194,0.22919229472070599,3.964453125,1637.83671875,0.0030287847795154067,11.2875,1303.8375,0.010992908170215282,44.2328125,90035.678125,0.027776707950803725,1598.0,4750.0,423.0,2569.0,6342.0,2.997265625,10.3484375,16.359375,0.189955533539565,242.25227837456595
0.9966145833333333,11.790625,16293.564583333333,0.19315514250753427,0.00840448422850801,0.4267675249398097,0.003071275071633238,6.402864583333334,0.6540330417881438,0.18100522679750825,0.20664058662667548,0.22826936122849725,3.893359375,1776.38671875,0.002939811249824062,11.1,985.334375,0.010815263073396326,44.0703125,89670.50625,0.02785239729835549,1579.0,4707.0,444.0,2555.0,6358.0,2.9609375,10.2484375,16.325,0.19685950534640267,241.342099609375
0.9984375,11.884895833333333,16342.8640625,0.19388325411580912,0.007992258315455813,0.43403317295381594,0.003095831162629157,6.501041666666667,0.6451202944914326,0.18200097627467976,0.20690497989582726,0.2283906397003083,4.003515625,1669.01328125,0.00287945326038769,11.159375,1282.515625,0.010080047748601433,44.1359375,90098.615625,0.026355689102582697,1557.0,4743.0,433.0,2588.0,6290.0,3.065625,10.25,16.49375,0.19298540779044002,241.75966769748266
0.9963541666666667,11.8453125,16271.6140625,0.19315646685697938,0.008648598022513125,0.43415227181039995,0.0030855203177910916,6.45546875,0.6191795277667854,0.18122788786948446,0.20618568593840494,0.2278415637255334,3.95859375,1653.6125,0.003099911211580972,11.19375,1351.765625,0.011185773600069494,44.04375,89663.46875,0.02830616968868537,1582.0,4714.0,417.0,2582.0,6313.0,3.013671875,10.309375,16.36875,0.19712820512820523,239.93023844401037
0.9979166666666667,11.853645833333333,16290.54375,0.19429802485583447,0.008076177636297662,0.4312108091648682,0.0030876910219675264,6.449739583333334,0.6435695768706885,0.182434233336682,0.20726132497670643,0.2287898908115725,3.9390625,1742.50546875,0.0029258345062780945,11.2140625,881.403125,0.010379812156027787,44.1515625,89891.8375,0.026373915636645817,1587.0,4726.0,430.0,2586.0,6293.0,3.0015625,10.328125,16.3640625,0.18921737673906633,242.11451795789938
0.99765625,11.865625,16175.2625,0.1948785699398161,0.008217832155522596,0.43819553182433973,0.0030908114092211515,6.459375,0.6549907821964709,0.18298922106816326,0.2076833702237746,0.22963116514246887,3.93125,1530.3125,0.002955044755189965,11.2671875,1209.871875,0.010584134853964273,44.2015625,89720.453125,0.026902679058411445,1599.0,4726.0,413.0,2565.0,6344.0,2.990234375,10.3390625,16.45625,0.18843302787474983,242.14027669270837
0.9984375,11.950520833333334,16235.002083333333,0.1950586798303288,0.008615501706642324,0.4373138721253608,0.0031129254580185813,6.507291666666666,0.6478535628677272,0.18314636328348022,0.20803727221852625,0.22972935362952546,3.993359375,1621.1671875,0.003133382079182343,11.2671875,1091.98125,0.011017055278199118,44.4625,89833.3625,0.02814242664492545,1578.0,4752.0,452.0,2609.0,6325.0,3.063671875,10.3703125,16.41875,0.19248347772417515,245.0949476453993
0.996875,11.948958333333334,16187.005729166667,0.1941853836498135,0.008595457185467033,0.4399549199148603,0.0031125184509854997,6.501822916666667,0.6455409292999739,0.18221997195521386,0.20720168625865715,0.2290307278193684,4.01796875,1546.84296875,0.0031063356223213117,11.2171875,1121.984375,0.010955499986105585,44.4046875,89812.678125,0.028191900637411376,1583.0,4713.0,436.0,2600.0,6352.0,3.062109375,10.2859375,16.4765625,0.1944683940019337,243.27031141493055
0.99765625,11.975520833333333,16024.955208333333,0.19622245858964352,0.00814976460298791,0.44647451430664187,0.003119437570547886,6.576302083333333,0.639368503457574,0.1844082739517461,0.20876436931505235,0.23093728641582417,3.978515625,1395.6515625,0.0029866179932533485,11.1984375,942.66875,0.01026711481754639,44.740625,89624.45625,0.026685000827367678,1555.0,4720.0,417.0,2645.0,6379.0,3.058984375,10.2671875,16.9546875,0.18446605594537274,248.3723174370659
0.9973958333333334,11.925520833333334,16182.5359375,0.19463549886477213,0.008617947802951357,0.4355972030602698,0.0031064133454892767,6.5234375,0.6505655762763681,0.1828238360478207,0.2072165566512832,0.22930109234606671,3.925,1526.93515625,0.003124753436214471,11.3171875,1175.59375,0.011039429157486343,44.5359375,89811.88125,0.028169243915363917,1596.0,4731.0,407.0,2638.0,6352.0,3.006640625,10.35625,16.7578125,0.18365966059476466,246.33768202039928
0.9984375,11.961979166666667,16159.028125,0.19556036115352207,0.008324139004993568,0.43806648534036163,0.003115910176261179,6.475260416666667,0.6259851090695345,0.18380181469952847,0.20801971750620404,0.23013519061681437,3.983984375,1501.5984375,0.0030043543574353447,11.2828125,1197.425,0.010562745795716233,44.553125,89750.35,0.027364670804503794,1545.0,4792.0,418.0,2610.0,6369.0,3.033984375,10.3859375,16.3296875,0.1901402476848433,246.03397108289934
0.9984375,11.990625,16307.997916666667,0.19434338753013364,0.008254399442863028,0.4384908950581501,0.003123371971867674,6.530989583333334,0.637737816002085,0.1824344141070632,0.20714452278956896,0.22917814596298008,3.974609375,1692.33671875,0.0029670237157593113,11.365625,1210.9375,0.010560246831422416,44.6796875,89867.703125,0.02709805496271852,1586.0,4786.0,445.0,2606.0,6378.0,3.042578125,10.4609375,16.5546875,0.19020588799770635,247.14209960937498
0.9979166666666667,12.024479166666667,16285.696354166666,0.19421782072957797,0.00852136877579441,0.43401526862593015,0.0031321904575844404,6.4859375,0.6478970849395764,0.18236143668498817,0.20669041363639745,0.22917076400111752,3.94921875,1763.3671875,0.0031040551690583013,11.484375,1021.41875,0.01083839517867191,44.865625,89639.290625,0.027873596799861344,1598.0,4827.0,432.0,2644.0,6405.0,3.0,10.528125,16.3875,0.189465359230653,250.062942437066
0.9981770833333333,11.9421875,16347.371875,0.19373439911465642,0.008243578380320204,0.4348403334211503,0.0031107547538421466,6.558333333333334,0.6502682192856208,0.18165163451988064,0.2069830716259812,0.2288167849824349,3.9671875,1733.92109375,0.0028456660524903794,11.2703125,1438.184375,0.010712226254176758,44.5140625,89710.3625,0.027366579817782944,1616.0,4708.0,437.0,2652.0,6374.0,2.993359375,10.346875,17.0296875,0.20002069283579135,244.9086368815104
0.9984375,12.0296875,16311.033854166666,0.19428717767317952,0.00866239792356201,0.4348398016441604,0.0031335471476947123,6.6140625,0.6316404727886739,0.1822845391855315,0.2073997607000198,0.22918514859693148,3.990625,1758.384375,0.0031134528599978174,11.2734375,1259.578125,0.011049754168226046,44.9421875,89573.0875,0.028470821933154745,1645.0,4730.0,422.0,2715.0,6392.0,3.028515625,10.3765625,17.19375,0.19247535039668207,249.18401448567704
0.9986979166666666,12.0015625,16284.784375,0.19476528709225815,0.00846795020294329,0.43369053613815706,0.0031262210210992445,6.536979166666667,0.6490908301870416,0.18278436546190563,0.20774298278321543,0.229711277922711,3.9578125,1752.83984375,0.0029718348662077084,11.453125,1113.90625,0.01103016515875802,44.725,89583.440625,0.027890196594070875,1647.0,4761.0,426.0,2682.0,6363.0,3.013671875,10.5109375,16.65625,0.19451829570942508,247.85312255859378
0.99921875,11.9671875,16298.816145833332,0.19484071842624204,0.00810689755951397,0.4331637976249007,0.0031172668663714508,6.4484375,0.6425991208599904,0.18290813014721113,0.20778711762621302,0.22962467234239456,3.953515625,1708.90234375,0.0028006666235438947,11.334375,1036.8625,0.010551324976407794,44.6546875,89920.425,0.02688739388650045,1572.0,4807.0,434.0,2680.0,6337.0,3.000390625,10.4109375,16.278125,0.192468169189007,249.1010066731771
0.99765625,11.903125,16220.1578125,0.19442566799770297,0.008285347757087443,0.43335951129004613,0.003100579578015108,6.45625,0.6385753041043143,0.18245858520976135,0.2070582029563201,0.22966146419085232,3.93671875,1640.71875,0.0028673909400315084,11.0765625,1010.528125,0.010617479023941894,44.5953125,89747.54375,0.027625043758456723,1578.0,4655.0,415.0,2689.0,6387.0,2.981640625,10.1515625,16.659375,0.19323922643125205,249.04686523437493
0.9986979166666666,11.952604166666667,16284.541666666666,0.19455143200580155,0.008280020367334967,0.43002201500247267,0.00311346813406269,6.45,0.6327508823913897,0.18268970295641443,0.20727866122984057,0.22927111897931102,3.994921875,1639.40390625,0.0028568154900162684,11.2234375,921.0,0.010675035303426481,44.5125,90228.634375,0.027577824940518247,1550.0,4760.0,447.0,2606.0,6393.0,3.022265625,10.30625,16.3046875,0.19953683835869768,246.137336968316
0.9989583333333333,11.924479166666666,16311.322395833333,0.1945096911157281,0.008301832468193318,0.43469071766144995,0.0031061420074672223,6.49140625,0.6477833588119677,0.18260230569524152,0.20741497994659347,0.22923394396680905,3.971875,1690.571875,0.002881773078817651,11.18125,1063.940625,0.010716479786266534,44.478125,90041.70625,0.027567422707622767,1548.0,4747.0,437.0,2571.0,6425.0,2.996484375,10.290625,16.671875,0.19773444052642458,246.69690077039934
0.99765625,11.890625,16191.756770833334,0.194690197691414,0.008507146385719337,0.4322206125992,0.0030973235217504557,6.4421875,0.6306176084099868,0.1829067449284922,0.20727820353180665,0.22923600290270837,3.984375,1569.04140625,0.002994839366503923,11.215625,970.13125,0.010996866484179616,44.190625,89904.24375,0.02806665436412071,1550.0,4729.0,449.0,2586.0,6324.0,3.03671875,10.278125,16.228125,0.19846392261567428,243.51095377604167
0.9986979166666666,11.9203125,16353.7421875,0.19405643006400528,0.008174269276809752,0.4285257467993873,0.003105056655379005,6.506510416666667,0.6368243981299427,0.18218643059639278,0.20697241973114594,0.22862043826731476,3.99609375,1648.24375,0.002866499298431901,11.140625,1193.696875,0.010431434352446495,44.396875,90335.78125,0.027148184114684414,1597.0,4660.0,408.0,2643.0,6377.0,3.04375,10.2,16.6640625,0.1979542779888922,245.94833740234372
0.99765625,11.919270833333334,16256.240104166667,0.19425028656215554,0.008446799847362048,0.4321819860200086,0.0031047853173569507,6.488020833333334,0.6537469958488092,0.1822532510446813,0.20725865823008963,0.2292300569641184,3.93359375,1745.04375,0.002939378879180333,11.2375,977.19375,0.010897072563192143,44.54375,89580.071875,0.028026211004258818,1585.0,4701.0,436.0,2578.0,6461.0,2.9953125,10.3015625,16.6453125,0.19782907130136637,248.83254530164928
0.9979166666666667,12.0484375,16256.678125,0.19454763964081517,0.008428016189964246,0.43736049916201786,0.0031384312320916906,6.580989583333333,0.6408593783772101,0.18254509249213036,0.207460825712438,0.2296446421639316,4.024609375,1664.928125,0.0030286621371635415,11.28125,1217.56875,0.010765484856339791,44.9109375,89662.7875,0.02768796373479151,1549.0,4754.0,408.0,2676.0,6424.0,3.071875,10.359375,16.8390625,0.19401848745075564,250.8117163085938
0.9984375,12.01875,16285.5921875,0.19468423943348714,0.007976142118506984,0.43247371383908584,0.0031306980984631416,6.532291666666667,0.6592563702548102,0.18255496277009278,0.20807353605143838,0.22981204946911324,4.015625,1638.88671875,0.002725601812257049,11.2921875,1201.94375,0.010403082828092372,44.7578125,89956.0625,0.026551362633921334,1588.0,4730.0,410.0,2629.0,6462.0,3.04609375,10.3375,16.671875,0.1982857318767102,250.1256901041667
0.9973958333333334,11.9734375,16200.579166666666,0.1944705567434646,0.007848911453097834,0.42988109312525263,0.003118894894503777,6.477083333333334,0.6321284092392013,0.18236957547758242,0.2079000279124325,0.2294450106380254,4.00625,1550.5640625,0.002669680222626122,11.3046875,954.134375,0.010271997272569331,44.5109375,90047.084375,0.026142750555513176,1574.0,4759.0,404.0,2630.0,6379.0,3.0546875,10.365625,16.278125,0.19596285682044892,247.445127766927
0.9997395833333333,11.973958333333334,16264.783854166666,0.19551175719113317,0.008136982855445805,0.4411312715830178,0.0031190305635148043,6.5234375,0.6413658112222705,0.18359582658521878,0.2083488135616391,0.23033842324428497,4.025,1574.98125,0.0028433532464892538,11.0875,835.83125,0.01044257046129568,44.65625,90452.946875,0.027005913685422135,1553.0,4712.0,419.0,2617.0,6415.0,3.07890625,10.221875,16.603125,0.1936701706401697,247.85557183159725
0.9979166666666667,12.008333333333333,16220.08125,0.19481159615302054,0.008210336070152393,0.4361328676003723,0.003127984718242598,6.544270833333333,0.6260843164469119,0.18272920460855416,0.20800269104168972,0.22995006744221702,3.99765625,1575.2765625,0.0028767874683252675,11.29375,986.26875,0.010591891334088064,44.765625,90033.1125,0.02716297521352523,1578.0,4756.0,420.0,2645.0,6416.0,3.0375,10.36875,16.746875,0.1938035507448491,249.84107638888887
0.9979166666666667,11.994791666666666,16201.869791666666,0.19483114036616253,0.008033053395773614,0.43460502455195626,0.0031244573239558914,6.490885416666667,0.6570125922709509,0.18284972452047615,0.207869653513385,0.2297182906016854,4.02421875,1545.29921875,0.002806179150405784,11.29375,994.934375,0.010390044725857809,44.578125,90035.0875,0.026583559047160733,1565.0,4765.0,413.0,2607.0,6386.0,3.073828125,10.3484375,16.3015625,0.19149633084422168,247.40622287326394
0.9971354166666667,12.021875,16306.1765625,0.19342694765157115,0.008122027652435611,0.4408209535428725,0.0031315121125293044,6.577083333333333,0.6476908413482367,0.1812658515111018,0.2069766969167794,0.22852158294824032,4.05234375,1693.37109375,0.0028266053622185107,11.1875,1010.928125,0.010471406960221998,44.734375,90052.646875,0.026954337505517623,1517.0,4786.0,440.0,2614.0,6419.0,3.061328125,10.3125,16.9046875,0.19772426509466146,249.079208984375
0.99765625,11.9453125,16391.393229166668,0.19304693701826522,0.007862594952848797,0.4276931187090588,0.0031115687679083093,6.517708333333333,0.65838238500109,0.18092760059734941,0.2065188909409544,0.2280523287792393,4.010546875,1772.03515625,0.002690295452512348,11.2203125,1228.3,0.010219888839546998,44.409375,90031.91875,0.02619449906749639,1537.0,4756.0,451.0,2575.0,6400.0,3.041015625,10.3015625,16.640625,0.1997392123712449,246.40638427734376
0.9986979166666666,12.022395833333333,16371.6359375,0.19397772460403098,0.007862780185728174,0.4379306351956797,0.0031316477815403316,6.511458333333334,0.6456266516483993,0.18183113205115983,0.2074219127317729,0.2291199066877736,3.99609375,1767.87421875,0.0026664602245151663,11.31875,1192.446875,0.01022732861722368,44.83125,89965.871875,0.0262835115990847,1527.0,4789.0,427.0,2633.0,6452.0,3.01953125,10.365625,16.625,0.19600405044829716,251.3854359266493
0.996875,11.938020833333333,16341.0671875,0.19290477263413291,0.007934709581103901,0.4330395359353774,0.003109669401753929,6.51484375,0.6436019370882596,0.1806338392400894,0.20685833169894058,0.22803494714549916,3.936328125,1725.62109375,0.0026348527158053096,11.3640625,1164.796875,0.010534610728934172,44.51875,89979.121875,0.026534235894467996,1560.0,4793.0,419.0,2643.0,6362.0,3.001953125,10.428125,16.653125,0.19303716591344708,248.52532524956598
0.9994791666666667,12.031770833333333,16503.636458333334,0.19329170969299458,0.007979097869076903,0.4315668755085878,0.0031340898237388207,6.551822916666667,0.647417860698671,0.1811060316864524,0.20693677137932812,0.22838936003282972,3.958984375,1876.9625,0.002700008508944752,11.459375,1377.221875,0.010419832115500058,44.8953125,90136.746875,0.026654721063182348,1615.0,4784.0,437.0,2635.0,6447.0,3.014453125,10.478125,16.775,0.1936032720062665,250.69326144748266
0.9984375,12.017708333333333,16308.611458333333,0.19429349287647957,0.00802978371221555,0.4287171218012182,0.0031304267604410872,6.539322916666666,0.6379041345237063,0.1821206588272996,0.20780172698461943,0.22947659496505945,3.93515625,1683.91484375,0.0027089594148193823,11.334375,1026.725,0.010423595013670017,45.03125,90089.284375,0.026919269600345762,1555.0,4848.0,434.0,2604.0,6517.0,3.0,10.4484375,16.7875,0.18992881782911167,255.2351030815972
0.9973958333333334,11.946875,16308.996875,0.1936413074481602,0.008169749293046948,0.43855649271615593,0.003111975774941391,6.4890625,0.6368035574156422,0.1814677536714368,0.20738624069424882,0.22859058930896511,3.96875,1634.10390625,0.002809360266656732,11.3703125,1295.95,0.01064386766968853,44.4359375,90021.615625,0.027137187021966235,1571.0,4800.0,403.0,2614.0,6364.0,3.017578125,10.41875,16.4453125,0.1916100833897362,248.39978190104168
0.9973958333333334,11.911458333333334,16343.1890625,0.19332928370378116,0.007913374207524292,0.4321712538526782,0.0031027502821915427,6.497135416666667,0.6472234368167905,0.1810550473586871,0.20711169108691455,0.22864382170102404,3.94765625,1771.5,0.002703366390912906,11.20625,1116.621875,0.010238248479496326,44.471875,89856.5125,0.026428531201997806,1591.0,4723.0,427.0,2660.0,6341.0,3.00078125,10.284375,16.6953125,0.1921177990899538,247.77184787326388
0.9984375,11.915625,16373.53125,0.1937950486711262,0.007750275409116016,0.43026366571503766,0.0031038356342797603,6.487760416666666,0.6461666229565521,0.1815879378396102,0.20745004901138914,0.22896849165692718,3.951171875,1683.746875,0.002596059372403052,11.296875,1242.390625,0.010039415336215057,44.3921875,90263.809375,0.026077999628868843,1579.0,4793.0,421.0,2591.0,6365.0,3.0171875,10.390625,16.4671875,0.19074850556017844,247.72361002604168
0.9989583333333333,11.944791666666667,16391.177083333332,0.1940142340420005,0.007857798042359141,0.43153212770604094,0.003111433098897282,6.53828125,0.6424086509113107,0.18184471451762585,0.20758573004590666,0.22912081613559288,3.96953125,1675.66640625,0.0026651843123903585,11.2125,1473.43125,0.010157558598605761,44.578125,90170.965625,0.02632849240598767,1531.0,4782.0,423.0,2647.0,6382.0,3.037109375,10.3140625,16.7671875,0.19388138235358976,248.64538953993056
0.9979166666666667,11.96875,16286.205729166666,0.1940906922122706,0.00768335912677466,0.4354303592139838,0.0031176738734045324,6.438541666666667,0.6422106179286335,0.18184034995734294,0.20766696481574298,0.22951578862850894,3.958984375,1623.13203125,0.002521485416661988,11.3703125,1016.7375,0.010077097425472073,44.60625,90207.96875,0.02593711566852793,1598.0,4787.0,393.0,2597.0,6437.0,3.0125,10.45625,16.125,0.1921193667949972,249.47141927083334
0.9973958333333334,11.919791666666667,16268.909895833332,0.19390077354448335,0.007778438519752133,0.4321373149965056,0.003104920986367978,6.513541666666667,0.6472079000262169,0.1816841000264071,0.20750250031331846,0.22916574084795333,3.923046875,1628.51171875,0.002581550152330982,11.340625,1069.8,0.010180061624473453,44.4859375,90029.6125,0.026164368884715423,1604.0,4728.0,412.0,2609.0,6398.0,3.016796875,10.3625,16.6515625,0.19030499406894835,248.44981662326387
0.9981770833333333,12.033333333333333,16258.9265625,0.19462723568675516,0.008142509214040106,0.4418675372993978,0.0031344968307719023,6.55234375,0.6248268698060941,0.18227358398597232,0.2085394741849056,0.23012960399173607,3.96171875,1659.55546875,0.002726442041213986,11.4328125,933.784375,0.010670506184451192,44.9203125,89981.553125,0.027278780934933505,1586.0,4816.0,397.0,2659.0,6449.0,3.040625,10.484375,16.6671875,0.19027016808938618,253.34524305555558
0.9981770833333333,11.997916666666667,16414.570833333335,0.1932866648199754,0.007667744633351931,0.43746493979000933,0.0031252713380220546,6.5203125,0.6420385483590901,0.18096476289274385,0.20723800107339474,0.22862293627548205,3.9734375,1731.24140625,0.002551592620170505,11.4265625,1189.80625,0.010019957224189371,44.6671875,90372.653125,0.025780140095240194,1603.0,4781.0,439.0,2650.0,6339.0,3.036328125,10.4421875,16.534375,0.1899732305016877,249.11509982638887
0.9966145833333333,11.9890625,16331.7546875,0.1929336532186558,0.00787160023051235,0.42861476529733866,0.003122964964834592,6.541145833333333,0.6445110560841044,0.18050975484661752,0.20685797326395466,0.22870492666151007,3.940625,1743.45078125,0.0025783431720511458,11.403125,1071.503125,0.01037282027921416,44.76875,89945.221875,0.02654340841565535,1565.0,4818.0,421.0,2686.0,6391.0,3.0015625,10.4703125,16.7703125,0.19537395074014693,251.77748453776036
0.9979166666666667,12.0296875,16327.005729166667,0.19380623206760028,0.007918289710804742,0.43413289509493325,0.0031335471476947123,6.555989583333333,0.6354504914058102,0.18158865905042018,0.20718986724058136,0.2292928889633396,3.964453125,1721.62890625,0.0026613061321858586,11.31875,1098.53125,0.010259192755149228,45.0015625,89976.9875,0.026605320980935786,1565.0,4781.0,422.0,2699.0,6441.0,3.0359375,10.3921875,16.8,0.19481873771141012,253.01422281901037
0.9979166666666667,12.001041666666667,16432.265625,0.19290957428924485,0.007496390110983201,0.4424042341246007,0.0031260853520882173,6.52734375,0.6520701328009721,0.18059382259327988,0.206768933948993,0.22831322141335644,3.937890625,1823.384375,0.0024939941637184765,11.3421875,1052.834375,0.009753193709468515,44.9125,90247.221875,0.025249170301556788,1564.0,4796.0,427.0,2625.0,6473.0,2.985546875,10.44375,16.778125,0.19401224080998491,253.1874989149306
0.9973958333333334,11.969791666666667,16241.628125,0.19416230518152572,0.008109648598649863,0.4376363931921125,0.0031179452114265867,6.5390625,0.6471586458967888,0.18188201372403384,0.20788962968647223,0.229556146506547,3.94296875,1634.084375,0.0027420252786588477,11.2421875,1098.278125,0.01057301550884773,44.8046875,89815.153125,0.027116774968416052,1592.0,4735.0,412.0,2595.0,6510.0,3.028125,10.3140625,16.8078125,0.19205543258751023,250.69752495659725
0.99921875,11.999479166666667,16294.298697916667,0.19497768104336324,0.00791205213142598,0.43106302693345655,0.0031256783450551357,6.520572916666667,0.6381787403967186,0.1829299653520255,0.20825678562565222,0.2298894392264254,4.009765625,1664.2015625,0.002696838921210617,11.1796875,937.021875,0.010344007325207943,44.778125,90171.9640625,0.026340949778505467,1566.0,4743.0,395.0,2625.0,6488.0,3.048046875,10.325,16.60625,0.19827746049945977,251.65937472873264
0.9979166666666667,12.003645833333334,16191.446354166666,0.19494094416841007,0.008206185756948184,0.4342144545677074,0.0031267636971433533,6.5265625,0.6409077103310626,0.18286892508120628,0.20830187384577817,0.22986809083985724,3.988671875,1515.78125,0.002846695652540579,11.2421875,1134.1875,0.010650238067123893,44.825,89951.365625,0.02720009386440289,1568.0,4750.0,417.0,2676.0,6409.0,3.015625,10.3609375,16.7359375,0.193773505301281,250.4723825412326
0.9966145833333333,11.9484375,16240.430208333333,0.19351700706269936,0.007983362042922035,0.44397653597934705,0.0031123827819744725,6.528385416666667,0.6528922017348852,0.18136556691594766,0.20714522876166203,0.22849454595074378,3.955859375,1647.65,0.002687744977371404,11.2875,833.446875,0.010446938854746214,44.5796875,90018.534375,0.026702253493300375,1587.0,4764.0,434.0,2608.0,6389.0,3.030859375,10.4125,16.634375,0.19298547516013984,246.21869547526046
0.9963541666666667,12.020833333333334,16183.488020833332,0.19394851554082917,0.008079135046495043,0.4344111024646532,0.00313124077450725,6.570572916666666,0.6383448873483536,0.18173455000101663,0.207542915035825,0.22920997820508338,3.989453125,1602.7015625,0.0027923129510604217,11.35625,987.653125,0.010502549427869757,44.8109375,89702.46875,0.026803009046858818,1576.0,4806.0,414.0,2610.0,6443.0,3.040625,10.453125,16.8078125,0.19167064030813652,250.23602430555553
0.9989583333333333,12.038541666666667,16171.497916666667,0.19569610726181763,0.008011403061807984,0.44210916073280976,0.0031358535208821743,6.54765625,0.6285368175131955,0.18382473731235754,0.2083675376497948,0.23051015667168095,4.00078125,1391.703125,0.0027578125839948127,11.2078125,1165.978125,0.010227925829852902,45.0203125,90296.196875,0.026809242205015748,1589.0,4693.0,432.0,2690.0,6441.0,3.044140625,10.3,16.809375,0.1954118148081794,252.41466037326384
0.9986979166666666,12.017708333333333,16195.720833333333,0.19547092461378082,0.008258494920340859,0.43966676511959774,0.0031304267604410872,6.542447916666666,0.646701915575973,0.1834860758152028,0.20821741348122252,0.2306638309406511,4.012109375,1582.6765625,0.0028569251813615718,11.2015625,956.48125,0.010606196529134483,44.85625,89887.1375,0.02751707226746438,1612.0,4706.0,422.0,2685.0,6440.0,3.02265625,10.3078125,16.85625,0.20118925095007656,251.57885308159723
0.99765625,12.006770833333333,16239.647916666667,0.19450032375532686,0.007751126592241572,0.4369594761021561,0.0031275777112095165,6.53671875,0.6548388496074263,0.18233388990875773,0.20791370680025043,0.22975267609667976,3.948046875,1649.74609375,0.0026771081728243383,11.1796875,1117.3390625,0.009872347535280787,45.06875,89721.5640625,0.025925979326871296,1550.0,4772.0,431.0,2685.0,6477.0,3.019140625,10.26875,16.875,0.19006133682835916,254.76401665581594
0.99765625,12.0265625,16248.247916666667,0.1942426407312505,0.007789104928705671,0.43602236626395274,0.003132733133628549,6.65234375,0.6415486553202546,0.1821608401366761,0.20728898543753593,0.22952349840326275,3.978515625,1575.13359375,0.002638031363694518,11.3140625,1151.11875,0.010030821485229446,44.93125,90037.834375,0.02615168263222651,1553.0,4774.0,412.0,2664.0,6471.0,3.030859375,10.3734375,17.4171875,0.19550277842905187,251.69564860026043
0.9971354166666667,12.0046875,16158.115625,0.194762395741019,0.008156248680709745,0.43924819717734614,0.0031270350351654077,6.55859375,0.6524795001952363,0.18255960312191272,0.20822370402768692,0.2301122579307763,3.9578125,1562.334375,0.0028080342483889293,11.20625,914.959375,0.010532972086121027,44.990625,89784.396875,0.02717238300458171,1561.0,4742.0,414.0,2642.0,6514.0,3.040625,10.3015625,16.8875,0.19361333590976823,253.49685302734372
0.9979166666666667,11.996875,16275.405729166667,0.19417143657012317,0.008534296168813618,0.42394724883109164,0.003125,6.523697916666666,0.6512546670139794,0.18198091326790672,0.20760120898820356,0.22950375736090858,3.9625,1602.65078125,0.0029162941259259522,11.253125,1219.65,0.011036212834291122,44.878125,90022.18125,0.02850438767488677,1583.0,4734.0,431.0,2665.0,6459.0,3.01328125,10.325,16.7640625,0.1967296871928439,252.48488606770832
0.9986979166666666,11.920833333333333,16333.273958333333,0.1942901488586499,0.008218221887012442,0.43193556457008314,0.0031051923243900323,6.478645833333333,0.6508650821391122,0.1821284675799036,0.20773814566033505,0.22948887717194993,3.8890625,1723.54921875,0.0027989411676394658,11.2203125,922.696875,0.010657254711850278,44.7484375,90182.75,0.027456311939666522,1603.0,4726.0,431.0,2669.0,6403.0,2.94765625,10.3265625,16.7546875,0.18792215656447217,251.3801909722222
0.9979166666666667,12.029166666666667,16275.4828125,0.1943959264562391,0.008323081903910148,0.44250182701141333,0.003133411478683685,6.540104166666667,0.6477312088673364,0.18222926569156034,0.20775974040086548,0.22969875557032773,3.972265625,1647.05390625,0.002916435009838974,11.2875,1352.05,0.010646340642951072,44.9984375,89712.63125,0.027626410741153917,1572.0,4764.0,418.0,2687.0,6431.0,3.048046875,10.3640625,16.684375,0.18957574660558538,255.3949826388889
0.9971354166666667,11.9875,16341.019270833332,0.1933538005406992,0.008413793667233433,0.4337953323414093,0.0031225579578015106,6.525260416666667,0.6568908585331943,0.18100549654957462,0.2073049050302611,0.22879591201563548,3.9390625,1836.9171875,0.0028866188690293403,11.33125,1331.4,0.010892174710781181,44.8375,89367.046875,0.02804411181650205,1581.0,4772.0,427.0,2635.0,6472.0,2.984765625,10.3953125,16.8171875,0.19432326036884093,251.98213541666667
0.9973958333333334,12.002083333333333,16410.3921875,0.19275562178799038,0.008326982047385974,0.4352815571099727,0.0031263566901102717,6.545833333333333,0.6538795348029856,0.18054374348205487,0.20645903568747478,0.22789972111224807,3.97265625,1747.85703125,0.002853063751802579,11.4046875,1183.35625,0.010808843693891075,44.7171875,90287.56875,0.027740793583214452,1568.0,4806.0,415.0,2632.0,6400.0,3.0328125,10.45,16.69375,0.19073750575783677,250.3572873263889
0.9986979166666666,11.9296875,16334.320833333333,0.19432024416099036,0.008384163459283814,0.43264657996675143,0.0031074986975774942,6.497916666666667,0.6551844575420214,0.18218887424882713,0.20779152758263697,0.22937444038799654,3.935546875,1633.6546875,0.00288816713678259,11.221875,968.715625,0.010887875719371741,44.6140625,90502.590625,0.027864436489200783,1550.0,4770.0,433.0,2625.0,6372.0,2.9921875,10.309375,16.709375,0.18683078649057352,248.68099365234374
0.9981770833333333,12.023958333333333,16307.197916666666,0.1941662913038563,0.008559700569785925,0.4361919823789963,0.003132054788573413,6.563020833333334,0.6433336221086373,0.18199210457496623,0.20775127944295563,0.22927805008031726,3.9484375,1638.5890625,0.002960176057925442,11.4421875,1250.365625,0.011156653711852139,44.9078125,90038.465625,0.028360845475161645,1579.0,4812.0,441.0,2613.0,6434.0,3.017578125,10.4953125,16.8125,0.18858470258676158,251.9634884982639
0.996875,12.0234375,16174.557291666666,0.1944639224019143,0.008065331555807027,0.4373059100512126,0.003131919119562386,6.565625,0.640978990686593,0.18224184871820942,0.20816048592702252,0.2296556536116256,4.027734375,1529.0859375,0.002754297338917563,11.3171875,1182.940625,0.010517187954217744,44.7125,89748.059375,0.026857612024954163,1555.0,4788.0,422.0,2609.0,6403.0,3.09453125,10.38125,16.634375,0.19279612834790663,249.50622151692707
0.99765625,11.969270833333333,16318.1359375,0.19376850667064313,0.008073896686450125,0.43058103211300036,0.0031178095424155595,6.49453125,0.6419215873982855,0.18158372222935157,0.2073805600444886,0.22889559106196372,3.962109375,1643.89296875,0.0027540472237910334,11.23125,1134.13125,0.010437997510807175,44.7359375,90199.1125,0.026989193712729436,1547.0,4775.0,434.0,2648.0,6374.0,3.016796875,10.3484375,16.5515625,0.18988700189274776,251.05895155164933
0.9981770833333333,11.910416666666666,16314.283854166666,0.1941373121328087,0.007861509063880232,0.4320093950368408,0.0031024789441694888,6.485677083333333,0.6486356480671681,0.1820816883495398,0.20759766008837915,0.22889945931031397,3.9765625,1611.7921875,0.002700113477477193,11.196875,1216.25,0.010253693868220785,44.359375,90222.284375,0.026114906605151846,1565.0,4671.0,407.0,2643.0,6346.0,3.0296875,10.2171875,16.578125,0.19335493940408724,245.47947482638895
0.9963541666666667,11.935416666666667,16280.746354166668,0.1931894239490763,0.008473040129781064,0.4361928389282558,0.003108991056698793,6.512239583333334,0.6480624890905917,0.18100197449371502,0.2067057177117268,0.22842292800787076,4.054296875,1614.80390625,0.0029554142694807554,11.121875,1531.578125,0.010971638988152555,44.2734375,89693.684375,0.02804494471261081,1561.0,4654.0,418.0,2654.0,6300.0,3.1078125,10.1890625,16.453125,0.2001095919042552,243.95728732638884
0.9973958333333334,11.934895833333334,16295.677083333334,0.1937245094204971,0.008360139531857462,0.43427059452007377,0.003108855387687766,6.511458333333334,0.6356971416102989,0.1815939456564856,0.2071189157275782,0.22885235816946228,3.998828125,1646.196875,0.00296160932840061,11.1921875,1166.803125,0.010785729463690694,44.421875,90022.471875,0.02752867041385163,1564.0,4684.0,416.0,2670.0,6321.0,3.062890625,10.253125,16.5640625,0.19532598559055067,245.9186781141493
0.9986979166666666,11.857291666666667,16308.121875,0.19430545687515163,0.008295407841310528,0.4260471380725482,0.0030886407050447163,6.406770833333334,0.6057278397610472,0.18224427228681836,0.20761318690162894,0.22924246520200767,3.984765625,1594.825,0.002861150226328922,11.1375,1100.66875,0.010840385501686579,44.0671875,90368.7625,0.0274874606408609,1579.0,4679.0,398.0,2576.0,6381.0,3.03046875,10.2546875,16.0640625,0.20369637842620444,241.74265516493054
0.9973958333333334,11.9046875,16184.015625,0.19477169208290393,0.008115773342875164,0.43492803905711835,0.0031009865850481896,6.49921875,0.6340289626810167,0.18252052196297944,0.20830191396887932,0.23024615067662654,3.95546875,1592.59453125,0.002761569838003619,11.115625,895.8625,0.01057546679632448,44.490625,89837.853125,0.027072893908912033,1597.0,4660.0,395.0,2668.0,6386.0,3.0203125,10.2109375,16.703125,0.19693878005640392,247.81904052734373
0.9963541666666667,11.880208333333334,16244.735416666666,0.1933566412292988,0.008056690013429218,0.438457954542755,0.003094610141529912,6.4578125,0.640201665935993,0.18110173737384092,0.20704990147850716,0.2286829964019222,3.960546875,1659.66015625,0.0027393688342843827,11.0953125,1115.41875,0.010519048815773957,44.34375,89714.353125,0.02686361592766382,1587.0,4660.0,404.0,2650.0,6367.0,3.019921875,10.2296875,16.4375,0.1997150581684705,246.6559624565972
0.9986979166666666,12.005208333333334,16322.0546875,0.1943374238008367,0.00828597182505385,0.4402598516545039,0.003127170704176435,6.554166666666666,0.6540997830802603,0.18229499052267586,0.2075433514482934,0.22930122926602348,4.00859375,1621.45859375,0.0028521365358833,11.2421875,989.815625,0.010802602919302236,44.7546875,90456.678125,0.02750468188748766,1560.0,4738.0,433.0,2664.0,6385.0,3.06171875,10.334375,16.74375,0.19473448476505353,250.16663953993054
0.9986979166666666,11.9671875,16219.109895833333,0.19519267872616447,0.007936245996348335,0.44376369930159903,0.0031172668663714508,6.49140625,0.6195760978369674,0.18326094188397862,0.20806074106386094,0.23005156375721128,3.979296875,1492.89921875,0.002764308467004325,11.328125,1129.7375,0.010266349920561888,44.5578125,90213.325,0.02629389218951082,1563.0,4753.0,424.0,2685.0,6276.0,3.0375,10.3890625,16.409375,0.18915594051387374,248.35465250651038
0.9984375,11.968229166666667,16315.6390625,0.19421429794366854,0.00802813093154938,0.4320322245321693,0.003117538204393505,6.515885416666666,0.628878541276818,0.182136218645707,0.20756200814155185,0.22917890493763143,4.007421875,1654.134375,0.002759053858479043,11.1546875,841.55625,0.010377657136120998,44.625,90435.740625,0.026754913019259113,1557.0,4712.0,420.0,2664.0,6381.0,3.03515625,10.278125,16.6765625,0.19937881928920878,247.13909478081595
0.9966145833333333,12.028125,16258.148958333333,0.19352364921672713,0.00744934171613241,0.4374729112711545,0.0031331401406616308,6.53671875,0.6535896769723738,0.18124583526362886,0.2072464764030884,0.22891207784275897,4.003125,1632.98984375,0.00251359382703332,11.2390625,1120.7625,0.009577093553569078,44.9171875,89896.171875,0.025064581435092104,1591.0,4738.0,406.0,2684.0,6439.0,3.06015625,10.3375,16.6421875,0.19420617726964887,252.36327148437496
0.99765625,12.103125,16241.419270833334,0.19438546101396076,0.007462990043370353,0.44173946837977845,0.0031526764782495442,6.538802083333334,0.6446768224459937,0.18217370464362978,0.20783008886266371,0.2297878586465818,4.022265625,1589.71015625,0.002486372684724223,11.3984375,1001.034375,0.009612902262127932,45.13125,90088.640625,0.025219547259197294,1558.0,4810.0,427.0,2649.0,6506.0,3.055078125,10.4328125,16.5796875,0.19796691313432133,256.153427734375
0.9973958333333334,12.046875,16160.690625,0.19487931359784613,0.007913762464044289,0.4384233449678495,0.003138024225058609,6.530989583333334,0.6476005188067445,0.18273927573420018,0.20809963237908907,0.23021914627118703,3.958984375,1497.01015625,0.0026855683642789284,11.3828125,865.99375,0.010285696115451234,45.0625,90110.109375,0.02645460521169879,1605.0,4763.0,426.0,2643.0,6482.0,2.99921875,10.4296875,16.759375,0.18972424504592408,253.79988606770834
0.99765625,12.033333333333333,16139.140104166667,0.19522255669559166,0.007702327176738767,0.4399607902661842,0.0031344968307719023,6.57578125,0.6558604570637119,0.18321430360186838,0.20821473786545255,0.23026338790062378,3.996484375,1452.684375,0.0026152414916610356,11.353125,1040.6875,0.010026360030387144,44.8609375,89983.415625,0.025726637063401316,1567.0,4780.0,421.0,2670.0,6373.0,3.071484375,10.4140625,16.7546875,0.18832798657407032,251.3660763888889
0.9984375,11.990625,16264.540104166666,0.19462328924054237,0.007713809186269986,0.43721907645613844,0.003123371971867674,6.508072916666666,0.6525062983233428,0.1825519743068314,0.20778536892392538,0.22974646929200332,3.932421875,1537.52578125,0.0025718090862200185,11.3046875,1310.321875,0.01006649193026189,44.909375,90126.815625,0.025929126842477952,1546.0,4770.0,415.0,2697.0,6401.0,3.005859375,10.325,16.7,0.18568992061967804,252.9457454427083
0.99765625,12.080208333333333,16231.092708333334,0.19437540278038615,0.008250099338060153,0.4407826803029927,0.0031467070417643484,6.608854166666666,0.6465465206518928,0.1821845881450357,0.20784677647646932,0.22966728762570465,4.008984375,1595.98671875,0.00278062668887846,11.3546875,998.303125,0.010763940108138628,45.090625,90004.30625,0.027614149164708453,1559.0,4816.0,442.0,2723.0,6382.0,3.0734375,10.434375,16.925,0.19125353332154013,253.25346245659725
0.9973958333333334,11.9890625,16229.683333333332,0.1941854167330827,0.007329128840010043,0.43749864849966874,0.003122964964834592,6.467447916666667,0.6461618662843738,0.1820339043192155,0.20737633634428962,0.22960054677734454,3.951171875,1556.90859375,0.002415772119487863,11.178125,1043.54375,0.009505550418555688,44.9515625,90106.921875,0.024806134143553128,1561.0,4723.0,427.0,2695.0,6433.0,3.0140625,10.2625,16.4859375,0.19106358319721897,253.8759220377604
0.9971354166666667,12.048958333333333,16257.394791666668,0.19391977349684306,0.007536430467644842,0.43974258944877664,0.003138566901102718,6.538541666666666,0.6506873000778075,0.18166348987827047,0.20727195423417855,0.229592727233798,3.9453125,1687.734375,0.0024832902388684545,11.303125,954.209375,0.00982189408494359,45.209375,89839.221875,0.02546352776545165,1577.0,4780.0,453.0,2662.0,6497.0,3.0171875,10.40625,16.75625,0.1921292776811498,255.88510308159724
0.9963541666666667,12.131770833333333,16074.5875,0.1950030149438737,0.007789663956619538,0.4465653763536019,0.003160138273856039,6.640104166666666,0.6382604215858841,0.182817557387855,0.2081613922885171,0.23058646782330525,4.015234375,1417.77421875,0.002633569646084224,11.390625,1024.5,0.01008224892477587,45.3390625,89751.928125,0.026121456230604467,1564.0,4829.0,431.0,2673.0,6480.0,3.078515625,10.484375,17.0421875,0.1894326274740407,257.01492811414926
0.9981770833333333,12.072395833333333,16245.960416666667,0.19473871113857258,0.007823578341441902,0.44057856100288223,0.003144672006598941,6.545833333333333,0.6466629276500281,0.18253471166636165,0.20806637923574084,0.2302270409302481,3.98359375,1611.71328125,0.002658204865935337,11.384375,1158.225,0.010121060953990072,45.115625,89870.684375,0.026187589630919994,1593.0,4782.0,425.0,2682.0,6436.0,3.0390625,10.4421875,16.6765625,0.18904508319297986,254.22705050998266
0.9981770833333333,11.990625,16229.523958333333,0.19479485091275428,0.007672280246749045,0.4380588116032738,0.003123371971867674,6.464583333333334,0.647293892798193,0.18264459317786882,0.2080833760730198,0.23010735669203056,3.981640625,1498.24375,0.0025527342713134366,11.35625,1195.1125,0.009957006368152495,44.6609375,90189.05625,0.025865738027088032,1584.0,4771.0,417.0,2668.0,6362.0,3.019921875,10.4203125,16.2875,0.1942688423872042,250.317099609375
0.9986979166666666,12.0640625,16374.756770833334,0.19406642713706782,0.007815004732008354,0.4315401228737909,0.0031425013024225057,6.57734375,0.6355394378966455,0.18188143321163547,0.20746218766042895,0.22941064231543615,4.0171875,1809.575,0.0026939652718919876,11.3328125,1057.45,0.010005482478947439,44.9828125,89952.790625,0.026108684825534724,1617.0,4751.0,426.0,2658.0,6448.0,3.05625,10.4328125,16.80625,0.19557835787298364,252.57350016276044
0.9984375,12.03125,16284.469270833333,0.1945547085373067,0.007691987413473373,0.42983893512858296,0.0031339541547277935,6.533854166666667,0.6485714285714286,0.18232975738899335,0.20789087168880238,0.23011834997906436,3.965234375,1642.09609375,0.002550354584131858,11.471875,989.584375,0.010020813483644152,44.8546875,90148.846875,0.025929692660668652,1616.0,4786.0,440.0,2683.0,6383.0,3.021875,10.503125,16.6125,0.19512529103662007,252.05631510416666
0.9986979166666666,12.038020833333333,16434.709895833334,0.1934266430694643,0.008022168790432733,0.4244548596771332,0.003135717851871147,6.472135416666666,0.6463029463938044,0.1811486388543949,0.2069408633834005,0.2290244396158057,3.96015625,1821.809375,0.002680533793976507,11.41875,1215.08125,0.010356537583481087,44.96875,90105.940625,0.027054339983209275,1587.0,4857.0,443.0,2697.0,6395.0,3.03046875,10.4984375,16.2125,0.19355025074751078,252.59074191623264
0.9984375,12.079166666666667,16381.629166666668,0.1937061238373216,0.008104537723312282,0.43914526506521917,0.003146435703742294,6.550260416666666,0.6583735770955502,0.18138272064809707,0.20725377774629897,0.22945208268524242,3.9671875,1824.2390625,0.0026517421779127083,11.4015625,1252.95,0.01055327622987827,45.2046875,89739.86875,0.02746698139834458,1578.0,4839.0,468.0,2660.0,6476.0,3.029296875,10.465625,16.71875,0.19166193175501406,255.61769097222222
0.9989583333333333,12.106770833333334,16407.657291666666,0.19388368567106978,0.008135087315356806,0.43479812473441554,0.0031536261613267346,6.576041666666667,0.6407399440739944,0.18165029956033726,0.20738074791390276,0.22932016787116685,4.024609375,1744.67109375,0.0027315465315522116,11.4734375,1345.915625,0.010565594722004055,45.06875,90121.34375,0.027318743043927934,1549.0,4881.0,462.0,2683.0,6388.0,3.040234375,10.528125,16.7671875,0.19406942663020704,253.20578748914926
0.9984375,12.038020833333333,16336.241666666667,0.19412239974468673,0.008103016616825925,0.43777822036450653,0.003135717851871147,6.533854166666667,0.6467356033401116,0.1819157059856214,0.2076360820997892,0.2294354924258455,3.962109375,1707.8078125,0.0027381812336348954,11.43125,1190.7,0.010555213968674763,44.9484375,89995.51875,0.02711016079774121,1617.0,4805.0,431.0,2699.0,6381.0,3.0078125,10.4984375,16.6734375,0.1904725744968065,251.845950249566
0.9986979166666666,12.040625,16372.769791666668,0.1940093194830492,0.007950986991267403,0.4334760108444113,0.003136396196926283,6.514322916666667,0.6520027684055714,0.1818136274801134,0.20757883866327695,0.22922256831456447,3.92734375,1717.2640625,0.0026642026602058,11.421875,1160.565625,0.010315219147358608,45.1125,90206.996875,0.026733892159422613,1556.0,4862.0,433.0,2652.0,6482.0,2.97890625,10.4796875,16.690625,0.18793354566206802,255.49887044270832
0.99765625,11.961979166666667,16254.4828125,0.19426528352096062,0.007748651315025931,0.435310360814037,0.003115910176261179,6.437239583333334,0.655592807071015,0.1821382677089591,0.207603686976858,0.22943494331306935,3.95,1530.4359375,0.0026016359878662755,11.403125,1404.196875,0.010072425094135484,44.56875,90000.95625,0.026012938844555,1574.0,4811.0,430.0,2640.0,6344.0,3.00859375,10.4515625,16.1375,0.18979348002210425,248.99595024956596
0.99765625,11.955729166666666,16454.502083333333,0.19266953728158112,0.007696453410314436,0.4335386178076793,0.003114282148128853,6.51015625,0.6529732084513178,0.18035660366292156,0.2064869917480249,0.22810381728977572,3.951953125,1909.6453125,0.002564609630196827,11.3796875,1113.38125,0.009993402480773893,44.546875,89975.05,0.025926879460325413,1560.0,4820.0,448.0,2596.0,6384.0,3.00078125,10.446875,16.6109375,0.19494183362958253,248.3131442599827
0.9973958333333334,11.975520833333333,16274.121875,0.19407794978097334,0.007744741234470122,0.44040932191444554,0.003119437570547886,6.461197916666666,0.6310616274518331,0.18188980499860402,0.20748634579350353,0.22942213289792018,4.0046875,1694.08046875,0.002646104544307805,11.315625,1185.61875,0.009969180767965848,44.51875,89682.790625,0.025914848461623664,1558.0,4772.0,456.0,2645.0,6296.0,3.05078125,10.3609375,16.203125,0.19395785074028404,249.42335910373265
0.9986979166666666,11.931770833333333,16378.477604166666,0.1939879653658473,0.007792363813624527,0.43757687060441874,0.003108041373621603,6.521354166666667,0.6287485267798681,0.18201804394496068,0.20686128625942085,0.2289943301558202,3.99140625,1750.0203125,0.002687294691001854,11.3,1150.215625,0.010025822158373646,44.325,90120.56875,0.025979181959366104,1577.0,4729.0,440.0,2616.0,6300.0,3.076953125,10.3578125,16.4625,0.19561335301757005,246.08336561414933
0.9986979166666666,12.0296875,16209.063020833333,0.19552147046957077,0.007853754814247653,0.43529376478080845,0.0031335471476947123,6.523958333333334,0.6388275533619084,0.1834879293919348,0.20856177115532987,0.23061533409435558,3.971875,1612.6046875,0.0026946027665568366,11.3609375,1167.4,0.010125591487802716,44.9296875,89636.559375,0.026218526331455855,1542.0,4837.0,454.0,2596.0,6448.0,3.028125,10.4265625,16.6046875,0.18777747279235263,253.19130615234374
0.9984375,11.913020833333333,16300.43125,0.19447806771005952,0.007736898498485647,0.4405969017089443,0.0031031572892246243,6.456510416666666,0.6406680365496437,0.1825535923360143,0.2072267103835197,0.22942732653278033,3.96171875,1707.996875,0.0026957896073937816,11.203125,897.6625,0.009833170027953133,44.428125,90072.9375,0.025805062533385614,1566.0,4705.0,435.0,2626.0,6328.0,3.026953125,10.3015625,16.3296875,0.19199016719452353,247.21170545789928
0.99609375,11.9953125,16057.6609375,0.19488752438181442,0.008065865739950344,0.4341064136546276,0.0031245929929669186,6.557291666666667,0.6421779340888368,0.18278381440110814,0.20825037700361895,0.2299395116828351,3.986328125,1453.4515625,0.002828667143084563,11.340625,1214.375,0.01038039468825981,44.6859375,89317.784375,0.026700131179103997,1573.0,4759.0,434.0,2695.0,6312.0,3.05625,10.38125,16.7375,0.19014918749718276,248.14529052734378
0.9986979166666666,12.052604166666667,16231.5859375,0.1950732848764126,0.008003344314717125,0.4349881911315301,0.0031395165841799078,6.574479166666666,0.6310444665312649,0.18304116548527855,0.20823803544280506,0.23003701187455627,4.026171875,1520.05546875,0.0027294468675261915,11.34375,1274.859375,0.01044371194072118,44.8671875,90034.434375,0.026658566477476803,1636.0,4722.0,433.0,2679.0,6390.0,3.055859375,10.4015625,16.821875,0.195988735557188,249.48733696831593
0.9984375,11.980729166666666,16303.658854166666,0.19426359926081152,0.008236568128284109,0.43922059122917406,0.0031207942606581575,6.507291666666666,0.6303090901186802,0.18234484628494227,0.20726310673661477,0.2289391036884852,4.0046875,1624.10390625,0.002890713653197492,11.2609375,879.215625,0.010655258825496205,44.6046875,90446.321875,0.027201295331418483,1596.0,4702.0,416.0,2673.0,6330.0,3.056640625,10.3328125,16.484375,0.19304958910067546,246.3022328016493
0.9984375,11.946875,16239.509895833333,0.1948456692975687,0.008369175463529934,0.4313905705719364,0.003111975774941391,6.526302083333333,0.6462638416601273,0.1828880520322092,0.2078707653308327,0.2296510423257426,3.943359375,1677.9375,0.0028994610071714486,11.2828125,761.878125,0.010970965820520475,44.625,89963.43125,0.02764624293197333,1586.0,4738.0,421.0,2614.0,6421.0,3.01328125,10.3875,16.7171875,0.19387278628839902,247.67894856770832
0.9981770833333333,11.966666666666667,16123.794270833334,0.1955980211672081,0.008415925151517808,0.4394924888809924,0.0031171311973604236,6.53359375,0.6237813370473537,0.183822939708458,0.20810008269215116,0.2301962854772656,3.992578125,1453.34453125,0.0029927004036595303,11.3265625,1075.4,0.010919481311769001,44.503125,89853.9875,0.027605267982699723,1612.0,4718.0,420.0,2643.0,6333.0,3.06171875,10.3921875,16.5625,0.1941736844119943,245.7056597222222
0.9986979166666666,11.908854166666666,16269.131770833334,0.19471607775646163,0.007802016218684362,0.4346818392787013,0.003102071937136407,6.491666666666666,0.6356002624097966,0.18287027943771839,0.20729884728496603,0.22951650150292985,3.945703125,1546.97890625,0.0026587491327155436,11.209375,1223.10625,0.010223661879822871,44.4609375,90203.76875,0.02595343890142112,1625.0,4642.0,410.0,2650.0,6382.0,3.02265625,10.26875,16.590625,0.19554398804794176,246.42137993706598
0.9994791666666667,12.024479166666667,16260.688020833333,0.19538897886970197,0.008632815714201112,0.43550137007235856,0.0031321904575844404,6.593229166666666,0.621431974704379,0.18351709818429993,0.20824170563324276,0.2300237748477693,4.017578125,1619.89921875,0.0030621545874033175,11.390625,1088.0125,0.011206211723644813,44.6859375,89996.51875,0.02834206421194859,1610.0,4747.0,424.0,2651.0,6381.0,3.062890625,10.459375,16.8484375,0.19915673871113393,247.75669243706596
0.9984375,11.940104166666666,16228.9546875,0.19493485793365165,0.008542435850961098,0.437241212990678,0.0031102120777980378,6.55,0.6399563794983643,0.18312610852607247,0.20765466913057984,0.22945004436704003,3.998828125,1495.50625,0.0030845790536438195,11.1921875,966.95625,0.01086058417864026,44.453125,90424.746875,0.02805571471255105,1593.0,4657.0,421.0,2634.0,6355.0,3.083203125,10.240625,16.7265625,0.19353163395812667,244.89693332248265
0.9973958333333334,11.978125,16108.796354166667,0.19531654345588587,0.008367172867696969,0.43513152467019545,0.0031201159156030215,6.53125,0.6266197060613966,0.18343136396854492,0.20834227290749832,0.2298315319536373,3.95625,1455.30859375,0.0030274329879162996,11.3,748.2375,0.01066172782643473,44.74375,90083.30625,0.027431577428081888,1570.0,4773.0,440.0,2634.0,6342.0,3.043359375,10.35,16.6640625,0.1817168709104902,249.98077148437497
0.996875,11.995833333333334,16150.917708333332,0.1947043855770952,0.008155594217461804,0.43678197985120387,0.0031247286619779458,6.557552083333333,0.6433223341437999,0.18274515989157342,0.2077835451116178,0.22946212878465966,3.960546875,1603.60625,0.0029697849186445767,11.290625,897.071875,0.010290623598722173,44.8421875,89594.009375,0.02676380203147034,1607.0,4712.0,412.0,2670.0,6410.0,3.0390625,10.3609375,16.828125,0.18867379740122892,251.3791493055555
0.9973958333333334,12.0140625,16223.665625,0.19446478595144345,0.008358218436698126,0.44030804745978513,0.003129477077363897,6.601822916666666,0.6315949191485672,0.18261969713900622,0.20736932739064534,0.22894059976199052,3.98046875,1622.45625,0.0030089733562710195,11.3234375,995.334375,0.010757807829810303,44.8390625,89856.834375,0.027355609365294374,1606.0,4747.0,414.0,2693.0,6348.0,3.042578125,10.4265625,17.0140625,0.18816714964100004,249.4227189127604
0.9979166666666667,11.896354166666667,16274.506770833334,0.19420066404322192,0.008522310507987978,0.4372232297293358,0.003098815880871755,6.434895833333333,0.6396830261372094,0.18239390149757212,0.20697127837783547,0.22865709989120736,4.04765625,1584.3015625,0.0031109030618600994,11.0953125,1103.16875,0.010814618916936695,44.0921875,90206.665625,0.027875631883550772,1555.0,4631.0,447.0,2618.0,6225.0,3.09296875,10.175,16.0625,0.19729487858461542,240.90540337456596
0.9994791666666667,11.952083333333333,16301.925,0.19511914611700362,0.008612671937187453,0.4348869591834795,0.003113332465051663,6.569010416666667,0.643062576259369,0.18330547600807573,0.20776467410692695,0.22972829856279203,4.044921875,1628.8671875,0.0031395218389863367,11.1375,1082.859375,0.01088620432567862,44.3953125,90213.221875,0.028231739941500755,1587.0,4658.0,438.0,2670.0,6259.0,3.109765625,10.2171875,16.7578125,0.1936595607547467,244.49353732638886
0.9955729166666667,11.911979166666667,16181.486979166666,0.19345446680231965,0.008733712248056162,0.43175876271898195,0.00310288595120257,6.5296875,0.6401556556337721,0.18129479943804988,0.20689021264255097,0.2286573904191676,4.019921875,1619.58125,0.003169437332612475,11.0890625,1038.175,0.011066149104558118,44.303125,89572.421875,0.028658375053328966,1560.0,4648.0,434.0,2664.0,6277.0,3.062890625,10.175,16.7515625,0.1955517596828768,244.45839816623263
0.9989583333333333,11.940104166666666,16226.866145833334,0.19527878669408869,0.008796245209684422,0.43503971845074146,0.0031102120777980378,6.538802083333334,0.6375136314067612,0.1834659579007944,0.20795554023070784,0.22985334833064658,4.045703125,1559.2125,0.0032040481252191013,11.0796875,1022.971875,0.011139270217963449,44.378125,90101.375,0.02882200853926668,1587.0,4636.0,416.0,2640.0,6342.0,3.096484375,10.1828125,16.6640625,0.1988734023378011,244.76255832248265
0.9979166666666667,12.00625,16159.792708333332,0.19524001144684172,0.008608476782846621,0.4395145432737878,0.0031274420421984893,6.55625,0.633827867430158,0.18332704374786296,0.20800115677552794,0.23013073691407046,3.99921875,1476.82734375,0.003126528325401162,11.203125,993.3875,0.010898276804045379,44.8375,90058.059375,0.028246470591429696,1629.0,4647.0,411.0,2696.0,6396.0,3.047265625,10.25625,16.8921875,0.1904893418761308,248.9004817708333
0.9984375,11.8734375,16218.5796875,0.19505233296164726,0.008398961610545208,0.43161583250325675,0.003092846444386559,6.466145833333333,0.6469272272667457,0.1831314772324221,0.2079763781165088,0.22981171072368634,3.990234375,1555.10234375,0.002985169492721089,11.1484375,966.775,0.010704989390716587,44.13125,90124.29375,0.027748102301670297,1541.0,4667.0,441.0,2631.0,6256.0,3.065625,10.1984375,16.3359375,0.19562977820414765,242.46731526692702
0.9981770833333333,11.884375,16278.113541666668,0.19450278282760838,0.008472330374490434,0.43527243700421564,0.0030956954936181297,6.46796875,0.6387939346130248,0.18245561212724443,0.2076635081382247,0.22953074031844797,3.9765625,1611.665625,0.0030406079116509594,11.084375,1029.91875,0.01071663600933007,44.315625,90192.1,0.027954914591008684,1560.0,4656.0,431.0,2625.0,6326.0,3.033203125,10.203125,16.471875,0.19499612364921784,245.206943359375
0.9984375,11.954166666666667,16252.352083333333,0.19489079486648356,0.008404165387262973,0.44147395571897713,0.0031138751410957717,6.52734375,0.6373300801673056,0.1829694903468227,0.20766687427766645,0.2297999335339441,4.080078125,1602.7921875,0.003068116221783232,11.078125,847.409375,0.010534460750954646,44.3265625,90255.534375,0.027618066685490272,1564.0,4622.0,438.0,2668.0,6262.0,3.126953125,10.1859375,16.4703125,0.20024189444977583,244.3265451388889
0.9989583333333333,11.948958333333334,16210.230729166668,0.19562305524975504,0.00820738628476919,0.436006150400406,0.0031125184509854997,6.487760416666666,0.6444076366489409,0.18373177687998604,0.2081759581588595,0.2306352658197266,3.99453125,1601.2078125,0.0029402882373753747,11.0390625,933.703125,0.010311495987455345,44.6765625,89922.85,0.027171668771658285,1557.0,4619.0,434.0,2630.0,6432.0,3.01640625,10.1625,16.6984375,0.19932517289522098,249.23489474826386
0.9981770833333333,11.921875,16223.4421875,0.19492757394732668,0.008319297061998123,0.43765587941398754,0.0031054636624120863,6.513020833333333,0.646876365224989,0.18298115941583262,0.20775309650632656,0.2298877095143031,4.014453125,1659.35703125,0.002968157694270325,11.0859375,901.871875,0.010532499067300992,44.3875,89801.353125,0.027510652527606445,1563.0,4653.0,432.0,2585.0,6389.0,3.064453125,10.1859375,16.634375,0.19766464933647496,244.85587565104166
0.9984375,11.963020833333333,16192.652083333332,0.1953843180858411,0.008285849666903678,0.4387868030721595,0.0031161815142832336,6.491145833333333,0.6175715094257478,0.18353399451693214,0.208011507052209,0.23015842339510906,4.005859375,1480.584375,0.0029063733941233913,11.2859375,929.38125,0.01067227272054474,44.46875,90304.19375,0.027417331704383763,1562.0,4708.0,405.0,2668.0,6330.0,3.050390625,10.3125,16.4328125,0.19545605365793234,248.64498670789933
0.9984375,11.921875,16189.068229166667,0.1953123298222179,0.008667776945574367,0.4369392178587916,0.0031054636624120863,6.484114583333334,0.6476190476190476,0.18341810238603,0.2080156465947957,0.23018592279439182,3.971484375,1495.84921875,0.0031234751383164895,11.128125,1100.7375,0.010953952878650374,44.5171875,90050.275,0.028558808241529877,1570.0,4665.0,410.0,2714.0,6305.0,3.055859375,10.1859375,16.4953125,0.19036878711007466,247.90587565104167
0.9973958333333334,11.8765625,16137.818229166667,0.19493390697884241,0.008735525964380842,0.4467143188905285,0.003093660458452722,6.473958333333333,0.6321098101127045,0.18313547168597558,0.20749804820521683,0.22956350692393532,3.959375,1443.15078125,0.00320655524120364,11.071875,677.340625,0.011049320536459368,44.35,90376.965625,0.028537614285011132,1593.0,4612.0,425.0,2652.0,6269.0,3.020703125,10.190625,16.5703125,0.18663694023160246,245.02695068359375
0.9986979166666666,11.940104166666666,16266.2640625,0.1948529583507011,0.008596827226962277,0.44076672372792003,0.0031102120777980378,6.497395833333333,0.6183206106870229,0.1829211950495648,0.20764258680488323,0.22979038310106414,3.940234375,1600.684375,0.003086064596493357,11.1984375,1104.6,0.010944669767899632,44.68125,90090.246875,0.0282920352079006,1579.0,4664.0,409.0,2647.0,6417.0,3.019140625,10.24375,16.6640625,0.18948384975683621,251.28547498914932
0.9979166666666667,11.8671875,16395.6140625,0.1932333207003099,0.00827813129338809,0.4344201692254854,0.003091218416254233,6.471875,0.6400263331138907,0.1812146811525639,0.20648391353038664,0.2280572860612171,3.953125,1688.603125,0.0029281005007976966,11.190625,1304.340625,0.010599893922017331,44.2,90314.93125,0.027356491835120417,1551.0,4689.0,441.0,2624.0,6281.0,3.0375,10.215625,16.465625,0.19162035638431182,244.68600667317708
0.9984375,11.8875,16229.794270833334,0.19518417907055147,0.008360167798380757,0.43820777452109483,0.003096509507684293,6.473697916666667,0.633894146512443,0.18320973315043337,0.20799962131899363,0.23026652050258178,3.930859375,1555.32734375,0.003006991118863887,11.1375,938.575,0.010573528529556394,44.4640625,90218.88125,0.02755951378527261,1586.0,4672.0,398.0,2618.0,6393.0,3.016796875,10.2328125,16.5421875,0.18792243109110474,249.39046875
0.9958333333333333,11.919791666666667,16038.775520833333,0.1949887112332937,0.008697904665062225,0.4355246119416551,0.003104920986367978,6.505729166666667,0.6436249235340383,0.18286571262091655,0.20811542015215512,0.23035399676394092,3.914453125,1396.2703125,0.0031308707983308537,11.1765625,958.846875,0.010986847137023043,44.684375,89688.725,0.0286770976600269,1545.0,4690.0,413.0,2656.0,6412.0,3.012109375,10.221875,16.7640625,0.18755474252604404,252.0326291232639
0.9963541666666667,12.009375,15984.594270833333,0.19586209205843916,0.00789809972388845,0.44053695203460763,0.003128256056264652,6.570833333333334,0.6213461705264984,0.18386056264992445,0.2085176205140497,0.23121268123688754,3.971484375,1417.9296875,0.002841720567744093,11.196875,985.4625,0.009963607585389037,44.9734375,89250.384375,0.02605810848696529,1572.0,4670.0,417.0,2583.0,6546.0,3.058203125,10.2453125,16.946875,0.19012022232467493,254.02543294270833
0.9971354166666667,11.984375,16103.584895833334,0.19533812537540982,0.008168886487480221,0.43611520605345466,0.003121743943735348,6.502083333333333,0.6551933941764451,0.18323679252857783,0.20829351272531352,0.23078806941283406,3.942578125,1445.9640625,0.0028766970517348275,11.1203125,931.03125,0.01044574972617431,45.015625,89906.621875,0.02706078099176771,1549.0,4712.0,411.0,2605.0,6549.0,3.0375,10.25,16.6125,0.19075127829070337,255.598193359375
0.9979166666666667,11.970833333333333,16102.4296875,0.19570949821975556,0.008334582039907923,0.4449679981438728,0.003118216549448641,6.536979166666667,0.6538461538461539,0.1838265200513661,0.20849946587679483,0.230451443236274,4.009765625,1399.20234375,0.003010009467027662,11.128125,904.403125,0.010641200164081136,44.6578125,90113.365625,0.027326254207255752,1557.0,4705.0,400.0,2639.0,6391.0,3.04765625,10.2390625,16.7921875,0.19046284291253646,250.6455034722222
0.9973958333333334,11.8375,16220.032291666666,0.1943623215029256,0.008118063895753527,0.4345049294739461,0.0030834852826256837,6.479166666666667,0.6333597324885604,0.18239285988364878,0.20735686465404105,0.22924562482891747,3.96640625,1485.19296875,0.002869075841333721,11.0671875,1268.528125,0.010368967512521456,44.0921875,90110.89375,0.026863112496664822,1527.0,4659.0,400.0,2601.0,6336.0,3.033984375,10.134375,16.6046875,0.19351319637179465,244.33557291666668
0.9981770833333333,11.915104166666667,16309.327083333334,0.1941512980424396,0.008024897004101568,0.43726682018450996,0.003103699965268733,6.483072916666667,0.6404248808847314,0.1819271402797808,0.20778982674477028,0.2294094003907441,3.8921875,1662.71328125,0.0027520779537198075,11.26875,1015.775,0.010416234493907205,44.653125,90189.334375,0.02672483571582298,1563.0,4782.0,419.0,2544.0,6505.0,2.965234375,10.375,16.6625,0.1900789807867873,251.92300103081598
0.99765625,11.8296875,16341.136458333332,0.1934352694726715,0.007582954662419408,0.42896366120275575,0.003081450247460276,6.47109375,0.6501562981552415,0.18142018618750994,0.2066271970791466,0.22830367500684295,3.936328125,1655.80546875,0.0025892865613208076,11.171875,1206.059375,0.009838168794714611,44.0609375,90217.5375,0.025302412934518605,1523.0,4733.0,414.0,2558.0,6347.0,2.98828125,10.24375,16.6296875,0.19275742539246687,243.2131811523438
0.9984375,11.8875,16303.955729166666,0.19435725581989843,0.00795542046796138,0.43668033142150614,0.003096509507684293,6.45078125,0.6423939712583245,0.1823710232278563,0.20754054325667962,0.22911889875128577,3.966015625,1588.28125,0.002751694033305392,11.203125,1047.4125,0.010283022814848743,44.2578125,90423.196875,0.02644272385969797,1541.0,4731.0,428.0,2584.0,6334.0,3.008984375,10.271875,16.396875,0.19287587807205372,246.18057291666665
0.9971354166666667,12.0046875,16171.95625,0.19457258361538884,0.007602195663713246,0.4403116321753812,0.0031270350351654077,6.530208333333333,0.6252331988372597,0.18238002641488643,0.20821571973633085,0.22969967629645635,3.963671875,1529.65078125,0.0025772214889815577,11.3828125,1041.73125,0.009926731066211418,44.790625,89871.403125,0.025377556960141823,1573.0,4817.0,414.0,2616.0,6411.0,3.019140625,10.4515625,16.653125,0.18649161613941656,251.84737386067707
0.9986979166666666,12.01875,16175.570833333333,0.19566450027958585,0.008360774043411227,0.4454032785516888,0.0031306980984631416,6.563802083333333,0.6350320679493846,0.18378397138602665,0.20858281212905894,0.2302683040043494,4.03046875,1409.340625,0.0029544611241065773,11.2640625,977.378125,0.010765006671985277,44.7265625,90438.684375,0.027581793092055773,1538.0,4755.0,441.0,2580.0,6402.0,3.076953125,10.340625,16.734375,0.18918555829917386,249.4506901041667
0.9989583333333333,11.927604166666667,16352.346875,0.19425544586025895,0.008650571301637912,0.43956315922347383,0.0031069560215333854,6.543489583333334,0.648748962927383,0.1823633592079093,0.207233937506251,0.22884530082366564,3.98046875,1576.99375,0.003082287460034682,11.290625,1162.065625,0.01112441465944419,44.353125,90644.040625,0.02844986331024456,1549.0,4690.0,442.0,2648.0,6281.0,3.057421875,10.28125,16.75,0.19258347337413315,245.37236300998265
0.9958333333333333,11.9875,16152.609895833333,0.1939033083409848,0.008584223655786795,0.44298786649344846,0.0031225579578015106,6.53125,0.633733055265902,0.1816173512003179,0.20773392700670607,0.22921651823793088,3.940625,1426.2125,0.0030200730828292377,11.3796875,1201.64375,0.011137011186560363,44.7828125,90009.165625,0.028288038416843454,1540.0,4792.0,422.0,2630.0,6397.0,3.03359375,10.428125,16.625,0.18625988657371903,250.85765625000002
0.9984375,11.921875,16260.928645833334,0.19481349249756644,0.008645430232139003,0.4312217936898556,0.0031054636624120863,6.512239583333334,0.6459589340323285,0.18266235762683364,0.2083155918817058,0.22991593259635837,3.889453125,1669.04296875,0.0030485414873625293,11.25,1015.409375,0.01118227821526802,44.7234375,89873.990625,0.02849613722811588,1551.0,4770.0,455.0,2596.0,6424.0,2.98828125,10.3609375,16.759375,0.185880559334018,251.398583984375
0.9973958333333334,11.952604166666667,16169.330208333333,0.194885696195766,0.008726993082347192,0.4415403105604511,0.00311346813406269,6.50625,0.6480456664778421,0.18278654989532414,0.20819657555099633,0.2299714020423031,3.941796875,1562.87578125,0.003108965664583949,11.2765625,827.421875,0.011246482180508574,44.671875,89937.05625,0.028679613655238783,1546.0,4812.0,430.0,2626.0,6359.0,3.02421875,10.3953125,16.5453125,0.1850686474925952,250.85712863498262
0.99921875,11.936979166666667,16289.359375,0.19497631255329692,0.008677686320267414,0.4380712595090107,0.0031093980637318746,6.518489583333333,0.6372442078624722,0.18298437041079102,0.20817920252535727,0.22974119115126,3.92890625,1619.4515625,0.0030500935115894577,11.2984375,1053.578125,0.011252777973701427,44.6078125,90204.771875,0.028612965901545228,1585.0,4748.0,419.0,2658.0,6342.0,2.994921875,10.3984375,16.7328125,0.18743233148716765,248.20175754123258
0.9986979166666666,11.916145833333333,16196.056770833333,0.19542787386673494,0.008577814799264073,0.4464649755828517,0.0031039713032907875,6.521354166666667,0.642598015647537,0.18354934572362797,0.20837081196565804,0.22999904834023957,3.95859375,1442.00234375,0.003030187626452072,11.2375,873.55625,0.011125285706051055,44.425,90534.775,0.028220852583725094,1565.0,4715.0,408.0,2656.0,6283.0,3.056640625,10.2671875,16.634375,0.18339072478177412,246.666926812066
0.9984375,11.827604166666667,16419.48125,0.19331314019215773,0.008456455605676894,0.43423577705900046,0.0030809075714161673,6.4609375,0.6434453300453564,0.18133175326502235,0.20636847041934692,0.2281833576735101,3.932421875,1761.559375,0.00292906533146161,11.1375,1142.68125,0.01100455586077374,44.0984375,90327.96875,0.02801791644744117,1602.0,4641.0,437.0,2613.0,6293.0,2.985546875,10.23125,16.5921875,0.19494538590352675,243.05048800998264
0.9971354166666667,11.861979166666666,16322.915104166666,0.19336861355674725,0.00833725347495596,0.43458204543363677,0.003089861726143961,6.487239583333333,0.6485181119648737,0.18110695291162737,0.2071279252627965,0.22865594443117754,3.905078125,1765.44375,0.002907530283617483,11.2359375,1196.996875,0.010757039876125488,44.315625,89678.71875,0.02763635983914034,1564.0,4709.0,435.0,2639.0,6320.0,2.986328125,10.309375,16.66875,0.19188626986404736,246.31376274956602
0.9984375,11.963020833333333,16186.1921875,0.19539292357214705,0.00857957656863595,0.44234606052202696,0.0031161815142832336,6.513020833333333,0.6195306717750011,0.18336897741906039,0.20852966861110495,0.2303519631455358,3.93984375,1564.37578125,0.0030109274132901535,11.3265625,959.2,0.011058752386333942,44.6921875,89900.45,0.02837499737232114,1567.0,4757.0,414.0,2615.0,6428.0,3.015234375,10.3859375,16.63125,0.1891865725935783,248.91061170789933
0.9973958333333334,12.029166666666667,16091.316145833332,0.19566306301470213,0.008229989754540227,0.4460291914732756,0.003133411478683685,6.526822916666666,0.6434014547973675,0.18370056204637505,0.2085170479851975,0.2306590819175153,4.03359375,1455.20234375,0.0029203819430899045,11.215625,872.0375,0.01054340286328424,44.825,89855.05,0.027155007891597506,1560.0,4738.0,423.0,2617.0,6437.0,3.08828125,10.30625,16.5015625,0.19106356866771096,250.2074826388889
0.9973958333333334,11.957291666666666,16258.905208333334,0.1939344220898074,0.008550644623857833,0.4343527590078108,0.0031146891551619344,6.546614583333334,0.6399947730638558,0.1819307286111078,0.20710486726357602,0.22877875083083707,4.000390625,1592.5984375,0.0029984691109050674,11.2296875,1240.0,0.011077361211406483,44.5125,89943.0375,0.02823263008812025,1573.0,4739.0,447.0,2581.0,6398.0,3.043359375,10.3296875,16.7765625,0.19659816514428993,245.70650933159726
0.9981770833333333,11.999479166666667,16272.6890625,0.19467760497619419,0.008461781611238084,0.44734895236310623,0.0031256783450551357,6.470572916666667,0.6433004904726768,0.18258079721256606,0.2081343562290761,0.22960808477782493,3.99609375,1668.41328125,0.003017821523317836,11.25625,899.028125,0.010951826521193437,44.75625,90063.453125,0.02774757705296373,1564.0,4760.0,426.0,2599.0,6442.0,3.03984375,10.3703125,16.29375,0.19273746557387558,248.00677056206598
0.9986979166666666,11.944791666666667,16363.847916666668,0.19405870399068212,0.008336762751573867,0.43009326512920915,0.003111433098897282,6.459375,0.6459405249847389,0.18203814507595084,0.20731238075580832,0.228887262884481,3.94375,1645.67109375,0.0029731761817581603,11.41875,1313.703125,0.010800607602972422,44.475,90286.7,0.027327264179438142,1555.0,4820.0,423.0,2587.0,6382.0,3.030859375,10.4640625,16.16875,0.1914640034943292,247.46361870659723
0.9979166666666667,12.019791666666666,16323.440104166666,0.19405304638813659,0.008166768843041563,0.4342244151079407,0.0031309694364851956,6.521354166666667,0.6462431753184852,0.18181753138879786,0.20768990372410784,0.2293582490495203,3.928125,1787.6484375,0.0028036482126038475,11.4421875,951.55625,0.01066667245720392,44.9640625,89838.490625,0.027119347750630067,1570.0,4839.0,429.0,2615.0,6480.0,2.98671875,10.521875,16.659375,0.19144322173387673,253.15846245659728
0.9986979166666666,11.960416666666667,16280.785416666668,0.19482506528335797,0.008072154274025715,0.44351975905358204,0.0031155031692280976,6.573177083333333,0.641046855948441,0.18280171228812483,0.20805883377056275,0.2296847087770859,3.96171875,1651.59921875,0.0028667099915095228,11.2765625,1018.153125,0.010430176648410719,44.6390625,90060.1625,0.026535909029705474,1589.0,4738.0,418.0,2615.0,6403.0,3.030078125,10.353125,16.965625,0.1896968338635676,247.81249565972223
0.9984375,12.026041666666666,16144.7203125,0.1958495222338079,0.008465315241691463,0.438593657625834,0.003132597464617522,6.598177083333334,0.640753572975314,0.18381002931318577,0.2089205119067347,0.23093650424336953,3.959765625,1486.671875,0.0030050467539567624,11.3828125,1359.121875,0.010963580240487863,44.934375,89562.5125,0.027808124193833866,1601.0,4734.0,418.0,2628.0,6482.0,3.0203125,10.41875,17.0890625,0.19331392536016861,250.64775933159726
0.9989583333333333,12.008854166666667,16229.2375,0.19531964336894686,0.008500184726489675,0.4315688247262298,0.003128120387253625,6.615104166666667,0.6529904150583337,0.18339712822202509,0.20837071403073776,0.22995863329484312,3.98984375,1583.0921875,0.0030460256014344157,11.415625,1125.115625,0.011066266955781695,44.678125,89917.940625,0.02775073899741869,1583.0,4817.0,429.0,2642.0,6328.0,3.05546875,10.49375,16.975,0.18746348575077942,246.48846327039934
0.9984375,11.9234375,16087.315104166666,0.19627314645572336,0.008806431523810988,0.4390344047923058,0.003105870669445168,6.469270833333334,0.6426418555890447,0.18451388746395475,0.20884591478852274,0.2307374140899987,3.9875,1384.98515625,0.0032480936094733777,11.1875,995.14375,0.011201616450897862,44.403125,89988.80625,0.02864459825407455,1578.0,4683.0,407.0,2690.0,6256.0,3.071484375,10.25,16.2796875,0.1864171734952678,244.04830485026045
0.9981770833333333,11.944270833333333,16299.573958333332,0.19443666780546226,0.008126039840399437,0.43891808880227423,0.003111297429886255,6.451302083333333,0.6364191339990407,0.18243532237369992,0.20759941091302592,0.22927930642494815,3.95234375,1713.2515625,0.002870142327656833,11.25625,1022.765625,0.0104611212850779,44.6,89921.671875,0.02681454844669139,1599.0,4713.0,404.0,2645.0,6386.0,3.012109375,10.328125,16.33125,0.19089851952633355,247.51408175998264
0.9986979166666666,11.929166666666667,16251.554166666667,0.195045689686617,0.00799816213145883,0.44382441814679,0.003107363028566467,6.4484375,0.6542961928047503,0.18314468591908037,0.2080135882022706,0.22968180624111004,3.96875,1573.66328125,0.0028173846212961274,11.2046875,978.678125,0.010283013731717429,44.4953125,90235.99375,0.026436420571851037,1582.0,4712.0,410.0,2656.0,6328.0,3.0484375,10.2859375,16.2109375,0.18702627297792074,245.41737847222223
0.9981770833333333,11.9828125,16064.107291666667,0.19625341750510034,0.008409115141168322,0.44266071239023197,0.0031213369367022663,6.543229166666666,0.6439344547311687,0.18442755899092617,0.20896231811457647,0.23084795095232097,3.991015625,1333.77578125,0.002999136017299218,11.29375,945.959375,0.010799630213024478,44.6390625,90103.58125,0.02765851656478859,1601.0,4729.0,416.0,2690.0,6306.0,3.0640625,10.3546875,16.6484375,0.1884111232328472,248.2200170898437
0.9984375,11.9046875,16129.401041666666,0.19584468600477684,0.008160073324724107,0.4344401762842721,0.0031009865850481896,6.49140625,0.6457540359627247,0.18400690730158004,0.20854494357343797,0.2304955432489031,4.0046875,1351.953125,0.0028864984684796443,11.1859375,1129.55625,0.010473948624448677,44.2234375,90239.0375,0.026940497449977403,1527.0,4708.0,395.0,2642.0,6300.0,3.0734375,10.221875,16.4328125,0.1923432838170508,243.98674886067704
0.99921875,11.988541666666666,16137.064583333333,0.19640001124047046,0.008033736588439762,0.43211863892116803,0.003122829295823565,6.508072916666666,0.6286384568598488,0.18452083424024737,0.2089433150894125,0.23137341539242087,4.0125,1392.1703125,0.002808307361436489,11.1921875,1041.675,0.010249450062052384,44.6890625,90212.03125,0.026719740022840232,1554.0,4700.0,416.0,2640.0,6424.0,3.055078125,10.2765625,16.5515625,0.19695591879397076,251.59778537326392
0.9971354166666667,11.96875,16073.672395833333,0.19542173614666986,0.007733614654205048,0.43554789307596053,0.0031176738734045324,6.498177083333333,0.6464751958224543,0.18347660460831533,0.20816739728428155,0.23045660116247638,4.015625,1353.26640625,0.0026976692711983856,11.13125,1072.390625,0.00974551570280439,44.61875,89956.578125,0.025865495137632356,1513.0,4772.0,418.0,2645.0,6370.0,3.07578125,10.253125,16.4328125,0.19134022685679453,249.09485677083333
0.9981770833333333,11.914583333333333,16169.703645833333,0.19527729403417624,0.00805167297427074,0.43804824033192735,0.003103564296257706,6.47890625,0.6386168910648715,0.18336408942899982,0.20821661830826094,0.22999078818079727,3.93671875,1396.69140625,0.00277832731318012,11.1765625,1082.09375,0.010375545065777692,44.5640625,90349.3625,0.02682118352712628,1546.0,4753.0,412.0,2642.0,6373.0,3.021484375,10.271875,16.515625,0.1886908046611657,249.5312456597222
0.9966145833333333,11.9859375,16079.310416666667,0.195053057649008,0.008436825170280325,0.43799979022294766,0.0031221509507684294,6.5265625,0.6330769565028462,0.18294616361780108,0.20828518665632895,0.23024850476651473,3.9609375,1436.165625,0.002944388099653624,11.2875,1000.840625,0.01088229775207129,44.784375,89730.359375,0.02796110087099617,1552.0,4783.0,440.0,2552.0,6469.0,3.01953125,10.3609375,16.7203125,0.18748482760821064,251.69303141276038
0.9981770833333333,11.909375,16326.13125,0.19393846337378676,0.008081557669782724,0.434949336018448,0.0031022076061474344,6.477083333333334,0.6503105046794367,0.18182676785700388,0.20730767503173583,0.22901603378296925,3.959765625,1656.68046875,0.0027728205454373447,11.209375,1228.4375,0.010430569670793203,44.4078125,90101.628125,0.02696749416615376,1545.0,4732.0,434.0,2586.0,6380.0,3.03359375,10.265625,16.4625,0.1905049077623274,246.92564127604166
0.9981770833333333,11.945833333333333,16287.388020833334,0.1941603488365735,0.0075530860115884365,0.43394216843359895,0.0031117044369193365,6.551041666666666,0.6456226020230206,0.18213867998645314,0.20724190007575372,0.22916547299787463,3.948828125,1542.9640625,0.0025742096170025346,11.34375,1189.1125,0.009764714816380828,44.5359375,90363.359375,0.025256962785139652,1545.0,4776.0,439.0,2596.0,6383.0,3.042578125,10.3859375,16.75,0.1894972188779379,247.48248263888888
0.9986979166666666,11.9859375,16263.682291666666,0.1949191253634265,0.008121108793370791,0.4361800932121595,0.0031221509507684294,6.527083333333334,0.6418980576196063,0.1828929331999026,0.20803260996352257,0.22991040941742608,3.965234375,1466.11875,0.002799116705500328,11.2609375,1320.296875,0.010444155958668839,44.79375,90397.321875,0.027086029979554588,1536.0,4777.0,414.0,2617.0,6459.0,3.019921875,10.3203125,16.7625,0.1886265798389588,252.17167724609376
0.9994791666666667,12.000520833333333,16297.455729166666,0.19511498025409071,0.008201326747602317,0.43338102797630706,0.00312594968307719,6.54140625,0.6383403498112061,0.1830881867708623,0.20819728365189638,0.23013985078919869,3.941015625,1595.99140625,0.002860522092734782,11.2265625,1162.115625,0.010492217315201176,45.0125,90238.653125,0.02727365479947359,1572.0,4708.0,423.0,2648.0,6504.0,3.028515625,10.3015625,16.8328125,0.19066163075535647,255.83281222873265
0.9986979166666666,12.00625,16324.178125,0.19438159563680704,0.008226475329651433,0.43588159488510747,0.0031274420421984893,6.519791666666666,0.6483602290473711,0.18228175691436682,0.20773303312056246,0.22942951304281262,3.96953125,1642.7203125,0.0028496678398708063,11.340625,1281.128125,0.010599112108212825,44.81875,90093.059375,0.027361068510212548,1542.0,4776.0,428.0,2569.0,6507.0,3.04140625,10.3640625,16.5890625,0.1922991212286514,253.41454427083335
0.9986979166666666,11.9359375,16252.486458333333,0.19501995046521253,0.00790432399948856,0.4395465348537388,0.00310912672570982,6.4796875,0.6434524588733255,0.18313026080142675,0.20775485880512995,0.2298438007804382,4.01640625,1498.91328125,0.002766258075577119,11.1671875,1104.171875,0.010152770854757704,44.3828125,90415.09375,0.026208140839865175,1552.0,4721.0,435.0,2556.0,6372.0,3.046875,10.25625,16.434375,0.19167618116146878,247.20787516276042
0.9984375,11.934895833333334,16260.66875,0.19468284793124285,0.00822144546685723,0.4357649585107746,0.003108855387687766,6.47734375,0.6288457342352171,0.18268219522645185,0.20762158794813207,0.22974671873351746,3.976171875,1576.44375,0.002882965742100696,11.1546875,1084.084375,0.010483785502344311,44.55,90174.153125,0.027313024330396295,1507.0,4704.0,426.0,2618.0,6405.0,3.0359375,10.1734375,16.546875,0.19204252388851187,250.21815728081594
0.99765625,11.948958333333334,16120.807291666666,0.1953740754985467,0.008234493444683365,0.4470583835018843,0.0031125184509854997,6.489322916666667,0.6155086740475982,0.18335218475753273,0.2085762733646112,0.23025944059653805,3.99375,1392.88203125,0.002915679351973096,11.121875,1156.103125,0.010496813241338632,44.596875,89997.2125,0.02724743001886918,1518.0,4733.0,398.0,2587.0,6436.0,3.069140625,10.184375,16.475,0.18608907082724865,251.1307280815972
0.9984375,11.8671875,16238.671354166667,0.19481703730905647,0.008252652256716207,0.4360134756994601,0.003091218416254233,6.48125,0.651964011411016,0.1828484569336099,0.20803885382217682,0.2294695422977225,3.920703125,1447.7671875,0.002915022081934569,11.11875,1017.634375,0.010631275956113795,44.4015625,90623.325,0.02722454925644515,1548.0,4677.0,411.0,2585.0,6403.0,3.008203125,10.1921875,16.6625,0.18687334148226623,247.3938191731771
0.99765625,11.961458333333333,16205.828645833333,0.1945052049892418,0.008274048899023853,0.4449202399912165,0.003115774507250152,6.50703125,0.6386397282939998,0.18251243814416532,0.20770787011103503,0.22927360724775445,4.014453125,1440.6359375,0.002921695503853318,11.2328125,887.471875,0.0106143132905694,44.478125,90584.95625,0.027343198088160443,1543.0,4735.0,424.0,2588.0,6383.0,3.064453125,10.3046875,16.4796875,0.1947984440514823,247.82768120659722
0.99609375,11.994270833333333,16134.7734375,0.19430099193195416,0.008474229433006157,0.4397687115103492,0.003124321654944864,6.534635416666666,0.6302922402188544,0.18204180278947613,0.20783760764329334,0.22980113279052716,3.908984375,1474.165625,0.0029476745428159935,11.321875,953.078125,0.010847440447409429,45.0078125,89958.9,0.02820723797936353,1520.0,4785.0,451.0,2639.0,6454.0,3.009375,10.371875,16.7984375,0.18621753227719703,255.26298800998268
0.9986979166666666,11.95,16222.179166666667,0.1952522533564429,0.008368784231432787,0.4413880882275309,0.003112789789007554,6.494791666666667,0.6531119246861925,0.1831681123675657,0.2084087988462108,0.23043227182218376,3.946484375,1546.69296875,0.002895081064657877,11.26875,1068.446875,0.010727842679545218,44.6453125,90077.85625,0.027904538450419996,1547.0,4770.0,434.0,2601.0,6402.0,3.02265625,10.325,16.553125,0.1865371161165435,251.46989583333334
0.9986979166666666,11.88125,16387.209375,0.19380419785781586,0.00806327303136695,0.4328404016304753,0.0030948814795519666,6.453125,0.6510608451692091,0.18179701174022309,0.20686664439192182,0.22877049579408065,3.927734375,1687.33046875,0.00276305235490536,11.2484375,993.3375,0.010396086819120107,44.328125,90580.596875,0.026931341949460154,1555.0,4695.0,449.0,2574.0,6342.0,3.010546875,10.2625,16.4140625,0.18842044972348956,248.21089843749996
0.99921875,11.856770833333334,16342.5546875,0.19445850167817788,0.008126536430704667,0.4375292096067177,0.003088505036033689,6.409114583333333,0.6335602899187349,0.18248161757525747,0.2075995368612511,0.2292250029067863,3.946484375,1490.8171875,0.0027880165231175076,11.2484375,1390.69375,0.010543733574224504,44.10625,90701.365625,0.02706341891753346,1586.0,4695.0,428.0,2631.0,6251.0,3.0140625,10.240625,16.1578125,0.18941636929638958,244.09198540581596
0.996875,11.927083333333334,16171.156770833333,0.1944078662731241,0.008206282122379822,0.4393886410860054,0.0031068203525223582,6.48203125,0.6366812227074236,0.1822578405577291,0.20793791708630124,0.22947791832152675,3.946875,1520.19375,0.0028972473433719983,11.33125,934.159375,0.01054294360192494,44.44375,90012.00625,0.027105759758866005,1579.0,4747.0,434.0,2602.0,6346.0,3.004296875,10.3859375,16.4890625,0.18990422463092008,247.11499565972224
0.9984375,11.829166666666667,16319.293489583333,0.19406543968983408,0.008435083004311028,0.4387382452995393,0.003081314578449249,6.4234375,0.6415991546319126,0.18204246737664792,0.2074336293288796,0.22878913930353323,3.92578125,1540.44609375,0.0029183350388541397,11.19375,1212.753125,0.01098752520561856,44.078125,90541.2234375,0.027949632664831053,1583.0,4684.0,418.0,2634.0,6249.0,3.006640625,10.2796875,16.234375,0.19001673478117515,241.30987847222224
0.9989583333333333,11.843229166666667,16448.290625,0.1936093564441391,0.00813407969746691,0.43305470338292373,0.003084977641746983,6.48828125,0.6405734640925282,0.18154961906383238,0.20705513326410604,0.22840252914539896,3.940625,1798.3734375,0.0028165538972435298,11.1296875,1140.865625,0.010511709867365049,44.1671875,90355.384375,0.027026552728462293,1572.0,4686.0,416.0,2624.0,6313.0,3.01796875,10.2171875,16.640625,0.19332691789233852,243.48896457248264
0.9973958333333334,11.823958333333334,16401.094270833335,0.19285630060734782,0.0075831639258663,0.42922488382257395,0.003079957888338977,6.486979166666667,0.6296361554048101,0.18068349160072353,0.20629149816152528,0.2281123390796674,3.97265625,1741.6765625,0.002613425344924223,10.99375,1051.240625,0.009713336608850954,44.059375,90388.61875,0.025331945566649954,1584.0,4580.0,419.0,2610.0,6349.0,3.04609375,10.1046875,16.6328125,0.20190609571832846,242.44140516493056
0.9989583333333333,11.957291666666666,16386.111979166668,0.1940138525948334,0.007929542434899482,0.44141471400080845,0.0031146891551619344,6.49609375,0.6427389145395941,0.18203830402333093,0.2071508729655737,0.22877902651010293,3.9890625,1639.8546875,0.0027645452384693512,11.265625,1261.378125,0.010252929654265221,44.521875,90495.875,0.026266144001254266,1569.0,4709.0,440.0,2605.0,6367.0,3.032421875,10.3171875,16.5296875,0.1925950595843893,245.03359266493058
0.9958333333333333,11.876041666666667,16398.761979166666,0.19177949297388042,0.007483354248421266,0.43024792216920116,0.003093524789441695,6.51484375,0.6188930795544251,0.17959146270388698,0.20552932327374132,0.2267817837539933,3.9328125,1768.9125,0.0025140542188438,11.3203125,1630.7875,0.009821889617441616,44.2046875,89686.134375,0.025022018997710775,1557.0,4733.0,442.0,2604.0,6333.0,2.987890625,10.340625,16.796875,0.1972324404281463,241.86275933159723
0.9966145833333333,11.908854166666666,16471.065104166668,0.19172962011023215,0.007393181079480491,0.4264884405248012,0.003102071937136407,6.52109375,0.6509075005466871,0.17939991804713262,0.20578499790744847,0.22699305056541413,3.96328125,1832.74375,0.002485868801666769,11.3421875,1358.31875,0.00969077496378961,44.2578125,90137.096875,0.02472483630642626,1578.0,4720.0,440.0,2649.0,6312.0,3.00546875,10.3453125,16.759375,0.20200991503980845,243.48387993706595
0.9979166666666667,12.047916666666667,16298.054166666667,0.19408901662288133,0.00810905382174609,0.4424930919727333,0.0031382955630806634,6.6015625,0.6491872730416739,0.18198893072846273,0.20748719150745426,0.2290911853159828,3.97421875,1665.084375,0.0028246909249461842,11.3875,922.56875,0.010568901867142556,45.003125,90205.41875,0.026786657363549238,1592.0,4775.0,408.0,2702.0,6432.0,3.02421875,10.4484375,17.0640625,0.19310980852515006,251.58207899305563
0.99765625,11.994270833333333,16351.793229166668,0.19354798532524115,0.007586094312507526,0.43481005533626677,0.003124321654944864,6.579427083333333,0.6464892092578922,0.1814480384510934,0.20689087501441553,0.22860488313265784,3.9578125,1745.346875,0.0025884891691117877,11.340625,1044.325,0.009789662328286191,44.79375,90085.046875,0.02537294687031181,1607.0,4740.0,426.0,2659.0,6418.0,2.992578125,10.3921875,17.1140625,0.19368752020890373,249.28642550998268
0.9986979166666666,11.968229166666667,16307.360416666666,0.19446612579352837,0.008255263689559483,0.43459752383103484,0.003117538204393505,6.576302083333333,0.6575133817833674,0.18250137500837096,0.20753527255962084,0.2292559821680654,3.980078125,1591.5484375,0.002853848485304653,11.2,1145.4375,0.010694490946282487,44.6890625,90332.53125,0.027421697249855805,1602.0,4698.0,386.0,2692.0,6427.0,3.0609375,10.315625,16.8984375,0.20030208355721052,247.63128228081598
0.9989583333333333,11.9453125,16402.3328125,0.1938078289972541,0.0078719421301477,0.43055127612611255,0.0031115687679083093,6.477604166666667,0.6431218661434489,0.1819652801284522,0.2065613752375457,0.2284244782321699,4.003515625,1753.2609375,0.002718585224052101,11.3328125,960.728125,0.010269667669382206,44.325,90440.225,0.02608764421529559,1614.0,4720.0,427.0,2612.0,6347.0,3.0421875,10.4015625,16.2953125,0.2021424076253876,242.6975301106771
0.9986979166666666,11.896875,16343.154166666667,0.19432036307867995,0.008185837343224377,0.4312156702353011,0.003098951549882782,6.4890625,0.6412310655809473,0.1823318005070557,0.207516186534003,0.22907878990985395,3.9625,1782.8,0.002826835620999778,11.2328125,1166.653125,0.010709533659762165,44.2984375,89761.071875,0.027098147915584993,1609.0,4723.0,424.0,2575.0,6406.0,2.98359375,10.3484375,16.6515625,0.20003046285966633,243.95082356770834
0.9986979166666666,11.832291666666666,16398.160416666666,0.19377946660274514,0.007993488399623544,0.4371399774190615,0.003082128592515412,6.462239583333333,0.6256272559204156,0.18193544629538577,0.20680638700869727,0.2281286274262307,3.969140625,1776.77265625,0.002814324971239701,11.1921875,1154.365625,0.010381079317776026,43.925,90127.50625,0.026322551195006438,1600.0,4671.0,416.0,2584.0,6253.0,3.052734375,10.2703125,16.2921875,0.19191777899348753,240.29166558159724
0.9986979166666666,11.894270833333334,16320.921354166667,0.19445896087895573,0.007892686320889719,0.4355310455642646,0.003098273204827646,6.478125,0.6185138152997329,0.1824746912953273,0.20755736031064917,0.22929763978177592,3.9421875,1642.37265625,0.0027083945837337465,11.1921875,1221.1875,0.010199715764049658,44.4046875,90134.85,0.026322823826353665,1571.0,4676.0,402.0,2615.0,6418.0,2.993359375,10.25,16.6453125,0.19790686449019992,246.60965467664926
0.9997395833333333,11.852083333333333,16473.583333333332,0.19382503186240382,0.007948116827467374,0.4291618097014625,0.0030872840149344448,6.521875,0.6424679205484268,0.18190857945493955,0.20690996964374136,0.22840590371092354,3.96796875,1748.9421875,0.002738378307065811,11.1,1320.1375,0.010206251528011545,44.140625,90525.59375,0.02652893620852944,1552.0,4680.0,438.0,2581.0,6368.0,3.026171875,10.2078125,16.81875,0.20262488929982547,243.40624565972223
0.9979166666666667,11.89375,16283.057291666666,0.1942735723739829,0.008227877783093472,0.4327285096639701,0.003098137535816619,6.5109375,0.6333858819407953,0.18241672733975864,0.20695154457317272,0.2290229803116901,3.966796875,1629.2640625,0.0028854835861423884,11.2296875,1134.16875,0.010514709276015059,44.265625,90047.11875,0.027310623077976215,1563.0,4706.0,432.0,2557.0,6402.0,3.028125,10.2578125,16.6953125,0.19838873003484614,246.11683593750004
0.99921875,11.923958333333333,16372.0828125,0.19438914529641274,0.00860267030174841,0.4322459676267047,0.003106006338456195,6.546614583333334,0.6400803704027256,0.18254876411455184,0.2072364428935014,0.22890337242676778,4.02265625,1670.1203125,0.0030889308218491063,11.1953125,1212.109375,0.010971418066059512,44.2578125,90339.90625,0.02828888045703453,1566.0,4723.0,424.0,2569.0,6367.0,3.083203125,10.2625,16.684375,0.19777811181990548,244.27286349826392
0.9979166666666667,11.9265625,16183.046354166667,0.19505958643134905,0.008396004094597459,0.438553021616976,0.003106684683511331,6.519270833333334,0.6114240796541334,0.18330195675849342,0.20738345622395507,0.22976623533016563,3.94296875,1503.778125,0.003014032472950799,11.1515625,1189.259375,0.010642866037660298,44.6359375,89893.90625,0.02767702863812125,1517.0,4704.0,427.0,2598.0,6472.0,3.01328125,10.2140625,16.8484375,0.19462948155305249,247.8034611002604
0.9984375,11.9328125,16239.882291666667,0.1948956212851695,0.008640709126849666,0.43041517219210473,0.003108312711643657,6.520052083333334,0.6411330801798263,0.18302321767123317,0.20780457545219858,0.2294762815738857,3.9875,1582.28515625,0.003114198209483819,11.1984375,1096.184375,0.011073845903603705,44.4484375,90013.96875,0.028313616019559017,1555.0,4716.0,428.0,2537.0,6445.0,3.04140625,10.2375,16.7171875,0.19334880645630334,245.5569441731771
0.9981770833333333,12.0234375,16173.953125,0.19533941959067366,0.008537441823282636,0.4300252339927132,0.003131919119562386,6.585677083333334,0.636430582629413,0.18359852782083447,0.20774819197625055,0.22989421428445372,4.017578125,1507.05859375,0.003096027024737768,11.3078125,1154.65,0.010941772245323073,44.7625,89860.834375,0.027898770595421674,1534.0,4783.0,414.0,2608.0,6450.0,3.051171875,10.3390625,16.9703125,0.19307022937246274,249.40413818359374
0.9984375,12.034375,16142.0046875,0.1958027756329889,0.008494966006726319,0.4364405112812174,0.0031347681687939567,6.596875,0.637626590495975,0.18401802852165672,0.20831606736351124,0.23042847234779534,4.01171875,1453.71875,0.0030744109194393537,11.3484375,1117.25,0.01084999005093211,44.8109375,89919.903125,0.027822162311668397,1567.0,4761.0,413.0,2624.0,6437.0,3.078515625,10.3734375,16.89375,0.19119784709469947,249.23423502604172
0.99765625,11.946354166666667,16247.661979166667,0.194369793327989,0.008721418487397593,0.43209841836801116,0.0031118401059303637,6.56796875,0.6522213018267429,0.18245138549307635,0.20706544911219918,0.22934776888342956,3.970703125,1596.07109375,0.003094345816013053,11.16875,1335.515625,0.011205396031309805,44.6265625,89766.171875,0.02874573162902354,1587.0,4693.0,403.0,2672.0,6408.0,3.02890625,10.275,17.0171875,0.19622466648049033,247.93514295789933
0.9966145833333333,11.9296875,16300.156770833333,0.19325950160532496,0.008619639209737592,0.43272104874167755,0.0031074986975774942,6.458854166666667,0.6478061558611656,0.1812299902878316,0.2063970303490402,0.22824001813158307,3.99140625,1722.221875,0.0030338779300797284,11.2515625,1450.615625,0.011127662796384424,44.3609375,89461.4375,0.02845466074172221,1579.0,4723.0,440.0,2607.0,6363.0,3.040234375,10.3015625,16.290625,0.19849806656272925,245.15859781901042
0.99921875,11.9828125,16286.5609375,0.19508453640842258,0.008363701463288714,0.4313184392095597,0.0031213369367022663,6.575,0.6399356717520754,0.18312661226802324,0.20804760961938049,0.22995315975906205,4.001171875,1655.365625,0.0029103858081548717,11.2515625,1317.45,0.010851886825204524,44.640625,89780.453125,0.027688778721908273,1574.0,4725.0,424.0,2640.0,6418.0,3.039453125,10.3078125,16.984375,0.20105720237602057,248.31897542317705
0.9979166666666667,11.928125,16272.453125,0.19418954815871395,0.008041215315351399,0.4265217298920761,0.0031070916905444126,6.559635416666667,0.6392018164352459,0.182046484833054,0.20749494766198887,0.22945640195807898,3.918359375,1665.33671875,0.0027075185859258936,11.234375,1171.065625,0.01047551754977456,44.6609375,89802.30625,0.026941699998630265,1597.0,4754.0,430.0,2670.0,6398.0,2.969921875,10.36875,17.109375,0.19551934381912112,247.70993815104165
0.9979166666666667,12.006770833333333,16264.382291666667,0.19441322842273662,0.008391231582285042,0.43439408589882156,0.0031275777112095165,6.572395833333333,0.6292022730230339,0.18228942094227726,0.20778262390521424,0.2295390628620963,3.963671875,1680.1671875,0.0029502311915548746,11.3265625,1191.221875,0.010747787261792647,44.859375,89674.403125,0.027798677465698102,1574.0,4763.0,415.0,2667.0,6458.0,3.0140625,10.3796875,16.9984375,0.19712064104851154,250.97234998914928
0.9984375,12.019791666666666,16261.709895833334,0.19486662858872736,0.008801441946962125,0.437465900674122,0.0031309694364851956,6.597395833333334,0.6437299592685675,0.18277117319561503,0.2080326359991232,0.2300824427507806,3.97578125,1701.95625,0.003135060781120265,11.271875,1068.028125,0.011272849657012914,44.94375,89694.40625,0.02899555890027878,1580.0,4727.0,436.0,2633.0,6494.0,3.040234375,10.3390625,17.084375,0.19665742110017442,250.95533745659722
0.9979166666666667,11.884895833333333,16197.015104166667,0.19490406946743571,0.008319939456263973,0.43949313515630417,0.003095831162629157,6.44375,0.6426661992199483,0.1830639579201085,0.20750637270580166,0.2296622124183787,3.963671875,1512.91796875,0.00294073913165427,11.065625,858.753125,0.010683805183030174,44.3890625,90271.665625,0.027472875027936584,1593.0,4649.0,422.0,2651.0,6339.0,3.03515625,10.1703125,16.3515625,0.19304963304201778,245.43362603081601
0.9986979166666666,11.8875,16311.5234375,0.19445143391140612,0.008252345823625579,0.4329475370538788,0.003096509507684293,6.512760416666667,0.6399404135997196,0.18247958007059378,0.2074821796299405,0.22930810355612116,3.921875,1594.6453125,0.002892002429332226,11.184375,1283.05625,0.01060227269938568,44.453125,90207.503125,0.027343792525038896,1546.0,4724.0,422.0,2648.0,6353.0,3.000390625,10.2421875,16.8328125,0.19010610756757093,245.92484374999998
0.9966145833333333,11.947395833333333,16248.790104166666,0.19373810039729877,0.008665303015494176,0.43539370710875785,0.003112111443952418,6.55625,0.6233052879375736,0.1816535627542883,0.20688231677003782,0.22893203459660158,3.9796875,1659.62109375,0.0030586980895617403,11.271875,1104.25625,0.011228859924535357,44.49375,89750.0,0.02852816581018274,1544.0,4733.0,419.0,2655.0,6346.0,3.033203125,10.315625,16.8890625,0.19464554610349297,245.11702446831598
0.99765625,11.950520833333334,16310.730208333332,0.1937692174334612,0.008397213163855879,0.4334736635261465,0.0031129254580185813,6.544270833333333,0.6415341032904772,0.18163489001820038,0.2072632250349879,0.22881251949297782,3.995703125,1682.56484375,0.0029493412600849036,11.371875,1271.0375,0.01098028617727558,44.3484375,89863.084375,0.02760562776552008,1558.0,4793.0,413.0,2644.0,6300.0,3.053515625,10.4109375,16.640625,0.19408068895081146,244.95692681206594
0.9981770833333333,11.922916666666667,16274.709375,0.19448938930300136,0.00802955226709959,0.4334200677043479,0.0031057350004341407,6.444010416666667,0.6294338633583785,0.18243360376592538,0.20796123124050275,0.22924068951380389,3.96171875,1602.79765625,0.0027946329400976243,11.2609375,1166.86875,0.010489985736205732,44.4296875,90070.196875,0.02650879610600131,1562.0,4759.0,397.0,2583.0,6394.0,3.02578125,10.3515625,16.209375,0.18853165822207765,246.84301649305556
0.99765625,11.8546875,16238.597916666668,0.19442039674068912,0.008149659915220387,0.43053056870963585,0.0030879623599895808,6.489583333333333,0.6425903958525548,0.18260763284987716,0.20668016353605098,0.22941168550857496,3.94375,1622.98046875,0.0028341160373011732,11.1765625,756.73125,0.010648753944712104,44.1765625,90182.934375,0.026912741397405526,1519.0,4717.0,411.0,2579.0,6382.0,2.982421875,10.2625,16.7453125,0.19817853857275872,244.5497176106771
0.9971354166666667,11.882291666666667,16182.880729166667,0.19447411351218455,0.00723417388407889,0.435660222091526,0.003095152817574021,6.48046875,0.6489436311037082,0.18240181977473363,0.20778483352337043,0.2294525684508022,3.926171875,1448.92421875,0.0024659682936510425,11.2703125,1159.121875,0.009374483190042701,44.31875,90142.465625,0.024166686939826466,1567.0,4737.0,425.0,2603.0,6345.0,2.98671875,10.325,16.6109375,0.19039419611394703,245.7684364149306
0.99765625,11.9578125,16251.214583333332,0.19419296605196185,0.008121336921926044,0.4342473855903352,0.0031148248241729616,6.461979166666667,0.6347401890326234,0.18209465049298104,0.2076546547174769,0.2291245396223701,3.9796875,1602.1265625,0.002873523839994881,11.3625,1088.684375,0.010499288272761772,44.465625,90010.096875,0.026734637898814972,1574.0,4783.0,423.0,2596.0,6358.0,3.04609375,10.403125,16.184375,0.18991011157176363,246.66801188151038
0.9981770833333333,11.954166666666667,16298.755208333334,0.1941897765083852,0.008367403660489381,0.4350775443629476,0.0031138751410957717,6.533072916666667,0.6426890902753573,0.18212977852927753,0.2075172902600201,0.22910225467318104,3.984765625,1707.428125,0.002997505361202938,11.2640625,831.30625,0.010686439012711114,44.521875,90131.5125,0.027527961505413423,1595.0,4712.0,414.0,2645.0,6351.0,3.0359375,10.3625,16.6921875,0.19428995580346548,245.79008680555555
0.99765625,11.844270833333333,16413.666666666668,0.19287049576605664,0.008310139348972416,0.4285778597918065,0.0030852489797690372,6.476041666666666,0.6416604370959941,0.18068157856611575,0.206590429444483,0.22790623088739365,3.89296875,1769.20546875,0.0028410201568083854,11.265625,1115.83125,0.010919144039711387,44.228125,90289.346875,0.02757761142688957,1569.0,4746.0,444.0,2577.0,6345.0,2.96796875,10.346875,16.6375,0.1928727647635115,244.12001925998263
0.9984375,11.919791666666667,16361.709375,0.19391947839159268,0.008332789890868313,0.4366008441300154,0.003104920986367978,6.530729166666666,0.6641178012758892,0.18182755923636532,0.2073478670382774,0.2288587663658174,3.964453125,1716.73359375,0.002899340373630147,11.2765625,1175.315625,0.01082756728794545,44.384375,90128.00625,0.027571810562743836,1597.0,4720.0,419.0,2604.0,6377.0,3.026953125,10.3640625,16.7125,0.19628499628666912,245.1571082899305
0.9979166666666667,11.919791666666667,16437.0859375,0.19309750203445183,0.008406304653749133,0.4361400442953196,0.003104920986367978,6.470572916666667,0.6245739753561129,0.1809305549813191,0.20680106991253,0.2280617223689047,3.955859375,1841.30859375,0.002934640522997465,11.29375,1108.496875,0.010936718167728721,44.4015625,90148.784375,0.027762547662776214,1595.0,4747.0,424.0,2662.0,6295.0,2.997265625,10.365625,16.46875,0.19208529459945733,245.97846245659724
0.9984375,11.99375,16340.716145833334,0.19393346290113805,0.008513138543840495,0.4313910521864906,0.003124185985933837,6.54453125,0.6182907764460657,0.1818344099044543,0.2073808519372479,0.22888228585176326,3.9765625,1641.96484375,0.0029717925750730517,11.38125,1407.065625,0.011095026093464804,44.675,90069.371875,0.028096634869285958,1580.0,4791.0,428.0,2635.0,6378.0,3.015625,10.4234375,16.78125,0.19104306095094126,249.22496093750001
0.9986979166666666,11.916666666666666,16352.514583333334,0.19415020943559608,0.00826238940738391,0.4276371245980751,0.0031041069723018147,6.4890625,0.6583916083916084,0.1819989320771139,0.20772133466451842,0.22918419364060244,3.937109375,1741.06640625,0.00280574190059977,11.3078125,1118.846875,0.010923202943301978,44.44375,90031.975,0.02742816589860241,1590.0,4755.0,424.0,2576.0,6421.0,2.99609375,10.378125,16.571875,0.19465744333864277,247.09826388888894
0.99765625,11.866145833333333,16297.599479166667,0.19393336465970426,0.008368832657733877,0.43569449424044915,0.0030909470782321787,6.438541666666667,0.6518017820304614,0.181929010250111,0.20701955226148727,0.22886459469629422,3.9546875,1726.99296875,0.002936676583283699,11.1890625,1173.81875,0.010850673775364408,44.1890625,89703.80625,0.027615615837904055,1551.0,4727.0,407.0,2601.0,6342.0,2.9953125,10.2515625,16.3984375,0.1931270979660492,243.1951038953993
0.9984375,11.870833333333334,16343.904166666667,0.19386556235757552,0.008135838980009363,0.43212704307778615,0.003092168099331423,6.477604166666667,0.6484731484731485,0.1817964874410719,0.20732100343792373,0.2286864209432417,3.93203125,1675.04375,0.0027259985714233026,11.3046875,1119.0625,0.010789169318665876,44.1921875,90244.1875,0.027121870275697086,1606.0,4756.0,407.0,2611.0,6336.0,2.997265625,10.4234375,16.453125,0.19738668829375922,243.59529513888884
0.9981770833333333,11.818229166666667,16306.820833333333,0.1939785922962015,0.0083369371144829,0.4360795312996647,0.003078465529217678,6.443229166666667,0.6477458023004715,0.18215263387201436,0.20676257561820446,0.22849844267094727,3.95546875,1647.7453125,0.0029055711687949676,11.2390625,984.984375,0.01090615471949481,43.8484375,90264.959375,0.027493183292222705,1580.0,4712.0,403.0,2619.0,6221.0,3.00390625,10.2984375,16.3453125,0.19477439241137234,238.94873019748263
0.99765625,11.815625,16279.830729166666,0.1940286391760811,0.008008332513668743,0.42647424526546823,0.0030777871841625422,6.471354166666667,0.6322401481089659,0.18200933613087233,0.20738554718048746,0.22874894335250967,3.916015625,1679.77421875,0.002806984595876705,11.309375,1243.796875,0.010460927362286671,43.9203125,89716.090625,0.02636112933621896,1571.0,4716.0,425.0,2612.0,6246.0,2.992578125,10.328125,16.5296875,0.1963606268944636,240.54152669270837
0.9971354166666667,11.8578125,16384.9796875,0.19283954461729522,0.008162742619134746,0.4300885966587284,0.0030887763740557435,6.4484375,0.622172442570387,0.1807781079705046,0.20634403477149982,0.2275808010502532,3.954296875,1783.26875,0.002782351411078248,11.35625,1498.3875,0.010788728922252255,43.9734375,89678.415625,0.027058321148243226,1593.0,4728.0,439.0,2546.0,6326.0,3.010546875,10.346875,16.3015625,0.19964945064267622,242.90165771484374
0.9981770833333333,11.824479166666666,16319.514583333334,0.19392194459834053,0.008656860258151216,0.42469617913976854,0.003080093557350004,6.456770833333334,0.6378011716513237,0.18195718777167263,0.2072391975314513,0.22846371897190138,3.985546875,1584.840625,0.0030215329032344217,11.134375,1312.00625,0.011304308387110652,43.8703125,90265.71875,0.02855072154885897,1539.0,4738.0,421.0,2561.0,6279.0,3.034765625,10.253125,16.3484375,0.19751351280851884,239.9072132703993
0.9979166666666667,11.811979166666667,16346.716145833334,0.19349010237334444,0.008268405055435735,0.42974065503638614,0.0030768375010853523,6.528645833333333,0.6430618633978571,0.18153873052583,0.2068188456449785,0.22796684649176813,3.982421875,1674.08046875,0.002891599375233781,11.1984375,1228.075,0.010741963407789186,43.74375,90155.9,0.027302069423890102,1555.0,4710.0,426.0,2564.0,6246.0,3.051953125,10.275,16.6890625,0.19948947776334675,239.44433566623266
0.9971354166666667,11.808333333333334,16358.80625,0.19295509916860262,0.007748973597179247,0.42853950014062697,0.003075887818008162,6.44609375,0.6444513055751588,0.18086458205079486,0.2065355968403615,0.22773666996807487,3.94375,1824.9765625,0.002644602740544151,11.215625,1030.590625,0.01010432767233542,43.859375,89822.340625,0.02581110294856346,1560.0,4742.0,421.0,2610.0,6238.0,2.994140625,10.290625,16.409375,0.19619896908347767,240.23305555555555
0.9971354166666667,11.843229166666667,16254.050520833332,0.193915993588412,0.008031969778641923,0.43220033886499226,0.003084977641746983,6.4484375,0.6395619860152162,0.18189972876170274,0.2073097836230371,0.22858726286062359,3.947265625,1684.6828125,0.002802818565118995,11.29375,991.428125,0.010387107704357676,43.9765625,89794.14375,0.026593436707017894,1573.0,4767.0,423.0,2615.0,6232.0,2.994140625,10.3671875,16.346875,0.19524285416091583,242.75615207248262
0.9979166666666667,11.929166666666667,16205.8,0.19489693782523254,0.0082799360056486,0.43364302526050136,0.003107363028566467,6.49609375,0.6280998952148097,0.18289192017945338,0.2079456873877065,0.22986825884587506,3.9265625,1614.35,0.002838565425590274,11.3390625,1069.509375,0.0108276237542595,44.5296875,89707.890625,0.027497730577271,1607.0,4763.0,414.0,2633.0,6373.0,3.009375,10.4375,16.5015625,0.19214207567365554,247.66008680555552
0.9984375,11.882291666666667,16343.615104166667,0.19399228935450374,0.0079345272697435,0.4315827099498109,0.003095152817574021,6.476041666666666,0.655430875778031,0.18192739282381704,0.20751082210010172,0.2287333427316526,3.926171875,1749.54140625,0.0027370498217475694,11.375,1051.578125,0.010365495727016769,44.2140625,90011.946875,0.026293468604453963,1563.0,4801.0,438.0,2615.0,6277.0,2.9890625,10.428125,16.471875,0.19274731071625015,244.59708224826392
0.9979166666666667,11.856770833333334,16142.534895833332,0.1953230433571245,0.007574566605902815,0.4375623312929259,0.003088505036033689,6.4640625,0.6650999341093784,0.1835394819643426,0.20795601008865452,0.22982432219672214,3.90078125,1423.159375,0.0026256647339412673,11.2546875,868.165625,0.009839195713542167,44.2828125,90294.40625,0.025105544986109653,1577.0,4745.0,418.0,2607.0,6309.0,2.960546875,10.3625,16.5796875,0.18595593155342072,243.9914645724826
0.99765625,11.859895833333333,16156.025,0.19512678016626,0.008135623174602577,0.43498666763285293,0.0030893190500998523,6.509895833333333,0.6596548241183962,0.1832661991475207,0.20799677557925045,0.2296991088282266,3.933203125,1560.04609375,0.002918780422941624,11.1546875,945.4875,0.01040229401033391,44.271875,89750.478125,0.026736323345515067,1562.0,4730.0,420.0,2647.0,6283.0,3.02734375,10.275,16.675,0.19010802143374547,243.85328748914932
0.9981770833333333,11.903645833333334,16149.875,0.19554909653135455,0.007728682482210125,0.43651375322583397,0.003100715247026135,6.391927083333333,0.6283964121636404,0.18371981741352944,0.20845280183961995,0.2299625076943895,3.949609375,1537.1234375,0.0027153287755244636,11.2015625,1001.928125,0.009944330814604909,44.421875,89748.828125,0.025566448976557993,1605.0,4717.0,410.0,2645.0,6309.0,3.01015625,10.290625,16.0203125,0.18618845634642547,246.87977837456592
0.9973958333333334,11.877604166666666,16174.8640625,0.19475949054545172,0.00780610645093727,0.4353079902449091,0.0030939317964747766,6.426822916666667,0.6378864284148213,0.18294265309327518,0.2074297876255627,0.22935654327404711,3.996484375,1523.9796875,0.0027039270947309055,11.2609375,1058.34375,0.010168790027563651,44.01875,89894.921875,0.02585214029913636,1548.0,4723.0,427.0,2606.0,6258.0,3.0640625,10.26875,16.0359375,0.19726137582612593,241.10533175998265
0.9981770833333333,11.931770833333333,16250.556770833333,0.19467592187651056,0.0076000582776542275,0.4329844065616489,0.003108041373621603,6.457291666666666,0.6568597494434502,0.1827869732857808,0.20748147235988323,0.2294261657560571,3.999609375,1632.50234375,0.002550261829030939,11.2703125,1249.234375,0.009984642852944337,44.321875,89724.096875,0.025414659496857284,1554.0,4765.0,421.0,2644.0,6318.0,3.059765625,10.3203125,16.184375,0.19783896194318443,243.545344780816
0.9981770833333333,11.825,16224.9515625,0.1948861789188952,0.007674481207391776,0.43149095090754463,0.0030802292263610313,6.417447916666666,0.6358350951374208,0.18304070187839636,0.20762231401888204,0.22953195198090387,3.991796875,1572.80390625,0.0026341528668634,11.2375,1057.83125,0.01000525107280871,43.7453125,90000.6625,0.02550502470408834,1570.0,4721.0,441.0,2568.0,6201.0,3.04921875,10.3078125,16.0,0.19715502329736348,239.69124999999997
0.9986979166666666,11.814583333333333,16378.8453125,0.19403036032028517,0.007788964474189777,0.4357855955801797,0.003077515846140488,6.35703125,0.6438017986245812,0.18203143037201808,0.20735389393657586,0.22870254649706281,3.983984375,1806.56640625,0.00264634135882664,11.1640625,1149.86875,0.010140197886068228,43.7875,89896.9375,0.02600822352376387,1551.0,4722.0,438.0,2563.0,6233.0,3.017578125,10.25625,15.815625,0.19689597284861338,239.2406206597222
0.99921875,11.7921875,16414.048958333333,0.19382073816788756,0.007885004175764045,0.43299093987518733,0.003071682078666319,6.39375,0.6468795547899828,0.18198160457352736,0.20667816710840065,0.2283198436048152,3.978515625,1765.95703125,0.0026630727446793163,11.1390625,1233.075,0.01037533187668717,43.7,90187.390625,0.026282402199179832,1540.0,4694.0,425.0,2580.0,6232.0,3.0265625,10.2078125,16.0484375,0.19844262304546859,237.27660563151045
0.9984375,11.933854166666666,16251.441145833332,0.19467985733064033,0.008025532245175833,0.43610814134954723,0.0031085840496657114,6.480729166666666,0.6450050189848557,0.18276028947685033,0.20777037691454728,0.2292676091618932,4.00234375,1648.07109375,0.0027118041150114144,11.3625,1032.640625,0.010576230865125026,44.23125,89883.721875,0.02672974614588431,1534.0,4826.0,448.0,2573.0,6294.0,3.0359375,10.4140625,16.3265625,0.1937185868086079,243.1331247287327
0.9984375,11.890104166666667,16238.647916666667,0.19486002153951557,0.007986178457487164,0.4341337615614042,0.0030971878527394285,6.536197916666667,0.6398002540628148,0.18293208708877048,0.2077986741072802,0.2296331067747313,3.971875,1540.53125,0.002699835057264996,11.1953125,1364.271875,0.01045716247793771,44.2578125,89905.490625,0.02666056803792529,1575.0,4716.0,439.0,2563.0,6359.0,3.0234375,10.2875,16.8359375,0.19318583998045666,243.306672905816
0.9994791666666667,11.789583333333333,16358.743229166666,0.1945998193570853,0.0077565980474533745,0.43140525389714646,0.0030710037336111836,6.446354166666667,0.6557253931790069,0.18267230338758217,0.20769010634281404,0.22921959624936933,3.971484375,1679.71875,0.002658195096522215,11.078125,1143.8875,0.010037333727290938,43.7734375,90289.696875,0.025869474171340452,1544.0,4697.0,419.0,2612.0,6203.0,3.005859375,10.190625,16.4640625,0.19485859212177378,239.29478732638887
0.9973958333333334,11.8640625,16154.508333333333,0.19483894211123295,0.0075842708388202985,0.43194216519054185,0.00309040440218807,6.46875,0.6338294042758681,0.18288745992493358,0.2078335974823288,0.22965021548533465,3.94296875,1535.6546875,0.0025749685947238803,11.2359375,1223.828125,0.009880039007355967,44.1765625,89560.603125,0.0253257116466703,1594.0,4718.0,433.0,2578.0,6312.0,3.026171875,10.309375,16.3984375,0.18946278033535532,242.21954182942702
1.0,11.866666666666667,16214.852083333333,0.19613671129185128,0.0076071976287707555,0.4354805617288483,0.003091082747243206,6.4125,0.6496225421348315,0.18445972862431465,0.2084095137394574,0.23057183951439164,3.99140625,1533.9109375,0.002594569314754882,11.0828125,1027.071875,0.009886015653574194,44.1515625,90126.396875,0.025378892860030818,1578.0,4670.0,402.0,2589.0,6341.0,3.02734375,10.209375,16.15625,0.19498046911225964,242.20253472222223
0.9989583333333333,11.8609375,16197.647916666667,0.19561131853813443,0.00779313676437766,0.4405863778581324,0.0030895903881219067,6.51015625,0.6364115399815571,0.18383944562134089,0.20818531003789859,0.23012481870554438,3.980859375,1535.2375,0.0027112309590792477,11.078125,1086.93125,0.01006274069968416,44.1640625,89958.00625,0.0258511560502648,1574.0,4686.0,405.0,2577.0,6335.0,3.03359375,10.2203125,16.70625,0.19037695367601518,242.50201578776043
0.9997395833333333,11.983333333333333,16265.088541666666,0.19555560046824688,0.008203767918561087,0.42922259751499164,0.0031214726057132935,6.5484375,0.6394732267037552,0.1837196171182417,0.20814783120939193,0.23030730312712278,4.0,1763.90234375,0.002895486885771823,11.3140625,898.090625,0.010567643666301458,44.5859375,89636.83125,0.027073016301977774,1544.0,4775.0,429.0,2584.0,6429.0,3.03515625,10.378125,16.771875,0.1977672686619986,247.0492013888889
0.9979166666666667,11.926041666666666,16029.442708333334,0.19631737399392246,0.008094179698791152,0.43668780128548895,0.003106549014500304,6.5140625,0.6428945759454974,0.1844874124269273,0.20855688228780306,0.23139771196802253,3.933203125,1497.79921875,0.0028006495483927753,11.13125,820.584375,0.010361251367937238,44.6921875,89364.875,0.02700122863123857,1598.0,4657.0,415.0,2635.0,6472.0,2.99375,10.2453125,16.8640625,0.1954249537316075,249.28307183159723
0.9989583333333333,11.886979166666666,16184.685416666667,0.19581066573618938,0.008383499763418721,0.44054470561514525,0.0030963738386732657,6.429166666666666,0.6574070017088025,0.18408776555042877,0.20826446464642867,0.2302484675689926,3.983203125,1628.03203125,0.0030228315319044082,11.0921875,872.0625,0.01069110678665649,44.296875,89723.921875,0.027518565666238205,1568.0,4682.0,400.0,2649.0,6324.0,3.02578125,10.190625,16.28125,0.19476878954172464,243.86274712456603
0.9981770833333333,11.905208333333333,16160.490104166667,0.19547860030296438,0.008430506482777057,0.43260369243697705,0.003101122254059217,6.440364583333333,0.6280951964301339,0.18373968735558469,0.20782703484652867,0.23008581754891894,3.966796875,1566.90078125,0.0029798281205755247,11.1359375,1099.484375,0.010874279861238671,44.428125,89595.853125,0.027789446553121565,1587.0,4699.0,390.0,2617.0,6407.0,3.030078125,10.2640625,16.2578125,0.19437430944599024,245.4186187065972
0.9984375,11.903125,16134.73125,0.19583133352378793,0.008294693411009916,0.43634923103845097,0.003100579578015108,6.43203125,0.6517896210728975,0.1840798899010176,0.20827690911792582,0.23039153242073135,3.9421875,1486.71640625,0.002897036558143179,11.2453125,1320.79375,0.010791141729722434,44.4046875,89540.728125,0.02738887250376435,1538.0,4744.0,403.0,2622.0,6389.0,2.986328125,10.2671875,16.3796875,0.19277067768792594,246.3411360677083
0.9971354166666667,11.986979166666666,15995.652604166668,0.19609351152724136,0.008105893623407561,0.44012305974932936,0.003122422288790484,6.528125,0.6346295893982186,0.1843062877014538,0.20853141728302288,0.23080450107461026,3.948046875,1443.05390625,0.0028054674097758936,11.2609375,752.65625,0.010488529016876922,44.86875,89449.04375,0.02692496308446487,1569.0,4779.0,415.0,2625.0,6442.0,3.001171875,10.3796875,16.784375,0.18644234169068852,249.10816379123267
0.9986979166666666,12.002083333333333,16123.656770833333,0.1961462772761489,0.007972756481577423,0.4400830116990842,0.0031263566901102717,6.565625,0.6478909911473703,0.18434775612669393,0.20864658993453605,0.23084004921558146,3.98984375,1522.80625,0.002754297541702889,11.23125,1057.728125,0.010342618482006688,44.821875,89592.9875,0.026476730240646295,1618.0,4729.0,393.0,2651.0,6449.0,3.057421875,10.3484375,16.815625,0.19118301962806916,249.48437065972223
0.9986979166666666,11.936979166666667,16202.14375,0.19535920482555774,0.008325825572572172,0.4310884544205981,0.0031093980637318746,6.49140625,0.6484576115886382,0.18360731848738343,0.20791167659027027,0.22981427841354246,3.99609375,1567.70078125,0.002880828938773886,11.271875,1128.675,0.010839141417308563,44.365625,89813.384375,0.027592496263028933,1601.0,4735.0,420.0,2597.0,6370.0,3.044140625,10.3578125,16.4140625,0.19810262640218698,243.48925754123263
0.9981770833333333,11.861979166666666,16167.427604166667,0.19523643214961653,0.008483748436275328,0.4280415535062145,0.003089861726143961,6.492447916666666,0.6587925356750823,0.18352544587660571,0.20770759686785317,0.22960921252342312,3.948828125,1549.06484375,0.0029737669304499854,11.24375,1015.915625,0.010996745941791317,44.1328125,89792.390625,0.02801067695406071,1587.0,4726.0,423.0,2599.0,6307.0,3.009375,10.303125,16.6140625,0.19287077993905977,241.44553358289932
0.9986979166666666,11.877083333333333,16223.3296875,0.19525875034407836,0.00822563652941823,0.43572795063698483,0.0030937961274637494,6.526041666666667,0.652736362041747,0.18342565692015594,0.20787347788661537,0.22997639649723114,3.948828125,1681.22421875,0.002893032400725997,11.1484375,1022.353125,0.010597954634563414,44.31875,89592.728125,0.02718373493904197,1554.0,4709.0,416.0,2601.0,6387.0,3.006640625,10.2640625,16.865625,0.19679235562804084,243.9932248263889
0.9986979166666666,11.8640625,16248.570833333333,0.19497779508526283,0.008516114622038542,0.4351363884339783,0.00309040440218807,6.514322916666667,0.6275516923482155,0.18327362830809307,0.2075302618366485,0.22924199544255633,3.97421875,1588.571875,0.003027380394243869,11.2296875,914.7125,0.011039629295083578,44.0578125,90222.425,0.027947536860172185,1573.0,4734.0,422.0,2557.0,6312.0,3.038671875,10.3140625,16.6171875,0.1939376625720361,240.68672932942712
0.99765625,11.953125,16287.367708333333,0.19394767668474094,0.008441196019976983,0.4451106543077155,0.0031136038030737173,6.576822916666667,0.6488453159041394,0.18210094722957287,0.20674424799572963,0.2285380231944246,3.97578125,1736.3328125,0.0029363486254158602,11.265625,878.5875,0.010966479794454665,44.55,89900.2875,0.0279353018237438,1545.0,4781.0,423.0,2667.0,6333.0,3.051171875,10.3734375,16.8828125,0.1954697864589085,245.560302734375
0.996875,11.963020833333333,16254.354166666666,0.19366210951889812,0.008439873964487787,0.4319353808002257,0.0031161815142832336,6.556770833333333,0.6524445992424572,0.18168912225368278,0.20652752652250314,0.22868864157615443,3.991015625,1690.03203125,0.002888429843433676,11.24375,1145.75,0.011040103045134215,44.5703125,89620.246875,0.0280454213680578,1605.0,4702.0,414.0,2657.0,6397.0,3.021875,10.3296875,16.9234375,0.20035301287728297,247.3965492078993
0.9984375,11.9109375,16407.063020833335,0.1934055478982462,0.008724038553324261,0.43136542749391465,0.0031026146131805155,6.538802083333334,0.6551226551226551,0.18141878903160658,0.2065470662389835,0.22821106502406757,3.977734375,1827.2703125,0.002954589515637726,11.1703125,998.0,0.011439878732806105,44.384375,90135.296875,0.029085994524588554,1585.0,4723.0,457.0,2664.0,6315.0,3.01484375,10.296875,16.8765625,0.20223909335692686,244.71029703776037
0.996875,11.9375,16192.9609375,0.19430098283811284,0.008472627436122804,0.4345852754775033,0.0031095337327429018,6.5109375,0.6341623036649214,0.18238748391667642,0.20713366534124397,0.22912229602072723,3.98515625,1648.4046875,0.0028550437003695673,11.1328125,878.446875,0.011086332272633713,44.5515625,89685.7,0.02832925754262484,1553.0,4742.0,413.0,2662.0,6387.0,3.01796875,10.2625,16.73125,0.19770657981044637,248.39192708333334
0.9973958333333334,11.919791666666667,16208.344791666666,0.19438741244336513,0.008161814033680952,0.4305290011339057,0.003104920986367978,6.525,0.6428821113344403,0.18255022816435654,0.2070783449317058,0.22904521707105907,3.980859375,1562.740625,0.0027560319637264137,11.2015625,1299.43125,0.010666482285847548,44.39375,89699.675,0.02728027406133251,1583.0,4689.0,428.0,2660.0,6353.0,3.033203125,10.2375,16.7796875,0.2005340485370683,245.71231662326392
0.9989583333333333,11.8953125,16344.341666666667,0.19430269973071684,0.00814130984543074,0.42771939254497204,0.0030985445428497005,6.47421875,0.6389071325364508,0.18245905390623923,0.20717009390624774,0.2288098888530965,3.980078125,1649.06328125,0.0026965096462322133,11.14375,1121.471875,0.010755756489100373,44.3078125,90348.325,0.027306063998555213,1603.0,4675.0,434.0,2660.0,6319.0,3.02578125,10.2203125,16.521875,0.19935435887172473,244.68643636067702
0.9979166666666667,11.952083333333333,16179.109895833333,0.19509521191170617,0.008335254020423701,0.4389532167397772,0.003113332465051663,6.604947916666666,0.6358288303991634,0.18326863840390745,0.20786250064847983,0.22963421720612748,4.014453125,1527.62421875,0.0028546960127562313,11.1671875,1140.590625,0.010866188928772969,44.4875,89823.571875,0.027726551142744305,1585.0,4718.0,414.0,2659.0,6349.0,3.075390625,10.2609375,17.0671875,0.1964212988107348,247.5909331597222
0.99765625,12.073958333333334,16097.458333333334,0.19570162087393092,0.008222061322427183,0.430988365523246,0.0031450790136320224,6.56328125,0.6421792770252782,0.18372823380358905,0.20855846682378662,0.23073832320544269,3.9828125,1604.99375,0.0027931389254947482,11.403125,1134.83125,0.010736238667589272,45.109375,89029.94375,0.02742357356499483,1600.0,4770.0,430.0,2664.0,6503.0,3.020703125,10.4046875,16.8921875,0.1949180159448127,253.23932183159724
0.99765625,12.0828125,16097.63125,0.1956148562620654,0.007903134833031233,0.4304792812363351,0.0031473853868194844,6.609114583333334,0.65472649683176,0.1836937433872357,0.20838365897576921,0.2305305050476804,4.0265625,1566.265625,0.0027299893487843707,11.353125,901.721875,0.010221998402059344,45.0375,89419.003125,0.02627685320099058,1603.0,4784.0,441.0,2618.0,6522.0,3.06640625,10.4234375,16.965625,0.20115288358034775,252.27439208984373
0.9973958333333334,12.0578125,16070.444791666667,0.195796167237529,0.007973685349216343,0.4328331410945598,0.0031408732742901797,6.590104166666666,0.6499935207982377,0.18400233095084423,0.20793111238987932,0.23083656723191776,3.978125,1556.6984375,0.0027448142252741747,11.2875,1070.771875,0.01025463122269251,45.146875,89125.103125,0.026608223971508853,1549.0,4786.0,426.0,2651.0,6526.0,3.051953125,10.33125,17.0015625,0.19298589586362558,254.88155354817712
0.99921875,11.9765625,16201.224479166667,0.19581580208827173,0.00823440658667048,0.437678865991261,0.00311970890856994,6.56953125,0.618090889323766,0.18419468152246501,0.20800131832111254,0.23011476811865778,4.028125,1565.609375,0.0029341708460513456,11.21875,832.134375,0.010503936827426126,44.528125,90112.775,0.02716581930839137,1589.0,4707.0,415.0,2606.0,6393.0,3.084765625,10.265625,16.8125,0.19302426265962966,247.1739298502604
0.9994791666666667,11.982291666666667,16142.365104166667,0.19645729230032263,0.008310972690326955,0.4387457191182927,0.003121201267691239,6.537760416666667,0.6382248109188907,0.18480137866819435,0.2085510525067523,0.23098718662240608,4.00625,1449.2171875,0.0029161256048953134,11.1078125,941.959375,0.010618007029239294,44.7609375,90115.3625,0.027583326693141185,1545.0,4705.0,427.0,2642.0,6427.0,3.041796875,10.2078125,16.8515625,0.19248188027590957,251.32885308159717
0.9981770833333333,11.991666666666667,16080.541145833333,0.19615460465706694,0.008369472065023077,0.44276387683973706,0.003123643309889728,6.536458333333333,0.6370309242529535,0.18440890072277644,0.2084015453207698,0.230890479730526,3.973828125,1483.25703125,0.0029256608921821186,11.2296875,956.534375,0.010800549025077854,44.825,89593.684375,0.02771363979633213,1586.0,4705.0,412.0,2655.0,6421.0,3.017578125,10.3390625,16.809375,0.1906848988749953,251.07180555555558
0.9986979166666666,11.989583333333334,16177.132291666667,0.19567787825354957,0.008018833850319266,0.4410133047082287,0.0031231006338456194,6.520572916666667,0.6416159860990444,0.18390008408997555,0.20805541238507672,0.23041152077631838,4.02265625,1555.91015625,0.0027439485891668997,11.2578125,1027.49375,0.010469998796665561,44.5890625,89811.659375,0.02666720994858244,1584.0,4721.0,414.0,2626.0,6412.0,3.0453125,10.3359375,16.60625,0.19834507239687707,247.91551649305555
0.9981770833333333,12.00625,16141.520833333334,0.1956409538937217,0.007880157089132037,0.44062753900039503,0.0031274420421984893,6.52265625,0.648663890334895,0.18377551207606385,0.20826547520786115,0.23047819985021353,3.97421875,1510.08828125,0.0026801295237072536,11.2859375,1154.9375,0.010218867440312198,44.8546875,89653.834375,0.026341556999651017,1607.0,4712.0,408.0,2649.0,6470.0,3.014453125,10.3109375,16.7671875,0.19276100324655432,251.7874609375
0.9950520833333333,11.90625,16051.815104166666,0.1943401125066658,0.007726333888658202,0.4280619022527586,0.003101393592081271,6.495572916666666,0.655774278215223,0.182107429664616,0.20788542681310823,0.22972552956842268,3.901171875,1553.1265625,0.002587515547918459,11.1984375,1121.278125,0.010096014127491731,44.634375,88977.10625,0.025911927012783647,1575.0,4771.0,418.0,2629.0,6440.0,2.9734375,10.346875,16.7328125,0.19346570741751215,250.42662760416667
0.9979166666666667,11.986979166666666,16164.165104166666,0.19521226083346505,0.00835838606880743,0.4369808722508195,0.003122422288790484,6.532552083333333,0.6448403215294374,0.18326487443680922,0.20814050621872263,0.23007356103483065,3.962109375,1557.67421875,0.0028393353016803713,11.2703125,936.840625,0.010925561603323586,44.803125,89817.453125,0.027867413602799505,1589.0,4754.0,397.0,2661.0,6441.0,2.9953125,10.375,16.8390625,0.19346538449206155,250.7691012912327
0.9989583333333333,11.9546875,16276.5625,0.19499609235597543,0.008215147980448508,0.4319754322032778,0.0031140108101067984,6.55703125,0.6498496928506078,0.1831159667347258,0.20777991605172277,0.22973277114522667,4.03984375,1655.17109375,0.002862373766000366,11.2015625,926.6,0.01061736061094697,44.3671875,90112.090625,0.02722403220774261,1601.0,4697.0,418.0,2607.0,6377.0,3.071484375,10.3078125,16.7484375,0.20153926801778632,244.6531551106771
0.9984375,11.925520833333334,16152.4,0.1956122205083613,0.008497584866101972,0.43258791892844073,0.0031064133454892767,6.43984375,0.6389920076865965,0.18387100314481936,0.2080376308363267,0.23015167963456365,3.9921875,1489.6796875,0.0030520529510520305,11.1359375,1260.4,0.010869068171620264,44.4484375,89695.28125,0.027908229220783454,1567.0,4687.0,409.0,2629.0,6379.0,3.043359375,10.2171875,16.2484375,0.19378475936159598,246.70486952039926
0.9973958333333334,11.975520833333333,16260.09375,0.1939506627748,0.008515937947563952,0.4389826018949511,0.003119437570547886,6.566927083333334,0.6353672856956465,0.18198638211830814,0.20709973119176714,0.22865871698380036,3.990625,1691.1890625,0.0030216788584891538,11.309375,1085.134375,0.010974514796479932,44.58125,89710.671875,0.02803439745494717,1589.0,4774.0,427.0,2577.0,6412.0,3.048046875,10.403125,16.80625,0.19299100143445583,246.7155466037326
0.996875,11.85,16220.613541666668,0.19408657899264933,0.008378867867308624,0.43544073141595196,0.003086741338890336,6.415885416666667,0.6499208860759493,0.18216153826760792,0.20716934931847106,0.22870397156699304,3.938671875,1591.56328125,0.002933872888808331,11.1171875,1114.74375,0.010898450529190567,44.228125,89842.684375,0.027639265119427846,1570.0,4704.0,411.0,2613.0,6313.0,3.012109375,10.2078125,16.2390625,0.18621110172272595,243.705625
0.9981770833333333,11.925520833333334,16202.530729166667,0.1950339191430064,0.008246022764039327,0.44137296615942023,0.0031064133454892767,6.507291666666666,0.6384242477180416,0.18323571672947206,0.20780283014949172,0.2294578177906584,3.9765625,1620.6734375,0.0029004608295330895,11.21875,1003.071875,0.010684723898526644,44.428125,89729.41875,0.027189569367576973,1576.0,4706.0,425.0,2663.0,6298.0,3.01953125,10.3265625,16.6390625,0.19338212095062074,244.7991403537326
0.9966145833333333,11.945833333333333,16136.759895833333,0.19459302180532417,0.0082154791491366,0.4295509125380631,0.0031117044369193365,6.514322916666667,0.6461457970003488,0.18258945877182278,0.20762829641998676,0.22957199932466735,3.98984375,1573.3671875,0.0029243677900507073,11.2078125,1004.7,0.010557030554013554,44.5078125,89522.390625,0.027038373180603224,1563.0,4741.0,429.0,2600.0,6386.0,3.032421875,10.284375,16.671875,0.19170018899688235,246.22675347222224
0.9979166666666667,12.016666666666667,16027.521875,0.19638925450362948,0.00848245403455498,0.44315682140134993,0.003130155422419033,6.58828125,0.6327149791955617,0.1847292728763441,0.20855989381141166,0.2308585417049888,4.03203125,1336.55390625,0.003085752296815812,11.2921875,1012.19375,0.01074157489413373,44.6796875,89806.721875,0.027810140125932914,1539.0,4768.0,438.0,2655.0,6321.0,3.09375,10.340625,16.8140625,0.19009343803892179,248.2273263888889
0.9981770833333333,12.052604166666667,16117.785416666668,0.1957873917644758,0.008480504121788603,0.4382031085355454,0.0031395165841799078,6.609114583333334,0.6590467136251674,0.18391895351210352,0.20844078028105456,0.2306077562573862,3.962109375,1531.05625,0.0030107956197309056,11.365625,1140.421875,0.010826440573615597,45.1015625,89442.065625,0.028013401678192402,1572.0,4801.0,451.0,2640.0,6464.0,3.0265625,10.425,17.1234375,0.18806872981736417,252.1513994683159
0.9971354166666667,12.017708333333333,16121.413020833334,0.1950484042785686,0.008333667688548126,0.4395135139012317,0.0031304267604410872,6.570052083333334,0.6526826731385975,0.18310177089940838,0.2079558029220915,0.2299275391516864,4.011328125,1562.2046875,0.002948203579817711,11.29375,1121.396875,0.010721532243526588,44.7671875,89358.2625,0.027487659568491328,1575.0,4761.0,425.0,2642.0,6392.0,3.071484375,10.3609375,16.7734375,0.19135080847677682,249.0142697482639
0.99765625,12.068229166666667,16043.683333333332,0.1960301287170025,0.008464602913261952,0.44053919902910094,0.0031435866545107233,6.541666666666667,0.6526692848819645,0.18405368502106267,0.2088116255952123,0.2311544066225523,3.98046875,1473.4109375,0.0029283056624703355,11.36875,978.371875,0.010967615864598258,45.11875,89390.084375,0.02810677896509211,1561.0,4816.0,422.0,2641.0,6494.0,3.045703125,10.459375,16.6078125,0.19114480217291546,253.47138644748264
0.9981770833333333,11.963020833333333,16225.28125,0.1947566632296752,0.008395134702992274,0.43979769886519615,0.0031161815142832336,6.434375,0.6439984326701206,0.182856469610731,0.2074657828182726,0.22964831811685454,3.957421875,1581.76328125,0.002857612250222792,11.28125,886.71875,0.01096876700789304,44.6671875,90137.915625,0.02797159220916944,1540.0,4787.0,419.0,2678.0,6366.0,3.00546875,10.3546875,16.2296875,0.19191057058433858,248.39238254123265
0.9984375,12.094270833333333,16124.208854166667,0.1959706745101871,0.008607476500437933,0.43525185037943886,0.0031503701050620823,6.57421875,0.642306532879721,0.18405355358506395,0.2087418545920416,0.23086797812882526,4.0078125,1534.515625,0.0029682546029841496,11.3390625,959.290625,0.0111839197947365,45.1953125,89647.9,0.028587920795954503,1537.0,4819.0,444.0,2601.0,6531.0,3.067578125,10.4078125,16.7671875,0.1922102577547052,254.27705050998264
0.9984375,11.969270833333333,16100.005208333334,0.19623475225402867,0.008580019158684312,0.43971332428930965,0.0031178095424155595,6.511197916666666,0.6574996736434446,0.1844788537268417,0.20880864513356778,0.2306844534832373,4.019921875,1405.9984375,0.003057834642731604,11.153125,1271.275,0.011005698615457,44.5828125,89704.7625,0.028243077765722446,1582.0,4667.0,424.0,2646.0,6353.0,3.073046875,10.209375,16.565625,0.19085581534119628,247.88603488498262
0.9973958333333334,11.9140625,16156.582291666668,0.19489986029671272,0.008300570730973173,0.43774202643261934,0.0031034286272466787,6.41953125,0.6431475409836066,0.18296238407608492,0.20785610317051853,0.22969352230541804,4.01328125,1502.97265625,0.002910225292156341,11.165625,1216.534375,0.010750633391382661,44.265625,89711.06875,0.02741188982583101,1559.0,4656.0,427.0,2581.0,6384.0,3.04921875,10.1796875,16.140625,0.20019937889526154,244.41240641276042
0.9981770833333333,11.890104166666667,16189.109375,0.1952974290356733,0.008098996534772336,0.4360539426552354,0.0030971878527394285,6.50390625,0.6384861360550177,0.18342847447550836,0.2080445230859836,0.23002615322602268,3.9515625,1540.13125,0.002829307554304419,11.0890625,1098.24375,0.010424389288711717,44.4453125,89875.8875,0.026852359702704626,1564.0,4650.0,400.0,2663.0,6356.0,3.03671875,10.2046875,16.671875,0.19242931703193017,246.61344373914932
0.99765625,11.909895833333334,16198.964583333332,0.1946625587837228,0.008378963744940201,0.4382428122511468,0.0031023432751584616,6.493489583333333,0.6388245069313858,0.18277728733205975,0.20760996608512544,0.22925623728897224,3.91796875,1549.140625,0.0028836197576604943,11.315625,1102.25625,0.010960933285517407,44.471875,89894.96875,0.027778370153481818,1572.0,4751.0,421.0,2612.0,6344.0,3.008203125,10.3953125,16.5328125,0.18790817318558325,246.83354790581592
0.99765625,11.883333333333333,16181.1890625,0.194817411123264,0.008412983560008558,0.4342025642738215,0.0030954241555960754,6.490885416666667,0.6465638148667602,0.18290335876291483,0.20777507471575457,0.22951595697217025,3.9296875,1584.009375,0.0028872097002447792,11.2171875,904.621875,0.010972178924156284,44.3640625,89846.475,0.02795688363491594,1590.0,4705.0,423.0,2618.0,6333.0,2.996484375,10.346875,16.6125,0.19108456408390392,245.1473263888889
0.9984375,11.833333333333334,16278.576041666667,0.19455124547777985,0.008259725429831237,0.42791126691523274,0.0030823999305374665,6.479947916666666,0.6392605633802817,0.18274426382456918,0.2072956390737922,0.2290347784946102,3.97421875,1583.146875,0.0029292456442948185,11.1453125,1248.484375,0.010622192711268649,43.9578125,90090.384375,0.0272191772905395,1572.0,4691.0,413.0,2640.0,6224.0,3.032421875,10.21875,16.53125,0.1925932235745269,240.87118055555555
0.9981770833333333,11.91875,16064.110416666666,0.19616798479025097,0.008475712191742805,0.44130732554500507,0.0031046496483459235,6.525520833333333,0.6350288411116938,0.1845769332807648,0.2082274459367927,0.23047272968165383,4.058203125,1420.55390625,0.0030994905721134815,11.1015625,866.9875,0.010706532284626234,44.178125,89835.459375,0.02774977857737667,1527.0,4670.0,426.0,2595.0,6308.0,3.118359375,10.14375,16.5359375,0.19565308093521164,242.32829427083334
0.9973958333333334,11.922395833333333,16014.132291666667,0.19625647611180666,0.008459062326804788,0.43564694007149946,0.0031055993314231135,6.538020833333333,0.6187147787340003,0.18447168462666935,0.20870195301077032,0.2309501651533922,4.0796875,1413.4796875,0.003033813457825963,11.090625,1086.575,0.010882226601278031,44.125,89344.3,0.027736893528246837,1511.0,4684.0,406.0,2573.0,6345.0,3.136328125,10.175,16.5078125,0.20086952818834083,242.45179009331596
0.9984375,11.847916666666666,16211.477604166666,0.19522381973840724,0.00838641117805878,0.4305510033362836,0.003086198662846227,6.418489583333334,0.6364955160893265,0.18345822100917783,0.20776701104406553,0.2297430233496666,3.988671875,1549.4265625,0.0029553785934417565,11.1890625,1155.63125,0.010889333869726797,43.94375,89915.528125,0.02760761882485885,1570.0,4661.0,407.0,2551.0,6330.0,3.044140625,10.240625,16.09375,0.198765241604799,240.2039539930556
0.9979166666666667,11.841145833333334,16246.353645833333,0.19450755464185784,0.008395611921534584,0.431051455634436,0.003084434965702874,6.46953125,0.6408181218385749,0.1826341753520945,0.2076520520912279,0.22885657435154125,3.949609375,1566.371875,0.0029393833987372726,11.3546875,1204.696875,0.011024492257885599,43.89375,90007.9375,0.027591645676372806,1550.0,4796.0,419.0,2542.0,6265.0,2.99453125,10.4,16.4390625,0.19019177908801463,239.24924452039932
0.99765625,11.904166666666667,16149.6265625,0.19515477298011927,0.008884420173574251,0.4264373119440808,0.0031008509160371624,6.543229166666666,0.6398319915995799,0.18339524591439524,0.20755810505786973,0.22978954916526506,3.944921875,1533.2484375,0.0031920758912616517,11.275,959.29375,0.011495062531724637,44.3703125,89805.471875,0.029043154944674254,1546.0,4768.0,429.0,2587.0,6350.0,3.012890625,10.3484375,16.859375,0.18975282286369524,243.89654513888885
0.9981770833333333,11.915104166666667,16108.157291666666,0.19580187941904725,0.008889974319483447,0.4398862447341655,0.003103699965268733,6.48203125,0.6542815928661975,0.18406979890011566,0.208406071431184,0.23012600948263703,3.998828125,1429.4890625,0.0032634481824561122,11.2546875,1006.8,0.0114629554359874,44.240625,89924.1875,0.02882309775108884,1547.0,4755.0,415.0,2612.0,6289.0,3.05625,10.303125,16.3640625,0.19066523590649542,241.49591769748267
0.9989583333333333,11.927604166666667,16234.863020833332,0.19514192291384724,0.00896873757640793,0.43862579274013047,0.0031069560215333854,6.554947916666666,0.6443823413824724,0.18345394920237137,0.20765540440097538,0.22938033627262272,4.01875,1502.25078125,0.0032202767928265993,11.196875,998.4875,0.011619722952389161,44.29375,90401.6875,0.02931159533475202,1584.0,4745.0,441.0,2625.0,6266.0,3.04375,10.31875,16.8359375,0.19201347452585685,241.42340467664928
0.9979166666666667,11.933854166666666,16165.99375,0.19508934123222102,0.008622379203453025,0.43955012374292296,0.0031085840496657114,6.546614583333334,0.6529481080609261,0.18330155786204974,0.2078271060884101,0.22950270985671697,3.999609375,1482.7453125,0.003055346682271444,11.23125,962.303125,0.011164594399707522,44.3734375,90102.678125,0.028348294091924853,1560.0,4766.0,437.0,2613.0,6305.0,3.06171875,10.3171875,16.715625,0.1911029006038893,243.7253122287327
0.99765625,11.872916666666667,16313.809895833334,0.19362895676937522,0.008651945276323788,0.4271004480511101,0.003092710775375532,6.503125,0.6303737497806633,0.18171085965270922,0.20662387939868374,0.22830642260673076,4.00078125,1634.85546875,0.0030847523650654137,11.2078125,1245.44375,0.011160872115126232,44.0265625,90097.99375,0.028411790082554837,1525.0,4746.0,461.0,2556.0,6302.0,3.01640625,10.2796875,16.6734375,0.20084260101516746,240.3999956597222
0.9997395833333333,11.922916666666667,16232.6171875,0.19564374672541227,0.008749367291025252,0.4395798217054734,0.0031057350004341407,6.46875,0.6283854621701904,0.18404271569512712,0.20790929799940888,0.2297823195725564,4.0421875,1527.6,0.0031421901054836062,11.259375,939.671875,0.011317824707325171,44.109375,90345.63125,0.02860961861689192,1527.0,4752.0,456.0,2534.0,6286.0,3.086328125,10.3109375,16.15625,0.19637477709228812,240.87426649305556
0.9979166666666667,11.829166666666667,16228.604166666666,0.1945280609822365,0.008398128417018768,0.4323031894109957,0.003081314578449249,6.517708333333333,0.6365357520253611,0.18281325836568613,0.2071331469966422,0.22878218543403223,3.969140625,1515.721875,0.0029552339991909546,11.2625,1122.796875,0.010988687038282898,43.8359375,90185.940625,0.027579147467065895,1528.0,4770.0,439.0,2585.0,6177.0,3.0421875,10.315625,16.621875,0.189215711007852,239.55050347222223
0.9989583333333333,11.8328125,16378.731770833334,0.19393735646212326,0.00796369131069979,0.4336279044549124,0.0030822642615264393,6.424739583333333,0.6204938597649544,0.18209363106991308,0.20683819724330324,0.22841141724978406,3.973046875,1648.91015625,0.0027728497594624473,11.221875,962.2,0.01033352140274042,43.8828125,90714.55,0.02635722742360853,1553.0,4725.0,438.0,2585.0,6199.0,3.02421875,10.321875,16.1296875,0.19187225825555929,240.3756941731771
0.9966145833333333,11.811458333333333,16210.758333333333,0.19378294552897682,0.008383142421317201,0.43774744608780597,0.003076701832074325,6.47421875,0.6314489813916571,0.18193487607020878,0.20646208415755937,0.22849608473546618,3.9765625,1570.3890625,0.002956398809111347,11.015625,852.840625,0.010756905936786344,43.946875,90130.153125,0.02771635335467147,1539.0,4639.0,428.0,2637.0,6228.0,3.0375,10.1015625,16.59375,0.19458410419440317,241.00247287326386
0.9963541666666667,11.899479166666667,16125.9,0.1944565825258781,0.008543777312491273,0.4381259464458861,0.003099629894937918,6.511197916666666,0.6491443077865803,0.18247669513059667,0.2074835184972789,0.22934919613560306,4.00859375,1501.40234375,0.0030483194344393485,11.1,815.1625,0.010980690017677994,44.2625,89934.628125,0.028088696119512247,1582.0,4633.0,409.0,2642.0,6315.0,3.047265625,10.1859375,16.6921875,0.19483726744180943,243.45968722873263
0.9979166666666667,11.852604166666667,16337.334375,0.19365729232336848,0.008564283376819972,0.4340226617242255,0.003087419683945472,6.424739583333333,0.6352770576086479,0.18171854707386176,0.20663435554249618,0.22843521010226747,3.994921875,1703.84453125,0.003041315335684011,11.0859375,1197.66875,0.010959599280256554,44.05,90010.959375,0.028260839637927238,1579.0,4618.0,424.0,2583.0,6319.0,3.0546875,10.165625,16.1640625,0.1976457208493011,241.60744113498268
0.9986979166666666,11.808854166666666,16284.2875,0.1943961987478126,0.008695020817701746,0.4315370148816756,0.003076023487019189,6.47578125,0.6311030741410488,0.18263264632737025,0.20724114349294026,0.22860546368445447,3.98046875,1495.978125,0.0031319058427056656,11.1078125,1244.15625,0.011185890615789942,43.8234375,90477.65625,0.028456610919597874,1543.0,4680.0,421.0,2559.0,6263.0,3.021484375,10.2078125,16.5609375,0.19501557534743968,239.2822132703993
0.9981770833333333,11.88125,16335.360416666666,0.19382520611524584,0.008657628356064795,0.43594846997031184,0.0030948814795519666,6.492447916666666,0.6279151323864632,0.18192809330502926,0.2068738313861183,0.22836503208523973,4.003125,1674.52421875,0.003040934570852779,11.059375,820.721875,0.01115250112992903,44.215625,90493.34375,0.028629530723048628,1540.0,4681.0,444.0,2559.0,6357.0,3.03046875,10.1796875,16.653125,0.19675384434462612,243.7551692708333
0.9979166666666667,11.8609375,16241.9125,0.1944644963191448,0.008839857323019507,0.43286264079122627,0.0030895903881219067,6.48671875,0.6315812585078822,0.18262254630341063,0.20732113951412057,0.22897565318710575,3.984375,1554.46171875,0.0031497850441961073,11.0703125,1094.878125,0.011342900844887987,44.1578125,90138.75,0.029097102916444628,1547.0,4647.0,423.0,2610.0,6321.0,3.055078125,10.1484375,16.5515625,0.19573830001668163,243.27232828776044
0.9989583333333333,11.8234375,16450.965104166666,0.19329016070469435,0.008543138912631233,0.4357942188168617,0.00307982221932795,6.496614583333334,0.6302365534557949,0.18133248864375504,0.20682465804140185,0.22758635161174423,3.929296875,1753.51640625,0.0030019169373984344,11.2375,1219.340625,0.011174538147583627,43.9859375,90472.384375,0.028076627578610035,1533.0,4754.0,425.0,2588.0,6266.0,3.00234375,10.3328125,16.6375,0.19298313157506997,242.35372151692712
0.9994791666666667,11.877083333333333,16340.107291666667,0.19478454351308117,0.008927142343432884,0.44160575871442836,0.0030937961274637494,6.4984375,0.6407209261533064,0.18294876848138147,0.2076741084303788,0.229238078722582,3.9265625,1649.771875,0.0031885768272847045,11.1078125,1056.93125,0.011550735318965959,44.4484375,90384.625,0.02925781143249252,1597.0,4655.0,399.0,2640.0,6350.0,3.0015625,10.2515625,16.7328125,0.1858604972832155,245.50728732638893
0.9986979166666666,11.780208333333333,16414.005729166667,0.1934233984367925,0.008815366252920875,0.42923491032835176,0.0030685616914126945,6.443229166666667,0.6390043328322575,0.18167873457071604,0.20622661445954488,0.22759883787834578,3.948828125,1657.53203125,0.0031461022729494955,11.0296875,1313.68125,0.0113165992342132,43.85625,90540.225,0.028991189191514076,1556.0,4597.0,420.0,2585.0,6308.0,2.997265625,10.0890625,16.58125,0.19884741786500673,239.02773328993052
0.9971354166666667,11.829166666666667,16189.686458333334,0.19447231121844918,0.008693121752376758,0.4386206337254142,0.003081314578449249,6.481510416666667,0.6354790419161677,0.1828047565867436,0.20684463515985946,0.2287702058038612,3.971875,1559.15078125,0.003228979213293902,10.9984375,1116.25,0.010918703893423856,44.0890625,89785.265625,0.028324109767661088,1535.0,4644.0,411.0,2605.0,6290.0,3.0375,10.1109375,16.628125,0.1896120381774433,241.75571180555556
0.9981770833333333,11.885416666666666,16193.309375,0.19504348489277787,0.008658437561800868,0.43952613133520824,0.003095966831640184,6.52734375,0.6205083260297984,0.18343739268185275,0.20737996115579788,0.22913137747345833,3.9953125,1447.3328125,0.003124822114344512,11.1484375,906.10625,0.011026087209780872,44.1828125,90464.41875,0.028425249703646283,1514.0,4720.0,448.0,2590.0,6265.0,3.0765625,10.209375,16.6484375,0.19006143822974372,241.3691623263889
0.9981770833333333,11.890625,16232.238541666668,0.19466552838547332,0.008514330268434584,0.43991966375111896,0.0030973235217504557,6.447916666666667,0.6406482698204118,0.1828973692588458,0.2074509559513623,0.2289527373260944,3.953125,1477.3421875,0.0030454681709073442,11.2421875,1155.921875,0.010930203907341472,44.2890625,90328.140625,0.027973905019636654,1564.0,4682.0,415.0,2665.0,6281.0,3.02890625,10.271875,16.3,0.19115735018053137,243.59689127604167
0.99765625,11.827083333333333,16252.008333333333,0.19428201024192174,0.008534451624939663,0.4408449312511486,0.00308077190240514,6.489583333333333,0.6364717280253656,0.18274801517862013,0.2062441369458626,0.22845586379118715,3.94921875,1514.52265625,0.0031466778008987714,11.015625,1251.9875,0.010750768937024521,44.15,90201.971875,0.027869229609018376,1522.0,4662.0,417.0,2648.0,6261.0,3.012890625,10.1171875,16.76875,0.18877318477156252,241.86853732638883
0.9971354166666667,11.945833333333333,16306.922395833333,0.19330713041395217,0.008861719849868136,0.4430524539568961,0.0031117044369193365,6.56640625,0.6302319497732822,0.18144362581882462,0.20614453883387918,0.22792374037453533,4.019140625,1571.2984375,0.003236530154481966,11.1296875,1295.60625,0.011183755627955035,44.46875,90260.734375,0.02904044285332592,1557.0,4654.0,448.0,2635.0,6361.0,3.059765625,10.196875,16.9625,0.20083633106313228,243.03144097222227
0.9986979166666666,11.88125,16276.568229166667,0.19467877726918925,0.008980861943657653,0.4346478543224085,0.0030948814795519666,6.544791666666667,0.6458881290548834,0.18294324954842206,0.2073913075824136,0.22890835783903385,3.96171875,1558.8609375,0.0032731465882138004,11.1546875,964.3625,0.011519262761408645,44.2859375,90459.603125,0.029273322547682067,1530.0,4726.0,393.0,2616.0,6346.0,3.035546875,10.2515625,16.875,0.1917186935623117,243.3145442708333
0.9979166666666667,11.773958333333333,16244.415625,0.19421490632515212,0.008947441033551091,0.4353585387844363,0.003066933663280368,6.397395833333333,0.634123683977705,0.1824321978590049,0.2069083410638032,0.22865230545109005,3.9296875,1593.6375,0.0032127996753161343,11.0140625,976.709375,0.011476939976562236,43.9109375,90115.234375,0.02935650752347978,1562.0,4647.0,416.0,2621.0,6244.0,3.00078125,10.140625,16.240625,0.19159974951895017,239.02078016493058
0.9981770833333333,11.919270833333334,16227.7765625,0.19482874556133503,0.00887642394467973,0.438239258519564,0.0031047853173569507,6.52265625,0.6271793751365523,0.18301936689511367,0.20758613038927143,0.22930887539828415,4.015625,1564.08671875,0.0032227033820077153,11.1140625,798.16875,0.011343557922630434,44.3390625,90312.14375,0.029024172217417092,1544.0,4738.0,427.0,2614.0,6300.0,3.056640625,10.2890625,16.6203125,0.19296326058782243,243.66639946831594
0.9981770833333333,11.9,16347.575,0.19358789254409275,0.008564367814605059,0.44008293700624407,0.0030997655639489453,6.511197916666666,0.6361607142857143,0.18186601843680988,0.20596144317249632,0.22810183834482062,3.9421875,1614.93984375,0.003034144226090919,11.2,1225.140625,0.010947230490827653,44.43125,90400.55,0.02830239949243902,1547.0,4725.0,428.0,2653.0,6324.0,2.990234375,10.284375,16.821875,0.19147805135793,244.3858333333333
0.9986979166666666,11.930208333333333,16294.333333333334,0.19442489502791874,0.008777878738373372,0.4380316255599278,0.0031076343665885214,6.534895833333334,0.6240722954684362,0.18266169722156916,0.20681487252397934,0.2290877087572567,4.0203125,1561.74765625,0.0031431126227659026,11.1671875,1161.7125,0.011261286620355318,44.3328125,90357.296875,0.028833535318821303,1529.0,4692.0,437.0,2636.0,6317.0,3.04921875,10.196875,16.815625,0.19693497325893058,242.46648328993058
0.9984375,11.891145833333333,16296.519791666668,0.19437681103607965,0.0084191329091769,0.4378840544376144,0.003097459190761483,6.49609375,0.6323857912487407,0.18238738908659394,0.20755284020503373,0.2291584696650683,3.916796875,1615.2484375,0.0029680746320099732,11.1734375,1007.296875,0.010765508051939683,44.50625,90310.828125,0.02787699087508183,1533.0,4743.0,440.0,2612.0,6375.0,2.98125,10.275,16.7765625,0.19021347099401814,246.96210910373262
0.9984375,11.955208333333333,16314.378125,0.19424473217490684,0.008338361427476496,0.4405447056154195,0.0031141464791178256,6.52578125,0.6389735993726584,0.182269392817091,0.20739347372037686,0.2289973480607001,3.92421875,1633.13515625,0.0029073684857357494,11.25625,1224.215625,0.010659520265889497,44.778125,90129.5125,0.027741174356026486,1551.0,4775.0,433.0,2656.0,6394.0,3.012109375,10.3484375,16.7578125,0.18766958362243172,249.80007703993053
0.9989583333333333,11.935416666666667,16293.322395833333,0.19481864931748782,0.008167425711721433,0.43289678101598394,0.003108991056698793,6.529947916666667,0.6408622796299529,0.18288848836718716,0.2077623103224639,0.2295956321137143,3.99140625,1627.94609375,0.0028507748571439005,11.175,991.64375,0.010475605387755124,44.471875,90256.50625,0.027125849453997864,1586.0,4668.0,416.0,2645.0,6382.0,3.0515625,10.2421875,16.73125,0.19799018255386439,246.7052039930555
0.9966145833333333,11.850520833333333,16187.527604166668,0.19409910310444337,0.007681368255540777,0.43379521372302904,0.003086877007901363,6.4140625,0.6452775458181339,0.18198889081943675,0.2075782505585444,0.22906080479036892,3.9234375,1609.08125,0.002636976317604486,11.2453125,1075.459375,0.01001978597859399,44.1640625,89613.38125,0.02552051828423273,1587.0,4728.0,391.0,2599.0,6340.0,2.97421875,10.353125,16.234375,0.19210283113062468,243.02869764539926
0.9979166666666667,11.9109375,16176.205208333333,0.19498899012443052,0.007860516417936803,0.42986878986298616,0.0031026146131805155,6.50625,0.6321220866675412,0.18305098008427093,0.2080476943674479,0.2296823260420516,3.9765625,1461.99609375,0.002688524367133442,11.2125,1032.778125,0.010291640045100072,44.346875,90176.46875,0.026117360993986965,1559.0,4706.0,397.0,2607.0,6387.0,3.059375,10.2734375,16.5265625,0.19488459280853263,245.05821370442706
0.9966145833333333,11.889583333333333,16194.258854166666,0.1939749642921094,0.00781848902797189,0.4384110176923998,0.0030970521837284013,6.467447916666667,0.6272998072542492,0.18195370816640163,0.20730812614442012,0.2287268269426296,4.025390625,1594.2734375,0.0027677778446859634,11.08125,939.415625,0.009979415416171915,44.1546875,89849.04375,0.02586040737291556,1547.0,4728.0,428.0,2574.0,6311.0,3.087890625,10.2046875,16.2484375,0.19377068322605592,241.04509982638885
0.99765625,11.9078125,16295.628645833332,0.19386466251722884,0.00775060400419068,0.4332789544470031,0.003101800599114353,6.516927083333333,0.639067488955955,0.1818450635181367,0.20711239269094883,0.22869532833987746,3.946875,1682.45703125,0.0025969119833874803,11.1828125,759.921875,0.01007988927033909,44.4765625,90284.021875,0.026036086821255067,1583.0,4739.0,413.0,2639.0,6347.0,3.0,10.30625,16.7953125,0.19102150388557723,246.9581681315104
0.9958333333333333,11.958854166666667,16109.710416666667,0.19422438723419047,0.007737311289826811,0.430676729583244,0.003115096162195016,6.527604166666666,0.6399111536953965,0.18206825331028784,0.20744838625511308,0.2296249239088784,3.98046875,1560.39765625,0.0025828230938822008,11.2546875,1274.153125,0.010034307709829559,44.5765625,89142.51875,0.0260582676536025,1586.0,4747.0,413.0,2611.0,6420.0,3.030078125,10.3296875,16.715625,0.19467685051853784,249.14622368706594
0.9986979166666666,11.826041666666667,16208.504166666668,0.19522106650066698,0.007896104819503738,0.4395475693446681,0.0030805005643830857,6.433854166666666,0.6289086585043601,0.18343257863585152,0.20810673308199812,0.22948935137859788,3.897265625,1481.0109375,0.002707911175884682,11.15625,1113.3,0.01020854785824724,44.2109375,90213.68125,0.026336436355236463,1554.0,4731.0,419.0,2567.0,6325.0,2.971875,10.2734375,16.4421875,0.1822654816153094,243.34942599826385
0.9984375,11.902604166666666,16181.775,0.19523334718142396,0.007750563941685732,0.43836107989042866,0.003100443909004081,6.478385416666667,0.6172056185183564,0.1834527653248956,0.20784177644949436,0.22974724533946694,3.935546875,1441.8609375,0.0026293554658403965,11.246875,1058.20625,0.010044950411088069,44.4265625,90265.0,0.025941011375664735,1551.0,4745.0,411.0,2607.0,6375.0,3.018359375,10.284375,16.5125,0.18836691644596293,245.65040988498268
0.9984375,11.930208333333333,16202.918229166668,0.19517398345409961,0.008237461048047933,0.4423003699456283,0.0031076343665885214,6.51640625,0.6309263948310486,0.18337984228574283,0.20793242926991748,0.22959210231170885,3.93828125,1498.43984375,0.002880068115589903,11.2625,1045.74375,0.01067359221063153,44.565625,90178.00625,0.027230901615296454,1591.0,4720.0,400.0,2631.0,6374.0,3.009375,10.371875,16.6890625,0.187828166942821,247.66492078993056
0.9981770833333333,11.9375,16292.31875,0.19431333874891166,0.0075558984542679,0.4344333256983297,0.0031095337327429018,6.447135416666667,0.6542757417102967,0.1824236076523805,0.20712295354072802,0.22906264834321993,3.9296875,1653.58828125,0.002615580890139574,11.315625,1254.896875,0.009615372113018444,44.590625,89884.6625,0.02525769505203066,1576.0,4744.0,418.0,2642.0,6400.0,2.996875,10.359375,16.3359375,0.194065000955245,247.34765625
0.9984375,11.965625,16288.022916666667,0.19450034545414738,0.008004510857884069,0.43884190454896854,0.003116859859338369,6.529166666666667,0.6460346478628014,0.18255545559380446,0.20750060938667225,0.2292796409629942,3.94609375,1636.01484375,0.002787574093016687,11.359375,1002.60625,0.010278174532484943,44.65,90181.471875,0.026598594242752717,1588.0,4749.0,425.0,2597.0,6409.0,3.019140625,10.409375,16.6890625,0.18975123129945282,249.32694335937495
0.9986979166666666,11.914583333333333,16275.852083333333,0.1946560034715252,0.00815962541685147,0.4319857342212907,0.003103564296257706,6.502083333333333,0.6328029375764994,0.18287985035178417,0.20735914377473988,0.2290574756472747,3.9453125,1552.90234375,0.0027898850041434484,11.2171875,1148.11875,0.010624933248471231,44.4890625,90295.384375,0.02717327923606379,1535.0,4739.0,418.0,2600.0,6414.0,2.98046875,10.2796875,16.8109375,0.19420348672005458,246.0229123263889
0.996875,11.921354166666667,16296.7703125,0.19332782490988176,0.007694193919164711,0.43240780876453627,0.0031053279934010595,6.5125,0.6142251736642055,0.18127758179936235,0.20679523610031478,0.22806138616152638,3.987109375,1702.05234375,0.002627192539963537,11.290625,1080.70625,0.010073132497275547,44.2890625,89891.70625,0.02558326085785857,1574.0,4757.0,417.0,2625.0,6331.0,3.027734375,10.3453125,16.61875,0.19809082314451723,242.44537733289928
0.9986979166666666,12.030208333333333,16312.917708333332,0.19446498283919478,0.007874625368865943,0.43448778845532143,0.0031336828167057395,6.539583333333334,0.6281063295523422,0.18249991135390314,0.20751113077545344,0.2292791208441028,3.95546875,1734.9640625,0.002659309166101845,11.3578125,1007.0875,0.010199619596702365,45.0015625,89930.5625,0.02641089595208591,1565.0,4813.0,417.0,2663.0,6450.0,3.025,10.4265625,16.7109375,0.18976006947338897,253.3746082899305
0.996875,11.954166666666667,16228.1125,0.1939087675937574,0.007995662706139687,0.43792786509134357,0.0031138751410957717,6.50546875,0.6426890902753573,0.18176381067765618,0.20759514432862694,0.22880221852329258,3.944140625,1642.52265625,0.002740702796160473,11.403125,1087.784375,0.010452821004615203,44.5453125,89710.8,0.026558344047581027,1606.0,4816.0,402.0,2568.0,6414.0,3.007421875,10.484375,16.51875,0.1878984981233236,248.61717013888895
0.9981770833333333,11.978645833333333,16203.9828125,0.19495913253582497,0.007448206342470406,0.43684695649213506,0.0031202515846140487,6.53984375,0.6380712204878473,0.18304355289743218,0.2079727057305675,0.22960787789465384,3.969140625,1522.17890625,0.002521635132142443,11.2796875,1077.40625,0.009710831320280685,44.715625,90057.775,0.024891866205971974,1615.0,4725.0,431.0,2601.0,6435.0,3.026171875,10.3484375,16.7859375,0.18994377790589637,249.02246066623266
0.9973958333333334,11.941145833333334,16243.834375,0.19407003442230414,0.007153170234741237,0.4419518550445884,0.003110483415820092,6.418489583333334,0.6434771230427008,0.18203133734897886,0.20734626625091906,0.2289485908869903,3.990234375,1604.57734375,0.0023939994489994678,11.2328125,785.8,0.009327626404137113,44.453125,90258.896875,0.024015397208312448,1593.0,4725.0,409.0,2565.0,6441.0,3.00625,10.284375,16.2015625,0.19538884131467052,246.5007028537326
0.9953125,11.853645833333333,16228.7578125,0.19287843690646742,0.007130223630125879,0.43361652766565245,0.0030876910219675264,6.475260416666667,0.6304319170438069,0.18084226551700108,0.20631387258174638,0.2275876867890539,3.962890625,1583.334375,0.002465616853803725,11.15,1234.640625,0.009180390490476713,44.1203125,89804.56875,0.023738483875063672,1550.0,4731.0,421.0,2577.0,6333.0,2.987890625,10.2515625,16.6484375,0.1959838012005449,241.62233045789932
0.9973958333333334,11.878125,16335.859895833333,0.1934717968282596,0.007853503919211451,0.42911372795654273,0.003094067465485804,6.524739583333333,0.6236078225028501,0.1814929869081658,0.20655762197523359,0.22830121136166084,3.93125,1750.65546875,0.002768997706734081,11.1578125,966.590625,0.01002353163477725,44.3859375,90045.946875,0.026021501053555128,1557.0,4713.0,420.0,2569.0,6447.0,2.974609375,10.253125,16.996875,0.19663701571614056,244.06066731770838
0.9979166666666667,11.8953125,16421.900520833333,0.19322876186128587,0.008134566663224577,0.42704160988578366,0.0030985445428497005,6.548958333333333,0.640658522702395,0.1812104926640349,0.20652764026592604,0.22800296024564953,3.979296875,1867.746875,0.00288710265697181,11.25625,1126.4125,0.010540217695557266,44.1984375,89934.003125,0.026718771655902952,1597.0,4689.0,426.0,2546.0,6402.0,3.03125,10.315625,16.853125,0.20178327080146005,241.7833113606771
0.9984375,11.901041666666666,16375.359895833333,0.19389597129187866,0.007842012123095168,0.4269056022550975,0.003100036901970999,6.51875,0.6542669584245077,0.18195399925543163,0.2068501180079477,0.22870971272159757,3.9578125,1753.36328125,0.002764326907107318,11.2125,1242.446875,0.010052526528073088,44.3625,89996.259375,0.02594223858206865,1555.0,4749.0,414.0,2564.0,6433.0,3.03125,10.29375,16.69375,0.19652584626003708,244.58812391493058
0.99921875,11.91875,16439.2109375,0.19381707153016847,0.007883166394875789,0.43296975469288707,0.0031046496483459235,6.498697916666667,0.640534871525957,0.18185328652352722,0.20686742275120942,0.22862186033569235,3.955859375,1816.76484375,0.0027418331167205364,11.2421875,1039.909375,0.01013568303342251,44.446875,90328.296875,0.026195982868950085,1614.0,4696.0,408.0,2572.0,6462.0,2.98671875,10.3546875,16.690625,0.20060506779800297,246.54496093749998
0.9994791666666667,11.863541666666666,16538.728645833333,0.19314595541557092,0.007718184638097044,0.4300638339476143,0.0030902687331770427,6.58671875,0.6394766880323118,0.18113900520096285,0.2063555482868166,0.2279641634027576,3.958984375,2020.37421875,0.0026781825395100368,11.1734375,1165.49375,0.009939348615496786,44.171875,89985.38125,0.025657029055045334,1594.0,4694.0,401.0,2583.0,6410.0,2.974609375,10.290625,17.33125,0.2048105873466892,243.98658745659722
0.9986979166666666,11.901041666666666,16426.443229166667,0.19372408596613733,0.007711035570626345,0.42995739561695345,0.003100036901970999,6.516666666666667,0.6416192560175055,0.1816632884570584,0.20696364154021235,0.22872772042837802,3.91640625,1875.60078125,0.0027059413285724235,11.203125,1256.28125,0.009809410003435246,44.5375,89799.975,0.02563303810603313,1580.0,4713.0,410.0,2659.0,6393.0,3.00078125,10.3171875,16.7796875,0.19542998488061042,248.89854058159725
0.9973958333333334,11.8625,16350.296875,0.1934021797197175,0.007815158363594197,0.4251406337426626,0.0030899973951549883,6.415625,0.6415964172813488,0.18131259629277957,0.20668655829374746,0.2284761348534392,3.922265625,1810.42421875,0.0027105314231161003,11.271875,1082.734375,0.010035744255539254,44.2140625,89777.35,0.026013080233561536,1622.0,4676.0,421.0,2606.0,6367.0,2.981640625,10.3328125,16.234375,0.20050503824315233,244.21026041666667
0.9979166666666667,11.9265625,16405.700520833332,0.19331030962576393,0.007284802916269974,0.42910245581058887,0.003106684683511331,6.52578125,0.6286737412114066,0.18123249237858147,0.20657116399587627,0.2283607242443812,3.90859375,1739.815625,0.002480544551822562,11.24375,1481.19375,0.009314047829936644,44.68125,89993.746875,0.024472591460392962,1604.0,4724.0,418.0,2629.0,6451.0,2.975390625,10.3390625,16.9140625,0.19353642342729868,249.9461694335937
0.9973958333333334,12.0671875,16384.997916666667,0.1931017961293253,0.0076653462067190654,0.4376820656900675,0.003143315316488669,6.615885416666667,0.6390867106910095,0.18091173206157948,0.20645943784532755,0.22850441068430632,3.992578125,1900.03203125,0.0026255757048748996,11.36875,1223.65625,0.009922805294264953,45.0640625,89486.203125,0.025566969126549842,1595.0,4782.0,398.0,2721.0,6462.0,3.018359375,10.45,17.171875,0.1971267002575495,251.79965250651043
0.9979166666666667,11.9609375,16301.588020833333,0.19416825266673315,0.007890964780524033,0.43531613201528074,0.003115638838239125,6.522916666666666,0.6498149357718267,0.18224915860723317,0.20715472121447592,0.22885816035699041,3.969921875,1671.0671875,0.0027998976243793876,11.2203125,1066.553125,0.009986464754327412,44.665625,90058.70625,0.026159733431299226,1575.0,4739.0,426.0,2670.0,6357.0,2.9984375,10.315625,16.828125,0.19078080017804983,247.35107828776043
0.9979166666666667,11.985416666666667,16282.54375,0.19416945933666419,0.006740974403486449,0.4348014934244297,0.0031220152817574023,6.497395833333333,0.6450547540413697,0.1822718685310641,0.2071612674636878,0.22876801443204076,3.93125,1614.36015625,0.0022640155273355557,11.4359375,1088.546875,0.00868316049757024,44.7515625,90149.275,0.02270662381400624,1585.0,4817.0,436.0,2654.0,6335.0,3.012890625,10.5,16.4328125,0.1839249689828483,249.5117664930556
0.9971354166666667,11.9359375,16128.322395833333,0.19493606916443162,0.006983630643906313,0.4360440203662867,0.00310912672570982,6.526302083333333,0.6250818169917528,0.1830799122130291,0.20783877169519532,0.22945799443927797,3.94140625,1490.72734375,0.0023480592818497965,11.29375,854.50625,0.009046467339893633,44.55625,89952.51875,0.02346307939614506,1594.0,4740.0,422.0,2644.0,6322.0,3.02578125,10.384375,16.6703125,0.18726960520154548,246.00839599609375
0.9984375,12.003125,16129.794270833334,0.19568764879091838,0.006904373233571141,0.42838020714265723,0.003126628028132326,6.50703125,0.6434956174607307,0.18405937943640177,0.20807738082284782,0.22981099417705542,3.98203125,1447.921875,0.002320679881995251,11.4625,984.915625,0.008966646540876106,44.628125,90002.1625,0.02317687333256973,1582.0,4814.0,426.0,2631.0,6339.0,3.044921875,10.49375,16.36875,0.1900911970736996,246.0947819010417
0.9984375,11.934895833333334,16230.5453125,0.19494920623135775,0.007026215185949767,0.4289360213082495,0.003108855387687766,6.4625,0.6364390137464543,0.18313089070083613,0.2079004101243958,0.22927126446040616,3.971484375,1540.46328125,0.0023260292503697955,11.3671875,1145.878125,0.009186654552535218,44.35625,90075.540625,0.023666519561684196,1599.0,4753.0,412.0,2641.0,6316.0,3.021484375,10.4046875,16.284375,0.19365840836855241,242.48794894748264
0.9994791666666667,12.041666666666666,16186.974479166667,0.19618217761252618,0.0076643653683365265,0.4375034957812035,0.003136667534948337,6.574739583333334,0.6500432525951557,0.18446190131138057,0.20859174579742695,0.23065371463220793,4.00546875,1542.078125,0.0026638556857918796,11.3859375,983.759375,0.00992463170039003,44.8421875,89969.775,0.02540613776646162,1602.0,4779.0,423.0,2625.0,6419.0,3.081640625,10.475,16.646875,0.19242171489450846,250.3805555555556
0.9973958333333334,11.930729166666667,16219.2828125,0.19420496979259455,0.007522973482309702,0.4363896663000653,0.0031077700355995486,6.45,0.6421617846073253,0.18237595011270136,0.20704270392163515,0.22868331438312667,3.976171875,1607.53203125,0.0025598552027232407,11.2171875,1063.4375,0.009828659335960699,44.4625,89822.13125,0.025069760747004545,1632.0,4686.0,441.0,2678.0,6265.0,3.003515625,10.31875,16.3671875,0.1904781327300907,243.8139515516493
0.996875,11.966145833333334,16255.924479166666,0.19370392325936414,0.007637226102390867,0.43064907628504506,0.0031169955283493964,6.549739583333333,0.6463112078346028,0.18166993975550622,0.20693125011106064,0.22861253042309942,3.96875,1692.80390625,0.0025981144009026963,11.35625,1165.796875,0.01000857845863154,44.565625,89598.534375,0.025422320552102882,1607.0,4748.0,442.0,2643.0,6348.0,3.002734375,10.4125,16.875,0.19556716500290608,246.3832288953993
0.9973958333333334,11.9265625,16307.4859375,0.19347826235206667,0.007919015104367386,0.4340528828417882,0.003106684683511331,6.520052083333334,0.6427354906327787,0.18158403657496164,0.20649891637669254,0.228034511435861,3.99375,1664.296875,0.0027579356728124433,11.3265625,1136.534375,0.010271284496658581,44.2578125,90051.19375,0.026211063438295962,1578.0,4755.0,435.0,2595.0,6320.0,3.012890625,10.3609375,16.7078125,0.1957292490099856,242.8883569335937
0.9966145833333333,11.8953125,16207.4796875,0.19386858473445098,0.007655892856715418,0.43443096110731155,0.0030985445428497005,6.519791666666666,0.6513420027146548,0.18193510340083935,0.20680491401631892,0.22866618078702974,3.9046875,1651.078125,0.0026312266443787673,11.3453125,1174.60625,0.009953403749720178,44.4078125,89465.959375,0.02545704681305726,1587.0,4764.0,417.0,2657.0,6324.0,2.994921875,10.3734375,16.765625,0.18897197382662045,245.18591552734372
0.9984375,11.961458333333333,16246.332291666668,0.19492208563101784,0.007846562363740938,0.4408739352604864,0.003115774507250152,6.550260416666666,0.654053818688496,0.1832005163755956,0.20750407713644395,0.22922637114728078,3.9546875,1581.91875,0.0027592824364184214,11.3078125,941.334375,0.010153537331885756,44.6421875,90208.984375,0.025888707104886177,1594.0,4731.0,413.0,2638.0,6375.0,3.0234375,10.3609375,16.846875,0.1876012029675238,247.29955620659723
0.9981770833333333,11.997395833333334,16160.3734375,0.1954655453017729,0.008156639184573928,0.4436245919914781,0.0031251356690110274,6.538802083333334,0.6507922726286086,0.1837676280459291,0.2079049790183633,0.22981778060855756,4.017578125,1480.184375,0.00289402212136398,11.3734375,992.175,0.010528635818577572,44.540625,90049.328125,0.026835110803410066,1583.0,4791.0,419.0,2553.0,6407.0,3.06484375,10.4171875,16.55625,0.19033448046332263,245.58697238498263
0.9979166666666667,11.974479166666667,16190.3171875,0.1949031012533118,0.008018329165544548,0.4381585312538829,0.0031191662325258315,6.570052083333334,0.65264668783437,0.18310758622794587,0.2075706132588473,0.22941764934924008,3.987890625,1500.7515625,0.002775594139872636,11.34375,1211.734375,0.010440365461357598,44.5515625,89927.1625,0.02656723297241914,1575.0,4787.0,424.0,2638.0,6324.0,3.0484375,10.4,16.8265625,0.18862044749766807,246.21028618706592
0.9989583333333333,12.041666666666666,16191.778125,0.19566018295755389,0.008058637538879511,0.439357041720287,0.003136667534948337,6.589322916666666,0.6387110726643599,0.18407071168661526,0.20754128101839148,0.2301369699804709,4.004296875,1511.45859375,0.002834422003808898,11.3265625,1112.8375,0.010370464706940336,44.90625,89991.996875,0.02664367251110114,1588.0,4763.0,435.0,2647.0,6413.0,3.062890625,10.3640625,16.9203125,0.18856042938844733,249.79722222222227
0.9971354166666667,11.9671875,16052.024479166666,0.1956151115559576,0.007983546431385836,0.44610859954488347,0.0031172668663714508,6.5546875,0.6411629020324673,0.183968913987595,0.20789106099700697,0.22992395238835872,3.9625,1407.19140625,0.0028014822077131983,11.3125,795.446875,0.010341133735657624,44.640625,89887.934375,0.0263542160218046,1593.0,4746.0,402.0,2603.0,6411.0,3.033984375,10.3796875,16.8125,0.18821269698004287,246.88850667317703
0.9981770833333333,11.9015625,16162.403645833334,0.19554218798524625,0.008176642375539193,0.4354688923436288,0.0031001725709820264,6.505989583333333,0.6445669773751695,0.18385189070913968,0.20770249853790218,0.23014306653701663,4.01328125,1519.43125,0.002936183824567828,11.11875,1076.228125,0.01040292816853151,44.2375,89820.46875,0.026912190786432345,1572.0,4676.0,404.0,2639.0,6325.0,3.062109375,10.19375,16.59375,0.19904068696027294,243.9918725585937
0.99765625,11.870833333333334,16144.936458333334,0.19516503935272275,0.008072584994365585,0.43890409115807366,0.003092168099331423,6.438802083333333,0.6076693576693577,0.18348889982545166,0.20745916190770286,0.22957547490682692,3.987890625,1554.26171875,0.0028732377246511475,11.165625,792.259375,0.010344152414920524,44.1078125,89860.3125,0.0265984066526684,1555.0,4696.0,421.0,2580.0,6316.0,3.033984375,10.259375,16.2375,0.19695008886180604,241.22289930555553
0.99765625,11.9109375,16224.8296875,0.19460290777586664,0.008699572048385978,0.4398423626321529,0.0031026146131805155,6.521875,0.6504001049455594,0.18289930415127129,0.20690765903545144,0.22911257101466337,4.005859375,1643.5671875,0.0031691494522189945,11.190625,1056.45625,0.01099230449392583,44.2515625,89718.253125,0.02852852998751406,1563.0,4677.0,412.0,2639.0,6319.0,3.0640625,10.2734375,16.6015625,0.20075367862416385,242.15769287109376
0.99921875,11.928125,16137.596875,0.19630008555312106,0.008662346777577344,0.44884035784155274,0.0031070916905444126,6.542447916666666,0.6474980351061043,0.18485694043947418,0.2080617742425,0.2303109773183296,3.980859375,1395.00703125,0.0031767591407500864,11.15,946.24375,0.01095961968817614,44.4953125,90299.309375,0.028307424414287574,1597.0,4692.0,425.0,2630.0,6315.0,3.051953125,10.26875,16.778125,0.1852844564948149,244.56202148437498
0.9981770833333333,12.0328125,16179.349479166667,0.19532658623781363,0.008951287622618891,0.4429738234622029,0.003134361161760875,6.58515625,0.6438990607280439,0.18356922583476065,0.20771113064649924,0.22997148344133986,3.981640625,1647.58984375,0.0032962096739163277,11.3921875,913.1375,0.011380636792161818,44.878125,89572.6,0.02914225024788621,1589.0,4804.0,429.0,2650.0,6393.0,3.03515625,10.4671875,16.903125,0.18952114374975054,250.58329833984376
0.9963541666666667,11.8859375,16076.728645833333,0.19470166335957276,0.008829659454022734,0.43755616144378656,0.0030961025006512113,6.51796875,0.6410762017440077,0.18283410251121093,0.20759294351430796,0.22928062659828488,3.955859375,1468.71796875,0.0031937146284957392,11.2109375,955.984375,0.011339207707045783,44.28125,89629.515625,0.028863890503107663,1565.0,4740.0,444.0,2559.0,6344.0,3.014453125,10.3015625,16.7484375,0.19190136275422656,243.6000105794271
0.9981770833333333,11.9265625,16322.405729166667,0.19403011898028524,0.008650787146581533,0.4330211678647344,0.003106684683511331,6.5203125,0.625180138870693,0.18227194179744038,0.20672708014791902,0.22836586654403096,3.9640625,1722.29296875,0.0031081130617624827,11.2515625,953.8625,0.011068642394549185,44.4515625,90091.4,0.028403628237890076,1553.0,4759.0,435.0,2638.0,6315.0,3.032421875,10.3234375,16.66875,0.1914350299145161,244.9987736002604
0.996875,11.872395833333334,16187.134895833333,0.1942360002887999,0.008643014027379955,0.4354623150249088,0.0030925751063645046,6.52578125,0.6402281202017986,0.18235121553197048,0.20727824604804895,0.2287328935568687,3.974609375,1558.92421875,0.003077680054583085,11.209375,1069.071875,0.01118507968189764,44.1265625,89818.040625,0.028362284264049752,1613.0,4674.0,437.0,2576.0,6314.0,3.034375,10.3015625,16.715625,0.19453006362522715,241.60350884331595
0.99765625,11.958333333333334,16094.9328125,0.19555263974302362,0.00814509495635732,0.4399671917023484,0.003114960493183989,6.5609375,0.6140679442508711,0.18367999623142645,0.2085250540339,0.23007079949853582,4.0203125,1386.77578125,0.0028535981575118614,11.240625,1092.275,0.010535898485981755,44.428125,89930.21875,0.026920278622114713,1556.0,4790.0,425.0,2599.0,6340.0,3.0703125,10.3453125,16.7390625,0.19146886927808732,245.13420138888887
0.9979166666666667,11.8609375,16285.823958333332,0.1940169342092982,0.008217960189565148,0.43050259445011674,0.0030895903881219067,6.504166666666666,0.655864400825539,0.18196216034826782,0.20737307243786543,0.2288798914248523,3.89453125,1659.10625,0.002746112694177613,11.25625,1044.56875,0.01082946862851857,44.33125,90033.95,0.027493841732161867,1617.0,4708.0,434.0,2573.0,6405.0,2.939453125,10.334375,16.9328125,0.19569301038600573,244.6738907877604
0.9973958333333334,11.870833333333334,16281.108854166667,0.19382998563805168,0.008176675958007395,0.43107883378625755,0.003092168099331423,6.435677083333333,0.6427255177255178,0.18187670341248358,0.20684572463569406,0.2286273755426819,3.955859375,1783.6171875,0.0028906971618856995,11.196875,1196.271875,0.010518498791077274,44.2046875,89355.9125,0.026978768309424295,1568.0,4698.0,441.0,2623.0,6304.0,3.009765625,10.2765625,16.2984375,0.19729900522928406,242.68019097222216
0.9963541666666667,11.906770833333333,16279.513541666667,0.19322337737485337,0.008169776040016997,0.4297935188540787,0.0031015292610922984,6.421354166666666,0.6481781199422597,0.1812268251214802,0.20642699477740672,0.2280059689857929,3.947265625,1721.765625,0.002835258300123218,11.375,1210.09375,0.010645777523473362,44.2765625,89579.925,0.027031845516135744,1555.0,4789.0,425.0,2601.0,6329.0,2.98203125,10.421875,16.178125,0.19562996775653724,244.02516248914932
0.9973958333333334,11.952604166666667,16217.475,0.19442067032390356,0.008482219186302258,0.43742302613070366,0.00311346813406269,6.474739583333333,0.6479149418275306,0.18264617187356583,0.2070378080498057,0.2289015263993523,3.9625,1604.2890625,0.00303283027753913,11.346875,908.4,0.010973648759637132,44.51875,89979.29375,0.027788345248019895,1563.0,4762.0,428.0,2581.0,6391.0,3.0328125,10.38125,16.3359375,0.18960985220650894,245.3206703016493
0.9984375,11.913541666666667,16247.4609375,0.19474357402997391,0.008502909080269051,0.43906514592147955,0.0031032929582356515,6.53984375,0.6411646410772056,0.18302224485546947,0.20743502614030557,0.22893743861765986,3.95625,1635.8703125,0.0030619501226155517,11.2890625,884.25625,0.010982587430367632,44.3671875,90057.028125,0.027787066560784474,1561.0,4793.0,418.0,2573.0,6361.0,3.044140625,10.409375,16.653125,0.19128416920661,244.31492078993054
0.9979166666666667,11.8546875,16288.375520833333,0.19412530759884755,0.00853354260063072,0.4307112693156306,0.0030879623599895808,6.446614583333333,0.6414480910329071,0.18235544853586277,0.20695509302207338,0.22837495842756095,3.946875,1641.1640625,0.0030280269967412348,11.2546875,945.065625,0.011075941251448855,44.0859375,90220.53125,0.02801320636537054,1598.0,4701.0,409.0,2618.0,6298.0,3.0296875,10.3203125,16.240625,0.1978628966345173,241.16638427734378
0.9984375,11.9359375,16145.040104166666,0.19556953974739608,0.007621255720284542,0.4368055997208985,0.00310912672570982,6.450520833333333,0.6492996465505956,0.1839778047410101,0.20798690987052235,0.2295191096498137,3.986328125,1420.83359375,0.0026403990395021627,11.278125,1100.346875,0.009969953017467805,44.3921875,90086.559375,0.02519598514623079,1622.0,4735.0,426.0,2610.0,6318.0,3.03203125,10.35625,16.21875,0.18820321456194605,242.93704182942707
0.9963541666666667,11.917708333333334,16019.140104166667,0.19539668739942076,0.0075267117756387366,0.4372086553155435,0.003104378310323869,6.54296875,0.6360895026658508,0.1836763353137041,0.20787956278613198,0.22979522035557629,3.94765625,1394.05625,0.002643236261753316,11.1875,1038.5375,0.009695754958921839,44.528125,89500.078125,0.02489157064789732,1611.0,4682.0,415.0,2671.0,6330.0,3.023828125,10.26875,16.89375,0.18665083426518703,245.18749891493056
0.9984375,11.975520833333333,16102.496354166668,0.19613356623408879,0.008066975617942876,0.44169268156257707,0.003119437570547886,6.598697916666667,0.6287130865915713,0.18454281401236597,0.20835179392134745,0.2302783474337214,4.006640625,1507.4875,0.0028639410815216285,11.234375,913.715625,0.010423105469031895,44.5921875,89671.3125,0.026522983912538843,1588.0,4699.0,403.0,2631.0,6406.0,3.064453125,10.321875,17.0125,0.1973514378490502,245.89419243706595
0.9989583333333333,11.943229166666667,16224.405208333334,0.1955301661016117,0.00832214386701225,0.4425422853700558,0.003111026091864201,6.584635416666667,0.6428415681828092,0.1839361276218226,0.20794372768651925,0.22949275843586045,4.004296875,1636.6625,0.003008700481255307,11.2125,908.140625,0.01076298940482774,44.4296875,89891.640625,0.027135071872224536,1563.0,4728.0,428.0,2618.0,6343.0,3.0734375,10.2890625,16.925,0.19348344272022042,244.09781873914932
0.9984375,11.947916666666666,16158.028645833334,0.19562225933688746,0.008115359581222193,0.4397867223706668,0.0031122471129634453,6.463541666666667,0.6428945074106365,0.18406628615249127,0.20783327148809572,0.22963513992326406,3.99609375,1480.57421875,0.0029183927164947677,11.2421875,997.10625,0.010432604731054505,44.4609375,90028.76875,0.026585981890299582,1585.0,4742.0,411.0,2627.0,6318.0,3.054296875,10.3359375,16.228125,0.18888828448673667,244.69051649305555
0.9986979166666666,11.993229166666667,16281.263541666667,0.19494210644668986,0.008575700041027515,0.44295367080400194,0.00312405031692281,6.568489583333333,0.6286967472966517,0.18323273283459207,0.20730190853774663,0.22941979880402416,3.996484375,1695.99140625,0.003117162701285569,11.3625,1042.86875,0.010883641795158976,44.6109375,89860.746875,0.02810190764586385,1575.0,4775.0,434.0,2599.0,6371.0,3.051171875,10.4265625,16.7796875,0.1918281948928166,246.55255832248264
0.9986979166666666,11.950520833333334,16243.855208333332,0.1951836245252208,0.007792119367083826,0.43765871112414273,0.0031129254580185813,6.546354166666666,0.6279799520592722,0.18345483551059744,0.20749615761370727,0.22978624749522777,3.966015625,1663.31796875,0.002759489361638843,11.2859375,973.609375,0.009879155759884403,44.553125,89836.25,0.025835602996063183,1567.0,4764.0,428.0,2618.0,6367.0,3.019140625,10.35,16.8515625,0.19030135710745927,246.72671847873264
0.99765625,11.928645833333333,16125.403645833334,0.19533250387929968,0.007781194184966321,0.44301523565574785,0.00310722735955544,6.53515625,0.6363795136008383,0.1837737557663356,0.20728406209380817,0.22961593811664766,3.97890625,1449.6625,0.002725343924667801,11.2203125,1134.225,0.009960834532722462,44.4359375,89819.546875,0.02582495487840426,1590.0,4704.0,419.0,2618.0,6334.0,3.0453125,10.2734375,16.75625,0.18670621477282887,243.9751169162326
0.99765625,11.888020833333334,16234.586979166666,0.194526972229267,0.008368043362422417,0.43369856839521603,0.00309664517669532,6.51953125,0.6415772179627601,0.18275196347225905,0.20701685569210887,0.22913712379445678,3.962109375,1673.67734375,0.0029995915580070002,11.20625,954.509375,0.010709746717961566,44.2734375,89758.303125,0.027500147224544934,1553.0,4706.0,444.0,2578.0,6353.0,3.033984375,10.240625,16.740625,0.19422985678615215,245.30516899956595
0.9984375,11.8671875,16213.940104166666,0.19511801964583478,0.008228117445073482,0.43396872881035614,0.003091218416254233,6.51171875,0.6230414746543779,0.1834204521011546,0.20751198463521386,0.22951432483517661,3.964453125,1600.25703125,0.002908725445016499,11.240625,940.3875,0.01069911628441993,44.1046875,89942.225,0.027034686605954966,1570.0,4711.0,420.0,2535.0,6371.0,2.99921875,10.3296875,16.74375,0.19755719555459944,242.89329833984374
0.9966145833333333,11.931770833333333,16024.259895833333,0.19555090957200177,0.008456402787155582,0.4412035314105722,0.003108041373621603,6.583072916666667,0.6177484831289013,0.18402694995334765,0.20769844682397967,0.22949921079464053,4.053125,1409.19140625,0.0030560849555104903,11.28125,928.484375,0.011007167741646496,44.096875,89580.309375,0.027506909159245023,1585.0,4698.0,419.0,2602.0,6243.0,3.102734375,10.3390625,16.7484375,0.19485056537129225,240.14586561414933
0.9979166666666667,11.906770833333333,16157.310416666667,0.195353250546495,0.008537791075944896,0.43463608491115463,0.0031015292610922984,6.56015625,0.657364069813219,0.1838821715496172,0.20719306369665108,0.2293977533838501,4.006640625,1584.23203125,0.003116851165420799,11.1703125,995.43125,0.01095196020429592,44.24375,89611.503125,0.027807381589690254,1551.0,4726.0,429.0,2568.0,6338.0,3.059765625,10.2578125,16.8640625,0.19246986574457414,242.32307915581598
0.9984375,11.894270833333334,16334.871354166668,0.194146037909716,0.008621182630847194,0.43802239756591455,0.003098273204827646,6.5578125,0.6178131978806323,0.18244766704218168,0.2066585441224449,0.22842701516712421,3.9828125,1785.3890625,0.003078960779111393,11.2265625,1132.525,0.01112261616338418,44.2078125,89735.146875,0.028288636505253418,1562.0,4721.0,434.0,2598.0,6318.0,3.0390625,10.303125,16.8875,0.1980237128106085,243.88048800998266
0.9979166666666667,11.953645833333333,16210.995833333332,0.1948824438605459,0.008786430191455507,0.44101574993902803,0.0031137394720847445,6.554166666666666,0.6353971504509608,0.1832902495707977,0.20710067924044098,0.2290329856396438,3.975,1596.42265625,0.0032294813007693575,11.303125,1135.85,0.011205070834965537,44.51875,89744.434375,0.028595585110690085,1539.0,4761.0,433.0,2586.0,6389.0,3.02109375,10.3359375,16.9046875,0.1909964423201573,246.21399712456596
0.9981770833333333,11.8484375,16314.0515625,0.19416451328575057,0.008657064359710354,0.4348796683279772,0.0030863343318572544,6.529427083333333,0.6372148226295661,0.18234089081114774,0.207152470897266,0.2284710455726465,3.9625,1719.315625,0.0031386772836179662,11.3515625,1124.328125,0.011221912520174016,43.8890625,89882.71875,0.028165764503616242,1564.0,4788.0,421.0,2512.0,6298.0,3.028515625,10.4328125,16.6296875,0.19482664329515365,239.68692464192705
0.9971354166666667,11.795833333333333,16217.0921875,0.19433419605073643,0.009084934513617172,0.44221469533814667,0.0030726317617435096,6.41015625,0.6296803249735076,0.18270591888626286,0.20670095835665175,0.22848054240271543,3.990625,1624.85703125,0.003422648733202128,11.2671875,1212.375,0.011660477276423973,43.5453125,89590.75,0.029158534872470564,1577.0,4694.0,419.0,2560.0,6152.0,3.027734375,10.3140625,16.0359375,0.19350958513136043,235.67810763888886
0.9981770833333333,11.813541666666667,16234.125,0.1946872484364131,0.008751253294670087,0.43604494434036906,0.0030772445081184334,6.430729166666667,0.6305440437351204,0.18303968520931782,0.20732292630462093,0.2286418234765864,3.990625,1560.89296875,0.003238239745213387,11.2640625,1140.875,0.011276494582179216,43.6546875,90020.303125,0.028278066204987767,1559.0,4703.0,438.0,2533.0,6214.0,3.03203125,10.3171875,16.1390625,0.19710338891807394,236.57460828993055
0.9984375,11.822395833333333,16329.026041666666,0.19403102014232546,0.008756914604601155,0.43838579883306733,0.003079550881305896,6.41640625,0.6365478655447376,0.18235571958330493,0.20656479194516447,0.2281984505755686,3.996875,1716.53046875,0.003221915134889801,11.20625,1009.890625,0.011211146078689362,43.740625,90098.14375,0.028442681009358366,1569.0,4667.0,449.0,2561.0,6208.0,3.020703125,10.23125,16.184375,0.19584553800211166,236.12158175998266
0.9989583333333333,11.7578125,16276.8265625,0.19501837745372524,0.008153086569755032,0.43402844062494844,0.003062727923938526,6.449479166666666,0.634905869324474,0.18342926618819821,0.20737291179460363,0.22902028817495487,3.95234375,1627.98203125,0.0029081730938370883,11.09375,1052.25,0.01051488888358144,43.64375,90096.78125,0.0267709381596004,1572.0,4622.0,442.0,2555.0,6228.0,3.0109375,10.1546875,16.4984375,0.19676480988032194,237.39394938151042
0.99765625,11.852083333333333,16128.0984375,0.19535422306009587,0.008827132723048269,0.43634681657890406,0.0030872840149344448,6.433072916666666,0.6221655827034628,0.18366922499012178,0.20780151321828783,0.22964692518180022,4.033203125,1569.18125,0.0032217868786875116,11.1921875,1007.315625,0.01129789483150199,43.7875,89484.55,0.028777753992037573,1572.0,4659.0,395.0,2648.0,6194.0,3.052734375,10.240625,16.146875,0.20101681420579104,238.4609331597222
0.996875,11.891145833333333,16256.953125,0.19363363665470554,0.008646151807183209,0.4339431300795692,0.003097459190761483,6.517708333333333,0.618807761377075,0.18188729068969667,0.20598308120458458,0.22826957596486191,3.970703125,1737.7296875,0.0030568380597941823,11.2109375,1271.43125,0.011203343383361479,44.253125,89319.36875,0.028446215220561046,1589.0,4680.0,441.0,2643.0,6308.0,2.996875,10.271875,16.846875,0.1985392527769726,242.61054660373262
0.996875,11.884375,16166.2453125,0.19459217836486517,0.008722176648452146,0.4396593044315864,0.0030956954936181297,6.502604166666667,0.6397142606713998,0.18286663884120985,0.2071529445333003,0.22893357029105132,3.989453125,1660.2125,0.003145142443216061,11.0671875,913.8875,0.011196241952768023,44.28125,89442.734375,0.02855624816508061,1554.0,4709.0,399.0,2663.0,6298.0,3.01171875,10.2171875,16.7515625,0.19405844388666527,242.89808919270837
0.9963541666666667,11.863541666666666,16118.069791666667,0.19455938980348073,0.008325989165030964,0.4301172280601777,0.0030902687331770427,6.50546875,0.6256036526472912,0.18280104932609315,0.20695826925463967,0.22919387226187204,3.975390625,1686.2046875,0.0029794506261445683,11.190625,942.975,0.01074127120892543,44.0890625,89020.625,0.027296861276682072,1598.0,4684.0,425.0,2605.0,6296.0,3.0046875,10.2890625,16.725,0.19713684136493725,240.84804578993058
0.9971354166666667,11.802604166666667,16145.172395833333,0.19475976989939597,0.00866381645129491,0.43623775580681223,0.0030743954588868627,6.508072916666666,0.6422046688142624,0.1832374742925395,0.2069694362488824,0.22863928597733527,4.026953125,1514.64609375,0.003216278035496458,11.0921875,969.046875,0.011000001067636826,43.615625,89843.403125,0.028117785498146808,1522.0,4686.0,430.0,2601.0,6143.0,3.055859375,10.18125,16.64375,0.19676755204865112,234.9344723849826
0.9989583333333333,11.802083333333334,16229.002604166666,0.19526945792413433,0.008484913846215416,0.42615397783073317,0.0030742597898758355,6.529166666666667,0.6194616063548103,0.18386951583946823,0.2072257289031163,0.2289129552838169,3.994140625,1607.18359375,0.0031295686315135594,11.1625,1023.39375,0.010855918255632169,43.6734375,89921.8875,0.027535290295606085,1558.0,4674.0,414.0,2578.0,6192.0,3.0578125,10.21875,16.725,0.1940183788603923,236.0243706597222
0.9979166666666667,11.890104166666667,15999.094791666666,0.1966105325246022,0.008639391141971998,0.438821019399079,0.0030971878527394285,6.483854166666666,0.6273599369223356,0.18528343516094412,0.20820059606698255,0.23032885843685413,4.018359375,1369.359375,0.00319177096688726,11.1671875,943.31875,0.010981186700209316,44.1,89573.8125,0.028088076284073636,1535.0,4707.0,413.0,2578.0,6305.0,3.069921875,10.2453125,16.378125,0.1960300853424557,239.770735405816
0.9966145833333333,11.979166666666666,16000.434375,0.19567267649753256,0.008729708961064838,0.441028524230193,0.003120387253625076,6.5671875,0.6434782608695652,0.18395553329250397,0.20811266957043398,0.2301012562447456,4.021484375,1525.61953125,0.00316549461653214,11.2984375,952.06875,0.011220727845132183,44.490625,88948.059375,0.0284955474551283,1571.0,4755.0,420.0,2576.0,6391.0,3.060546875,10.3765625,16.784375,0.19523046644668351,244.04175347222227
0.9994791666666667,11.911979166666667,16126.809895833334,0.19662385473066585,0.00874725885924196,0.44283071170028626,0.00310288595120257,6.522916666666666,0.6515674872108784,0.18518007149824006,0.20855693701309663,0.2304659053779381,4.013671875,1506.14453125,0.0032036849574515135,11.2453125,1028.315625,0.011223175350308224,44.171875,89707.965625,0.02844563797533748,1531.0,4745.0,428.0,2547.0,6336.0,3.08125,10.328125,16.484375,0.19540266609499912,240.9078773328993
0.9986979166666666,11.922395833333333,16061.341145833334,0.19658938600868645,0.008479447706497549,0.43798870530105094,0.0031055993314231135,6.461197916666666,0.6329998689441265,0.18516805992446828,0.20836156242374598,0.23050251393049975,4.004296875,1409.40625,0.003105167444288074,11.1359375,1106.7625,0.010802887719882692,44.38125,89623.659375,0.0276531287419503,1569.0,4688.0,415.0,2602.0,6351.0,3.030078125,10.25,16.396875,0.19272430260205056,243.38356092664932
0.9963541666666667,11.878645833333334,15928.078645833333,0.19619877744121936,0.008860853322595527,0.43675273756810085,0.0030942031344968306,6.503645833333334,0.6262989433068795,0.1846116134058054,0.2083317116928561,0.23041449933123834,4.001171875,1358.2140625,0.0032900434709973053,11.0609375,884.94375,0.011229872129371404,44.20625,89250.671875,0.028775073922212534,1537.0,4664.0,420.0,2544.0,6388.0,3.03359375,10.1640625,16.7234375,0.19650298901646565,241.93058566623264
0.9994791666666667,11.940104166666666,16132.180729166666,0.19655920453061673,0.008944087260368617,0.4372700908165966,0.0031102120777980378,6.58203125,0.6255616139585605,0.18516051435783,0.20828024033804185,0.2304329294143387,4.040625,1509.07734375,0.0033353830371054675,11.146875,880.390625,0.011320638315040672,44.33125,89876.384375,0.029002353098749163,1539.0,4724.0,418.0,2613.0,6324.0,3.11328125,10.259375,16.7796875,0.19572545854486795,241.63859998914936
0.9986979166666666,11.919791666666667,16042.9421875,0.19679380335828298,0.009116964750728753,0.4397826428976645,0.003104920986367978,6.60078125,0.6351918203268374,0.18548128221072938,0.2082796360426728,0.23055805526410772,4.07421875,1379.303125,0.0035274548714328835,11.015625,1012.9125,0.011387536470740853,44.20625,89727.528125,0.029204432547900137,1556.0,4624.0,417.0,2603.0,6306.0,3.141015625,10.1171875,16.9234375,0.1939399621522245,238.7300249565972
0.9994791666666667,11.871354166666666,16234.951041666667,0.19549417410404615,0.008571195646578569,0.4428700775324439,0.0030923037683424502,6.520572916666667,0.631027069714386,0.18410403633804023,0.20751807958746743,0.22903081968464845,4.026171875,1595.75859375,0.0032225879574832874,11.1046875,890.459375,0.010840092207019333,44.01875,90136.2125,0.02769672984251893,1581.0,4643.0,417.0,2576.0,6261.0,3.095703125,10.19375,16.546875,0.19239621954745145,238.73709608289934
0.9989583333333333,12.002083333333333,16170.703125,0.1959220225244567,0.00867687080016926,0.43527707317362785,0.0031263566901102717,6.577604166666666,0.635349765665683,0.18440366988913437,0.20801113730092585,0.22990631828927682,4.059765625,1663.69609375,0.0031485858729874312,11.2171875,891.471875,0.011107398747038737,44.55625,89477.9625,0.0283594825620271,1579.0,4737.0,415.0,2624.0,6373.0,3.06875,10.3375,16.853125,0.19887611085198145,243.58853732638892
0.9986979166666666,11.905729166666667,16044.175,0.19649473050152666,0.008388838746245835,0.4366633452483672,0.003101257923070244,6.459114583333333,0.6566341484754363,0.18512250858352103,0.2083078800541885,0.23017046862088747,4.029296875,1376.26015625,0.0030517177923391633,11.16875,965.14375,0.010734239621945411,44.1484375,89794.865625,0.02739192168617296,1571.0,4679.0,434.0,2624.0,6248.0,3.055859375,10.2578125,16.2734375,0.19542904697028438,239.85100884331598
0.9989583333333333,11.9625,16316.554166666667,0.19461914994290877,0.008701676325077212,0.4370366823892519,0.0031160458452722064,6.61171875,0.6289184952978056,0.18318134370591718,0.20660204786809375,0.22838747696569017,4.030859375,1723.42421875,0.003181792131386594,11.103125,1286.34375,0.010993933344667764,44.5484375,89719.284375,0.02848895608024914,1529.0,4735.0,444.0,2642.0,6342.0,3.091796875,10.2125,17.090625,0.19372642275370164,244.30901041666675
0.996875,11.917708333333334,16177.297395833333,0.1943533887810464,0.008116847359384675,0.43508331275701934,0.003104378310323869,6.556770833333333,0.6329429245695306,0.18273596222830926,0.20679442545347398,0.22838205831956754,4.0078125,1648.4140625,0.0029493891800435276,11.16875,1153.553125,0.010342277247951687,44.30625,89316.575,0.026561250188182263,1578.0,4708.0,425.0,2654.0,6288.0,3.055078125,10.284375,16.8359375,0.19572330541262012,241.72864474826383
0.9984375,11.8953125,16091.150520833333,0.19614077288129667,0.008048680820079425,0.4322884726867572,0.0030985445428497005,6.46171875,0.628004728753448,0.18457533589510802,0.2083981569988131,0.2301451367085349,3.978515625,1447.8109375,0.0028914728980838607,11.08125,937.475,0.010373983512146356,44.3765625,89818.184375,0.026352209815994742,1555.0,4675.0,419.0,2633.0,6344.0,3.033203125,10.2140625,16.4234375,0.19560656301502072,244.88435302734374
0.9979166666666667,11.9875,16084.244791666666,0.19585370720331827,0.007898014379065833,0.4333890717088078,0.0031225579578015106,6.550260416666666,0.6422054223149114,0.18417416387948343,0.20850286258929338,0.22992272511268244,4.052734375,1480.02109375,0.002843817403449644,11.2,769.709375,0.010135483208657117,44.5140625,89815.675,0.0258773334519393,1568.0,4765.0,405.0,2637.0,6354.0,3.084765625,10.365625,16.596875,0.198900423546942,244.56703125000004
0.99765625,11.901041666666666,16310.750520833333,0.19379457941027742,0.008169345380814519,0.429046914073442,0.003100036901970999,6.53984375,0.6451641137855579,0.18198149293770433,0.2067855945921051,0.22805591011874204,3.9625,1775.13671875,0.002932876070283005,11.19375,1159.315625,0.010470333172599346,44.3625,89604.640625,0.026814234831155737,1627.0,4661.0,415.0,2681.0,6311.0,3.01953125,10.2984375,16.8625,0.19728528321440283,244.08083224826387
0.9989583333333333,11.891145833333333,16254.2015625,0.19510281509036917,0.008035640976213803,0.437113879580904,0.003097459190761483,6.4765625,0.6433358153387937,0.18353389352976548,0.20741506523983974,0.22906625118331317,3.986328125,1681.484375,0.0028953398953750326,11.221875,916.775,0.010298449172359333,44.1796875,89882.496875,0.026334037103423358,1570.0,4705.0,416.0,2583.0,6328.0,3.033203125,10.2796875,16.446875,0.19460377506151488,241.57981743706597
0.99921875,11.939583333333333,16220.93125,0.1957063960067016,0.008391876531830387,0.43650164630838134,0.0031100764087870106,6.482552083333333,0.6233641598324899,0.18419528405785476,0.2074917722395455,0.22996546756924507,4.01171875,1612.3375,0.002925105346349694,11.259375,934.596875,0.010958723725609704,44.33125,89941.640625,0.02769211407997385,1606.0,4680.0,426.0,2626.0,6336.0,3.059375,10.3484375,16.309375,0.2023352063654279,243.39322482638892
0.9973958333333334,11.9140625,16318.119791666666,0.19363047325410154,0.008320707937560033,0.42665890679585833,0.0031034286272466787,6.523958333333334,0.6471693989071038,0.18182721909516752,0.2063598999109209,0.22811406323301822,4.032421875,1828.209375,0.0029464483429235623,11.2375,1053.23125,0.010771080219530887,44.1171875,89542.65,0.027367374034135056,1570.0,4748.0,443.0,2576.0,6315.0,3.03984375,10.3265625,16.6578125,0.20473467305557758,240.5681355794271
0.9971354166666667,11.878125,16365.184375,0.19289086235274291,0.008345841889764127,0.43111286935529436,0.003094067465485804,6.46640625,0.6328159256336052,0.1809761355222438,0.20604930423290044,0.227391327794582,4.0203125,1896.25,0.002990508582793594,11.2515625,945.371875,0.010778500820374643,43.9359375,89660.734375,0.02733451618703574,1561.0,4739.0,464.0,2559.0,6259.0,3.05078125,10.334375,16.2609375,0.20331883506397225,239.39920898437504
0.9994791666666667,11.8921875,16455.158072916667,0.19371112449281233,0.00811339034709726,0.4318593087876233,0.0030977305287835373,6.497916666666667,0.64030131826742,0.18202166124128277,0.2064603426245481,0.22771975936719482,3.98828125,1816.88671875,0.002851335580570705,11.35,1160.39375,0.010513505992612466,44.05,90303.0078125,0.026761493767688264,1534.0,4803.0,440.0,2602.0,6236.0,3.041015625,10.4015625,16.421875,0.196322478171057,239.8045222981771
0.9973958333333334,11.881770833333333,16323.1703125,0.19358393439148444,0.008732432324584797,0.4356594753595049,0.0030950171485629938,6.467447916666667,0.6327094200675054,0.1818221697497643,0.20631199810065365,0.2279029292491958,4.032421875,1810.34140625,0.0031779012760136116,11.2171875,1255.315625,0.011167987881813047,43.94375,89442.340625,0.028515000961641286,1550.0,4762.0,438.0,2553.0,6270.0,3.055078125,10.3265625,16.2578125,0.20024499630797174,238.88758436414935
0.9981770833333333,11.886979166666666,16259.959895833334,0.1944549336703572,0.008916603383631204,0.4341026687967126,0.0030963738386732657,6.5484375,0.646321693028962,0.18295444890646673,0.206612278564267,0.2282995278320091,4.015234375,1674.2953125,0.0032191887176553843,11.340625,964.4125,0.01160309901492096,43.9203125,89898.165625,0.029019766416244718,1537.0,4774.0,434.0,2573.0,6246.0,3.05703125,10.4,16.6625,0.20088688885468164,237.793997124566
0.99921875,11.858854166666667,16439.778125,0.19376041243671616,0.00800756416809972,0.42957553869673304,0.003089047712077798,6.44375,0.6329219552900874,0.1821147097862404,0.20632673503702742,0.2277769004383079,4.001953125,1959.95546875,0.002838972475077062,11.221875,1014.128125,0.010342942982992409,43.9234375,89784.71875,0.026346552125297663,1585.0,4720.0,430.0,2595.0,6250.0,3.040625,10.3265625,16.1734375,0.2013655981999979,238.5858070203993
0.996875,11.805729166666667,16215.739583333334,0.1939889439444356,0.008602334582234892,0.4306985912855135,0.003075209472953026,6.453125,0.6495786826664314,0.18250444235387803,0.20636801586487508,0.22754787838622653,4.01328125,1707.7421875,0.003159441077082696,11.2328125,780.60625,0.011076232108416299,43.5484375,89682.8625,0.027900011076662273,1562.0,4737.0,426.0,2596.0,6117.0,3.02890625,10.3015625,16.3015625,0.19800126891673875,233.48673800998267
0.9979166666666667,11.835416666666667,16197.089583333332,0.19487894683184753,0.008641014473611937,0.43620788559846846,0.003082942606581575,6.555729166666667,0.6400721703925365,0.18354334584846135,0.2068005293136707,0.2282997682835691,4.057421875,1682.7046875,0.003195563359301416,11.0015625,831.865625,0.01091607585248053,43.78125,89619.853125,0.028147757551985425,1536.0,4660.0,423.0,2583.0,6230.0,3.098046875,10.1359375,16.80625,0.20196290923925686,237.0541623263889
0.99609375,11.822916666666666,16145.961458333333,0.19422196071867426,0.009072378496165967,0.42451130332930753,0.003079686550316923,6.4515625,0.6320264317180617,0.1827096047122398,0.20637987927533513,0.22811346618775125,4.0109375,1688.63828125,0.003334628597827347,11.16875,920.73125,0.011603341857719463,43.725,89200.484375,0.029492414727966952,1565.0,4680.0,426.0,2556.0,6268.0,3.046484375,10.23125,16.2921875,0.20455985370613572,236.6873914930556
0.9979166666666667,11.88125,16128.841145833334,0.1955007790108543,0.008930264946475638,0.4370725706871106,0.0030948814795519666,6.477083333333334,0.6328686656145888,0.1840397855884166,0.20778204693127936,0.22906348478018018,4.037109375,1557.4515625,0.0033023415335114736,11.1546875,1009.25,0.011350811172735283,43.984375,89533.990625,0.029021412372072647,1556.0,4701.0,424.0,2531.0,6338.0,3.03828125,10.2390625,16.4703125,0.20120146091393376,240.08902343750003
0.9966145833333333,11.792708333333334,16140.019270833332,0.19438991513993695,0.0087672202810031,0.4287992246293404,0.0030718177476773464,6.422395833333334,0.6284780496422577,0.18284433015674528,0.20668516028753933,0.22827700992510117,3.991015625,1627.0734375,0.0031661156090434157,11.23125,1408.284375,0.011296355117969687,43.5609375,88923.5375,0.02864250413187524,1586.0,4680.0,419.0,2523.0,6227.0,3.0328125,10.2703125,16.1328125,0.1995695749400207,235.47682183159716
0.9971354166666667,11.840625,16076.576041666667,0.19532157263597485,0.00862655641908925,0.4310413865026691,0.003084299296691847,6.528385416666667,0.6293217207706518,0.18388335043843976,0.20742259240635025,0.22897344165573993,4.021875,1577.21171875,0.0031796344112664564,11.1546875,1066.415625,0.010939470293749084,43.8015625,89084.19375,0.028101330575720597,1556.0,4690.0,416.0,2570.0,6240.0,3.05546875,10.21875,16.7296875,0.19699348110698822,237.85741210937493
0.9984375,11.821875,16188.541666666666,0.1954427603460154,0.00784072200632925,0.43126490804227785,0.0030794152122948686,6.485677083333333,0.647369812318266,0.18403211968478636,0.2073216078069829,0.22920647552996418,4.009375,1608.9875,0.002822336240936421,11.228125,1137.478125,0.009965348106313356,43.665625,89557.821875,0.025789638967916462,1553.0,4677.0,415.0,2568.0,6254.0,3.05546875,10.234375,16.4578125,0.20482277841750673,237.369833984375
0.9979166666666667,11.795833333333333,16140.786979166667,0.19532927368992378,0.007541799062336555,0.43626697488184923,0.0030726317617435096,6.455208333333333,0.634139879901095,0.1840545451632707,0.20675756993123934,0.22899989155522077,3.99921875,1506.6828125,0.0027091388455546114,11.165625,1075.409375,0.009578606415689328,43.6125,89742.58125,0.024835632576111554,1528.0,4682.0,419.0,2543.0,6220.0,3.042578125,10.24375,16.3171875,0.19983276853457524,236.29321180555556
0.9986979166666666,11.836979166666667,16261.018229166666,0.19487002310017149,0.007390423938520362,0.4309160065407654,0.0030833496136146565,6.491145833333333,0.6303955647467769,0.18332054803548747,0.2071163176352208,0.22882162882385834,3.976171875,1723.19609375,0.002595893088604027,11.175,1139.265625,0.009489848649830815,43.9421875,89534.059375,0.02446912262687525,1545.0,4689.0,425.0,2601.0,6286.0,3.00390625,10.23125,16.7,0.2011876238732993,239.31144504123264
0.9971354166666667,11.822916666666666,16234.807291666666,0.19412133460559178,0.008077916965802586,0.42492246033386405,0.003079686550316923,6.504947916666667,0.6411894273127753,0.18275748162191485,0.20569575896706244,0.2280023221788289,3.98359375,1642.86328125,0.002933578578929908,11.1171875,1324.69375,0.010170099474838316,43.8859375,89512.696875,0.02656308800425758,1564.0,4610.0,429.0,2648.0,6222.0,3.026953125,10.1375,16.784375,0.19928565053122588,238.77124565972227
0.9979166666666667,11.872916666666667,16085.101041666667,0.1957973990885966,0.00836280055740502,0.441937448902319,0.003092710775375532,6.4921875,0.6505965958940165,0.18450752594904926,0.20745605045260396,0.22929824028277862,3.998828125,1485.54375,0.0030820507708739287,11.15,1016.625,0.010601618055057244,44.0921875,89551.80625,0.02724698220587717,1536.0,4696.0,424.0,2623.0,6248.0,3.05234375,10.209375,16.534375,0.1931356056168722,240.5749956597222
0.9986979166666666,11.8578125,16152.433333333332,0.19586051455237616,0.00859504765103868,0.43919257396587863,0.0030887763740557435,6.445833333333334,0.6479114507840296,0.18445177836384666,0.20780922872505023,0.2295467451338201,4.020703125,1603.6421875,0.0031823762175341524,11.1171875,912.91875,0.0109261336182543,43.946875,89587.1125,0.02791464741784116,1559.0,4649.0,412.0,2636.0,6219.0,3.038671875,10.209375,16.3109375,0.1974040576694799,239.1667618815104
0.99765625,11.921875,16219.457291666668,0.19460863180519777,0.008156431193110965,0.43432161140119885,0.0031054636624120863,6.59453125,0.6372651813018786,0.18307324992349333,0.20697205374440159,0.22838673739281168,3.96484375,1685.54140625,0.0029370149556553625,11.3984375,1098.725,0.01061025534068068,44.2734375,89475.853125,0.02658027199536366,1557.0,4805.0,434.0,2628.0,6264.0,3.00703125,10.4484375,17.090625,0.1930581655184784,242.29493815104166
0.9984375,11.940104166666666,16472.333854166667,0.19306735467153918,0.007994667850716213,0.4356496999566529,0.0031102120777980378,6.58203125,0.6306652126499455,0.1812827021253008,0.20600531407824504,0.22726800544978695,3.98046875,2066.00390625,0.002850584187219335,11.3359375,1173.978125,0.010298563062707402,44.3828125,89396.009375,0.02626710729271254,1578.0,4809.0,423.0,2648.0,6303.0,3.008984375,10.4640625,16.9921875,0.19782140311940205,243.62662082248264
0.9971354166666667,11.841145833333334,16206.757291666667,0.19440901779044067,0.008166320760039978,0.4344213232850256,0.003084434965702874,6.50078125,0.6330327688585881,0.18281279478074136,0.2065522125445775,0.2286507150751011,3.95859375,1753.4390625,0.002988744454049126,11.1734375,1064.240625,0.010352020926034454,44.0390625,89162.546875,0.026690925818008915,1607.0,4644.0,423.0,2610.0,6300.0,3.012890625,10.25,16.703125,0.19930298290601972,240.342473687066
0.99765625,11.833854166666667,16138.875,0.19510313914956726,0.007960251888733113,0.43807061161343336,0.0030825355995484937,6.427083333333333,0.6594340037850447,0.1835939117495461,0.2072675154342128,0.22897567246500636,4.015234375,1565.8765625,0.002926657537840439,11.13125,1203.73125,0.010145962428590118,43.8109375,89366.0125,0.025908918752446792,1601.0,4609.0,426.0,2577.0,6267.0,3.0359375,10.19375,16.225,0.20313178677408847,236.52916639539927
0.9981770833333333,11.806770833333333,16264.7125,0.19448067126436872,0.0078902339164214,0.4313636806856493,0.0030754808109750803,6.484895833333334,0.6454629670475098,0.1829410355958962,0.20678278211967113,0.22833710308295654,3.951171875,1746.01484375,0.0028516555716468586,11.30625,831.365625,0.010180239452079213,43.7296875,89772.85,0.025754541759861756,1619.0,4695.0,414.0,2570.0,6220.0,2.987109375,10.3796875,16.58125,0.19651651522738373,236.81995415581602
0.9986979166666666,11.771354166666667,16360.689583333333,0.19401193028548883,0.008851764479928836,0.4290443796621029,0.003066255318225232,6.44296875,0.6401486659882306,0.18263731074708994,0.20597737391445148,0.2275449648101219,3.96796875,1684.2203125,0.003318499337316151,11.190625,1209.184375,0.011231270050118966,43.565625,90218.071875,0.02860531948018944,1563.0,4683.0,414.0,2603.0,6148.0,3.042578125,10.2375,16.25,0.1946631224485702,234.22949191623263
0.9979166666666667,11.8015625,16252.2875,0.19437125411795636,0.00814899653560841,0.4336695142731099,0.0030741241208648087,6.41328125,0.6267708195419038,0.1828729352486255,0.2065787309892914,0.228157052723945,4.01640625,1694.8671875,0.00300447069953672,11.1484375,1272.078125,0.01031074199296387,43.5953125,89462.178125,0.02656535442253971,1544.0,4710.0,404.0,2570.0,6193.0,3.045703125,10.1828125,16.1140625,0.19429450431194173,235.46114339192707
0.9979166666666667,11.741145833333333,16171.015625,0.19506063628306394,0.00814962338852109,0.43387249254735544,0.003058386515585656,6.394270833333334,0.628177261234086,0.18367692077619338,0.2070809871075258,0.22857514748608437,3.962109375,1515.6984375,0.0029897326542809854,11.221875,1146.38125,0.010475441634398657,43.3765625,89816.91875,0.026463368079603942,1592.0,4689.0,424.0,2553.0,6126.0,3.014453125,10.265625,16.0421875,0.19223878311933623,233.52986952039925
0.99765625,11.716145833333334,16501.002083333333,0.1921226759764934,0.007560113860549452,0.4244568041767831,0.0030518744030563513,6.454427083333333,0.6295176705934652,0.1804043028106813,0.20490549954797083,0.2262133450682644,3.930859375,2046.70625,0.0026729593839747057,11.15,1280.153125,0.009696629872209737,43.4234375,89539.034375,0.02497221575518816,1601.0,4667.0,418.0,2582.0,6159.0,2.980859375,10.28125,16.521875,0.1989495415057822,233.99546847873262
0.9994791666666667,11.770833333333334,16446.903125,0.19381557074801112,0.00758929985776259,0.430859617271046,0.003066119649214205,6.492447916666666,0.6375221238938054,0.18237896359820455,0.20608334021637695,0.22729422987887174,3.973046875,1781.4140625,0.0027524296770608976,11.2984375,1346.140625,0.009653721796583737,43.434375,90209.621875,0.024872358641748218,1569.0,4724.0,419.0,2546.0,6175.0,3.0171875,10.353125,16.5328125,0.20060765354211924,233.60217013888888
0.996875,11.730208333333334,16238.075520833334,0.193778087039806,0.008438654171576514,0.43002410715328315,0.0030555374663540852,6.380208333333333,0.643370926205488,0.18217927583245083,0.20631691578818634,0.22763450312084638,4.00546875,1693.25703125,0.003163141676541632,11.14375,1313.0875,0.010693629681107264,43.215625,89342.3375,0.02728572864218528,1568.0,4635.0,427.0,2560.0,6121.0,3.0375,10.1953125,15.9359375,0.20407783978468078,231.69856662326387
0.9971354166666667,11.738541666666666,16248.152083333332,0.19381646821999915,0.008612654290251478,0.4307884966964867,0.00305770817053052,6.394270833333334,0.6450439258141805,0.18230942713848702,0.2061199426407727,0.22754115812527406,4.026171875,1729.42734375,0.0031973780517542544,11.0640625,1243.084375,0.010997637741594754,43.2625,89328.11875,0.02788877579289708,1563.0,4625.0,434.0,2551.0,6145.0,3.04609375,10.153125,16.028125,0.20673081396717635,231.93684787326393
0.9981770833333333,11.767708333333333,16225.272395833334,0.19486532828323763,0.008276686587435626,0.4314818650506607,0.003065305635148042,6.38203125,0.6351243693015844,0.18346213505603423,0.20685750742034448,0.22848592205494436,3.97890625,1728.215625,0.0030675274191889887,11.1328125,1029.796875,0.010491567094045445,43.5578125,89408.975,0.02689844275381235,1586.0,4624.0,436.0,2533.0,6223.0,3.019140625,10.2109375,16.0046875,0.2005163641107675,235.75854058159723
0.9963541666666667,11.759895833333333,16169.639583333334,0.19412579452985018,0.008100589919633718,0.42716000069875454,0.003063270599982634,6.4,0.6182736170778157,0.18263721416499654,0.20637543841420047,0.2278304721049146,3.9796875,1659.16640625,0.002976708226692777,11.2046875,974.459375,0.010304486510017103,43.4359375,89406.7125,0.02639222010101409,1601.0,4664.0,399.0,2619.0,6121.0,3.023046875,10.275,16.0328125,0.1996867742517913,234.68818332248264
0.99765625,11.705729166666666,16195.591145833334,0.19467492931756947,0.00873795133638771,0.43597548022511495,0.0030491610228358078,6.472395833333334,0.6182869855394884,0.18326922154508624,0.20676910422285646,0.2282035855022154,3.98828125,1640.728125,0.0032814201409471534,11.0671875,1234.228125,0.011059503081743324,43.2140625,89376.40625,0.028242524372794307,1566.0,4611.0,415.0,2575.0,6107.0,3.029296875,10.1359375,16.58125,0.19919612550996693,232.63423800998268
0.9981770833333333,11.818229166666667,16198.14375,0.19514617054302916,0.008586851284281112,0.44000711443610496,0.003078465529217678,6.444270833333333,0.613282799347759,0.1836330386260025,0.20749883162402766,0.22884603713013724,4.014453125,1566.50703125,0.003200648571467199,11.1265625,954.7875,0.010832156471448006,43.725,89968.046875,0.027886356948369866,1581.0,4654.0,411.0,2606.0,6196.0,3.0421875,10.19375,16.303125,0.1974559173125666,238.803938530816
0.9973958333333334,11.75625,16142.727604166666,0.19490654312004405,0.008754283934483915,0.4356310179799025,0.0030623209169054443,6.453645833333334,0.6166046429204324,0.1834880198345795,0.20704433911872783,0.22844284026321854,4.04609375,1484.9515625,0.003290284314863287,11.0421875,1047.24375,0.011039118873725466,43.3109375,89869.315625,0.028325447473724886,1537.0,4602.0,421.0,2554.0,6154.0,3.063671875,10.0640625,16.403125,0.20190918734517072,233.50152343749997
0.9979166666666667,11.7796875,16228.046354166667,0.19455751859336096,0.008584996531020636,0.4286034358649031,0.0030684260224016673,6.454947916666667,0.6328425520626078,0.18310616103705096,0.20679757970631316,0.22812288770564884,4.016015625,1566.51328125,0.0032085406916867567,11.1515625,1250.040625,0.010840399212835328,43.4625,89852.184375,0.027835417206541462,1531.0,4687.0,423.0,2536.0,6183.0,3.046875,10.2109375,16.33125,0.19898361026788847,234.81135823567703
0.99765625,11.743229166666667,16187.252604166666,0.19470535066452735,0.008532972298777973,0.43644668631242095,0.0030589291916297647,6.401822916666666,0.6228323058500023,0.1831965836098351,0.20713279512233598,0.22831297442548765,3.969140625,1557.18359375,0.0031011777080565983,11.08125,1125.45,0.010934447620887614,43.5015625,89769.33125,0.02785867533955383,1558.0,4630.0,416.0,2601.0,6153.0,3.004296875,10.1578125,16.2359375,0.19747096404337044,233.74083957248266
0.9966145833333333,11.7359375,16143.2609375,0.1944064701650192,0.008627593775857516,0.43298466467881946,0.0030570298254753844,6.39921875,0.6382195002884659,0.18291725693345376,0.20668385921233803,0.22808593404396213,4.01484375,1483.85625,0.0032225694178923,11.0140625,1080.678125,0.010963084435709406,43.3421875,89843.4625,0.02791220054786649,1572.0,4592.0,417.0,2629.0,6078.0,3.0421875,10.1109375,16.115625,0.19887486744197774,230.5891251627604
0.9973958333333334,11.8328125,16191.878645833332,0.19458053447415716,0.008830518976760775,0.4314703024170337,0.0030822642615264393,6.43046875,0.6325982657687398,0.1829717302620487,0.20699293824431794,0.22860334755243034,4.041015625,1657.98828125,0.003279140843701428,11.071875,970.45,0.011168704071000245,43.7609375,89548.86875,0.0286978464147587,1592.0,4633.0,429.0,2631.0,6183.0,3.032421875,10.1859375,16.2671875,0.20177262158136863,236.5152775065104
0.9984375,11.817708333333334,16247.649479166666,0.1947435257820135,0.008144384018933542,0.43085560259665384,0.003078329860206651,6.418229166666666,0.6199206698986338,0.18320973017243666,0.2070149371956947,0.22860729680663977,4.012109375,1618.11015625,0.0028810204969317143,11.1421875,1258.95625,0.010434079337700375,43.715625,89754.5,0.026908142788174015,1622.0,4623.0,444.0,2565.0,6218.0,3.037890625,10.2125,16.1453125,0.19985653962892186,237.1719780815972
0.9984375,11.7703125,16242.330208333333,0.19486336945037439,0.008751142166988765,0.43115807731182537,0.0030659839802031777,6.362760416666666,0.6336563564759503,0.18333670889847511,0.2070603969497163,0.22877298415862954,3.991796875,1642.046875,0.003210916867021732,11.0125,1152.878125,0.011090741078078115,43.6421875,89732.915625,0.028572444455767544,1545.0,4592.0,411.0,2609.0,6229.0,2.98671875,10.0921875,16.1375,0.20433763686244888,237.38943115234372
0.996875,11.801041666666666,16331.10625,0.19315565154258307,0.008588233069533668,0.4293549092520102,0.0030739884518537815,6.41875,0.6270191543825581,0.18143491656596047,0.20600011846482413,0.22719412452683257,3.9640625,1821.47890625,0.0031340187788387484,11.2,1240.49375,0.011016879940375068,43.75,89460.228125,0.027976443361471946,1570.0,4712.0,418.0,2621.0,6187.0,2.985546875,10.2984375,16.271875,0.19622634357346133,237.1713530815973
0.9984375,11.8203125,16343.5484375,0.19400535786182488,0.008572319969563936,0.4314062763987405,0.003079008205261787,6.45,0.6336638025996916,0.1825102119138122,0.20624201722637547,0.227749282289325,4.025,1689.5453125,0.003130799793415626,11.20625,1147.83125,0.011044712457045908,43.615625,90155.278125,0.02786600818667521,1621.0,4613.0,420.0,2624.0,6150.0,3.05703125,10.240625,16.23125,0.2024584640787229,234.57917073567708
0.99765625,11.841666666666667,16218.4828125,0.19458500422190944,0.008630069921009757,0.439488404457443,0.0030845706347139012,6.478645833333333,0.6384148486981,0.18296908306766207,0.2070376788738418,0.22859601418696637,3.995703125,1765.87734375,0.0031244969958917337,11.1765625,956.06875,0.011022781776252426,43.890625,89291.31875,0.02825964976623918,1571.0,4703.0,415.0,2638.0,6214.0,3.021875,10.2609375,16.5234375,0.20002812397720163,240.20305555555558
0.9981770833333333,11.891666666666667,16308.005729166667,0.19402487934270968,0.008747539577407626,0.4399237880032533,0.00309759485977251,6.551822916666667,0.6412053258584443,0.1824577142828656,0.20635423826536908,0.2279641806594265,4.0046875,1772.7484375,0.003095201950758948,11.2046875,863.596875,0.01128633146063867,44.1265625,89893.44375,0.028818098200771292,1573.0,4732.0,431.0,2650.0,6254.0,3.02578125,10.3046875,16.903125,0.2010657542306716,240.41951388888896
0.9973958333333334,11.9,16183.969270833333,0.19472239838878777,0.008968837979292437,0.43921680765619564,0.0030997655639489453,6.478125,0.6169905462184874,0.18318420040667766,0.2070758562247627,0.22852173248125335,4.046875,1663.7875,0.0033590780138790357,11.1375,1035.559375,0.011341637477961724,44.075,89413.10625,0.029035078342276754,1554.0,4722.0,423.0,2639.0,6230.0,3.062890625,10.246875,16.3703125,0.19702322843713274,239.01552083333337
0.9973958333333334,11.827083333333333,16197.2328125,0.1945932722135262,0.008810988427109473,0.43272999331857137,0.00308077190240514,6.440625,0.651576536903294,0.1830059344399378,0.20689238013071773,0.22864351539068845,3.982421875,1783.4421875,0.0031671073814676736,11.1578125,844.315625,0.011428895635407877,43.875,89205.3125,0.028768605401378256,1565.0,4715.0,435.0,2598.0,6231.0,3.02421875,10.2671875,16.2796875,0.19937287053928723,238.35134982638888
0.9989583333333333,11.997916666666667,16250.841145833334,0.1951591275957593,0.0085730020088414,0.4389261194230241,0.0031252713380220546,6.58125,0.639781212015975,0.1836400803690938,0.20744783649729825,0.2289466076008825,4.055859375,1657.66953125,0.0030951498047514154,11.4046875,1032.378125,0.011088398670816563,44.359375,89841.990625,0.02796901416322617,1583.0,4811.0,424.0,2615.0,6300.0,3.094140625,10.5015625,16.609375,0.20012767129281261,242.10832899305555
0.9979166666666667,11.916145833333333,16226.971354166666,0.1946111660129878,0.008348793061226855,0.43198103578589025,0.0031039713032907875,6.475520833333333,0.6351676209624546,0.18299290519870978,0.20704230379345834,0.22865307148962932,4.03828125,1685.946875,0.00304097257047703,11.265625,1298.99375,0.010664852778003324,44.078125,89319.046875,0.027264015307449697,1571.0,4725.0,428.0,2652.0,6209.0,3.06796875,10.290625,16.290625,0.19613442556601762,240.5596351453993
0.9981770833333333,11.916666666666666,16108.971875,0.19580440081456285,0.008500018176871675,0.43466856253003433,0.0031041069723018147,6.496614583333334,0.6312062937062937,0.18428578837823228,0.20802535371616218,0.22965789765828593,4.0171875,1510.00546875,0.0030860137880245955,11.1890625,1046.721875,0.010839426091066326,44.2421875,89567.0875,0.02781662781806533,1551.0,4741.0,411.0,2686.0,6244.0,3.072265625,10.3046875,16.3859375,0.19686045761692006,242.52534722222225
0.9997395833333333,11.8625,16231.509895833333,0.19563462311246646,0.008432819597360001,0.42815703632183083,0.0030899973951549883,6.47109375,0.6263171759747103,0.18444309686412663,0.20710467403882288,0.2289306771794692,4.06328125,1545.4953125,0.003055124124458884,11.1390625,1289.71875,0.01076691019670304,43.7828125,89917.359375,0.027609510889621436,1561.0,4654.0,439.0,2644.0,6151.0,3.08515625,10.1796875,16.30625,0.20166051020363807,237.02692708333336
0.9979166666666667,11.911979166666667,16218.085416666667,0.19458429494883692,0.007980323887853667,0.43165638983246946,0.00310288595120257,6.468229166666666,0.6319793625114775,0.1829664468127087,0.20697011494443135,0.22866986749775528,3.98515625,1670.8453125,0.0028321876771207196,11.2578125,1064.2,0.010216938982458549,44.2734375,89560.93125,0.026336253636180574,1565.0,4764.0,421.0,2629.0,6307.0,3.014453125,10.3390625,16.4125,0.19667581945215062,242.8719398328993
0.99609375,11.920833333333333,16220.977604166666,0.1936072089198382,0.008105338240354332,0.4331743639110807,0.0031051923243900323,6.4625,0.6432628451590353,0.1817600615355563,0.20631261784352692,0.2282903895332772,3.990625,1778.23828125,0.0028403980160194237,11.1734375,1004.88125,0.010368588204301416,44.3890625,89208.03125,0.026901849173746883,1592.0,4695.0,438.0,2609.0,6391.0,3.033984375,10.278125,16.3609375,0.20389736543915032,244.9770659722222
0.9973958333333334,11.9984375,16384.663020833334,0.19327258575236703,0.008185401823481127,0.43785732947907213,0.0031254070070330813,6.5796875,0.6208707731041369,0.18146495256639245,0.20553779296040134,0.22823791128823104,3.972265625,1989.11171875,0.0028751412122920454,11.221875,1079.35,0.010444271862366006,44.8796875,89272.18125,0.027167574229352575,1596.0,4738.0,436.0,2696.0,6398.0,3.01796875,10.33125,17.075,0.19343200156737453,250.64947672526034
0.9984375,11.922395833333333,16283.572916666666,0.19454454462160778,0.008170074690829405,0.4293821880616561,0.0031055993314231135,6.485416666666667,0.6283692280809051,0.1829126212027139,0.20662641433495937,0.22899036858383165,4.00859375,1671.8890625,0.00288673864313597,11.2375,1061.9,0.010440406793611409,44.2625,89951.98125,0.02703308677882115,1558.0,4740.0,415.0,2646.0,6307.0,3.046875,10.3125,16.4125,0.20092759339723787,244.65804009331598
0.99609375,11.9265625,16231.419270833334,0.19328296317375332,0.008173034094801721,0.4428025650759029,0.003106684683511331,6.5390625,0.6432158609546268,0.18120019477904442,0.206670920236997,0.22822607968934538,3.97109375,1718.36875,0.0028424977420490097,11.2796875,1169.36875,0.010600806179331571,44.3953125,89345.671875,0.027067407421282712,1587.0,4730.0,422.0,2666.0,6331.0,3.02109375,10.3640625,16.7859375,0.19963253123642155,244.97377360026036
0.9971354166666667,11.9984375,16203.059895833334,0.19442711832183518,0.008601047006800443,0.4373336907141527,0.0031254070070330813,6.605729166666666,0.645092676997873,0.18266259886449804,0.20682002325774654,0.22909229121527241,3.994140625,1684.4578125,0.0031017656285208784,11.2953125,966.675,0.010962765840360086,44.71875,89513.853125,0.028236453686359055,1625.0,4690.0,405.0,2687.0,6386.0,3.039453125,10.3578125,17.11875,0.19622584012358665,247.9510392252604
0.9984375,12.059375,16396.785416666666,0.19370560220186708,0.00848412954855749,0.43722043369872277,0.0031412802813232613,6.6109375,0.6372117128789841,0.18179387159283228,0.20670848041583417,0.22834964642403915,3.9828125,1881.12578125,0.002970041508069652,11.45625,1317.775,0.01093804899198653,44.96875,89538.434375,0.028086562267079805,1592.0,4828.0,451.0,2669.0,6426.0,3.03359375,10.5,17.03125,0.197303253488244,251.3912662760417
0.9989583333333333,12.066666666666666,16411.238541666666,0.19398774739559918,0.008870484776215642,0.43027268104797073,0.0031431796474776417,6.615885416666667,0.6509841160220995,0.18209474062463174,0.20700288502193417,0.22854463685313417,3.96015625,1914.72265625,0.003224186117789076,11.453125,973.703125,0.011306024506299922,45.10625,89834.8375,0.02902013967983762,1602.0,4843.0,425.0,2717.0,6399.0,3.02890625,10.5390625,17.040625,0.18992973950516345,252.7064930555556
0.9981770833333333,11.969791666666667,16387.578125,0.19354982253776007,0.008785210821459923,0.43523005371629925,0.0031179452114265867,6.578125,0.6479418675485162,0.1817207708364261,0.20626682403540614,0.22814902784544983,3.9515625,1856.61953125,0.0031232481094599063,11.3,1075.565625,0.01133420341052307,44.7125,89823.425,0.028884069080396847,1590.0,4789.0,429.0,2676.0,6371.0,2.99921875,10.4125,17.059375,0.19392022967847977,248.67981662326392
0.9973958333333334,12.009375,16253.083333333334,0.19417539968811692,0.008500693740309862,0.43189658708181766,0.003128256056264652,6.609895833333334,0.6478011969815248,0.1823699581600798,0.20680318814442344,0.2287693773439587,3.968359375,1720.93515625,0.0030038451400631163,11.4640625,1322.675,0.011027772085469753,44.71875,89312.084375,0.02796100979613695,1594.0,4815.0,421.0,2676.0,6379.0,3.02421875,10.5328125,17.0296875,0.19932392758492584,249.0259537760417
0.9979166666666667,12.013541666666667,16062.373958333334,0.19620027638701723,0.008499509786289525,0.44065265545066884,0.0031293414083528696,6.609635416666666,0.6475765195525882,0.18458165211013475,0.20838498364540364,0.23049006623616056,4.0140625,1521.47734375,0.003100946386707137,11.321875,1105.521875,0.010903944159266191,44.703125,89182.8125,0.027689329011642415,1564.0,4786.0,420.0,2617.0,6403.0,3.0375,10.415625,17.0921875,0.1942824883228781,248.4003374565972
0.99921875,12.004166666666666,16196.586458333333,0.19595235634952612,0.008697685751627495,0.44626869723203905,0.0031268993661543805,6.564322916666667,0.6447847969455051,0.18437222180051147,0.20800816743592324,0.2302170834591876,4.04375,1652.121875,0.0032292774854659444,11.2390625,760.071875,0.011014890812884762,44.6109375,89810.959375,0.02825411375501643,1583.0,4750.0,414.0,2654.0,6327.0,3.0609375,10.3625,16.7796875,0.19302450761369924,247.39164930555563
0.9971354166666667,11.972916666666666,16210.3578125,0.1944337240156609,0.008591932505588156,0.4309186333894575,0.00311875922549275,6.58046875,0.6399425787367322,0.18261997448582543,0.20706852180092383,0.22905392434973973,4.0078125,1711.371875,0.0031304664028068987,11.2609375,1152.0625,0.010938032323479055,44.5453125,89264.596875,0.02809169709882229,1573.0,4746.0,424.0,2641.0,6359.0,3.03984375,10.3546875,16.96875,0.19569607219834273,245.65082899305557
0.9981770833333333,11.905208333333333,16315.98125,0.1940372902039342,0.00845181907805642,0.43589726400976775,0.003101122254059217,6.573697916666666,0.6386385510543354,0.18228245370048815,0.20680733928302414,0.22828658713862868,3.962109375,1731.24609375,0.0030315210627686953,11.2734375,906.2375,0.01083400935201669,44.309375,90064.665625,0.02775082086524704,1587.0,4750.0,430.0,2598.0,6321.0,3.02734375,10.346875,16.9859375,0.1904979207231983,243.89674370659722
0.99765625,11.916666666666666,16147.590625,0.19538019394204564,0.008551770504246353,0.445735832994483,0.0031041069723018147,6.47578125,0.6206293706293706,0.18365450465005698,0.20805629889781524,0.22960684615423066,3.96171875,1533.2859375,0.0031303092059903094,11.1390625,1066.95625,0.010949955950960365,44.5140625,89685.44375,0.02783943025055651,1584.0,4743.0,411.0,2641.0,6328.0,3.024609375,10.2921875,16.4640625,0.1851620792957013,246.21284722222225
0.9971354166666667,11.903125,16200.648958333333,0.19436373713868632,0.008275706563290292,0.42989623264712884,0.003100579578015108,6.445572916666666,0.6473265073947668,0.18258701522449644,0.2069383145422173,0.22889604739191505,3.991796875,1630.821875,0.002950259062232935,11.1921875,1101.70625,0.010736273326689432,44.259375,89578.9,0.027116929804120577,1574.0,4713.0,434.0,2556.0,6363.0,3.040234375,10.2734375,16.2390625,0.19504439721768813,242.75936523437503
0.9984375,11.9265625,16388.557291666668,0.19378314837102212,0.008282845361167423,0.4283226302384815,0.003106684683511331,6.566666666666666,0.6345691951613608,0.18202703996489483,0.20642736636785042,0.22816336399870307,3.9578125,1788.28984375,0.002934349167958737,11.20625,1222.003125,0.010703793574500593,44.521875,89956.18125,0.027255881920668988,1569.0,4728.0,424.0,2592.0,6428.0,3.00390625,10.2890625,17.0953125,0.19426226662590262,246.25241943359373
0.9971354166666667,11.953125,16168.420833333334,0.19462377111523363,0.008013863218246134,0.4336248966705941,0.0031136038030737173,6.47578125,0.6489760348583878,0.1827630503551961,0.20747634044117333,0.22921408482944386,3.98046875,1556.25390625,0.0028391840644387003,11.2578125,1227.60625,0.010295364070765256,44.5390625,89557.903125,0.026431078980956757,1595.0,4722.0,417.0,2638.0,6366.0,3.0328125,10.328125,16.3953125,0.1924854473129027,246.325927734375
0.99765625,11.810416666666667,16283.557291666666,0.19401294865840146,0.008406528083677058,0.4345040585092554,0.0030764304940522707,6.470572916666667,0.6441171282413124,0.18223574272190238,0.20670550623886755,0.22842921482393166,3.962109375,1727.12421875,0.0030404849915769833,11.11875,1206.065625,0.010821006314174642,43.8953125,89586.78125,0.027456222221579774,1575.0,4643.0,402.0,2567.0,6333.0,3.032421875,10.1875,16.50625,0.1981255960412159,239.45103732638884
0.9981770833333333,11.8921875,16248.1,0.19473055354846755,0.008126885730981036,0.43738627223494386,0.0030977305287835373,6.540625,0.6381990977970481,0.18296792853458976,0.207342798998358,0.2291688081540884,4.021484375,1719.01171875,0.0029432622025092514,11.1265625,1082.83125,0.010396141162660258,44.140625,89529.721875,0.02659212441318896,1544.0,4706.0,409.0,2602.0,6326.0,3.034765625,10.2421875,16.8625,0.19987339042509913,240.9342097981771
0.996875,11.921354166666667,16158.065625,0.19457282716747967,0.007720299791170629,0.4287167052834731,0.0031053279934010595,6.5078125,0.6230940626501813,0.182663584376705,0.20746603244149853,0.22931659305655955,3.988671875,1675.17578125,0.002724727794108305,11.184375,826.5125,0.00993721734760635,44.3890625,89421.178125,0.025485670222984202,1553.0,4724.0,411.0,2624.0,6395.0,3.02421875,10.29375,16.65625,0.20229572977304827,246.00214816623262
0.99765625,11.84375,16181.3390625,0.1950211119271744,0.008525908470792586,0.4367223144891887,0.00308511331075801,6.499739583333334,0.6429639401934917,0.18332869236073726,0.20737218744612312,0.2294397146739744,3.994140625,1661.50703125,0.003137137177382002,11.0984375,1116.740625,0.010907987389435006,43.9875,89325.265625,0.02769891472579249,1570.0,4659.0,425.0,2560.0,6329.0,3.046484375,10.18125,16.63125,0.1982414449465518,242.0255859375
0.9986979166666666,11.74375,16284.882291666667,0.19462792243702037,0.00865469931346886,0.42692060169660473,0.003059064860640792,6.377604166666667,0.6419638105375199,0.18291697574829383,0.20722621470281538,0.22887341692613172,3.93828125,1633.63515625,0.003129275560573546,11.0921875,1371.709375,0.011154295772282689,43.6171875,89803.04375,0.028256797866236298,1547.0,4661.0,399.0,2550.0,6287.0,2.977734375,10.178125,16.1765625,0.19966383814769204,237.71454427083336
0.9986979166666666,11.761979166666666,16239.527083333332,0.19516722810990886,0.008205644059110069,0.42662303813021835,0.003063813276026743,6.379166666666666,0.6555816322012133,0.18346597974790807,0.2077773444006402,0.22936210526718043,3.925,1663.5,0.0030146723905363298,11.0328125,998.315625,0.010434330883003702,43.8390625,89784.846875,0.026740843909511397,1573.0,4643.0,412.0,2593.0,6279.0,2.990625,10.1328125,16.1796875,0.19451845011924015,240.99751274956603
0.99609375,11.769270833333334,16072.347916666668,0.19483456199747257,0.00841496026482341,0.4301164895179072,0.0030657126421811238,6.4359375,0.6377837766075143,0.18295109376158886,0.20771255465900929,0.22949044227947074,3.949609375,1506.9703125,0.003022369242970561,11.04375,907.8625,0.010867246079204671,43.7734375,89498.34375,0.02753303853785355,1543.0,4636.0,390.0,2564.0,6319.0,2.993359375,10.140625,16.5015625,0.19903563490702036,239.46395155164927
0.99765625,11.794270833333334,16200.244270833333,0.19476126861800414,0.00843421875176766,0.4294676707633994,0.003072224754710428,6.37578125,0.6446014572753367,0.1830885751702715,0.20711790930497304,0.2290954017219656,3.966015625,1575.05703125,0.003064089905158849,11.0875,1018.590625,0.010877527975817657,43.8140625,89882.646875,0.027471424914152904,1560.0,4670.0,419.0,2563.0,6249.0,3.00390625,10.196875,16.0421875,0.19293363960981577,239.24152967664932
0.9973958333333334,11.795833333333333,16181.761979166668,0.19472830153345724,0.008488311081395954,0.43019494574246464,0.0030726317617435096,6.391927083333333,0.6391734369480749,0.1831197235251615,0.20687841942707924,0.22901249567301818,3.994921875,1622.340625,0.0031273636895417316,10.9796875,877.425,0.010770551905527493,43.815625,89723.784375,0.02764985982468131,1567.0,4583.0,417.0,2640.0,6223.0,3.04296875,10.071875,16.1078125,0.2001291872734396,239.46769097222221
0.9986979166666666,11.834375,16212.208333333334,0.19531891822242203,0.008393448520755187,0.4303002417567161,0.003082671268559521,6.421354166666666,0.629478038905026,0.18370448662893157,0.20768079027589179,0.22941477254291415,3.97421875,1546.7734375,0.003083452810055791,11.1046875,934.359375,0.010763580939165428,44.0046875,90151.796875,0.02726329894514252,1575.0,4638.0,416.0,2618.0,6267.0,3.031640625,10.1671875,16.234375,0.19345824092709996,240.85486002604162
0.9979166666666667,11.7859375,16306.448958333332,0.1940110984095645,0.007856094791913962,0.42615801555819105,0.0030700540505339932,6.44453125,0.613062883910027,0.1821581665677291,0.20688301787654345,0.22855090630992705,3.95078125,1682.98125,0.002758874035655094,11.065625,926.14375,0.010230183540729017,43.846875,90180.625,0.025870889068134378,1577.0,4627.0,434.0,2581.0,6287.0,2.98828125,10.15625,16.5578125,0.19999608792426307,240.72344807942702
0.9981770833333333,11.806770833333333,16220.555729166666,0.19496933708844988,0.008203178444249197,0.4333280663238919,0.0030754808109750803,6.376041666666667,0.6252150513917685,0.1831724312257396,0.20767662239714757,0.22944967523059318,3.962890625,1671.17734375,0.002916790070167289,11.065625,946.190625,0.010563567255957727,43.9234375,89692.434375,0.026988343128868296,1599.0,4598.0,403.0,2616.0,6303.0,3.0078125,10.14375,16.08125,0.20104235546481414,241.49912082248264
0.996875,11.780729166666667,16267.946354166666,0.19360343760487783,0.007659586426983615,0.438417021620331,0.0030686973604237213,6.383072916666666,0.6307971174676157,0.18175656400055024,0.20649877917824533,0.22809559044882075,3.953515625,1687.1953125,0.0026765679598481197,11.071875,1177.134375,0.009919655568401315,43.7984375,89681.7625,0.0253315911541079,1521.0,4652.0,420.0,2601.0,6240.0,3.01875,10.13125,16.0921875,0.1959094330913618,239.5362953016493
0.9989583333333333,11.885416666666666,16239.201041666667,0.19535905253730937,0.008109387243403729,0.4409088438302135,0.003095966831640184,6.43828125,0.6188431200701139,0.18360790808059763,0.2076931585810565,0.23002952432040913,3.99140625,1663.78046875,0.0028537806681063595,11.115625,1049.128125,0.010434892975469035,44.23125,89730.95625,0.026806307812527897,1538.0,4663.0,442.0,2617.0,6327.0,3.015625,10.1828125,16.384375,0.19928987081470556,244.05562065972222
0.99765625,11.919270833333334,16432.148958333335,0.19279962681929105,0.008037672696853342,0.43694903023884696,0.0031047853173569507,6.475,0.6168232466681233,0.18066854436008412,0.2063996228450057,0.227723960630404,3.975390625,1879.04296875,0.002784985445393552,11.259375,1001.540625,0.010414598217131355,44.3546875,90075.18125,0.026671496182414482,1584.0,4762.0,442.0,2528.0,6410.0,3.002734375,10.3671875,16.471875,0.19480699937334267,245.72317030164928
0.99765625,11.927083333333334,16357.436458333334,0.19340510563922417,0.008528488781217028,0.4271831983564862,0.0031068203525223582,6.454166666666667,0.6558515283842795,0.18120983379137573,0.20694976073675772,0.22864153793308434,3.941015625,1760.3453125,0.0029647957201567117,11.3421875,1270.578125,0.011053095043919006,44.45625,89832.659375,0.028258654762756307,1625.0,4723.0,427.0,2586.0,6406.0,2.995703125,10.3984375,16.34375,0.19497492037821937,245.4353081597222
0.9981770833333333,11.8953125,16409.43125,0.19326321161338084,0.008518810330030744,0.4348317050127284,0.0030985445428497005,6.451822916666667,0.6520425587810325,0.18116034170173725,0.2067237186312081,0.22821418424212778,3.935546875,1779.03125,0.0029535500528047047,11.38125,1105.784375,0.011165653167765036,44.2484375,90234.678125,0.028133008601200604,1576.0,4800.0,419.0,2639.0,6288.0,3.003515625,10.44375,16.253125,0.19433495544227897,243.82654052734372
0.9979166666666667,11.8859375,16354.633854166666,0.19362341206121408,0.008417044833624144,0.429980376656739,0.0030961025006512113,6.466927083333333,0.6362122606371324,0.18147515208205203,0.20717171001350768,0.2286681540255687,3.91015625,1814.4828125,0.0029342088730975034,11.3046875,1194.040625,0.010959902550234402,44.3703125,89675.83125,0.027805530959120438,1556.0,4812.0,423.0,2613.0,6353.0,2.96015625,10.4,16.5609375,0.1916231626102152,246.5948022460938
0.99609375,11.855208333333334,16376.703125,0.19204702678538008,0.008493730284271344,0.426018363836442,0.003088098029000608,6.52265625,0.6412881117652227,0.1797462881826982,0.20606627812892153,0.22723072985256615,3.911328125,1781.1453125,0.002897491538324314,11.34375,1343.634375,0.011168419172276772,44.1421875,89792.003125,0.028203996380054042,1564.0,4751.0,426.0,2598.0,6344.0,2.9796875,10.3671875,16.85,0.19762955687274067,243.08163953993053
0.9979166666666667,11.970833333333333,16353.195833333333,0.1937021867398446,0.00831469096072959,0.4367659480052239,0.003118216549448641,6.526041666666667,0.6461451444483118,0.1816304439495232,0.2070157836483518,0.22867556099262298,3.97109375,1689.425,0.002956397591588622,11.30625,1582.31875,0.01068153657325244,44.634375,89779.15625,0.027381018824770603,1556.0,4769.0,430.0,2662.0,6351.0,3.026953125,10.4015625,16.646875,0.19424438546360762,247.98717013888887
0.9973958333333334,11.955729166666666,16367.344791666666,0.1930915815531297,0.00823495925360098,0.43239935728424633,0.003114282148128853,6.524739583333333,0.6549335656719669,0.1810002946010997,0.2063275126572363,0.22822079825714328,3.956640625,1712.04609375,0.002886938600625459,11.3015625,1356.4,0.010584335192579074,44.60625,89999.484375,0.027277665926524974,1570.0,4768.0,411.0,2670.0,6364.0,3.04140625,10.375,16.6078125,0.19181263206347957,247.976165093316
0.9989583333333333,11.9953125,16352.917708333332,0.19440798342601603,0.008078561234744822,0.4349334843073462,0.0031245929929669186,6.535416666666666,0.6515131778906691,0.18239099205703718,0.20727774315462347,0.229606189173324,3.952734375,1675.7625,0.0028154650426396462,11.33125,1392.846875,0.010338516769224615,44.8296875,90021.609375,0.02687099046868574,1582.0,4779.0,417.0,2621.0,6447.0,3.0203125,10.4109375,16.7203125,0.18924665156673554,251.77185302734375
0.9971354166666667,12.00625,16241.4109375,0.1941490971645341,0.008116645868100857,0.43741055012921554,0.0031274420421984893,6.494010416666667,0.6558650008676037,0.1820712854546947,0.20731868664455116,0.22929075452387476,4.0078125,1681.66015625,0.002890546096515505,11.3015625,1377.909375,0.010311671943111425,44.7046875,89343.915625,0.026826018879431708,1576.0,4738.0,420.0,2610.0,6423.0,3.0328125,10.3390625,16.49375,0.19232154501950477,249.84787760416663
0.9986979166666666,11.940104166666666,16338.878125,0.1942411929967306,0.008124007812900824,0.43438550333361275,0.0031102120777980378,6.43515625,0.6490294438386042,0.18218534556484706,0.20738240105656267,0.22932337466443248,3.956640625,1669.5765625,0.002867618036210429,11.25,1517.24375,0.010390377987745603,44.5640625,89837.71875,0.026883196744817615,1586.0,4715.0,434.0,2620.0,6411.0,3.008203125,10.3015625,16.2765625,0.19580295833725336,248.49224582248266
0.9971354166666667,11.946354166666667,16249.306770833333,0.19412264163675516,0.008450929936111958,0.43090356910096883,0.0031118401059303637,6.501822916666667,0.6442429262763221,0.18197086272013024,0.2073562969956705,0.2294961019443395,3.946875,1657.9375,0.0030148252416658016,11.21875,1166.6125,0.010766344923176858,44.671875,89697.478125,0.02787993372683168,1560.0,4715.0,408.0,2663.0,6416.0,3.015625,10.2875,16.6609375,0.19268677394529551,250.3085804578993
0.996875,11.888541666666667,16268.614583333334,0.1938007013242121,0.00831114256888402,0.4322541443975888,0.0030967808457063473,6.476822916666666,0.6280995356172785,0.18180286825704253,0.206679703727505,0.2289130311895975,3.915234375,1720.05546875,0.002943518646958276,11.2453125,994.25625,0.010678562447273226,44.425,89737.209375,0.02741421837819778,1596.0,4719.0,431.0,2661.0,6306.0,2.989453125,10.3234375,16.5796875,0.18925347395077802,248.2276812065972
0.99609375,11.893229166666666,16258.490104166667,0.19316906624537292,0.008379784980447473,0.43461007882145913,0.0030980018668055917,6.504947916666667,0.6380994088022772,0.18092773687118346,0.2068781834495174,0.22842526653798628,3.896484375,1781.41875,0.002874173852573975,11.321875,858.61875,0.011008599108747788,44.4515625,89566.646875,0.02777341536364115,1590.0,4784.0,408.0,2607.0,6376.0,2.971484375,10.4515625,16.6921875,0.18952270286447764,247.17662082248265
0.9979166666666667,11.907291666666667,16259.484375,0.1944160219834133,0.008268028150265392,0.4337746571714908,0.0031016649301033256,6.501041666666667,0.6547983553494883,0.18234141352989322,0.20784610400033415,0.22928437378057268,3.940625,1632.1953125,0.0028720933231675973,11.3625,1206.896875,0.010749334556035717,44.31875,89821.228125,0.027370461052886246,1601.0,4757.0,417.0,2625.0,6309.0,3.033203125,10.41875,16.4546875,0.19116476907650506,245.9981759982639
0.9984375,11.933854166666666,16311.838020833333,0.1942624433458253,0.007974542794159134,0.44014122022252755,0.0031085840496657114,6.5109375,0.6447431589054249,0.18233563338354347,0.2073482574589008,0.22888386908187716,3.973828125,1633.14375,0.0027835922422367685,11.328125,1205.909375,0.010318570359501475,44.3796875,90132.54375,0.026394317436506255,1554.0,4751.0,406.0,2625.0,6336.0,3.007421875,10.375,16.6609375,0.1929552411459722,245.96124972873267
0.9986979166666666,11.916145833333333,16215.5875,0.19521513258710826,0.008453549329127815,0.4372769930437133,0.0031039713032907875,6.515625,0.6439966781764938,0.1833291967833685,0.20815303591733086,0.2298209724718447,4.00078125,1555.80625,0.0029794500049887466,11.15625,1016.928125,0.010904661937221508,44.3375,90053.371875,0.027898834017590395,1548.0,4708.0,434.0,2620.0,6324.0,3.053125,10.228125,16.653125,0.1946533353182209,245.45338514539932
0.9973958333333334,11.8296875,16237.6671875,0.1941570605799341,0.008605601064053732,0.4344788274866005,0.003081450247460276,6.395052083333334,0.6574648879496323,0.18223805509724014,0.20734959389697832,0.2286405491936657,3.955859375,1655.2296875,0.0030505855187806514,11.1125,1195.625,0.011063283777492943,44.0421875,89609.459375,0.02836798053170685,1541.0,4677.0,420.0,2598.0,6301.0,3.0015625,10.165625,16.1984375,0.1940480215686406,241.9855769856771
0.9986979166666666,11.8671875,16237.578645833333,0.19504379492138674,0.008632520006343599,0.4340151806368765,0.003091218416254233,6.4875,0.6472679394338381,0.183234805508227,0.20781453413608114,0.22950901335933138,3.978515625,1573.675,0.003067589141317841,11.1046875,1141.671875,0.011014374612983633,44.184375,89989.1,0.028510388859806595,1514.0,4693.0,431.0,2598.0,6347.0,3.0453125,10.1640625,16.5796875,0.1991106667537326,244.73236083984375
0.9986979166666666,11.8703125,16337.636458333332,0.19417201633950437,0.008419666487950428,0.4274090311439073,0.003092032430320396,6.490104166666667,0.650344434206485,0.18226252746177674,0.20729679110854038,0.22868519708137902,3.9125,1690.4234375,0.0029610751654393615,11.2046875,1183.296875,0.010807534428958616,44.3671875,90080.828125,0.027866163836986514,1548.0,4718.0,440.0,2576.0,6377.0,3.01875,10.265625,16.6,0.1895622910339452,246.8977644856771
0.9963541666666667,11.8046875,16144.286979166667,0.19444870468074982,0.008118423616043518,0.43819818438691666,0.0030749381349309715,6.418489583333334,0.6418266048974189,0.18253384579785834,0.20746402958322366,0.22909281530984202,3.947265625,1590.86875,0.002928901702888647,11.090625,1008.74375,0.010334640033712848,43.9484375,89493.503125,0.026660294850993676,1550.0,4661.0,391.0,2613.0,6259.0,3.0265625,10.1515625,16.253125,0.18917504071061267,243.16341552734374
0.9963541666666667,11.8578125,16134.878125,0.19436829888722257,0.00828098562393126,0.44132855223805917,0.0030887763740557435,6.455729166666667,0.618395045460535,0.18250073691622012,0.2073730123160004,0.22883383334245436,3.959765625,1552.08359375,0.0029377428962169662,11.225,1006.021875,0.010654042035821584,44.0828125,89594.9125,0.027280900122898112,1557.0,4691.0,402.0,2607.0,6279.0,3.030078125,10.265625,16.3484375,0.18947275412925316,242.99072021484375
0.996875,11.821875,16187.348958333334,0.1944752868232144,0.008335672253087744,0.43460752191453267,0.0030794152122948686,6.4234375,0.6371045907128381,0.1826356979216209,0.20719742802901697,0.22911150122378593,3.972265625,1579.66875,0.002977987185712777,10.9546875,1139.95625,0.010587769849210163,44.0875,89665.4625,0.027514314926465194,1525.0,4653.0,400.0,2571.0,6370.0,3.028515625,10.071875,16.3546875,0.19363415533699474,243.81358398437501
0.9979166666666667,11.721875,16404.998958333334,0.1932407060097661,0.008438223559767366,0.43230255799072675,0.0030533667621776505,6.367708333333334,0.6501821736425842,0.18141380451423098,0.2063621381864797,0.2274268798151931,3.918359375,1724.5171875,0.0029818684388437573,11.1140625,989.296875,0.010935895818666653,43.54375,90542.628125,0.027765971784562516,1565.0,4634.0,390.0,2582.0,6204.0,3.009375,10.178125,15.990625,0.19176367977975373,238.06066731770838
0.9973958333333334,11.893229166666666,16294.403125,0.19374884265053852,0.008357215184308032,0.4404371084883729,0.0030980018668055917,6.405729166666666,0.6290343770527699,0.1817335306019299,0.20716511560273637,0.22839381789277508,3.971484375,1649.42734375,0.002950491950423598,11.203125,1056.690625,0.01070948024074075,44.2703125,90112.01875,0.02763184306341305,1545.0,4729.0,425.0,2588.0,6350.0,3.00078125,10.2921875,16.1390625,0.19550173468894166,244.942766655816
0.99921875,11.823958333333334,16414.371354166666,0.19388968131403786,0.007929892668642467,0.4362534527684534,0.003079957888338977,6.396354166666667,0.6325874372302,0.18203352057743466,0.20702446075492548,0.2281795448195632,3.941015625,1661.3328125,0.002763458366611896,11.2640625,1157.109375,0.010327074625816028,43.915625,90683.7875,0.026198447919591184,1585.0,4693.0,421.0,2587.0,6239.0,2.992578125,10.3296875,16.078125,0.19161249646228304,240.12838433159718
0.9981770833333333,11.915625,16375.689583333333,0.1937150579512233,0.008420878864150817,0.4406129910801274,0.0031038356342797603,6.530208333333333,0.6314800244776642,0.18174147326551449,0.20693190496334157,0.22839254968194028,3.95390625,1692.265625,0.0030081679529665112,11.3,1253.54375,0.01081105348174195,44.378125,90231.53125,0.02768154789129691,1558.0,4755.0,436.0,2581.0,6332.0,3.0265625,10.35625,16.71875,0.18840555511632462,244.8532975260417
0.9981770833333333,11.925,16407.438541666666,0.1933711847440434,0.008390440687327336,0.43386545726902565,0.0031062776764782495,6.545052083333333,0.6284067085953878,0.18127565291973252,0.20687854318043283,0.22824595360489738,3.969921875,1808.7546875,0.002952717507393088,11.2421875,1009.128125,0.01078790993582035,44.428125,90200.484375,0.027743864158571312,1569.0,4726.0,426.0,2662.0,6335.0,3.02265625,10.30625,16.8734375,0.19822810382965292,246.83812500000005
0.9984375,11.875,16476.316666666666,0.192857309016155,0.00834824051906644,0.4330758367047796,0.0030932534514196406,6.407291666666667,0.6264473684210526,0.18076234487507675,0.20610736049850722,0.22798711409811578,3.914453125,1863.1859375,0.0028769690943163686,11.2546875,1161.996875,0.010803150725478201,44.3375,90243.159375,0.027778416011654983,1627.0,4710.0,419.0,2627.0,6349.0,2.96484375,10.3546875,16.2296875,0.193404500056172,244.36197916666666
0.9984375,11.878645833333334,16396.213541666668,0.19376426770535723,0.008065120811243201,0.43682749991404424,0.0030942031344968306,6.420833333333333,0.6394527995790766,0.18186545130897916,0.20667642711566647,0.22844737388056052,3.92421875,1794.53359375,0.0028971458606707194,11.1828125,867.7125,0.010192542953400635,44.3921875,90331.434375,0.026609598471375707,1571.0,4744.0,400.0,2642.0,6329.0,3.012109375,10.315625,16.1609375,0.18844790194045916,246.23371066623264
0.99765625,11.8234375,16305.1859375,0.19379909751383242,0.008269725136566524,0.43160326667637094,0.00307982221932795,6.465885416666667,0.6487379410598652,0.18189492768521592,0.20681138837250104,0.22840348596962984,3.88671875,1580.99765625,0.0029021694393942766,11.1875,1149.053125,0.010665990657259428,44.20625,90358.071875,0.02734368240456262,1601.0,4744.0,398.0,2594.0,6332.0,2.99453125,10.321875,16.4953125,0.18494909188268518,243.81622151692713
0.9973958333333334,11.857291666666667,16356.678125,0.19321982516293837,0.008692265497900472,0.4288001040974648,0.0030886407050447163,6.427083333333333,0.6378371255380831,0.18118416439509538,0.20649576401170822,0.22808652938554025,3.94609375,1726.4453125,0.003098592771689497,11.2796875,1122.940625,0.011229306628912939,44.0796875,90111.346875,0.028529915271731904,1573.0,4733.0,416.0,2582.0,6320.0,3.008203125,10.3296875,16.2,0.19520027553369396,242.1879676649305
0.9947916666666666,11.90625,16231.222916666668,0.19266293706806667,0.008341889919168002,0.42997025471348527,0.003101393592081271,6.474739583333333,0.6314523184601925,0.18035058701213855,0.20629639157446134,0.22827888278538455,3.934765625,1734.22890625,0.002860241535102199,11.2484375,1207.678125,0.01083149755503319,44.45,89242.74375,0.027778875819566017,1612.0,4708.0,415.0,2660.0,6375.0,2.999609375,10.325,16.525,0.19898491810824206,246.42454427083334
0.99765625,11.955729166666666,16352.723958333334,0.193412497729036,0.008107763044346083,0.4324878422059803,0.003114282148128853,6.489322916666667,0.6507950337617077,0.18119080838150253,0.2069341917450628,0.228777561103143,3.907421875,1780.984375,0.0027342164825418167,11.34375,1049.546875,0.010485071510806455,44.7609375,89942.859375,0.027224640825102786,1585.0,4771.0,438.0,2634.0,6454.0,2.97109375,10.4359375,16.615625,0.19659211784950317,249.27408175998264
0.9973958333333334,11.873958333333333,16446.171875,0.1923762727927029,0.008148292624603414,0.4289330194179464,0.0030929821133975862,6.4390625,0.6521624703921397,0.18020297455118345,0.20616923259408498,0.22727650595739862,3.94765625,1813.515625,0.002764267267402577,11.3421875,941.209375,0.01072836289162719,44.1109375,90481.759375,0.02710432378638298,1584.0,4736.0,429.0,2603.0,6312.0,3.005859375,10.378125,16.2328125,0.1993871425527198,241.4580718315972
0.9973958333333334,11.819270833333333,16445.2375,0.19249026015241805,0.007946275770464192,0.42809108244186844,0.0030787368672397326,6.418489583333334,0.6417397435332481,0.18025748229832744,0.20630207510015755,0.22760955662104104,3.89765625,1884.8734375,0.002743886105190922,11.2484375,915.70625,0.010330116983905971,44.0765625,90216.225,0.02637199321811549,1557.0,4731.0,418.0,2572.0,6366.0,2.93203125,10.3375,16.4453125,0.19943183911164353,242.73660780164928
0.9958333333333333,11.9109375,16358.653645833334,0.19223791982361546,0.008288732972966143,0.43505932998585,0.0031026146131805155,6.5140625,0.6314224496042677,0.17997047614167286,0.20596444064711675,0.22758117372788433,3.94609375,1813.3953125,0.0028542013634540084,11.2890625,1111.75,0.010739467318661978,44.3921875,89786.590625,0.02757612506531885,1575.0,4744.0,433.0,2588.0,6387.0,3.0375,10.3546875,16.5796875,0.19498308284424673,245.83477620442707
0.9973958333333334,11.86875,16404.0,0.19276636545422995,0.008273178238661548,0.4236632982007285,0.0030916254232873142,6.488802083333334,0.6392399508513252,0.18055641888637117,0.2066374146886399,0.22773510249125514,3.90078125,1807.690625,0.0028582720051839776,11.3140625,1312.81875,0.010804587303106709,44.2953125,89880.41875,0.02740139410812667,1566.0,4767.0,428.0,2613.0,6350.0,2.978125,10.3828125,16.6375,0.1946850796402332,245.4463151041667
0.9971354166666667,11.894270833333334,16395.8453125,0.1927001341813953,0.008456708984836787,0.4286003457124362,0.003098273204827646,6.477604166666667,0.636729868196348,0.1806279309395005,0.20608707221433856,0.2276020091160313,3.959375,1762.0984375,0.002937512283898535,11.265625,1277.85,0.010960501990880767,44.2625,90048.828125,0.028029702782545816,1539.0,4735.0,449.0,2638.0,6295.0,3.000390625,10.31875,16.5453125,0.19892611753495615,244.30392550998263
0.99609375,11.866666666666667,16249.5734375,0.19314933700841158,0.008570325825784023,0.4359202261925085,0.003091082747243206,6.436458333333333,0.6319785814606742,0.1812028045693163,0.20611824500322537,0.22796655876997912,3.95234375,1566.57421875,0.002971710301558737,11.29375,992.265625,0.011182251771785973,44.096875,90238.878125,0.02835286197668323,1549.0,4745.0,411.0,2632.0,6265.0,2.987890625,10.353125,16.3140625,0.19452264062265381,242.14315972222226
0.9986979166666666,11.978645833333333,16383.08125,0.19410981088770843,0.008242986834741641,0.4308013341011893,0.0031202515846140487,6.44921875,0.6257663376668551,0.18201853655336092,0.2073350736571733,0.22924964545563356,3.99453125,1818.703125,0.002827903448385919,11.328125,936.878125,0.01072902173094584,44.565625,90086.796875,0.02741728548396033,1572.0,4785.0,430.0,2633.0,6381.0,3.037890625,10.40625,16.1375,0.19963866506321748,248.62923149956595
0.9966145833333333,11.918229166666666,16359.228125,0.1926608103376245,0.0077490442897451715,0.4305319214686994,0.0031045139793348963,6.424739583333333,0.6505702923567714,0.18036969586754,0.20635766752517962,0.2281284110304072,3.928125,1853.93984375,0.0025328955322089564,11.296875,1049.4,0.010183655086994602,44.5,89690.209375,0.0261790285226406,1579.0,4749.0,429.0,2613.0,6448.0,2.9625,10.384375,16.3140625,0.20328091799269613,247.97560519748265
0.9973958333333334,12.028125,16235.393229166666,0.1942164975165993,0.008286650875118023,0.4419122236259731,0.0031331401406616308,6.574479166666666,0.6321122369446609,0.18208226186636972,0.2076461863740572,0.22932375126005966,3.998828125,1616.5390625,0.002803837159595212,11.4015625,1018.93125,0.010833855494624699,44.771875,89927.271875,0.027670701117702597,1581.0,4810.0,431.0,2564.0,6502.0,3.052734375,10.475,16.7609375,0.20047958944315825,250.59243815104168
0.99765625,11.930729166666667,16362.5015625,0.19351358401384053,0.008224721315515134,0.434354757436434,0.0031077700355995486,6.453645833333334,0.6565242065744096,0.18137255583975262,0.20694567347624288,0.22864560724778982,3.986328125,1721.140625,0.0028123863603174365,11.1734375,1110.2625,0.010621349479904434,44.465625,90180.184375,0.027477432971916627,1549.0,4732.0,423.0,2580.0,6436.0,3.0296875,10.2625,16.340625,0.19976040346364973,249.51395155164937
0.99765625,11.998958333333333,16236.117708333333,0.1945120907613089,0.007908922680611538,0.4379218036312789,0.0031255426760441085,6.5078125,0.6453685215730532,0.18250527215343376,0.20748892071785824,0.2295625352362603,4.028125,1682.146875,0.0026797947230333087,11.2375,992.16875,0.010287404879861827,44.64375,89695.95,0.026446952311674165,1563.0,4710.0,434.0,2577.0,6478.0,3.068359375,10.2765625,16.496875,0.20113500783940877,250.8979155815972
0.9971354166666667,11.994791666666666,16298.602083333333,0.1935867624973617,0.007804091420186518,0.425537758214636,0.0031244573239558914,6.507291666666666,0.6468519322622666,0.18126959766644674,0.20735624804908187,0.22908593626930163,3.912890625,1738.25859375,0.002614120108298716,11.3703125,1185.978125,0.010142535230854868,44.946875,89652.6,0.026225532857069377,1523.0,4810.0,411.0,2609.0,6576.0,2.978515625,10.3765625,16.753125,0.1976264132304615,255.38955620659726
0.9986979166666666,11.955729166666666,16320.7203125,0.1943934667893321,0.0079827044463865,0.43509869747491375,0.003114282148128853,6.544010416666667,0.6516227401437595,0.18243845605570003,0.20743408349164696,0.22917289302154548,3.99765625,1597.63046875,0.0027186061566385642,11.10625,956.95,0.010357370962920697,44.6375,90576.85,0.02666443108884404,1544.0,4680.0,397.0,2643.0,6459.0,3.060546875,10.178125,16.84375,0.19859239617651575,249.51939425998268
0.9986979166666666,11.9828125,16389.255729166667,0.1939215942596708,0.007677243197367409,0.44014163597491335,0.0031213369367022663,6.524479166666667,0.6487156082931281,0.18192902293652624,0.20719742027515045,0.22861605353676923,3.98828125,1651.6453125,0.0026060165962681074,11.225,1069.596875,0.010052405080662382,44.71875,90659.35625,0.025586987718469643,1540.0,4743.0,398.0,2688.0,6391.0,3.036328125,10.2984375,16.703125,0.1936582414760346,250.77001708984375
0.996875,11.944270833333333,16174.994791666666,0.19433664998094616,0.008078314004385134,0.43575104148923033,0.003111297429886255,6.502083333333333,0.6483669820782278,0.18232987397531897,0.2075665950266396,0.22913380895776153,3.93359375,1475.359375,0.002755027432221423,11.240625,1193.159375,0.010545374255619189,44.690625,89955.371875,0.026904400041805925,1563.0,4735.0,401.0,2686.0,6393.0,3.0,10.2859375,16.7265625,0.1904596862862299,249.42554009331596
0.9973958333333334,11.876041666666667,16198.926041666668,0.19454434241600266,0.008104599629829533,0.43888573337896464,0.003093524789441695,6.475520833333333,0.6398561529690378,0.18260478161704125,0.20760897529797884,0.22923795272987216,3.93125,1455.39453125,0.0027672060616873648,11.196875,1265.403125,0.01063668546235583,44.334375,90106.575,0.026922088069871907,1552.0,4744.0,403.0,2580.0,6382.0,3.012890625,10.275,16.5265625,0.1882363677416108,245.08359266493056
0.9973958333333334,11.922395833333333,16242.8609375,0.19433000159307792,0.007883675597194323,0.4360931147562679,0.0031055993314231135,6.509114583333333,0.6417369271766197,0.1822755750373112,0.2075986313743985,0.2292790780348241,3.958984375,1625.3140625,0.002649748827829612,11.14375,1189.871875,0.010310813938099328,44.5546875,89766.0375,0.02639224433374817,1546.0,4718.0,420.0,2651.0,6383.0,3.055078125,10.2,16.634375,0.19155007384424344,249.72679009331594
0.9966145833333333,11.884375,16221.569270833334,0.19396006554178283,0.00779787761809879,0.43817110567493356,0.0030956954936181297,6.39296875,0.6453238671224472,0.1817536366164913,0.20765598009151415,0.22908986669321774,3.914453125,1620.98515625,0.0025817624705821345,11.21875,1166.9625,0.01034069986249744,44.4296875,89678.5125,0.02611951596376677,1584.0,4711.0,398.0,2624.0,6367.0,2.996875,10.2765625,16.09375,0.1846606898322136,249.44236002604163
0.99921875,11.9078125,16331.366666666667,0.19475041357454373,0.007893999768886165,0.4414569426847601,0.003101800599114353,6.486458333333333,0.6359182959366663,0.18277348747235278,0.20787876815493672,0.2295297634029143,3.94765625,1550.58984375,0.0026677216406205753,11.21875,1200.409375,0.010352776418917714,44.4375,90585.43125,0.026340335631916977,1563.0,4732.0,413.0,2575.0,6398.0,3.0234375,10.3046875,16.5203125,0.18764255241973532,248.5060847981771
0.9966145833333333,11.925520833333334,16325.005208333334,0.19313741064221362,0.007613263229856125,0.430585310440325,0.0031064133454892767,6.433333333333334,0.6240992269729659,0.18085942908801644,0.20682797932068847,0.22855876818052753,3.93203125,1775.97109375,0.0024860027947860774,11.325,1006.465625,0.010116851632271929,44.5,89839.68125,0.025618716567720502,1556.0,4795.0,421.0,2605.0,6390.0,3.0171875,10.3890625,16.1421875,0.19205773423521358,249.41059868706594
0.9981770833333333,11.868229166666667,16447.247395833332,0.19295070904503747,0.00775577972008533,0.42846020436805043,0.003091489754276287,6.4484375,0.6400579277658314,0.18079569079649532,0.20652242485468575,0.22799906622955776,3.934375,1805.86171875,0.0026255707480126326,11.171875,1027.85625,0.010076911583164023,44.3,90432.18125,0.025955483745297426,1566.0,4726.0,446.0,2592.0,6349.0,2.999609375,10.271875,16.4203125,0.193436596267398,247.82638644748266
0.9981770833333333,11.842708333333333,16553.53125,0.1922736714055303,0.00806842084874251,0.43564299607298296,0.0030848419727359556,6.384375,0.6323775178115929,0.1800246501853072,0.206100414004863,0.2274430136870899,3.929296875,1931.26015625,0.0026852905908872435,11.15,1028.33125,0.010698335784034445,44.1890625,90567.815625,0.026971026944871645,1587.0,4671.0,418.0,2634.0,6335.0,2.947265625,10.2828125,16.234375,0.20019946357573812,243.18723849826387
0.9971354166666667,11.903125,16340.149479166666,0.1932009177041096,0.008155740257677346,0.4371343895113353,0.003100579578015108,6.448958333333334,0.6417257372888773,0.1808888913535711,0.20723298557691142,0.22841695523346162,3.972265625,1714.55703125,0.002749079182563659,11.24375,945.459375,0.010770481123006622,44.2859375,90237.209375,0.027167643692802813,1548.0,4776.0,433.0,2576.0,6348.0,2.9984375,10.34375,16.35625,0.1946660998838142,245.3958235677083
0.99921875,11.915625,16538.421354166665,0.19303030235011548,0.00811488018284287,0.4373380700830002,0.0031038356342797603,6.4734375,0.6460354926129906,0.18092739898903953,0.20636500560126253,0.2281072125432722,3.97578125,1930.16953125,0.0028041489834138185,11.2375,1199.5125,0.010527451739623158,44.353125,90310.3375,0.026945233423778796,1604.0,4702.0,419.0,2601.0,6368.0,3.021875,10.325,16.428125,0.1964933958234635,246.35017252604172
0.99765625,11.947916666666666,16466.959375,0.19254890572191136,0.008111075518758086,0.4333838206268549,0.0031122471129634453,6.509895833333333,0.6388404533565823,0.18010971129542047,0.20682763121690534,0.22802695793288094,3.96953125,1873.640625,0.002659251135314267,11.34375,1274.896875,0.010811918059355372,44.465625,90032.296875,0.027217530511936077,1555.0,4777.0,421.0,2624.0,6404.0,3.026953125,10.3984375,16.553125,0.20221499325433107,247.40457899305554
0.9986979166666666,11.840625,16437.534895833334,0.19350128063701041,0.007981753164362877,0.42824468889638745,0.003084299296691847,6.508072916666666,0.6476642913697546,0.18146175857505595,0.20679515803102982,0.2283654914908086,3.934765625,1728.9,0.002692277237276999,11.14375,1448.396875,0.010451076583019536,44.1609375,90261.2125,0.026670333454049733,1589.0,4675.0,410.0,2655.0,6296.0,3.019921875,10.240625,16.728125,0.19468426860352092,243.82303710937498
0.9986979166666666,11.853645833333333,16397.1078125,0.19367654322596892,0.007884097654158533,0.43676596951214036,0.0030876910219675264,6.407552083333333,0.6303440397205501,0.1816245616807385,0.20694912345634137,0.22861188917651817,3.9671875,1740.8625,0.002655724950843143,11.1046875,1239.453125,0.010345469537435871,44.1484375,90179.74375,0.026336216584142758,1580.0,4642.0,410.0,2594.0,6360.0,3.040625,10.190625,16.0921875,0.19847900281348632,244.03170545789933
0.9981770833333333,11.932291666666666,16286.408333333333,0.19445415947536718,0.007785782642952395,0.445611852203277,0.0031081770426326302,6.457291666666666,0.633828022697512,0.18240739314765814,0.20763907973010812,0.22945630453146243,3.96796875,1647.5703125,0.0026333628809504794,11.2640625,854.184375,0.010115373332716454,44.4578125,90273.984375,0.026065871001196,1592.0,4720.0,393.0,2622.0,6383.0,3.019140625,10.34375,16.3234375,0.19241735663737664,247.88239474826392
0.9971354166666667,11.963020833333333,16194.413541666667,0.19456170982661766,0.007773592884430881,0.43659828841852255,0.0031161815142832336,6.504947916666667,0.6445644129043493,0.18241868440904713,0.20793651364709306,0.22975900767642435,3.93984375,1618.8671875,0.002567975722756776,11.2578125,910.5,0.010251362537548759,44.7609375,89780.5125,0.026118291878009414,1618.0,4712.0,403.0,2617.0,6495.0,2.99921875,10.3734375,16.659375,0.19560668865841324,251.85019504123267
0.99921875,11.964583333333334,16274.801041666668,0.19518204183566232,0.0075678048336538335,0.43610696343175703,0.003116588521316315,6.482291666666667,0.6465262058157757,0.18319244224542924,0.20823767859755637,0.23008480343470056,3.961328125,1679.2203125,0.0025666836625429824,11.2296875,945.675,0.009800546002730273,44.7125,89986.25,0.02533954834902079,1574.0,4740.0,417.0,2611.0,6458.0,2.99765625,10.3421875,16.5609375,0.19323137739142854,250.24509982638884
0.9979166666666667,11.969270833333333,16232.2484375,0.19469002200430546,0.007998106933507361,0.43584050430489163,0.0031178095424155595,6.486197916666667,0.6417910447761194,0.18269929625917297,0.2078971934607008,0.22944575352843993,3.98125,1572.44375,0.0027647579206315095,11.3546875,1043.296875,0.010436993078984182,44.5359375,90060.41875,0.02649261683953395,1611.0,4744.0,407.0,2611.0,6376.0,3.0140625,10.415625,16.4453125,0.1922670844103998,247.82874321831596
0.9973958333333334,11.858333333333333,16228.636979166668,0.19430337780333604,0.008056678709955753,0.43995355547773063,0.0030889120430667707,6.478645833333333,0.6174455375966268,0.18244335760260239,0.2070565992923526,0.22899023711725414,3.950390625,1592.52421875,0.002832227787078565,11.0828125,857.45,0.010306186186945426,44.265625,90144.275,0.026704974924474833,1570.0,4642.0,411.0,2613.0,6330.0,3.02890625,10.20625,16.55,0.19062853404672747,244.19920138888887
0.996875,11.956770833333334,16150.278125,0.19464836651090492,0.007812018786923186,0.4401890337643801,0.0031145534861509072,6.50703125,0.6375833079235091,0.18264917813175305,0.20777215613792738,0.2295213304004899,3.966015625,1526.1375,0.0027361143588829915,11.31875,860.678125,0.010047995417359087,44.5578125,89936.440625,0.025879659868648063,1559.0,4743.0,413.0,2635.0,6347.0,3.036328125,10.34375,16.553125,0.18602913839017549,248.1262562391493
0.9984375,11.886979166666666,16164.301041666668,0.195559054233534,0.007883702419266307,0.44242071683946105,0.0030963738386732657,6.48359375,0.6582833106953512,0.18369324972736079,0.20836411180681683,0.23021721468494408,3.9515625,1492.6390625,0.0027666992056167346,11.2,856.296875,0.010124105775148115,44.315625,90158.953125,0.026111311917982792,1578.0,4693.0,415.0,2606.0,6314.0,3.01484375,10.2859375,16.55625,0.1871297885441828,245.8497262912327
0.9963541666666667,11.93125,16155.455729166666,0.1943696265902309,0.007821092836979581,0.4332003817196719,0.003107905704610576,6.502864583333333,0.6482451545311682,0.18230592235341136,0.20732081490632356,0.22967325522141632,3.936328125,1564.1625,0.0027021053664826196,11.2484375,1058.75,0.010129624245720613,44.59375,89617.334375,0.025988511310226402,1584.0,4698.0,410.0,2630.0,6395.0,3.019140625,10.30625,16.634375,0.18809642613962382,249.4858984375
0.9986979166666666,11.877083333333333,16170.972916666668,0.1955698682946481,0.007847558502316523,0.44125781293944316,0.0030937961274637494,6.462239583333333,0.6462901245395545,0.1837507824218111,0.20835687641667028,0.23005920366397384,3.959765625,1424.2578125,0.0027547447238344164,11.209375,991.7,0.010097865974117413,44.2140625,90337.10625,0.02596850614444407,1573.0,4715.0,403.0,2622.0,6269.0,3.05,10.28125,16.2921875,0.18434987736374217,244.4354123263889
0.9989583333333333,11.814583333333333,16262.0625,0.19506077656848186,0.007781134493427429,0.43734816969391715,0.003077515846140488,6.397135416666667,0.662890142831952,0.18316688469966386,0.2079554275255787,0.22974169308665698,3.936328125,1523.32890625,0.0026864146514132344,11.0015625,857.921875,0.010059398024945149,44.140625,90621.1375,0.02588175032996648,1542.0,4663.0,417.0,2594.0,6314.0,3.0171875,10.1375,16.1765625,0.19021895466678707,245.08905815972224
0.9971354166666667,11.856770833333334,16209.969791666666,0.1943409604286522,0.0078067390106919465,0.4368056107351715,0.003088505036033689,6.435677083333333,0.6393586646167362,0.18225809790299138,0.2076435227013777,0.22936984825857004,3.959765625,1594.95546875,0.002683388877691866,11.128125,990.315625,0.01014077687046772,44.1734375,89889.68125,0.0259661016829165,1563.0,4705.0,415.0,2558.0,6340.0,3.03359375,10.26875,16.2109375,0.19112857226417587,243.86802707248262
0.9973958333333334,11.928645833333333,16220.923958333333,0.19432532150537726,0.007933606589872815,0.4341870814326901,0.00310722735955544,6.55,0.6385189713138016,0.18223839036758893,0.20757138798769076,0.22942697957421707,3.996484375,1553.81640625,0.0026940953165683302,11.2046875,1028.171875,0.01038180590639467,44.38125,90082.10625,0.0264434523665689,1551.0,4696.0,423.0,2586.0,6382.0,3.0453125,10.2796875,16.8390625,0.1958068235672515,246.34074191623264
0.9963541666666667,11.861458333333333,16182.34375,0.1939681131611417,0.007829622654809373,0.4341985346718519,0.003089726057132934,6.420052083333333,0.6534205673136032,0.18171023934876324,0.20775601082812994,0.22921171074366753,3.9609375,1543.31796875,0.0026356710754886622,11.1546875,1217.19375,0.010203430411036085,44.1703125,89703.596875,0.026231621215865503,1553.0,4673.0,410.0,2607.0,6335.0,3.0296875,10.1921875,16.209375,0.1935597140959262,242.78601453993056
0.9979166666666667,11.767708333333333,16269.346354166666,0.1941514561555256,0.007487067598416367,0.4291067525591921,0.003065305635148042,6.354947916666666,0.6392405063291139,0.18206499289050146,0.20748710476263707,0.22916166060851073,3.9109375,1575.55078125,0.002454599191717162,11.16875,1348.646875,0.009849120002455768,43.79375,89965.228125,0.02525488882117378,1558.0,4661.0,420.0,2580.0,6284.0,2.98671875,10.1890625,15.99375,0.1977773233639778,241.76426974826393
0.9981770833333333,11.85,16282.124479166667,0.19425588420783904,0.007518424590435794,0.43488859175982786,0.003086741338890336,6.421875,0.6408667369901547,0.18212132209632795,0.20763527164027207,0.22941474522145047,3.93203125,1599.81015625,0.00250785769772749,11.175,957.053125,0.009825960530152614,44.196875,90336.453125,0.025253156221552192,1579.0,4689.0,418.0,2575.0,6371.0,3.01796875,10.275,16.184375,0.19609817445296004,244.36499999999995
0.9963541666666667,11.885416666666666,16197.836979166666,0.19388788212680433,0.007510731964714585,0.4335580714247721,0.003095966831640184,6.39921875,0.6437773882559159,0.1816356095606559,0.20767854704905045,0.22910630746915195,3.93046875,1471.72109375,0.002502841096141117,11.253125,1260.615625,0.009834124471069561,44.3375,90039.521875,0.025218902932653477,1585.0,4712.0,401.0,2592.0,6383.0,3.0015625,10.284375,16.1046875,0.1894605640004261,246.90041232638887
0.996875,11.960416666666667,16278.1,0.1936424235698246,0.007777901287112103,0.4362233691296994,0.0031155031692280976,6.528385416666667,0.634950357080648,0.18132654598042414,0.20742282412178908,0.2291255333754622,3.9765625,1657.34453125,0.0025497895198806535,11.1734375,1051.878125,0.010205195072940008,44.6828125,89987.34375,0.026263054570209988,1576.0,4718.0,436.0,2598.0,6491.0,3.02421875,10.290625,16.7828125,0.20201350785852026,250.0494748263889
0.99765625,11.923958333333333,16344.663020833334,0.1934899079283013,0.007831197816871171,0.43027871947795443,0.003106006338456195,6.53203125,0.6519175329780729,0.18132744379096236,0.20697029567552727,0.22865937673043132,3.99375,1667.61875,0.002616862828401696,11.1640625,1055.484375,0.010197358671108216,44.4046875,90342.01875,0.026322376916512034,1620.0,4634.0,398.0,2634.0,6421.0,3.03828125,10.225,16.8140625,0.20214830869393263,246.77963433159724
0.9989583333333333,11.839583333333334,16329.518229166666,0.19445127922171143,0.00744953013632597,0.4365878298850363,0.0030840279586697925,6.365104166666667,0.6429702621854654,0.1825468716777311,0.20734999187704445,0.22917019674229971,3.9828125,1601.0734375,0.002521605456893509,11.078125,1165.165625,0.009645487452750104,44.028125,90407.65,0.024965271537631673,1550.0,4623.0,404.0,2582.0,6364.0,3.020703125,10.128125,15.9796875,0.19950784746824066,243.6492664930555
0.9989583333333333,11.880208333333334,16272.572916666666,0.19482939211159725,0.007598503435876969,0.43825428124883353,0.003094610141529912,6.39453125,0.6187637001315213,0.1830347741540809,0.20756400770907266,0.22927324834418722,4.00546875,1430.53125,0.0026018168922041555,11.1734375,1071.240625,0.00976158393760191,44.0859375,90842.071875,0.025422169108843283,1504.0,4718.0,431.0,2544.0,6324.0,3.054296875,10.2109375,15.9390625,0.19269001561987667,242.87262912326386
0.99765625,11.861979166666666,16277.558333333332,0.19411428983233953,0.00768276471900616,0.43379222929724476,0.003089861726143961,6.46328125,0.6371020856201975,0.18209702970820438,0.20734288114716257,0.2289547390140571,3.940234375,1593.15546875,0.0026352549401969703,11.1609375,1107.95625,0.0099466785514775,44.25,90184.771875,0.025608890001771578,1555.0,4715.0,411.0,2565.0,6362.0,3.05078125,10.234375,16.3421875,0.18702115754704426,245.043450249566
0.99609375,11.9265625,16193.346875,0.19378167153397,0.007353979348689042,0.43984103712455763,0.003106684683511331,6.429947916666666,0.6381064675313333,0.18165342023053746,0.20722004201090077,0.22885630627076942,3.976171875,1557.43984375,0.0024588253203950755,11.1734375,1028.65,0.009614889067044385,44.48125,89901.671875,0.02467368574350957,1565.0,4741.0,429.0,2593.0,6383.0,3.01796875,10.2859375,16.221875,0.19226224755185278,249.16544026692705
0.9989583333333333,11.8078125,16379.7609375,0.1939952498490111,0.007909680943806072,0.43542887233088395,0.0030757521489971347,6.4109375,0.6428035816682105,0.18213784833690744,0.20714973391806613,0.2282703718283708,3.927734375,1565.2109375,0.0027247891784500447,11.20625,1239.009375,0.01033554073024522,43.9296875,90778.7125,0.026223388218791045,1544.0,4745.0,408.0,2596.0,6252.0,2.98359375,10.2609375,16.2703125,0.18809162123571338,243.12139729817716
0.99921875,11.8078125,16344.891145833333,0.19444379193827255,0.007766082910781822,0.43329297539532635,0.0030757521489971347,6.43359375,0.6357902165762428,0.1826043653082735,0.20728408192827744,0.2289612084682639,3.94375,1652.1796875,0.0026791012046086097,11.103125,1071.43125,0.010073834067698725,43.96875,90389.196875,0.025806258578557763,1553.0,4694.0,423.0,2576.0,6303.0,3.00546875,10.2,16.3796875,0.1935939837301926,244.00629313151043
0.9984375,11.9546875,16293.158333333333,0.19447413885415402,0.008306022058182823,0.43733337269556694,0.0031140108101067984,6.458072916666667,0.6229686751187209,0.18250008290471506,0.20772667882674475,0.22911782267931918,4.018359375,1507.5140625,0.0029262886209378324,11.2375,1529.640625,0.010764229706799314,44.4171875,90199.253125,0.027366748158546294,1555.0,4747.0,415.0,2614.0,6334.0,3.0625,10.3171875,16.18125,0.19126066711211537,246.07607177734377
0.9984375,11.9421875,16297.774479166666,0.1943142230561757,0.008046299138530789,0.4374648570311113,0.0031107547538421466,6.50703125,0.6431593178943695,0.18229502564949743,0.20773445921243647,0.22897077652662795,3.982421875,1603.21875,0.0027830015088956073,11.290625,912.859375,0.010531837864800562,44.4328125,90460.9125,0.026613950930801746,1577.0,4770.0,426.0,2600.0,6309.0,3.023828125,10.3859375,16.5609375,0.18738989261896602,246.07322021484373
0.9984375,11.951041666666667,16257.3796875,0.19472946289367327,0.00826804898390281,0.44546575849125897,0.0031130611270296085,6.528645833333333,0.6412010807983962,0.18275998558888074,0.20785523358178576,0.22948160142473073,4.0109375,1525.55546875,0.0028748516459119427,11.2640625,1191.20625,0.010752404042446892,44.3984375,90250.85,0.027356483277322187,1571.0,4742.0,419.0,2591.0,6335.0,3.08359375,10.328125,16.509375,0.1884489297265916,245.48979058159725
0.9984375,11.867708333333333,16321.443229166667,0.19417397752895163,0.008299911944417817,0.4397029027536412,0.00309135408526526,6.40625,0.6398226981479856,0.18222070232236548,0.20746597084223534,0.22869508504201255,3.962109375,1603.10625,0.002918809752999229,11.2046875,1158.99375,0.010787019152155939,44.153125,90357.240625,0.027337213502354053,1524.0,4713.0,419.0,2632.0,6237.0,3.046484375,10.2671875,15.984375,0.185696563755303,242.82416558159724
0.9966145833333333,11.9359375,16244.743229166666,0.19365833840965715,0.008234569534670054,0.43892086165352057,0.00310912672570982,6.495833333333334,0.6359034777675961,0.1814514474364905,0.207499545365223,0.22864469534675785,3.98515625,1665.9359375,0.002861631599029459,11.2875,1143.15625,0.010750944754631418,44.3875,89661.559375,0.02720994605727107,1591.0,4745.0,380.0,2637.0,6321.0,3.037890625,10.359375,16.4640625,0.18862907360831438,245.91308349609372
0.9979166666666667,11.891145833333333,16173.817708333334,0.19507340602120743,0.00784649583335043,0.43511902109031514,0.003097459190761483,6.3984375,0.6471464237221322,0.18311161031898843,0.20816883939328737,0.22982515545800322,3.952734375,1429.1796875,0.002659754860863424,11.1765625,1224.725,0.010254375102858935,44.359375,90101.4625,0.026185580453789947,1570.0,4701.0,395.0,2645.0,6328.0,3.01015625,10.275,16.075,0.19002821668873476,244.19231743706592
0.99765625,11.9734375,16222.563541666666,0.19461327045798177,0.008450844071681052,0.4324087123227409,0.003118894894503777,6.459635416666667,0.6127278263517334,0.18269547274989684,0.2075379212061507,0.22935981054215254,3.976953125,1640.79140625,0.0030071976869073223,11.3171875,1084.084375,0.010901597227247622,44.615625,89688.13125,0.02777467645520939,1557.0,4783.0,413.0,2655.0,6357.0,3.015234375,10.39375,16.303125,0.1908901774264729,248.1586694335937
0.9986979166666666,12.0015625,16272.815625,0.1948810000562573,0.008028278841637586,0.4409682641418909,0.0031262210210992445,6.495052083333333,0.621794037234735,0.18312943533611745,0.20744215884342126,0.22932610014965266,4.016015625,1561.74375,0.002830520059727601,11.23125,1040.93125,0.010389808891361384,44.7140625,90348.9875,0.02645778391955373,1565.0,4740.0,421.0,2626.0,6410.0,3.07265625,10.3078125,16.371875,0.1934691798900243,248.92291422526043
0.9973958333333334,11.932291666666666,16266.931770833333,0.19427169326301713,0.007957216203113092,0.433968772130242,0.0031081770426326302,6.45546875,0.6374945438673069,0.18225048703941488,0.20744172353048854,0.22918648788995483,3.980859375,1696.78203125,0.0027759917879844553,11.26875,1096.8625,0.010318409358064098,44.4015625,89717.6,0.026320920708676632,1559.0,4715.0,412.0,2611.0,6405.0,3.02421875,10.2796875,16.35625,0.19844639838110426,246.20895724826394
0.9981770833333333,11.907291666666667,16262.872916666667,0.1945895632978532,0.008409156219348509,0.43727420530755257,0.0031016649301033256,6.45390625,0.6377832210655235,0.18273200255175204,0.20746860638053272,0.22914076319957832,3.981640625,1611.6703125,0.0030448524528452507,11.1671875,1053.43125,0.010687536283827237,44.35,90077.125,0.02758799122088281,1517.0,4738.0,413.0,2634.0,6323.0,3.029296875,10.2484375,16.3578125,0.19092751540454375,244.30025933159723
0.99765625,11.9828125,16165.073958333332,0.19517702174913573,0.009061052883471048,0.44398609310505965,0.0031213369367022663,6.541145833333333,0.6388925109749207,0.1831987557969131,0.20826487569026236,0.23000223161689953,4.0140625,1584.11171875,0.003359676019187441,11.1546875,850.9125,0.01151706064460611,44.6859375,89803.084375,0.029410552579470405,1573.0,4706.0,417.0,2572.0,6467.0,3.071484375,10.2640625,16.696875,0.19287945796877273,247.04814208984368
0.9986979166666666,11.903125,16280.6046875,0.19467635066543548,0.008759667417115624,0.43462349469680966,0.003100579578015108,6.522135416666667,0.631005513258073,0.18293015470038787,0.20741855465257833,0.22891893053848297,3.959765625,1591.77734375,0.0031611317662964765,11.321875,1122.871875,0.011303770873184403,44.2578125,90193.646875,0.02860970656432344,1569.0,4764.0,407.0,2560.0,6359.0,3.01328125,10.378125,16.7015625,0.19073601997738596,243.22863606770832
0.9971354166666667,11.901041666666666,16131.534895833332,0.1951103007063685,0.008185220905614014,0.43013841359180216,0.003100036901970999,6.494270833333333,0.6434135667396061,0.18329655518940302,0.20778071789916366,0.2296948655814352,3.9828125,1618.96640625,0.0029196595429461453,11.1671875,863.309375,0.010495720209874767,44.3078125,89450.034375,0.02693696705202474,1597.0,4654.0,422.0,2609.0,6360.0,3.0328125,10.240625,16.59375,0.19593301432991744,242.96104058159727
0.9981770833333333,11.758854166666667,16305.943229166667,0.19411604509949848,0.008009939337628445,0.4288157186915189,0.00306299926196058,6.373958333333333,0.6280728174691057,0.18235189046828557,0.2068066915544884,0.22848201716936023,3.90859375,1605.8921875,0.002833630721871933,11.0796875,810.084375,0.010312365174807226,43.8390625,90602.00625,0.026412747963475713,1569.0,4640.0,425.0,2617.0,6231.0,2.959765625,10.159375,16.2453125,0.19252332738407726,239.176223687066
0.9971354166666667,11.819791666666667,16224.677604166667,0.19420876439182264,0.00835812897628991,0.43213313815284954,0.00307887253625076,6.512760416666667,0.6394201110425664,0.18243172340971875,0.20697206872302504,0.22855362398903595,3.959765625,1571.1046875,0.003030901227441574,11.240625,1089.215625,0.010714502656348313,43.8390625,89974.43125,0.02731066629162484,1573.0,4679.0,415.0,2613.0,6202.0,3.015625,10.2578125,16.75625,0.19180380529257382,238.10502495659722
0.9971354166666667,11.825,16419.542708333334,0.19258550125306564,0.008569842560632472,0.43062373489941747,0.0030802292263610313,6.529166666666667,0.6416050035236082,0.1806591193137644,0.2057358432759168,0.22714068698741946,3.983203125,1941.06640625,0.0030554308588505927,11.09375,1048.7625,0.011040947498008833,43.9234375,89704.228125,0.028156384430383635,1571.0,4603.0,422.0,2616.0,6300.0,3.0125,10.146875,16.978125,0.20398684459015143,239.52874999999997
0.9984375,11.8109375,16427.8609375,0.1931222784288484,0.00821337031138988,0.4284006753106958,0.003076566163063298,6.513541666666667,0.6268024871014685,0.18131573574780532,0.20604173992656868,0.22742898765530056,3.9828125,1653.975,0.0028813920185018667,11.1109375,1319.196875,0.010611582014052323,43.8234375,90632.06875,0.02714307178027949,1554.0,4621.0,420.0,2594.0,6288.0,3.033984375,10.1375,16.8078125,0.20227946934073618,238.20279703776038
0.9979166666666667,11.725,16468.1421875,0.19249651233031811,0.008477765690820569,0.43484684988835576,0.0030541807762438137,6.44765625,0.6292199715707179,0.1804979490213086,0.20603702864565773,0.22695024925101642,3.93359375,1703.903125,0.0029732265718108433,11.1015625,1221.578125,0.010996932970336663,43.5140625,90771.6625,0.02797675488734338,1587.0,4600.0,396.0,2636.0,6177.0,2.98671875,10.1765625,16.5625,0.19909684376627837,235.95718749999997
0.9984375,11.861458333333333,16450.377604166668,0.1930796433231642,0.008294826615253315,0.42808563482435386,0.003089726057132934,6.522916666666666,0.6108720470712216,0.1810895245948258,0.2067392805899381,0.2273804809697439,3.99765625,1758.6078125,0.0029856874996511077,11.2765625,970.44375,0.010799294360114575,43.9015625,90697.390625,0.027026915332800883,1605.0,4649.0,397.0,2605.0,6270.0,3.03828125,10.2828125,16.7015625,0.1994499126851511,240.12091037326388
0.9966145833333333,11.806770833333333,16280.0921875,0.19335409169785903,0.00873567606273858,0.43065236060944645,0.0030754808109750803,6.497395833333333,0.6501389562839119,0.1813630362429091,0.2067889128568024,0.22788349235871558,3.9640625,1624.17890625,0.0031882934721590406,11.215625,1105.80625,0.01130048470193643,43.76875,90078.03125,0.02836039778585888,1558.0,4699.0,407.0,2590.0,6237.0,3.012890625,10.3,16.6328125,0.1987158847692556,237.771516655816
0.9958333333333333,11.855729166666666,16155.23125,0.1938966699477673,0.008518714239136301,0.428058518689821,0.003088233698011635,6.519791666666666,0.6257523173571146,0.1819065839340676,0.20718997432422728,0.22856370962610625,3.999609375,1584.15546875,0.0030809214249202964,11.196875,1062.496875,0.010930826807692426,43.9390625,89532.26875,0.027857772927444197,1561.0,4700.0,425.0,2601.0,6259.0,3.055859375,10.2828125,16.6125,0.20016675921305022,240.75626925998267
0.9979166666666667,11.756770833333333,16297.064583333333,0.19401739928294123,0.008418283259025784,0.4322686996587174,0.0030624565859164714,6.4296875,0.636379745713906,0.18233329581832333,0.2065768081030684,0.22819440432128565,3.959375,1590.45859375,0.003036927051004711,11.021875,1266.640625,0.010884752559331214,43.68125,90153.9125,0.02747723879080465,1570.0,4592.0,413.0,2609.0,6194.0,3.03203125,10.1046875,16.3453125,0.1915535565050672,235.75646457248257
0.9989583333333333,11.74375,16278.559895833334,0.19484502314317204,0.00854513664229047,0.4338683293216135,0.003059064860640792,6.398697916666666,0.6220063863757318,0.18315924470046197,0.2075715708725289,0.22886158918465557,3.994140625,1568.0890625,0.00310330866768578,10.9921875,998.84375,0.011022159912630993,43.49375,90400.159375,0.027835425270368707,1585.0,4599.0,388.0,2605.0,6186.0,3.043359375,10.1140625,16.1046875,0.20018153371641284,233.45516927083335
0.9973958333333334,11.813541666666667,16252.403645833334,0.19410421191798893,0.008537936458979984,0.4227037007805354,0.0030772445081184334,6.42734375,0.6291773212238779,0.1821665357607823,0.20719318676068785,0.22876594170411674,4.007421875,1622.41484375,0.0030344734091368878,11.1875,1108.35,0.011122157990386742,43.6640625,89916.4125,0.02796756712694561,1604.0,4656.0,415.0,2580.0,6252.0,3.02109375,10.2359375,16.24375,0.20426734528513138,234.9282541232639
0.9979166666666667,11.851041666666667,16235.917708333332,0.1945202747153341,0.00894855857114771,0.4331085965805312,0.0030870126769123904,6.50859375,0.629208051331634,0.18285132921096606,0.20676957402646048,0.2289467574216797,3.999609375,1605.25625,0.0032931008374680578,11.1265625,1274.36875,0.011414386513624846,43.98125,89720.1125,0.029104561563389177,1594.0,4638.0,446.0,2569.0,6300.0,3.041015625,10.1890625,16.6984375,0.19925994032219452,238.56687391493057
0.9973958333333334,11.824479166666666,16182.588541666666,0.1947809616973844,0.008884252146696062,0.4321779355065819,0.003080093557350004,6.480989583333334,0.6485046029159142,0.18307059656474434,0.2069559865355866,0.2294473973897424,3.99296875,1577.77578125,0.0032677706269889197,10.9984375,988.125,0.011324393310689075,43.9765625,89796.303125,0.028910037061531623,1535.0,4634.0,426.0,2594.0,6315.0,3.006640625,10.0984375,16.7609375,0.20115053135701483,239.47700493706603
0.996875,11.7609375,16243.772395833334,0.19376935366055062,0.00902589748073862,0.43475795770475767,0.0030635419380046886,6.432291666666667,0.6445241574775253,0.18214836200958384,0.20603979390189792,0.22798288002307038,3.987109375,1654.43359375,0.0033378701692434814,11.128125,999.48125,0.011477839868090535,43.4890625,89845.41875,0.02932606433936726,1532.0,4667.0,444.0,2585.0,6131.0,3.052734375,10.1828125,16.2,0.19849399520797292,232.54961995442713
0.9981770833333333,11.813541666666667,16337.131770833334,0.19384276089658467,0.008651324083200415,0.4215196208562799,0.0030772445081184334,6.48125,0.6420509655233224,0.1819642338800585,0.20698993569908372,0.2282096941601904,3.9390625,1761.4,0.0030296909965523235,11.18125,1046.51875,0.011232659226453875,43.94375,89930.671875,0.02855652128653933,1571.0,4719.0,427.0,2604.0,6256.0,2.98671875,10.2984375,16.6421875,0.19683192632413263,240.24960828993056
0.9971354166666667,11.853645833333333,16194.049479166666,0.1943340718520035,0.008121462295377972,0.4335208778651608,0.0030876910219675264,6.498697916666667,0.6347379058833867,0.18260967642510115,0.20706588053021074,0.2284998448814055,4.015234375,1517.578125,0.002950467393162093,11.1703125,1034.953125,0.010382616345522828,43.890625,90059.03125,0.026544287854096626,1499.0,4756.0,428.0,2555.0,6245.0,3.062890625,10.2375,16.503125,0.1917247171199242,238.745247124566
0.99765625,11.836458333333333,16220.051041666668,0.19446317371836616,0.00822413612297216,0.4367818829101678,0.0030832139446036293,6.427083333333333,0.6465282055795124,0.1827998859264454,0.20713815351894613,0.22844134508546937,4.0125,1548.1171875,0.0030007795418575947,11.1359375,1102.428125,0.010444613431911267,43.8328125,90025.409375,0.026897085138491317,1520.0,4689.0,430.0,2591.0,6214.0,3.066796875,10.15,16.1453125,0.1930749891950901,237.8847124565972
0.9979166666666667,11.824479166666666,16164.363541666668,0.1951837945478779,0.008553098678968755,0.43427289109331985,0.003080093557350004,6.422395833333334,0.6351583491168568,0.1834802125347164,0.20782613814833395,0.2293557790000679,4.008984375,1518.69375,0.0031661745620564404,11.1046875,1160.825,0.010840783763308277,43.80625,89750.58125,0.027813110062278497,1585.0,4632.0,415.0,2569.0,6232.0,3.06171875,10.1703125,16.1171875,0.19231290736555265,237.5634632703993
0.9979166666666667,11.853645833333333,16221.008333333333,0.19469351936087267,0.008792580524162309,0.43317029359080916,0.0030876910219675264,6.4375,0.632716727448482,0.18292878065762935,0.2075660977959958,0.22887989573872272,3.99140625,1599.43203125,0.0032709996325973522,11.2203125,1234.125,0.011142638056640447,43.9359375,89694.196875,0.028528846557943986,1597.0,4662.0,399.0,2582.0,6289.0,3.03828125,10.2453125,16.2265625,0.19460141849476298,238.97128879123267
0.9981770833333333,11.879166666666666,16210.38125,0.19493389571969655,0.008267985899406114,0.4346094703320564,0.0030943388035078578,6.464583333333334,0.6414415994387934,0.1832144110360811,0.20757379937873938,0.2291719307951155,3.982421875,1537.05625,0.002954459227129561,11.1859375,950.896875,0.01061538020031855,44.159375,90163.165625,0.027174698287599885,1568.0,4712.0,415.0,2618.0,6271.0,3.009375,10.2890625,16.4609375,0.19113727907942737,240.54581597222224
0.9984375,11.7859375,16262.966666666667,0.19471358653813223,0.008740662461907278,0.43848509652963563,0.0030700540505339932,6.4390625,0.6439966414777498,0.18301337745757484,0.20728523875471588,0.22894277064377794,3.961328125,1612.17578125,0.0031661301778427562,11.159375,1023.884375,0.011138584588330228,43.7109375,90105.2125,0.028640869471742415,1564.0,4683.0,409.0,2621.0,6174.0,2.9921875,10.25,16.415625,0.1940296289271825,237.02709391276036
0.9981770833333333,11.844270833333333,16221.991666666667,0.19476807438856067,0.008746467618253009,0.428143635510632,0.0030852489797690372,6.516666666666667,0.6304911833252715,0.1830836203811439,0.20726185321901952,0.22901211158776896,4.009375,1620.6671875,0.003125324236650589,11.121875,1042.015625,0.011243729341155868,43.90625,89807.265625,0.028733779421759826,1585.0,4634.0,422.0,2593.0,6287.0,3.066796875,10.2046875,16.628125,0.20286079896454404,240.32210259331595
0.9979166666666667,11.791145833333333,16167.655729166667,0.19496612357158283,0.008680990367074188,0.4290316575408887,0.003071410740644265,6.4484375,0.6425637174786872,0.18325892051463688,0.20755552408385874,0.2292055352870907,3.9671875,1476.9609375,0.003069266665157844,11.115625,982.24375,0.011232603428263056,43.7625,90115.846875,0.028576272113550693,1605.0,4601.0,414.0,2639.0,6211.0,3.012109375,10.2125,16.4296875,0.2003938339953641,237.13242160373267
0.9986979166666666,11.878645833333334,16278.464583333332,0.1946457452812778,0.00825736984713611,0.43501226612532023,0.0030942031344968306,6.453645833333334,0.6353312579471215,0.18290795129879722,0.2074826518393511,0.22876001465312673,4.034765625,1663.54453125,0.002891300314909295,11.21875,1036.46875,0.010778589312029555,43.9140625,89980.140625,0.027200428511149934,1598.0,4679.0,415.0,2630.0,6212.0,3.06171875,10.3125,16.1625,0.2005806524548544,238.01860649956595
0.99765625,11.799479166666666,16271.177604166667,0.19387612310798677,0.00854326556622798,0.43100162639786693,0.0030735814448207,6.468229166666666,0.6251600088280733,0.18211435703370055,0.2066783162478842,0.22812099426523424,3.988671875,1652.6703125,0.0030611620369705938,11.1078125,918.9,0.011076312990013791,43.734375,90097.484375,0.02793863225947172,1577.0,4627.0,418.0,2611.0,6212.0,3.029296875,10.1765625,16.515625,0.199847695849285,236.25458306206602
0.9979166666666667,11.855208333333334,16215.760416666666,0.19455213661765883,0.00888340465565862,0.434768154643538,0.003088098029000608,6.45546875,0.6444073455759599,0.18288056668782632,0.20726570172213465,0.2285248512325131,4.00390625,1536.6046875,0.0032266974135823786,11.26875,1188.225,0.0114999414270173,43.846875,89959.91875,0.02889369685260491,1556.0,4715.0,407.0,2639.0,6165.0,3.061328125,10.309375,16.178125,0.19251118117462518,236.32591037326387
0.9994791666666667,11.790104166666667,16223.113020833332,0.1955557848641834,0.008255555344277198,0.4367602010374753,0.003071139402622211,6.453125,0.6487608782082431,0.18409774390537914,0.20783215886936582,0.22911157469421797,3.978515625,1497.18359375,0.0030015724028761197,11.0734375,1175.315625,0.010708627514665838,43.753125,90174.628125,0.026818414939492885,1567.0,4635.0,404.0,2647.0,6170.0,3.0375,10.1828125,16.3859375,0.1941882207248733,235.95490207248267
0.9979166666666667,11.8078125,16100.613541666668,0.19562118715467727,0.007547840712383857,0.44389190170553333,0.0030757521489971347,6.427083333333333,0.6427594724537956,0.1840593763403703,0.2080048497692598,0.22948476779732271,3.952734375,1408.190625,0.0027052925319472863,11.1171875,955.940625,0.009813157719094676,43.91875,90014.978125,0.024652716427419313,1628.0,4618.0,405.0,2645.0,6165.0,3.01015625,10.23125,16.290625,0.18680855310430744,238.64691813151046
0.9979166666666667,11.8546875,16324.601041666667,0.19367243633131567,0.00861204498313607,0.43726442455976244,0.0030879623599895808,6.491927083333334,0.6362637845437371,0.18201877651302287,0.20640157924326186,0.2275579326925405,4.008203125,1665.15625,0.003146597551057091,11.2671875,1163.784375,0.011126491005831924,43.828125,90123.196875,0.027959388688756137,1580.0,4695.0,411.0,2589.0,6211.0,3.0484375,10.3078125,16.45,0.19460322262447682,236.6549259440104
0.9989583333333333,11.842708333333333,16294.978125,0.19474029255583417,0.008159094171223921,0.43548177176424235,0.0030848419727359556,6.448697916666666,0.6380948192453162,0.18307247276372426,0.20730621176583028,0.22884565251427763,3.9671875,1592.23828125,0.0029299678643377085,11.234375,1350.346875,0.010545890373995835,43.953125,90050.56875,0.026688803195996848,1534.0,4746.0,425.0,2543.0,6272.0,3.037109375,10.30625,16.2375,0.1896492580940311,238.1611968315972
0.9966145833333333,11.888541666666667,16200.390104166667,0.1939675837828544,0.008662115289026622,0.44354151114878587,0.0030967808457063473,6.52578125,0.6410672040655393,0.18208099641315378,0.2069740972470923,0.22850741979741898,3.956640625,1603.10546875,0.0030780939248682797,11.1921875,1306.1625,0.011222883996094675,44.3125,89483.75625,0.028437432038591937,1572.0,4705.0,407.0,2645.0,6310.0,2.999609375,10.30625,16.85,0.19393066673569295,242.24382703993055
0.9979166666666667,11.984375,16240.681770833333,0.1946139994110031,0.008317784970999482,0.444424832758605,0.003121743943735348,6.60390625,0.6492829204693612,0.18293364493420666,0.20697799621876145,0.22897142051043035,4.003515625,1599.23515625,0.0029931627288487307,11.30625,1244.828125,0.010713281311574582,44.5859375,89802.321875,0.027220777599027392,1557.0,4767.0,435.0,2631.0,6350.0,3.031640625,10.403125,17.09375,0.194985992570787,243.899755859375
0.9981770833333333,12.058333333333334,16255.5046875,0.19450430138113392,0.008826529243287782,0.4347164457682152,0.003141008943301207,6.62421875,0.6316516931582584,0.18256004135857684,0.20748110439739,0.22930453845510615,4.01015625,1686.4703125,0.0031289761365553446,11.4328125,1181.571875,0.011462738387046405,44.8765625,89605.575,0.028980532526458908,1599.0,4790.0,452.0,2647.0,6401.0,3.040234375,10.5078125,17.0765625,0.19822527728060124,247.0210763888889
0.99765625,12.043229166666666,16261.159895833332,0.19418156840235495,0.008587089453707977,0.431923481304988,0.0031370745419814186,6.599479166666667,0.6333953206763828,0.18228624513618769,0.20685245509816808,0.22909197477121088,4.043359375,1816.66015625,0.003069650470348578,11.25,942.4375,0.011122466454454314,44.8359375,89357.88125,0.028121468386399236,1572.0,4715.0,462.0,2672.0,6384.0,3.07109375,10.31875,16.99375,0.20074804401522367,247.683547905816
0.99765625,11.990104166666667,16171.345833333333,0.194763660607522,0.008494232321371921,0.44054112719585703,0.0031232363028566466,6.626041666666667,0.6401112028148213,0.1831474896398128,0.2070748702736453,0.22891713481223527,4.006640625,1509.14296875,0.003052978870084087,11.234375,1116.765625,0.010904292196369425,44.6796875,89874.7375,0.02784918625152576,1527.0,4790.0,462.0,2630.0,6337.0,3.08671875,10.35625,17.053125,0.1903481109961016,246.0228187391493
0.9973958333333334,11.908333333333333,16232.666666666666,0.19436740337885078,0.008277073233884751,0.43991728856718143,0.00310193626812538,6.545833333333333,0.6257872638208537,0.18266671133924564,0.20688592738393902,0.22865164753218298,4.013671875,1640.371875,0.0029903125162367475,11.1265625,1206.73125,0.010596192428901086,44.26875,89627.78125,0.027104996909460433,1503.0,4736.0,433.0,2623.0,6288.0,3.085546875,10.2078125,16.725,0.19261484108946994,242.0197222222222
0.9989583333333333,12.027604166666666,16405.5484375,0.19390559782255057,0.00872909008772336,0.4305955627531315,0.0031330044716506036,6.611979166666667,0.6363833196206643,0.18217762918160885,0.20638910428053553,0.2283339659283324,3.9953125,1888.21796875,0.003112052019480007,11.3015625,1324.2625,0.011219804251935929,44.8828125,89556.15625,0.028706528196484192,1559.0,4761.0,468.0,2680.0,6389.0,3.03984375,10.38125,17.13125,0.19736720977792177,247.945071343316
0.9984375,11.999479166666667,16222.4578125,0.1949178061311083,0.008999474471311247,0.4412765072232204,0.0031256783450551357,6.583072916666667,0.6393506662615565,0.1832050456678246,0.2073300149499751,0.22935663916537613,3.992578125,1591.184375,0.0032205940174097904,11.2546875,1230.928125,0.01155367577102746,44.771875,89739.08125,0.029560794987200857,1564.0,4736.0,436.0,2626.0,6438.0,3.031640625,10.3140625,17.0578125,0.19480609686314548,246.38177056206592
0.9963541666666667,12.003645833333334,16184.6203125,0.19391029731682477,0.008614271754543056,0.43749275437118496,0.0031267636971433533,6.603125,0.6457239553954962,0.18202550613322807,0.20664517098011884,0.22871458838791744,3.996484375,1644.4921875,0.0030561235155373125,11.31875,1282.30625,0.011107833863437064,44.7171875,89247.446875,0.028353302601672035,1571.0,4774.0,455.0,2659.0,6361.0,3.04140625,10.3796875,17.0734375,0.19440107514059118,246.75519504123264
0.9989583333333333,11.941666666666666,16180.751041666666,0.19577998238055874,0.008066574109445297,0.4375023446179836,0.0031106190848311194,6.54609375,0.625261688764829,0.1841897037241998,0.20798011308939982,0.22994096629715335,4.0015625,1585.8984375,0.0029004107733417183,11.134375,1029.996875,0.01029438535517824,44.509375,89710.915625,0.026503416208126657,1561.0,4734.0,422.0,2592.0,6388.0,3.054296875,10.278125,16.78125,0.19215020716323203,245.23097222222222
0.9994791666666667,11.959895833333333,16211.7078125,0.19572071493240317,0.008149651024424907,0.4351646516667755,0.0031153675002170704,6.568489583333333,0.6310586595828072,0.18416792338033694,0.20798624054439202,0.22966635552867917,4.00234375,1550.746875,0.0028702448863930762,11.2796875,1186.734375,0.010629577692919948,44.4703125,89880.525,0.026787348908057194,1579.0,4744.0,420.0,2643.0,6326.0,3.030859375,10.3515625,16.9359375,0.19309017603316064,243.5879749891493
0.9984375,11.905729166666667,16163.472395833332,0.19547929163747416,0.008314782969847298,0.4392889943790806,0.003101257923070244,6.484635416666666,0.6256179185441183,0.18391779592411842,0.20769578782837161,0.2295087782999997,3.976171875,1567.409375,0.0029473969112473403,11.265625,1298.721875,0.010745779661810579,44.2640625,89412.475,0.027353330512283846,1539.0,4764.0,432.0,2547.0,6358.0,3.045703125,10.33125,16.39375,0.1908126600847896,242.04267550998262
0.9986979166666666,11.884895833333333,16269.8953125,0.19472427228664096,0.008434152668235086,0.43454949878088733,0.003095831162629157,6.546875,0.6464788115167185,0.18322431424235913,0.20678546873297227,0.2286629080174371,3.948046875,1648.55703125,0.0030169492557815245,11.20625,1150.06875,0.01085022246906001,44.3109375,89875.075,0.02768689651722441,1518.0,4796.0,449.0,2564.0,6326.0,3.007421875,10.3140625,16.9375,0.18728220199315893,242.3482093641493
0.99765625,11.928125,16138.028645833334,0.1951083277911438,0.008759368076729699,0.43475881563976676,0.0031070916905444126,6.480208333333334,0.6354030215701686,0.18345210845946475,0.20765796970812672,0.22918356320087704,3.978515625,1509.3953125,0.0031738067448105005,11.31875,1070.103125,0.011364393724616409,44.3359375,89720.4875,0.028496587756519774,1532.0,4788.0,434.0,2596.0,6304.0,3.033203125,10.3578125,16.390625,0.18914072184176933,241.97608398437495
0.9973958333333334,11.890625,16234.571875,0.19407335754457147,0.00805022036464087,0.4292257672687089,0.0030973235217504557,6.474479166666667,0.647568988173456,0.1821996302777333,0.20719000687234052,0.22845161728415492,4.0,1623.9796875,0.002775558078441187,11.315625,1168.09375,0.01066518104072319,44.028125,89743.41875,0.026533908833357288,1559.0,4779.0,437.0,2579.0,6262.0,3.028125,10.3625,16.371875,0.19550421204257543,238.93751627604166
0.9973958333333334,11.877083333333333,16120.070833333333,0.19511280952294296,0.008584234098602319,0.4354489319838926,0.0030937961274637494,6.475260416666667,0.6502368005613051,0.18346171135258732,0.2076222068188532,0.22920780490845524,3.9953125,1410.48671875,0.003081776464954348,11.315625,1046.478125,0.011215446448828237,43.965625,90032.0,0.027962852282968288,1547.0,4732.0,433.0,2556.0,6254.0,3.048828125,10.321875,16.334375,0.19167924075572074,237.75468315972225
0.99765625,11.852083333333333,16203.186979166667,0.19461272020653184,0.008878403148183611,0.4318480371489545,0.0030872840149344448,6.4671875,0.6085428018984004,0.1829865179584474,0.20719635565689418,0.22853389374850738,3.9921875,1542.03046875,0.0032029398014164017,11.2453125,1184.25,0.011500467514341927,43.8984375,89866.75,0.02895819216909413,1528.0,4742.0,428.0,2549.0,6281.0,3.049609375,10.2953125,16.309375,0.19678611553246347,236.67499565972224
0.9986979166666666,11.915104166666667,16261.721875,0.1947151909650337,0.008680324148113856,0.43562940646514,0.003103699965268733,6.45,0.651003190977838,0.1830603446644241,0.2071474865378085,0.22890228059469733,4.006640625,1624.18984375,0.0031129055162421385,11.2328125,1317.94375,0.011169722150680923,44.23125,89755.628125,0.028460600673033652,1567.0,4725.0,421.0,2604.0,6312.0,3.044921875,10.315625,16.2046875,0.19495058043105126,241.16779269748267
0.9979166666666667,11.733854166666667,16383.586458333333,0.19297043758157675,0.007985204564164301,0.4302994221747282,0.0030564871494312756,6.408072916666667,0.650450530427449,0.18122447091407437,0.20579672974413904,0.22712801208902408,3.919140625,1754.4,0.0027390664789908844,11.134375,1223.59375,0.010470099387880826,43.5921875,90060.325,0.026484862081141435,1577.0,4650.0,417.0,2560.0,6256.0,3.008984375,10.2015625,16.2109375,0.19975373804443353,234.51041639539932
0.99765625,11.952604166666667,16371.797395833333,0.19294413628525678,0.008751911846372527,0.4292500743367601,0.00311346813406269,6.553125,0.6154080787833892,0.18116180418326153,0.2057809290017048,0.22723667197678984,4.034375,1721.15234375,0.003028786689350938,11.2328125,1084.565625,0.011460088737090828,44.3453125,90261.609375,0.028936235583740588,1544.0,4786.0,453.0,2629.0,6329.0,3.06875,10.334375,16.709375,0.2049352139016791,241.42171196831595
0.9979166666666667,11.890625,16454.375,0.19253018368781175,0.008195100262533062,0.4292278328744272,0.0030973235217504557,6.468489583333334,0.6549715286903197,0.18073175217914966,0.2054325244401936,0.22682156897007832,4.000390625,1832.49375,0.0028226295104075093,11.1578125,1284.3625,0.01078716265538986,44.184375,90111.9125,0.027092920878178474,1568.0,4742.0,427.0,2642.0,6287.0,3.019921875,10.3015625,16.4296875,0.20164021349111988,239.80001627604167
0.9966145833333333,11.898958333333333,16335.73125,0.1926292968708654,0.008382989808438518,0.43137215895129505,0.003099494225926891,6.535416666666666,0.651667687997899,0.18061054370305593,0.20595047075184417,0.2273831356611245,3.976953125,1844.5875,0.00287704036290571,11.2203125,1189.234375,0.010992524897013235,44.265625,89446.803125,0.027797252501995034,1617.0,4699.0,450.0,2651.0,6292.0,2.99765625,10.3015625,16.9203125,0.20023361874130757,242.14187391493058
0.9979166666666667,11.896354166666667,16429.121354166666,0.19267548353123268,0.008541709837896958,0.41995517190200465,0.003098815880871755,6.5796875,0.6576332034499365,0.1806916629311644,0.20606523271388735,0.22722101674885115,3.980859375,1817.3296875,0.0029323152959970316,11.3328125,1185.828125,0.01127947177871357,44.121875,90119.58125,0.02824152606468005,1562.0,4804.0,439.0,2602.0,6295.0,3.023046875,10.415625,16.9703125,0.19997894788851292,239.99029920789926
0.99765625,11.88125,16355.455729166666,0.19313842568197517,0.008419359963578519,0.4252475004872288,0.0030948814795519666,6.468229166666666,0.6482991408030861,0.1811773288520297,0.2064263396808152,0.22769489900291706,3.961328125,1742.18125,0.002833372957402305,11.38125,1216.934375,0.011206089613301487,44.0609375,89947.075,0.027976578338560414,1584.0,4823.0,448.0,2547.0,6304.0,3.016015625,10.4828125,16.2625,0.19848094088518664,239.5817317708333
0.9979166666666667,11.9046875,16250.698958333332,0.19440751535797324,0.00854998229599218,0.4307095560678691,0.0031009865850481896,6.57578125,0.6473727960799756,0.18264420752714652,0.2069474802017684,0.2289207818374852,3.966015625,1754.7953125,0.0029661276083315694,11.2453125,818.85625,0.01118048022249374,44.31875,89666.15625,0.028254903120133068,1557.0,4760.0,442.0,2585.0,6364.0,3.0171875,10.3828125,17.003125,0.20071389668849182,243.04508219401038
0.9989583333333333,12.003645833333334,16257.638541666667,0.19488923568321775,0.008565163528614424,0.43377465549705563,0.0031267636971433533,6.558854166666666,0.63379181672235,0.18303589248493565,0.20775680599039284,0.22943503816917127,3.9859375,1684.60546875,0.0029271378035803227,11.4296875,1096.00625,0.011274529690070055,44.6484375,89711.403125,0.028407900267295193,1583.0,4826.0,418.0,2642.0,6382.0,3.00546875,10.49375,16.8375,0.19654689614265886,246.98540337456592
0.9986979166666666,11.930729166666667,16295.600520833334,0.19456840896967795,0.008161965271523242,0.43045066960131445,0.0031077700355995486,6.55625,0.6490155847557515,0.18276550025506194,0.20728435945324913,0.2290640933445708,4.021484375,1705.0609375,0.002763060509666632,11.2046875,1068.709375,0.010713611194710405,44.29375,89884.65,0.02720593839576252,1568.0,4719.0,441.0,2579.0,6395.0,3.04296875,10.2953125,16.8703125,0.2060378603760105,242.69884738498266
0.99765625,11.8515625,16302.941666666668,0.19366753536642642,0.008086711583657076,0.43238944991598544,0.0030871483459234176,6.440364583333333,0.6426719402329159,0.18188344003249884,0.2063255344398268,0.22814591762873637,4.020703125,1736.228125,0.002796249788685251,11.1859375,1411.78125,0.010568264966462907,43.840625,89460.95625,0.026767005380738552,1581.0,4639.0,432.0,2598.0,6253.0,3.03515625,10.215625,16.2859375,0.20226036972232983,237.02640380859376
0.9981770833333333,11.886979166666666,16255.702083333334,0.19447502343242418,0.007514680196630748,0.433700660125392,0.0030963738386732657,6.538802083333334,0.6264294790343075,0.18281206376685796,0.20694118983126283,0.2286606956958504,4.03671875,1686.2109375,0.002593858624917087,11.1359375,842.075,0.009763195664993729,44.0390625,89947.29375,0.024949451015122404,1539.0,4699.0,445.0,2572.0,6295.0,3.081640625,10.2171875,16.6890625,0.2016227725918382,238.7966012912327
0.99921875,11.877083333333333,16238.363020833332,0.19529131554930376,0.007823732011660018,0.43087666440137984,0.0030937961274637494,6.42109375,0.6341869847395194,0.18367456970915447,0.2074787410245405,0.22957087343466442,3.9921875,1679.03671875,0.002656487996981532,11.140625,1039.21875,0.010217637310525891,44.153125,89674.8125,0.0260988027715081,1575.0,4702.0,436.0,2597.0,6298.0,3.023828125,10.2515625,16.1796875,0.1957078045099938,241.31614149305557
0.9989583333333333,11.850520833333333,16190.280208333334,0.19547972671806987,0.007897582377985641,0.4338086451823294,0.003086877007901363,6.475260416666667,0.6313453171010416,0.18405318720219369,0.20731896724225565,0.22934664425738882,4.002734375,1594.9578125,0.002709308194213019,11.1453125,954.740625,0.010334994241020844,43.946875,89807.109375,0.026213267250040924,1551.0,4708.0,428.0,2583.0,6258.0,3.0421875,10.2421875,16.440625,0.19616464165540523,239.3073434787326
0.9989583333333333,11.941666666666666,16141.769270833332,0.19600523784512588,0.00831561334878429,0.43506397278146486,0.0031106190848311194,6.476041666666666,0.634638869504536,0.18445564937697898,0.20820436296685854,0.2300044665959809,4.051953125,1520.2328125,0.0029412301108803027,11.253125,1219.85625,0.010789982395672883,44.1890625,89549.828125,0.027338777253511658,1583.0,4728.0,424.0,2570.0,6316.0,3.0671875,10.3125,16.275,0.1961995373807613,240.50805555555556
0.9981770833333333,11.802604166666667,16198.590625,0.194964078607079,0.008008044170088253,0.4364207557401084,0.0030743954588868627,6.439583333333333,0.6505891178677022,0.1834374478872923,0.20707448338624418,0.22896019670706064,4.00234375,1560.934375,0.0028806969831690057,11.078125,952.0625,0.010218405649486235,43.728125,89995.74375,0.026307071438367267,1580.0,4595.0,432.0,2587.0,6210.0,3.065625,10.1375,16.2375,0.19765654520050113,235.60426405164927
0.99921875,12.016145833333333,16228.7296875,0.19541018097612858,0.00815772837865776,0.44272824669773925,0.0031300197534080056,6.604166666666667,0.6246803346192189,0.18374118118567379,0.20786397835555973,0.22963238275851677,4.037109375,1556.42265625,0.00287942406962278,11.2609375,1344.009375,0.010503738060295217,44.6875,89802.678125,0.02692493593316021,1585.0,4754.0,422.0,2606.0,6417.0,3.0703125,10.3546875,16.9890625,0.19389617453870692,247.234114312066
0.99765625,11.911979166666667,16221.638020833334,0.1944270194021657,0.007835392329056275,0.435697239506559,0.00310288595120257,6.583072916666667,0.6452275807791527,0.18262806909570622,0.20737709986286418,0.22867274016730493,4.0328125,1688.5484375,0.002733118057568185,11.18125,1041.390625,0.010198568492068833,44.159375,89534.24375,0.02588131325199607,1593.0,4730.0,401.0,2643.0,6275.0,3.053515625,10.31875,16.965625,0.19816346202717314,240.41933566623266
0.99765625,11.930729166666667,16196.451041666667,0.19467420703419527,0.00831524838273691,0.43247270923611647,0.0031077700355995486,6.534375,0.6456105120705461,0.18292584647390803,0.20726787844614397,0.2290739778633955,3.9859375,1658.65625,0.0029241072387255753,11.2796875,1162.1875,0.010823085401874072,44.3609375,89381.89375,0.027371975939645087,1552.0,4756.0,429.0,2604.0,6349.0,3.03671875,10.3640625,16.6953125,0.19757653600745173,242.97645155164932
0.9981770833333333,11.936979166666667,16222.251041666666,0.19475109524271256,0.008572632765291806,0.433542602334791,0.0031093980637318746,6.546875,0.6501156245909507,0.18310821204397332,0.2069284599796967,0.22914526330068555,4.01015625,1596.628125,0.0030484226131694643,11.2484375,1142.725,0.011019829250508123,44.3328125,89804.26875,0.02822227688856486,1598.0,4688.0,418.0,2629.0,6336.0,3.05,10.3421875,16.7390625,0.19921866871802713,242.5293617078993
0.9984375,11.948958333333334,16183.286458333334,0.19534430411341178,0.008422174145970887,0.43795978907741784,0.0031125184509854997,6.587239583333333,0.6339028855374422,0.1836756399703316,0.20773058822103546,0.22963267657810887,3.9640625,1575.8671875,0.002950540375351062,11.3359375,1124.10625,0.010935035899781839,44.5015625,89672.14375,0.02779584747463924,1548.0,4777.0,402.0,2644.0,6376.0,3.012109375,10.3921875,17.0828125,0.19633483910635718,245.1755197482639
0.9973958333333334,11.903125,16332.2484375,0.19325296367734757,0.008121942048031431,0.43168756694764704,0.003100579578015108,6.529947916666667,0.6472389953618622,0.18149009474073446,0.20583505636237992,0.2277223467387676,3.97109375,1792.27421875,0.002820655556865003,11.1828125,1077.74375,0.010530961103430644,44.3515625,89746.65,0.026918068957297946,1593.0,4696.0,437.0,2613.0,6358.0,3.00234375,10.2921875,16.878125,0.1994014534840476,245.11457356770833
0.9981770833333333,11.961979166666667,16331.6734375,0.19390883932316752,0.008704759869623328,0.42878104498068814,0.003115910176261179,6.5671875,0.6538947185091654,0.18209646950673403,0.20671370134473857,0.22835345656733042,3.998046875,1811.51015625,0.003051293467556385,11.259375,1147.65625,0.011324065213173274,44.5203125,89596.34375,0.028699320134341143,1584.0,4765.0,445.0,2669.0,6315.0,3.012109375,10.38125,16.9734375,0.2006016655098911,246.8542835828993
0.9984375,11.946354166666667,16304.45625,0.19428215485511996,0.00874639576088703,0.43382042847230523,0.0031118401059303637,6.551041666666666,0.6347386319047826,0.18260582262309294,0.20670780839844802,0.2285618302398998,4.001953125,1656.8609375,0.0031251792983362212,11.271875,1156.78125,0.011248681327270313,44.3984375,90042.5125,0.028728976044706978,1587.0,4727.0,431.0,2672.0,6282.0,3.06328125,10.3484375,16.7046875,0.19608520217759878,244.37837212456597
0.9984375,11.9734375,16202.363541666668,0.19515794293743363,0.00812455945639619,0.43571472685100815,0.003118894894503777,6.578125,0.6096393927530558,0.18349301292037762,0.2074186027783204,0.22955700316477098,4.01484375,1647.7046875,0.002873186594283662,11.2203125,1146.81875,0.010388877856185943,44.5609375,89476.54375,0.02686573250505655,1586.0,4689.0,420.0,2713.0,6344.0,3.05859375,10.246875,16.9875,0.20118267289094696,246.90554443359372
0.9984375,12.0609375,16229.983333333334,0.19502521327007732,0.008129360240931156,0.4397608961945657,0.003141687288356343,6.613541666666666,0.6545321069223129,0.18330852742054973,0.20754184698560985,0.2293753229526553,4.01484375,1651.3359375,0.0028422050450667307,11.315625,1027.009375,0.01052010316974036,44.990625,89747.546875,0.026887238095579642,1621.0,4756.0,428.0,2695.0,6412.0,3.06328125,10.3859375,17.0421875,0.19333095615226498,251.53222412109375
0.9981770833333333,12.027083333333334,16213.497395833334,0.1949590570517329,0.008398102527635934,0.42942025759527147,0.0031328688026395764,6.585416666666666,0.6416507881517408,0.1831472270106549,0.2075379019148192,0.2296275323529584,3.98125,1638.7,0.002907222707558301,11.3578125,1049.884375,0.010919747678012593,44.8796875,89676.3,0.02783997665756982,1604.0,4782.0,428.0,2621.0,6463.0,3.021484375,10.4609375,16.965625,0.19525525707588628,250.5643706597222
0.9989583333333333,11.9484375,16229.6515625,0.19524532704560132,0.008217897322301333,0.4382874427501575,0.0031123827819744725,6.536197916666667,0.6498844862909202,0.18353968759583988,0.2077913984974539,0.2295218133927944,3.988671875,1646.02109375,0.0028800639895330666,11.303125,880.43125,0.010683796761045255,44.4328125,89913.39375,0.02710333121463048,1595.0,4754.0,413.0,2627.0,6356.0,3.03671875,10.3734375,16.696875,0.19594781041775136,245.54213297526044
0.9986979166666666,12.018229166666666,16365.554166666667,0.19394349171665576,0.008325355048247407,0.4352382061775636,0.0031305624294521144,6.60625,0.6482773564463705,0.1820928359200283,0.20683209266973462,0.22845751395008662,4.020703125,1797.84921875,0.002882511186672331,11.3265625,1188.034375,0.01084174615334353,44.7,89813.89375,0.0275803393894516,1630.0,4726.0,415.0,2638.0,6432.0,3.032421875,10.4046875,17.103125,0.20173950012130412,248.0918551974827
0.9971354166666667,12.1140625,16061.156770833333,0.19555658316116528,0.008275705113547532,0.4420499400063395,0.003155525527481115,6.61796875,0.6400963068059676,0.18379253507092436,0.20805251740043262,0.23011684128286164,4.04765625,1448.73359375,0.0029224840883344946,11.434375,885.365625,0.010683845514366344,45.059375,89686.640625,0.02728044881358087,1569.0,4855.0,412.0,2625.0,6467.0,3.08046875,10.496875,16.8890625,0.19145398025214078,251.30730224609368
0.9984375,11.9828125,16244.916145833333,0.19475294384703154,0.008158863573336849,0.43327437122513884,0.0031213369367022663,6.56796875,0.662928673881862,0.1828790568374316,0.20754853976630513,0.22945289596615778,4.00078125,1677.9359375,0.0027596286550698418,11.3671875,627.3125,0.010714545292934015,44.5265625,90130.440625,0.02720012152680772,1617.0,4748.0,439.0,2607.0,6402.0,3.03984375,10.44375,16.8046875,0.203466953469789,246.6773087565104
0.9973958333333334,11.947916666666666,16126.436458333334,0.19515295432152538,0.008389021802252176,0.4329587955450591,0.0031122471129634453,6.528645833333333,0.6515257192676548,0.18338575258262504,0.20772097350983745,0.22965374208881445,3.989453125,1556.80859375,0.0029754040242123735,11.2296875,1026.7,0.010771609122310144,44.5,89504.684375,0.027660905594353413,1577.0,4743.0,432.0,2622.0,6383.0,3.0140625,10.33125,16.784375,0.19788014904877071,246.21239149305555
0.9979166666666667,11.935416666666667,16286.3796875,0.19391905919016175,0.008470167404294009,0.43428301752485626,0.003108991056698793,6.524479166666667,0.6430005236515971,0.18210078268995483,0.2067717254749475,0.2283394989062038,3.97265625,1640.934375,0.002920676711583648,11.35625,1069.2125,0.011113062092063853,44.365625,90085.328125,0.02802523548736561,1578.0,4775.0,396.0,2671.0,6311.0,3.024609375,10.4125,16.6359375,0.19611794062460539,244.70207899305552
0.9986979166666666,11.866145833333333,16283.122916666667,0.19455115574074372,0.00854066246556105,0.435499363667063,0.0030909470782321787,6.52109375,0.6484659614624939,0.18282491297035414,0.20731337844873918,0.22869390411430662,3.9515625,1600.66171875,0.00298005130250307,11.2375,1366.925,0.011173370732741297,44.153125,89929.165625,0.028150398850612723,1542.0,4735.0,439.0,2604.0,6306.0,3.01171875,10.3171875,16.7625,0.19718276613481717,241.37531222873258
0.9966145833333333,11.903645833333334,16266.1875,0.19335213823173483,0.008776428884260256,0.4354954342140192,0.003100715247026135,6.521875,0.6332531174797638,0.18142945823918538,0.20654327973287484,0.22785171670079246,3.9421875,1755.14140625,0.00309170187521463,11.29375,1331.209375,0.011379848963829953,44.359375,89245.35,0.02891191684087307,1576.0,4779.0,424.0,2626.0,6316.0,3.0,10.378125,16.753125,0.1904050378116538,244.20165337456595
0.9984375,11.880729166666667,16393.8890625,0.1934614635842606,0.008769965795742332,0.43036924518026204,0.0030947458105409394,6.521614583333333,0.6510455482004296,0.1815698267908029,0.20657986314636118,0.22790961119599093,3.95546875,1836.1125,0.002995594151014315,11.2609375,1181.0875,0.011531479567503836,44.2015625,89837.796875,0.02910593860289291,1559.0,4778.0,439.0,2628.0,6320.0,2.972265625,10.3875,16.853125,0.20395947520450924,243.04202446831596
0.9973958333333334,11.888541666666667,16225.157552083334,0.19411857631626217,0.008689866242716953,0.434600936428849,0.0030967808457063473,6.513802083333333,0.6362919477788487,0.18241195780852953,0.20683089178936326,0.2282327348740915,4.007421875,1616.2859375,0.0030710796461680605,11.2328125,1013.134375,0.011237887196570094,44.06875,89872.6671875,0.028616991675059385,1582.0,4704.0,420.0,2613.0,6281.0,3.0203125,10.3,16.7015625,0.20088576419079604,240.4016395399305
0.99765625,11.888541666666667,16389.584375,0.19277345743749036,0.008310158323814343,0.42786601966839083,0.0030967808457063473,6.520833333333333,0.6338824147901516,0.18098488835172657,0.20567666812609012,0.22702452309194582,3.958203125,1831.775,0.0028460632264690105,11.353125,905.146875,0.010905151344460285,44.1453125,90105.259375,0.027571545692549736,1553.0,4807.0,429.0,2603.0,6302.0,2.995703125,10.4328125,16.709375,0.19882886125375093,242.39070203993055
0.99921875,11.8421875,16522.754166666666,0.19273382537741118,0.00789764667848105,0.4302676293498513,0.0030847063037249284,6.503385416666666,0.6278752693847034,0.18096746422669713,0.2056951186847405,0.22683797667293795,3.97734375,1924.353125,0.0027035087121294863,11.3359375,1202.775,0.010297623113452095,43.8078125,90236.3375,0.026274222108916258,1563.0,4747.0,425.0,2606.0,6242.0,2.996484375,10.365625,16.66875,0.2048637859086311,237.35582438151042
0.9994791666666667,11.908333333333333,16414.122916666667,0.19387540463262412,0.008204192906212314,0.4251244084894916,0.00310193626812538,6.53125,0.6408327501749476,0.18208538488913212,0.20677457106329483,0.22813631717592128,3.976171875,1796.44296875,0.0028331057675249557,11.3390625,1326.384375,0.010663027885093528,44.20625,89972.58125,0.027229706482080528,1575.0,4797.0,443.0,2591.0,6340.0,3.01796875,10.4,16.715625,0.20269842295403986,242.83065972222224
0.9971354166666667,11.984375,16228.608854166667,0.19415460587396632,0.008046901204423177,0.4336916286684218,0.003121743943735348,6.54765625,0.6250760538896132,0.1823529218128898,0.20679844049160828,0.22871750750063033,3.983984375,1705.33359375,0.0027531904729891955,11.371875,1384.959375,0.010472845430287075,44.5984375,89165.359375,0.026795799904295203,1602.0,4776.0,437.0,2610.0,6433.0,3.008203125,10.4375,16.815625,0.20330680732127632,247.57111002604168
0.9986979166666666,11.884895833333333,16255.542708333332,0.19484360024472885,0.008063311648814209,0.43010739683560945,0.003095831162629157,6.533333333333333,0.6397738726499846,0.18325808708353408,0.20730900623506948,0.22872024689916742,4.01953125,1612.52109375,0.002798803863227505,11.3234375,1121.428125,0.010558927276817892,43.9078125,89961.74375,0.026625727163157344,1624.0,4709.0,434.0,2635.0,6225.0,3.0390625,10.3625,16.68125,0.20665428308946868,238.28102186414932
0.9984375,11.897395833333333,16452.530208333334,0.1929431219774018,0.008576839066117182,0.4291692180136621,0.0030990872188938093,6.511197916666666,0.641990981920063,0.18120461639514301,0.20588637172689378,0.226953894556945,4.027734375,1875.109375,0.0030100689198096836,11.371875,1252.596875,0.011199291693856053,43.9015625,89962.146875,0.028221467023608303,1600.0,4752.0,455.0,2608.0,6181.0,3.059765625,10.390625,16.4375,0.19942980765086077,239.09155571831602
0.9984375,11.909895833333334,16382.381770833334,0.1935159228073268,0.008842268009732928,0.4328815490349257,0.0031023432751584616,6.534635416666666,0.6446844798180784,0.18189220054657543,0.20598831630642467,0.22753841835123456,4.025,1770.34921875,0.003139020650157192,11.3296875,1070.171875,0.011413199657629445,44.0296875,90142.721875,0.029084325800139366,1566.0,4715.0,435.0,2656.0,6221.0,3.04453125,10.30625,16.7234375,0.20201973299635637,240.24344373914928
0.9981770833333333,11.939583333333333,16305.982291666667,0.19410771964778373,0.008333163078749187,0.4307924689405313,0.0031100764087870106,6.559635416666667,0.6569970336764962,0.18245781828295388,0.20637823487997417,0.2284368098749126,3.971875,1770.20546875,0.0029724603412932607,11.3234375,1186.1625,0.010695618823002588,44.4265625,89568.909375,0.027413518284319482,1584.0,4748.0,425.0,2659.0,6312.0,3.040625,10.365625,16.8296875,0.19482644535649069,245.66353732638888
0.9981770833333333,11.8640625,16418.254166666666,0.19308142215050456,0.007790315723962808,0.4318476019098431,0.00309040440218807,6.419010416666667,0.6462970279643532,0.18122310320873217,0.20610126922642974,0.22749485084166904,3.9546875,1829.84453125,0.0026769443708763623,11.4203125,1172.659375,0.010298974809427156,43.9453125,90017.4875,0.02573514205084424,1596.0,4787.0,450.0,2607.0,6195.0,3.001953125,10.43125,16.075,0.19548835774940984,239.56329182942707
0.9963541666666667,11.871875,16263.2609375,0.19324486671410387,0.008102281362934552,0.4285909105831312,0.0030924394373534774,6.429166666666666,0.6482846363078003,0.18129364188447558,0.2063269285288724,0.2279677042178485,3.93125,1850.30703125,0.002852702793242977,11.3765625,895.559375,0.010478429511766732,44.1296875,89282.778125,0.026724447492868664,1568.0,4798.0,449.0,2642.0,6231.0,2.96640625,10.4796875,16.2296875,0.19825464730434852,242.2627506510416
0.99765625,11.85625,16408.946354166666,0.19298844947488877,0.008147765093751973,0.4279575581739532,0.0030883693670226624,6.501822916666667,0.6415392725355825,0.18112683312799235,0.20589165401581164,0.22753171032155164,3.94921875,1888.33984375,0.002820156177668099,11.1609375,956.353125,0.010577373093315034,44.1796875,89943.965625,0.0270285927585244,1604.0,4687.0,413.0,2649.0,6308.0,2.99453125,10.3078125,16.725,0.20031516792229495,241.9433984375
0.996875,11.9,16389.238541666666,0.1925223156456099,0.008669457973960076,0.43119140684738555,0.0030997655639489453,6.46796875,0.6330094537815126,0.18051550291356017,0.2058035578140447,0.22726832440537406,3.9046875,1952.60703125,0.002951450353648465,11.4703125,1152.015625,0.011468235911611741,44.3109375,89372.9875,0.028742710517554858,1557.0,4848.0,461.0,2625.0,6284.0,2.97265625,10.525,16.3921875,0.19540385467402996,243.47125000000003
0.9979166666666667,11.944270833333333,16383.293229166668,0.19311047898650127,0.008696981788122077,0.43186939497650495,0.003111297429886255,6.569270833333333,0.6293114725504731,0.18127622888334036,0.20616626661539444,0.22739169177025165,3.9921875,1802.46796875,0.0030319709479405986,11.425,1103.096875,0.011434027657892688,44.271875,89986.790625,0.02861997927907738,1636.0,4752.0,454.0,2615.0,6288.0,3.00078125,10.4703125,16.9421875,0.20094905524027054,241.13335259331592
0.99921875,11.900520833333333,16392.6515625,0.19397808230823113,0.008594459592695886,0.43132706550490646,0.003099901232959972,6.573177083333333,0.6245349905903979,0.18217366251926853,0.20689723995809653,0.22827660381421594,3.949609375,1765.79140625,0.002929893592841664,11.48125,1270.36875,0.011472646077497557,44.1234375,90022.375,0.028374537107311103,1635.0,4765.0,426.0,2618.0,6287.0,3.008203125,10.5359375,16.8703125,0.20053517066898524,240.64791639539928
0.9986979166666666,11.916145833333333,16355.7046875,0.19406742206676533,0.008415953236517225,0.42538748664820003,0.0031039713032907875,6.532552083333333,0.6351676209624546,0.18219012224976947,0.20682531355644715,0.22881872984506688,3.9765625,1782.77109375,0.0029227422166696487,11.2703125,1158.46875,0.010949860250323431,44.3203125,89844.675,0.027854890302101327,1567.0,4734.0,439.0,2688.0,6287.0,3.0,10.3296875,16.865625,0.20259864490642535,243.56015597873264
0.9989583333333333,11.9625,16403.6671875,0.19373129327637564,0.00815666070143766,0.43362962993479676,0.0031160458452722064,6.5640625,0.6447666318355973,0.18185153079048352,0.2066041563090205,0.2283774801872993,3.966015625,1872.93125,0.0027499771449744992,11.403125,989.884375,0.010679916177573346,44.5078125,89940.39375,0.02726013945115461,1573.0,4820.0,455.0,2624.0,6361.0,3.013671875,10.475,16.8546875,0.20253731935058478,246.56369791666665
0.9979166666666667,11.980729166666666,16321.205729166666,0.193807553685116,0.008529468973633294,0.4356440835264352,0.0031207942606581575,6.566145833333334,0.6376124853280007,0.18186921669019557,0.20678649885004977,0.228581956499864,3.99140625,1766.58125,0.002920488196135575,11.4328125,1240.66875,0.01120256858797469,44.4859375,89620.240625,0.02829229246928277,1626.0,4769.0,437.0,2628.0,6360.0,3.04921875,10.4625,16.7375,0.19938909634008162,246.6772328016493
0.9986979166666666,11.9828125,16325.425,0.19437711763585047,0.008419292357281876,0.4312806194341319,0.0031213369367022663,6.5484375,0.6482374929369322,0.18252900518445556,0.2071207167984964,0.22902596827878408,3.9734375,1806.62421875,0.0029051121488853178,11.453125,1127.715625,0.011007580973604334,44.55,89598.3375,0.027887724574545657,1596.0,4808.0,433.0,2639.0,6346.0,3.033984375,10.5,16.6546875,0.19568648425895094,247.00960042317703
0.9981770833333333,11.930208333333333,16366.871875,0.19359501807476745,0.008566420929682204,0.4290718970297817,0.0031076343665885214,6.532552083333333,0.6599580895835152,0.18161853058111022,0.20666122939031392,0.22843475673384983,3.994921875,1913.571875,0.002928389036620866,11.2921875,1176.8375,0.011201679434076729,44.309375,89370.10625,0.028483289997533034,1614.0,4767.0,436.0,2676.0,6280.0,3.026171875,10.4234375,16.6671875,0.20451053494528174,244.78158745659718
0.9989583333333333,11.978125,16448.29375,0.19357983477320434,0.008832923023726244,0.4305213375276034,0.0031201159156030215,6.56953125,0.6386207496304026,0.18164965829313737,0.20655480900400897,0.22832556646266733,3.966015625,2019.359375,0.003066977648299252,11.384375,1034.590625,0.011481722575070982,44.6203125,89577.734375,0.029247904974089477,1588.0,4809.0,439.0,2639.0,6389.0,3.001171875,10.4796875,16.9328125,0.19954551020614647,248.29431315104168
0.9979166666666667,11.9125,16287.692708333334,0.19412699498798572,0.008612597359443563,0.42973414688695033,0.003103021620213597,6.529947916666667,0.6555176635187129,0.1823497434304095,0.2068497781529423,0.22851321805333388,3.95625,1805.2515625,0.0030050223972342385,11.29375,1044.1625,0.01121356455158723,44.35625,89460.9875,0.028441930016137207,1572.0,4745.0,436.0,2639.0,6348.0,3.009375,10.353125,16.7890625,0.20145054425449813,244.87359374999997
0.9986979166666666,11.93125,16435.711458333335,0.19342506820669064,0.00858525307602756,0.4341891428640636,0.003107905704610576,6.51484375,0.6447092718700891,0.18166299921106935,0.20601536096969167,0.2278830514261748,3.965234375,1902.309375,0.0029400820646348163,11.3171875,1408.65,0.011215660230826374,44.409375,89596.38125,0.02853552996679972,1566.0,4801.0,413.0,2669.0,6313.0,3.00390625,10.403125,16.6703125,0.19613687127456075,245.5562109375
0.99765625,11.996354166666666,16411.5875,0.19284859101214774,0.008321914617957843,0.4287963068000934,0.003124864330988973,6.599739583333333,0.6476360005209916,0.1808702613629476,0.2061284984244506,0.22748200219664558,3.955859375,1894.3296875,0.002811992963443894,11.4578125,1737.1,0.01094056490685607,44.696875,89155.10625,0.027742950947115402,1566.0,4861.0,453.0,2651.0,6388.0,3.002734375,10.509375,17.078125,0.19947643776376311,246.9817575412327
0.996875,11.9578125,16340.218229166667,0.19288544700255758,0.008444108188766338,0.42097489524154574,0.0031148248241729616,6.576822916666667,0.65921860708219,0.18086067096016029,0.20638543770429765,0.2274845604704067,3.937890625,1872.20546875,0.0028540333313233366,11.4796875,1735.109375,0.011192742579884686,44.515625,88817.378125,0.028055773227419978,1565.0,4872.0,449.0,2649.0,6353.0,2.97578125,10.5375,17.0203125,0.19959801806634403,245.77999104817707
0.99765625,11.933333333333334,16181.886979166668,0.19456379557636433,0.008709972789575563,0.43595149657915283,0.003108448380654684,6.617708333333334,0.6407995810055865,0.1828472274129227,0.20704814857109338,0.2289457152354017,4.02890625,1676.41171875,0.0030241949518209,11.225,1015.171875,0.011399678161215331,44.259375,89370.503125,0.02876337876895445,1604.0,4701.0,422.0,2662.0,6309.0,3.056640625,10.31875,17.1609375,0.2060844773188044,240.7606597222222
0.9973958333333334,11.920833333333333,16189.6875,0.1947007756042708,0.008298977611602996,0.4345465699064929,0.0031051923243900323,6.58046875,0.6271408598392171,0.18296309381563486,0.20725396728093917,0.22909831108214637,3.99609375,1780.51015625,0.0029235010201161976,11.246875,1143.759375,0.010722768458368054,44.29375,88872.325,0.027377093130785134,1592.0,4697.0,430.0,2647.0,6337.0,3.019140625,10.3078125,17.0984375,0.2048450350106803,242.84425347222216
0.99765625,11.902604166666666,16252.646875,0.19432592479180022,0.008140013900069036,0.4289779563693132,0.003100443909004081,6.552864583333333,0.6445980834026167,0.1825462199010148,0.20697165942390255,0.22879900972283954,3.983984375,1840.75703125,0.002779519021023441,11.2984375,1061.61875,0.01078193004084463,44.18125,89091.234375,0.026940077275475826,1585.0,4745.0,415.0,2634.0,6324.0,2.988671875,10.3484375,17.0140625,0.20244351933934923,242.49207655164938
0.9973958333333334,11.894791666666666,16260.766666666666,0.1940028954792335,0.0075130780528115115,0.4293586365795818,0.0030984088738386733,6.46953125,0.6120938786233471,0.18219529167767995,0.20665424050037823,0.22858196566430297,3.954296875,1810.628125,0.0024717583485520727,11.2140625,1032.10625,0.00992319217304291,44.3375,89289.98125,0.025268242749617875,1614.0,4681.0,435.0,2589.0,6406.0,2.996484375,10.3,16.53125,0.20182556113685862,245.22278537326392
0.9953125,11.8578125,16153.889583333334,0.1936233684621578,0.00757869548415227,0.41971489916786925,0.0030887763740557435,6.4640625,0.6273993060130891,0.18164812715367118,0.20673128710980268,0.22841641504845941,3.932421875,1833.66640625,0.002524288689811033,11.2671875,982.759375,0.01008672332742987,44.15,88605.9125,0.02528829481823962,1594.0,4712.0,420.0,2588.0,6373.0,2.980078125,10.325,16.5390625,0.20161273450092018,243.06467854817706
0.99765625,11.9234375,16171.2171875,0.19499767890702238,0.007516339275392048,0.4357033151927754,0.003105870669445168,6.5171875,0.6383610710697594,0.18341566478290727,0.2073224534859039,0.22900096082460114,4.03984375,1703.36953125,0.0025708739284428317,11.2359375,1068.10625,0.009873709906869163,44.1453125,89145.71875,0.024940830031711797,1584.0,4741.0,401.0,2599.0,6325.0,3.0515625,10.3234375,16.5734375,0.20013213085064233,242.72070068359378
0.9955729166666667,11.858333333333333,16152.441666666668,0.19356538581552035,0.007956570152527232,0.43089528104583613,0.0030889120430667707,6.546875,0.6356728742094168,0.18168469821359823,0.20660599666696874,0.22804752537176048,3.966796875,1702.62578125,0.0026991906385735597,11.20625,1018.209375,0.01050292131382408,44.0765625,89085.9375,0.026439737047045074,1589.0,4690.0,407.0,2595.0,6354.0,3.013671875,10.275,16.9515625,0.20215979870963696,242.07940972222215
0.9989583333333333,11.913020833333333,16227.066145833332,0.19508877182268516,0.006997795214641863,0.43255318569861373,0.0031031572892246243,6.55546875,0.6213439426397936,0.18354902399035317,0.20744712002617377,0.22888941494852427,4.005859375,1597.965625,0.002326491437670521,11.29375,979.19375,0.009278542572048219,44.1609375,89991.340625,0.02340226296512088,1599.0,4743.0,421.0,2581.0,6308.0,3.025,10.39375,16.8390625,0.1984218311937818,242.4997262912326
0.99765625,11.9078125,16142.9140625,0.19507451709062,0.008369106732275077,0.43757266505527664,0.003101800599114353,6.540885416666667,0.623627695403053,0.18339339491640308,0.20762998288568418,0.2292435399924234,3.938671875,1613.7078125,0.00289336910295782,11.2890625,945.771875,0.010970812712350508,44.403125,89456.88125,0.027670351269468662,1585.0,4779.0,424.0,2642.0,6323.0,2.977734375,10.4109375,16.9234375,0.19343032496917667,244.14775146484376
0.9973958333333334,11.9265625,16267.009375,0.1940223867488318,0.007947170426492681,0.434337940967472,0.003106684683511331,6.53359375,0.6245250884318092,0.18218423178173954,0.20680730166015157,0.2285900917058809,3.96796875,1861.15625,0.002731243033881675,11.334375,916.1625,0.010372432698517942,44.353125,89241.26875,0.026385617724911443,1612.0,4730.0,434.0,2649.0,6316.0,3.0171875,10.4078125,16.725,0.1987773480798511,244.21544026692703
0.9963541666666667,11.8546875,16226.324479166668,0.19346174518558826,0.007960108196575348,0.4299512130500688,0.0030879623599895808,6.40390625,0.6604279249593603,0.18172667935755898,0.2060356357798092,0.2278281179034844,3.953125,1754.7671875,0.002720913242404554,11.2109375,1039.834375,0.010386638946464726,44.1046875,89299.04375,0.026490357263369152,1614.0,4704.0,430.0,2650.0,6264.0,2.97578125,10.3265625,16.19375,0.19832791534454902,241.03357177734375
0.99765625,11.942708333333334,16256.196354166666,0.1941679156286014,0.00819413015325476,0.4374647694541345,0.0031108904228531738,6.48515625,0.6419101613606629,0.18240670425926148,0.20692453500837543,0.22845614172618706,3.9875,1766.04765625,0.002914922152091994,11.3953125,1060.09375,0.010650322190754711,44.3109375,89412.89375,0.026854770120405887,1592.0,4761.0,437.0,2625.0,6287.0,3.0265625,10.4375,16.3671875,0.1959443785300295,242.5508843315972
0.99765625,11.954166666666667,16228.05625,0.19435314779732657,0.007851078388673844,0.43061651344325397,0.0031138751410957717,6.494791666666667,0.6256971070059254,0.1827732762614913,0.2067720989233238,0.22825368281467046,4.05859375,1658.371875,0.0028016904440674923,11.2484375,1343.36875,0.01014606997673248,44.2421875,89391.48125,0.02575363857904061,1583.0,4708.0,419.0,2675.0,6241.0,3.0796875,10.3109375,16.3390625,0.1993667442204879,241.1921701388889
0.9971354166666667,11.947395833333333,16255.206770833332,0.19386091888523727,0.008591842579717584,0.43304941858288326,0.003112111443952418,6.581510416666666,0.6247874798378308,0.18219725101653922,0.2064880404998176,0.22788846874544894,4.0125,1785.75703125,0.0030963868084208958,11.2734375,1320.75625,0.011068945741526847,44.3609375,89067.45625,0.028096562503095057,1612.0,4730.0,422.0,2649.0,6296.0,3.014453125,10.378125,17.053125,0.1965925228607605,243.1362953016493
0.9989583333333333,11.9828125,16285.838020833333,0.19483126405194273,0.00849894345108568,0.4364408872506179,0.0031213369367022663,6.590885416666667,0.6354587734167862,0.18330499910326087,0.20714241295664165,0.22862517494197127,4.00078125,1752.82265625,0.0030631492496375552,11.3578125,924.41875,0.011011172953741695,44.5359375,89779.31875,0.027729890754222164,1591.0,4787.0,438.0,2661.0,6273.0,3.034375,10.4734375,16.934375,0.1916575137828592,244.56168375651038
0.9979166666666667,11.90625,16220.816666666668,0.19456801527563503,0.008862338893865106,0.430913089341009,0.003101393592081271,6.58984375,0.6480314960629922,0.18302709787839705,0.20679438982331924,0.22850531031690285,3.970703125,1685.99140625,0.003217082159520128,11.2625,1154.54375,0.011451977881216786,44.2921875,89426.390625,0.028853726843893333,1535.0,4804.0,432.0,2647.0,6267.0,3.024609375,10.378125,17.0625,0.1937969591358653,241.4287109375
0.9986979166666666,11.858854166666667,16268.086458333333,0.19456909982120726,0.008255948997487267,0.4315476436480194,0.003089047712077798,6.513541666666667,0.6465808775088937,0.18320132389734392,0.20651702762736907,0.2280922757104989,3.969921875,1606.565625,0.002923787934021769,11.1171875,1141.109375,0.010610083519755282,44.15625,90041.146875,0.027230458729081253,1540.0,4713.0,438.0,2608.0,6315.0,3.007421875,10.225,16.8265625,0.1970945190793866,241.51289035373264
0.9973958333333334,11.909375,16080.355208333332,0.19552398794724105,0.008361158806459153,0.43863218161793716,0.0031022076061474344,6.554427083333334,0.6454561357473979,0.1841164674734445,0.20734617333324948,0.22933188445641872,4.0171875,1613.3859375,0.003014585574633094,11.1125,1041.41875,0.010654474771049601,44.275,88987.16875,0.027454135769172938,1571.0,4677.0,422.0,2628.0,6308.0,3.04453125,10.21875,16.9296875,0.19664227536616202,243.03449544270836
0.9973958333333334,11.893229166666666,16096.288541666667,0.1951400140777388,0.008509174991634321,0.4362164259893381,0.0030980018668055917,6.544791666666667,0.6352966936719947,0.18369437841195663,0.2072010487099157,0.22886152210869054,3.96796875,1461.2375,0.0030583197753257007,11.1703125,1192.9375,0.010914233445625398,44.3171875,89539.84375,0.02790753740287773,1567.0,4660.0,416.0,2673.0,6293.0,3.029296875,10.2453125,16.90625,0.19398442638258726,242.72557915581598
0.9984375,11.871354166666666,16189.996354166668,0.19519314198184184,0.007965869662300017,0.4286621826660865,0.0030923037683424502,6.441927083333334,0.6388803580046506,0.1836907691452853,0.20745947299638398,0.22893630231352588,3.99375,1591.10390625,0.0028260978656643614,11.2015625,1274.8,0.010312754146963522,44.0515625,89500.7625,0.026178072364179145,1568.0,4706.0,417.0,2665.0,6206.0,3.0375,10.3,16.2015625,0.19512733907778143,239.377200249566
0.9986979166666666,11.901041666666666,16224.441145833332,0.1951180221087577,0.008615559552231282,0.43876140717568873,0.003100036901970999,6.57265625,0.636980306345733,0.1836818243012649,0.20723364582477766,0.2287471896227089,4.021875,1621.5625,0.0030961525644965073,11.1640625,1127.390625,0.011109122593172562,44.1546875,89733.00625,0.028199624462229095,1566.0,4703.0,443.0,2647.0,6257.0,3.02890625,10.2828125,17.0375,0.2018254876088081,240.5792697482639
0.9973958333333334,11.8890625,16196.1390625,0.19454031171000144,0.008700070615972368,0.43503287334438306,0.0030969165147173745,6.557552083333333,0.6526919875585929,0.18309697626667681,0.20639631987303558,0.22845764532026563,3.9859375,1663.94765625,0.0031137216474040183,11.2515625,1026.903125,0.011335266642766956,44.1390625,89494.140625,0.02841027046345118,1609.0,4670.0,436.0,2620.0,6270.0,3.046875,10.2890625,16.86875,0.1951720622043614,240.46946370442703
0.9973958333333334,11.9796875,16130.622916666667,0.19501642809197609,0.008509796440815494,0.4350927307039339,0.003120522922636103,6.58359375,0.6154080257380113,0.18345151877652435,0.20727203334149688,0.22902046010426247,4.0875,1595.3828125,0.0030547091114410158,11.259375,1061.30625,0.010872870304914888,44.26875,89340.9,0.027967071894214008,1600.0,4702.0,445.0,2652.0,6263.0,3.09140625,10.3265625,16.809375,0.2055485357825724,242.3719832356771
0.9966145833333333,11.8921875,16149.040625,0.19445596171088328,0.0079962751649702,0.4332701627492925,0.0030977305287835373,6.551822916666667,0.6486664038891079,0.1828568014863794,0.20663533966230863,0.22867322465747336,4.009375,1665.62734375,0.0028889853393947607,11.2546875,1157.5375,0.010199024615912284,44.0609375,89074.196875,0.02622268501632987,1546.0,4730.0,437.0,2605.0,6260.0,3.048046875,10.3171875,16.8015625,0.1982219853613572,240.78785563151044
0.99765625,11.933854166666666,16080.708333333334,0.19578362035230543,0.008405475199445584,0.4326816512960293,0.0031085840496657114,6.578645833333334,0.6384148736525117,0.18424364137223603,0.2076942541454369,0.23003290247945157,4.00859375,1530.0921875,0.00298271829204883,11.15625,846.146875,0.010808327266361956,44.4125,89517.734375,0.027693650762116225,1607.0,4645.0,429.0,2631.0,6350.0,3.048828125,10.2484375,17.028125,0.19742687021484331,244.47635389539934
0.9981770833333333,11.966666666666667,16046.576041666667,0.19636835534235372,0.0084143884115542,0.4366952643464799,0.0031171311973604236,6.59140625,0.6413649025069638,0.1849348006211365,0.20789313993790856,0.23057778963166772,4.044140625,1474.24609375,0.003016616290010659,11.14375,927.115625,0.010751792569590874,44.4796875,89455.35625,0.027668072739691702,1578.0,4672.0,424.0,2646.0,6363.0,3.0796875,10.20625,17.0234375,0.2008006548955103,244.27961805555552
0.9971354166666667,11.897916666666667,16000.993229166666,0.19617202261133,0.00850911255412646,0.4380426348393376,0.0030992228879048365,6.5296875,0.6303624584135878,0.1847240116220014,0.20778474469958935,0.230351344480385,4.046875,1415.81015625,0.0031213989991920174,11.0546875,978.9,0.01077821902376334,44.1453125,89363.81875,0.02779086030422735,1587.0,4636.0,410.0,2633.0,6262.0,3.08359375,10.2,16.64375,0.19658793999459834,241.75259982638894
0.9984375,11.99375,16067.252083333333,0.19642880281359407,0.008246155043048936,0.43694673447578997,0.003124185985933837,6.5578125,0.6227201667535175,0.18486849416364862,0.20842679820341098,0.23067204202355898,4.069140625,1468.653125,0.0029655499407829295,11.1640625,910.515625,0.010514083171134165,44.521875,89618.384375,0.027100647324027734,1564.0,4704.0,423.0,2651.0,6346.0,3.0875,10.2375,16.759375,0.19904502721415568,246.59214843750001
0.9979166666666667,11.880208333333334,16152.847916666668,0.1953615303747219,0.00828722261507013,0.44354336786134424,0.003094610141529912,6.529166666666667,0.658702323542306,0.18371304763179527,0.20763677142242506,0.22968022029872523,3.99140625,1614.2921875,0.002988308015890734,11.125,1226.003125,0.010548724243543516,44.190625,89233.915625,0.027221379383314336,1555.0,4707.0,421.0,2619.0,6288.0,3.044140625,10.23125,16.7671875,0.1937385457071988,243.2684624565972
0.99765625,11.8578125,16151.483854166667,0.1951796784430097,0.0083600011472647,0.4332382012749156,0.0030887763740557435,6.494010416666667,0.6409715816752317,0.18354660763227618,0.20758184433367793,0.2293097957952756,4.012109375,1670.58359375,0.0030556262106865404,11.1328125,983.85625,0.010611138867731181,43.965625,89242.7125,0.027326363173110844,1559.0,4712.0,418.0,2601.0,6234.0,3.03515625,10.2546875,16.56875,0.19398755137480597,241.0891577148437
0.9971354166666667,11.961979166666667,16027.5171875,0.19587858331819233,0.008843519286404849,0.4427413134378129,0.003115910176261179,6.563541666666667,0.6406147951408543,0.18426894346359254,0.20816277073443584,0.230032955320348,4.030078125,1481.6046875,0.003302536494237943,11.2203125,854.684375,0.01115440571048099,44.43125,89384.0,0.028696564030996335,1537.0,4736.0,392.0,2601.0,6367.0,3.082421875,10.2875,16.7640625,0.19181931209208175,245.31209608289933
0.9973958333333334,11.932291666666666,16149.384895833333,0.19513955002329528,0.008615790994648811,0.4427264759421768,0.0031081770426326302,6.536979166666667,0.6307289393278045,0.18349552086112664,0.20737627015397653,0.22947894654128861,4.037890625,1616.24453125,0.0031448005831214653,11.246875,1040.121875,0.010937402713973704,44.1953125,89391.209375,0.02817814092143329,1557.0,4742.0,412.0,2590.0,6302.0,3.065234375,10.3484375,16.6125,0.196198416790329,243.0823947482639
0.9973958333333334,11.791145833333333,16078.998958333334,0.19556672023171195,0.007902213405186593,0.435905643837012,0.003071410740644265,6.399739583333333,0.6307257387693803,0.18404961943142678,0.20769943007076358,0.22950241359380116,4.005859375,1440.02265625,0.0028197621498751305,11.0546875,1287.384375,0.010115365378732836,43.66875,89426.51875,0.02601886645288621,1550.0,4622.0,403.0,2621.0,6190.0,3.041015625,10.1359375,16.0984375,0.1984172362457478,237.52877577039928
0.9981770833333333,11.865625,16158.407291666666,0.19534906797502227,0.007829646569605853,0.43802877318396016,0.0030908114092211515,6.447916666666667,0.6106575366517426,0.1837922728889832,0.2074074953647505,0.22951782092945022,3.99296875,1560.6703125,0.0027544073879071434,11.146875,1103.684375,0.01009446013656349,44.075,89604.078125,0.025865789729443044,1559.0,4688.0,420.0,2605.0,6295.0,3.061328125,10.221875,16.2203125,0.19702312914926248,241.10433919270832
0.996875,11.902604166666666,16130.5328125,0.1949268842169781,0.008733378683116962,0.43554163397024653,0.003100443909004081,6.51796875,0.6251258040519844,0.18331808301811497,0.20705415035817407,0.22923482287123492,3.995703125,1555.53671875,0.003164861584973992,11.221875,1063.3,0.01123092883399417,44.2109375,89497.75,0.02850989692481163,1564.0,4713.0,412.0,2681.0,6242.0,3.01796875,10.2953125,16.740625,0.19666572717137676,243.17072238498264
0.9986979166666666,11.925520833333334,16200.443229166667,0.1954454690640395,0.0090016723100396,0.44048305448177477,0.0031064133454892767,6.579427083333333,0.6349740140629777,0.18407073966072898,0.20698815773718787,0.22940169800413326,4.040625,1591.55390625,0.003359564179591416,11.16875,1034.321875,0.011413895973326954,44.221875,89802.121875,0.02915788116854498,1564.0,4663.0,423.0,2687.0,6218.0,3.1015625,10.25,16.8203125,0.19719304001998633,242.44809868706594
0.9966145833333333,11.941145833333334,16072.2890625,0.19517478074035177,0.008384441583943704,0.43713977661490555,0.003110483415820092,6.543489583333334,0.6312208313342348,0.1834313898165783,0.20770515748947363,0.22961796768632406,4.002734375,1555.50703125,0.003030002906852399,11.203125,967.484375,0.010732266749671784,44.4328125,89244.221875,0.02745437112658085,1630.0,4655.0,389.0,2709.0,6298.0,3.03828125,10.2984375,16.809375,0.19604486981488342,244.4835153537326
0.9966145833333333,11.872395833333334,16110.483854166667,0.19470025167858626,0.008844207906653497,0.42865255687353526,0.0030925751063645046,6.489583333333333,0.6315420048256196,0.18289584321724175,0.2074078959638063,0.22921024123874437,3.96796875,1570.3921875,0.0031053963138801036,11.2171875,888.125,0.011429810707172581,44.1453125,89493.209375,0.029213851477227992,1586.0,4696.0,390.0,2646.0,6312.0,3.014453125,10.2984375,16.58125,0.19893969033231382,243.05142550998258
0.9971354166666667,11.933854166666666,16073.373958333334,0.1954377998399188,0.00806121762123086,0.43131759886947746,0.0031085840496657114,6.534895833333334,0.6234452057783791,0.18371691841927254,0.20781404272289056,0.2299450826395321,4.007421875,1469.80546875,0.0028125509371506796,11.2109375,1003.18125,0.010367497864386021,44.3625,89557.840625,0.02674960411439642,1569.0,4721.0,422.0,2633.0,6351.0,3.03203125,10.325,16.75625,0.2018654497848223,244.47999972873268
0.9953125,11.890625,16126.159895833332,0.19384035520365048,0.00804719569163224,0.43253812498528293,0.0030973235217504557,6.507291666666666,0.6499342969776609,0.18185653481507105,0.20686304719810145,0.22875294476351732,3.961328125,1642.48203125,0.002764982632924959,11.18125,894.13125,0.010436375490923157,44.3171875,89292.9,0.02678686812717044,1590.0,4724.0,407.0,2626.0,6348.0,3.020703125,10.29375,16.6671875,0.19627722098980713,245.50939127604167
0.9981770833333333,11.911979166666667,16282.542708333332,0.19442331340775218,0.007909418863619792,0.42822924055954253,0.00310288595120257,6.521354166666667,0.6206987014122688,0.18263764165008586,0.20717005429873153,0.2288192595474381,4.01171875,1746.021875,0.0027305043718905677,11.25625,1130.384375,0.010259101959996882,44.16875,89580.784375,0.026275393734159592,1590.0,4717.0,444.0,2535.0,6384.0,3.02578125,10.3328125,16.6921875,0.20482678286333122,244.61152316623262
0.99765625,11.924479166666666,16192.872395833334,0.1948013622599581,0.008463839467266561,0.4322315444488965,0.0031061420074672223,6.5390625,0.6355972919851496,0.18308886265963673,0.2071496686365216,0.22930305428468012,3.958984375,1586.94921875,0.002917457857785378,11.30625,1095.675,0.011014382124500005,44.4046875,89713.7625,0.02809882324795785,1599.0,4740.0,415.0,2613.0,6365.0,3.02421875,10.365625,16.771875,0.19435912851083556,246.62242160373268
0.9981770833333333,11.930208333333333,16318.656770833333,0.1941278418866478,0.00862437208495403,0.4348411401691621,0.0031076343665885214,6.578645833333334,0.6410547454815332,0.18240273352306333,0.20678790872523928,0.22836820850239406,4.03828125,1763.928125,0.0030758376352860994,11.171875,1068.603125,0.01106722621282865,44.25625,89787.625,0.028375655755751128,1605.0,4690.0,429.0,2634.0,6288.0,3.059765625,10.2953125,16.9375,0.2006093202327851,243.31387912326392
0.9971354166666667,11.893229166666666,16200.4203125,0.19448483916248302,0.008945742207771112,0.44305515214073554,0.0030980018668055917,6.50703125,0.6338953361068536,0.18275724701404877,0.2071422131779565,0.2287378337407464,3.99296875,1648.54609375,0.003192457851287185,11.25625,1110.1375,0.01156060680087623,44.13125,89498.2,0.029344015040601707,1556.0,4702.0,444.0,2620.0,6239.0,3.03125,10.2609375,16.65625,0.19204460692491973,241.83807915581602
0.9984375,11.953645833333333,16307.7734375,0.19451915458092192,0.00849761163693905,0.4411895680619537,0.0031137394720847445,6.586197916666666,0.6457234978868023,0.1828730417668766,0.20707246543545219,0.228550294982573,4.005078125,1653.9609375,0.003039728034647907,11.25,1077.596875,0.010890589125444342,44.4515625,90153.2,0.027936168557598333,1579.0,4730.0,409.0,2672.0,6290.0,3.073828125,10.340625,16.88125,0.19180441485181376,245.08014295789928
0.9966145833333333,11.872395833333334,16127.178645833334,0.19454412761848291,0.00868243917919479,0.4343600495207019,0.0030925751063645046,6.537760416666667,0.6377714411055055,0.18279040124183452,0.20718694372379093,0.22891621701976833,3.96953125,1540.54453125,0.003083074178360359,11.196875,1018.8375,0.011289730306920072,44.159375,89582.05625,0.028472608054807225,1559.0,4695.0,441.0,2593.0,6318.0,3.005859375,10.2671875,16.9359375,0.19930078887864194,242.54725884331594
0.9981770833333333,11.889583333333333,16210.7671875,0.1950045183363611,0.008982326461566239,0.4341114617193259,0.0030970521837284013,6.57265625,0.6323374802873664,0.18337909468180064,0.20754401529089553,0.22896671600006865,3.9765625,1638.6625,0.003246062617394051,11.1875,927.6125,0.011616321317907852,44.24375,89782.340625,0.029293386981913378,1565.0,4718.0,402.0,2613.0,6319.0,3.03671875,10.2734375,17.015625,0.1910647116882594,242.69405815972218
0.9966145833333333,11.8765625,16020.534895833332,0.1955840231564541,0.009238439086097013,0.4348882913138357,0.003093660458452722,6.49921875,0.6478094987501645,0.1840799364058193,0.20756435984330784,0.22962003347213938,3.989453125,1472.0078125,0.003413597504067735,11.1296875,960.68125,0.011797147785441928,44.171875,89274.496875,0.02997909671486921,1579.0,4652.0,417.0,2634.0,6275.0,3.04609375,10.196875,16.6140625,0.193599952173628,242.07330485026043
0.9984375,11.9828125,16244.042708333332,0.19506291318076105,0.008838616200161685,0.43420213795108126,0.0031213369367022663,6.608854166666666,0.639414091363498,0.1835403288117772,0.20689593520309982,0.22932022863435786,4.007421875,1728.43125,0.00321698276945081,11.1359375,993.996875,0.011123815835061649,44.73125,89556.534375,0.029039950288105215,1566.0,4697.0,425.0,2614.0,6472.0,3.04296875,10.2375,17.24375,0.19908685253512753,249.09970458984375
0.9981770833333333,11.9125,16114.691145833332,0.19586506508438353,0.008852174745242665,0.4323010346799932,0.003103021620213597,6.556770833333333,0.639384400139909,0.18428475466675492,0.20794912816815164,0.23010224367112975,3.975390625,1542.9140625,0.00319447436377978,11.1671875,1033.528125,0.011350166196666903,44.40625,89482.9625,0.028984984819669962,1571.0,4730.0,406.0,2580.0,6397.0,3.009765625,10.315625,16.9859375,0.19421448490357346,244.94703124999995
0.9984375,11.888020833333334,16172.7765625,0.19551053928989529,0.008288888346399558,0.4352727161713036,0.00309664517669532,6.544791666666667,0.6317634173055859,0.18392985963182232,0.2075829566173649,0.22976084059471757,4.00390625,1653.87578125,0.002998501585934664,11.1046875,946.421875,0.010550449395415804,44.2078125,89474.734375,0.02718887433924288,1581.0,4656.0,410.0,2582.0,6374.0,3.038671875,10.209375,16.9046875,0.19819025023623962,242.9572523328993
0.9984375,11.934375,16095.8515625,0.19619058538881445,0.009179607407129179,0.4413336546963695,0.0031087197186767386,6.5171875,0.6386925024002793,0.18459516554012262,0.20818669984150334,0.2305761503308931,3.987890625,1570.28984375,0.003366027030888186,11.1484375,915.8625,0.011662570059823404,44.50625,89378.0875,0.02995096625939892,1575.0,4686.0,392.0,2580.0,6464.0,3.005078125,10.225,16.8578125,0.19527624673616306,246.975380859375
0.9979166666666667,11.93125,16229.205208333333,0.19478515812245736,0.008458781087895887,0.43787180482912363,0.003107905704610576,6.494270833333333,0.642308363890344,0.18308976470646926,0.20707115267339554,0.22928073723547163,4.012890625,1605.33515625,0.00305789962688513,11.2515625,1254.071875,0.010795285109107999,44.284375,89699.81875,0.027725802910726804,1598.0,4700.0,424.0,2572.0,6363.0,3.05234375,10.30625,16.45,0.19760987019975887,245.25673177083334
0.996875,11.866666666666667,16228.52578125,0.19417421912180025,0.009069971222732736,0.428741695730451,0.003091082747243206,6.508333333333334,0.6375087780898876,0.18236177795329014,0.20657887615451803,0.22901932676312292,3.951953125,1782.678125,0.0033240238018209397,11.20625,1102.325,0.011488537945892285,44.1859375,89138.1171875,0.02963519418322037,1577.0,4701.0,430.0,2578.0,6368.0,3.0109375,10.2984375,16.7078125,0.19970391545030364,243.3697222222222
0.99921875,11.93125,16203.344791666666,0.19587014212291873,0.009114053208847384,0.4315193527276391,0.003107905704610576,6.53046875,0.6375065479308538,0.18425156321549657,0.20794412542771443,0.23027047444781176,4.026171875,1613.34453125,0.00339219784829535,11.1546875,1211.309375,0.011426934925201547,44.328125,89555.38125,0.029688592934701347,1597.0,4682.0,398.0,2605.0,6377.0,3.05,10.2640625,16.71875,0.19928231507791347,244.06662760416668
0.9973958333333334,11.870833333333334,16025.4203125,0.19620562355394122,0.00863488296535628,0.44084639503752215,0.003092168099331423,6.404427083333333,0.6130659880659881,0.18451204233904583,0.20842204987603735,0.23076352209142653,3.981640625,1485.0078125,0.0031388483226868825,11.1796875,845.609375,0.01101603371736998,44.11875,89366.88125,0.028237870784020173,1617.0,4646.0,403.0,2591.0,6332.0,3.011328125,10.2875,16.09375,0.19778114731872348,243.02446180555555
0.99765625,11.873958333333333,16043.049479166666,0.1959966335931051,0.008778540290562459,0.44231944793437206,0.0030929821133975862,6.443489583333333,0.6111062373892446,0.18464095552773047,0.20760783953171358,0.2298081399159953,4.00390625,1368.87578125,0.0032534953785539208,11.215625,1021.325,0.011210214841155506,44.0125,89761.46875,0.028447045388003567,1569.0,4711.0,422.0,2594.0,6226.0,3.04453125,10.284375,16.1984375,0.18983366692388923,239.00025933159722
0.9986979166666666,11.8578125,15997.200520833334,0.19712134604756504,0.008631954927282269,0.43769911511535575,0.0030887763740557435,6.417708333333334,0.6307374709008653,0.1857529562753491,0.20866382583498844,0.23105242534900522,3.987890625,1319.59921875,0.0031783590083127216,11.1890625,980.25625,0.01102175120427179,44.00625,89724.55,0.02805654232617094,1549.0,4709.0,421.0,2529.0,6298.0,3.04140625,10.2578125,16.0828125,0.1893500843901056,240.3459285481771
0.9979166666666667,11.872916666666667,16109.144791666668,0.19574928700813332,0.008677324953136856,0.43692670991961546,0.003092710775375532,6.54453125,0.6291893314616599,0.1841916388154877,0.20795376535760632,0.2297754014292428,3.975,1488.8015625,0.0031705944345082884,11.359375,852.4375,0.011221975712631407,43.978125,89847.225,0.028159596268156572,1563.0,4781.0,438.0,2540.0,6250.0,3.0453125,10.44375,16.6421875,0.19050071474608668,240.70780815972225
0.9981770833333333,11.858333333333333,16170.702604166667,0.1952496428938484,0.008930544863852195,0.4323096489350167,0.0030889120430667707,6.492447916666666,0.6545151089248068,0.18368455596400973,0.2075163483113398,0.22924328519571188,3.974609375,1587.9140625,0.003284149152441155,11.265625,807.50625,0.011469767402409459,43.9859375,89865.053125,0.028976905170939093,1584.0,4741.0,421.0,2581.0,6236.0,3.0171875,10.36875,16.5171875,0.19101684883253203,241.48461805555553
0.9979166666666667,11.878645833333334,16081.0703125,0.19599088869494097,0.008578641072124527,0.4416136517469763,0.0030942031344968306,6.420572916666667,0.6347174113210856,0.1844219794762838,0.20815521983074178,0.23010219443376875,3.98671875,1482.86953125,0.0031265234921180308,11.228125,938.55625,0.011008029005124292,44.096875,89616.3875,0.027957723459150745,1556.0,4726.0,427.0,2593.0,6258.0,3.038671875,10.2765625,16.0921875,0.1903634484858962,242.0066273328993
0.99765625,11.883854166666667,16207.259895833333,0.19468111333378926,0.008466991601388836,0.43530862130705816,0.0030955598246071026,6.5046875,0.6375509488539247,0.1829935544880438,0.2072364360888838,0.2288760259616766,4.001953125,1619.89453125,0.0030265774086469894,11.2265625,976.2,0.01093227777007821,44.06875,89787.78125,0.027763362203666847,1556.0,4733.0,419.0,2621.0,6230.0,3.037109375,10.3109375,16.56875,0.1940663196551621,241.42140597873268
0.9981770833333333,11.871875,16313.713020833333,0.19410973119658584,0.00809951365152715,0.4279386268164928,0.0030924394373534774,6.469791666666667,0.6426252522593665,0.18235821321219375,0.20679326510433071,0.2284322692264092,3.9703125,1722.209375,0.002808969623176597,11.2703125,1215.859375,0.010516871633580737,44.0796875,89777.58125,0.026844331782875774,1569.0,4746.0,431.0,2569.0,6325.0,3.002734375,10.303125,16.5046875,0.19839742335016336,242.40233398437496
0.9989583333333333,11.85,16358.878125,0.1941569552914256,0.008320526111616374,0.42324775557161853,0.003086741338890336,6.513802083333333,0.6137482419127989,0.18250031359721416,0.20663713218676444,0.22830334517293274,4.0125,1747.4,0.002917037161742643,11.2765625,1134.496875,0.01089101380991835,43.7734375,90029.171875,0.027363994212809318,1551.0,4702.0,446.0,2558.0,6244.0,3.01015625,10.3203125,16.721875,0.20630404341324723,237.24208333333328
0.9981770833333333,11.965104166666666,16114.0625,0.19573430635012898,0.008934124408864966,0.4382951919645779,0.0031167241903273424,6.554166666666666,0.6193357419579506,0.1840243616455537,0.20829763606338378,0.2300107554551752,4.02578125,1575.634375,0.003150780782660143,11.190625,918.046875,0.011694984330181879,44.496875,89463.790625,0.02930663899236734,1591.0,4713.0,413.0,2611.0,6403.0,3.041015625,10.3375,16.8234375,0.201666869736364,246.06024061414928
0.9986979166666666,11.828645833333333,16297.222916666668,0.19458906788657362,0.008405738611008335,0.42650902352952175,0.0030811789094382217,6.416927083333333,0.6234423847474792,0.18297514766975395,0.20703770519994924,0.22859611144047656,3.975,1666.3828125,0.002979639275725245,11.21875,1204.165625,0.010921969631136971,43.853125,89913.640625,0.02759390493201207,1590.0,4649.0,430.0,2575.0,6268.0,3.015234375,10.2578125,16.1828125,0.1996093714464369,238.519075249566
0.996875,11.891666666666667,16116.431770833333,0.19487328779285845,0.008717892296479792,0.4324333653209557,0.00309759485977251,6.472916666666666,0.6188244569025928,0.1832312224860941,0.20727168381640643,0.229043152996368,4.053515625,1481.128125,0.0031799979304900734,11.1125,1041.640625,0.011217597514454163,44.0234375,89732.4375,0.028369764542464298,1560.0,4652.0,431.0,2595.0,6276.0,3.0828125,10.2140625,16.2921875,0.20182232861525662,238.6950347222223
0.9971354166666667,11.861979166666666,16113.234895833333,0.19506486897008546,0.008582558159549416,0.4388615197828297,0.003089861726143961,6.457552083333334,0.6461909989023051,0.18351825863582655,0.20727353444061686,0.22904264483658957,4.012109375,1490.55859375,0.0030482995223971862,11.0875,883.34375,0.011175682808017487,44.0359375,89833.83125,0.028126468059690258,1585.0,4649.0,416.0,2640.0,6242.0,3.050390625,10.215625,16.328125,0.19930289439141954,239.5132419162327
0.9979166666666667,11.846354166666666,16266.644270833332,0.1942136990298829,0.008456641903353131,0.42912409118931116,0.0030857916558131456,6.499739583333334,0.6370630907891844,0.18258557121988608,0.2066013261673647,0.2283385831323883,3.9625,1626.27421875,0.002969727584642155,11.2125,1019.575,0.010980276371476345,44.015625,90075.19375,0.027880664710073822,1576.0,4689.0,445.0,2604.0,6274.0,2.99765625,10.2875,16.7203125,0.19980439586002693,241.32066379123268
0.996875,11.895833333333334,16180.628645833332,0.19430082161678613,0.008569081343997427,0.43278972689408535,0.0030986802118607277,6.5515625,0.6451401050788091,0.18260509714600173,0.20687400566940023,0.2285105354473096,3.96875,1642.25390625,0.0030169159532383574,11.3015625,1012.196875,0.011226781611391035,44.1984375,89502.559375,0.028120042639640096,1588.0,4753.0,449.0,2577.0,6289.0,3.01640625,10.3890625,16.8546875,0.19356836059907442,242.5532118055555
0.9971354166666667,11.915625,16191.378645833332,0.19429679221625998,0.007680589527220791,0.4342452845564568,0.0031038356342797603,6.465625,0.6334032695165661,0.1826129725663434,0.20683431739568822,0.22849454563649782,4.0,1636.81796875,0.0026351493411365333,11.2265625,795.546875,0.010009625905008455,44.2671875,89805.453125,0.025533313893770154,1558.0,4758.0,418.0,2638.0,6279.0,3.030859375,10.315625,16.3546875,0.1940055716071486,242.41475585937502
0.9984375,11.831770833333334,16292.696875,0.19424208732238935,0.007463999127290734,0.431992946287379,0.003081992923504385,6.439322916666667,0.6413698991944359,0.18274248024465897,0.20667365009907068,0.22780895285662947,4.0,1519.53984375,0.0025506907566880932,11.178125,1049.4875,0.009731839810079749,43.8125,90628.534375,0.02484939192691229,1574.0,4680.0,441.0,2615.0,6186.0,3.020703125,10.2578125,16.2953125,0.19933554696463038,237.03784478081596
0.99609375,11.872395833333334,16179.8078125,0.19388307235465724,0.008441188057967532,0.43382724335644823,0.0030925751063645046,6.476822916666666,0.6448343935073481,0.1822653834074761,0.20625278487744092,0.22798411562059795,4.00390625,1566.6171875,0.0030878471212512854,11.24375,1318.421875,0.010716913871157956,43.975,89493.95625,0.027578825991642086,1563.0,4722.0,426.0,2635.0,6172.0,3.082421875,10.30625,16.225,0.19041231985261034,239.81809217664926
0.996875,11.926041666666666,16288.746354166668,0.19352562201635629,0.008183556605752196,0.4365959439512409,0.003106549014500304,6.54765625,0.6232422045593502,0.18173419554376147,0.20646937721523137,0.2277475727078604,3.973828125,1818.36640625,0.002843318974693297,11.3109375,991.190625,0.010620992442785259,44.35,89467.821875,0.027107071292954733,1596.0,4746.0,429.0,2676.0,6234.0,3.028515625,10.4015625,16.7703125,0.19200781249676668,243.53828016493057
0.9984375,11.888541666666667,16255.645833333334,0.19462258707368255,0.007937110070232904,0.4345637796546834,0.0030967808457063473,6.555208333333334,0.6360290896346272,0.18309159975361486,0.20692808666565835,0.22844103676197752,3.979296875,1561.39140625,0.002711898235311541,11.3203125,1210.259375,0.010343461579645033,44.09375,90078.05,0.026431605900506215,1591.0,4694.0,433.0,2612.0,6273.0,3.020703125,10.3109375,16.9375,0.1975698835634168,241.6146603732639
0.99765625,11.908333333333333,16175.068229166667,0.1948416398625213,0.008734030223914311,0.43905800951847435,0.00310193626812538,6.534114583333333,0.6444191742477257,0.18325683048038086,0.2071787350306698,0.2288437822229345,4.005078125,1527.35,0.0031664140170103022,11.203125,1131.240625,0.011123913529173943,44.2265625,89809.76875,0.028614611746270724,1562.0,4709.0,436.0,2619.0,6258.0,3.03203125,10.303125,16.7734375,0.19223596753342465,241.7744097222222
0.9981770833333333,11.8640625,16279.988020833332,0.19418890769041705,0.008254996260148988,0.43096461498715943,0.00309040440218807,6.44765625,0.6380877123666535,0.1825490657865177,0.2066678705334648,0.22826931246296694,3.998046875,1668.521875,0.0029693031926913936,11.128125,911.321875,0.010553035789612725,44.0640625,90094.51875,0.027099729000515625,1554.0,4692.0,441.0,2606.0,6265.0,3.06328125,10.2421875,16.190625,0.19727677960875967,239.27527099609372
0.9986979166666666,11.958854166666667,16166.043229166668,0.19563741066881785,0.008567466297374314,0.4364585142690338,0.003115096162195016,6.514322916666667,0.6320717738774444,0.18409290267129771,0.2077049705137029,0.22974788281401343,4.016796875,1495.90703125,0.0030943798516055937,11.2703125,1149.13125,0.010920956661102894,44.415625,89863.5,0.02810632171672061,1568.0,4701.0,430.0,2635.0,6330.0,3.04296875,10.26875,16.6453125,0.1969652321298443,244.13059868706597
0.9989583333333333,11.886458333333334,16183.9046875,0.19548230190719684,0.008458691256050511,0.43594031215767814,0.0030962381696622385,6.490625,0.6254053106651477,0.1839536822902102,0.20749513945293835,0.22958394282940212,4.05078125,1490.190625,0.00303890624534948,11.1015625,1052.31875,0.010746789450078637,44.0140625,90090.346875,0.027849733104826514,1558.0,4639.0,426.0,2574.0,6318.0,3.057421875,10.1859375,16.528125,0.2050055331281997,239.87304578993056
0.9979166666666667,11.913020833333333,16175.570833333333,0.1950116372568045,0.008585820956572027,0.4338447713320289,0.0031031572892246243,6.530729166666666,0.6216499803261487,0.18337046231640391,0.2072315848684462,0.22935638940676503,4.05625,1590.2015625,0.003080579046605909,11.1515625,1106.325,0.010955305668111193,44.1015625,89586.29375,0.028237303884897334,1558.0,4660.0,428.0,2570.0,6350.0,3.06796875,10.203125,16.709375,0.20597854779802627,240.5351429578993
0.9981770833333333,11.808854166666666,16242.115104166667,0.19456183240303707,0.008802134453769844,0.4257880352162767,0.003076023487019189,6.479947916666666,0.635866449080404,0.18294168767501234,0.20673054908770858,0.22887369463046445,4.001171875,1653.43046875,0.003108040002074917,11.0734375,1171.175,0.011368918808527178,43.775,89667.79375,0.029011727905792213,1585.0,4575.0,439.0,2578.0,6287.0,3.036328125,10.1671875,16.5671875,0.21001305226130548,237.786379937066
0.9986979166666666,11.8875,16182.8703125,0.19544279766868577,0.00856084156581923,0.44132470935988244,0.003096509507684293,6.520833333333333,0.6413862600771119,0.1838953154392948,0.20750091193127096,0.22957461232366455,4.05,1501.78046875,0.003046273705000082,11.0765625,998.56875,0.011002652454202056,44.0484375,90091.53125,0.028177302120713,1539.0,4646.0,431.0,2549.0,6349.0,3.076171875,10.1546875,16.665625,0.20370280706185567,240.63734374999999
0.9989583333333333,11.816145833333334,16166.586458333333,0.19583552768627846,0.00881120472357009,0.432868131541771,0.0030779228531735694,6.411979166666667,0.6449508529113589,0.18434705915878796,0.2077734648996601,0.22985146458285882,4.02734375,1472.41953125,0.003211296685193253,10.9640625,1265.390625,0.011221707314225091,43.8234375,89844.45,0.028800334286422445,1523.0,4601.0,428.0,2551.0,6311.0,3.053125,10.0453125,16.2140625,0.20372201503028295,238.91463514539927
0.9986979166666666,11.85625,16228.794270833334,0.19500548041971769,0.008381157410131939,0.4305687897704135,0.0030883693670226624,6.427604166666667,0.6258126866982956,0.18349412055165074,0.20727562640234615,0.22878077390935708,4.025,1513.9546875,0.0029551066184205586,11.1234375,1093.8875,0.010947470202465646,43.9140625,90223.059375,0.027519047784643758,1529.0,4682.0,443.0,2521.0,6323.0,3.071484375,10.2,16.0796875,0.20293516130721914,239.6090234375
0.9966145833333333,11.878125,16094.2625,0.1950401514956909,0.008653288397962495,0.43426648052534517,0.003094067465485804,6.512239583333334,0.6385600280627904,0.18328924243955522,0.20759878830457787,0.22948515091134664,4.00546875,1570.246875,0.0031423372402879083,11.1625,1163.521875,0.011083577687528167,44.084375,89121.065625,0.02826680373909517,1525.0,4665.0,419.0,2583.0,6344.0,3.06484375,10.178125,16.6359375,0.2005068806530041,241.9184798177084
0.9979166666666667,11.801041666666666,16231.575,0.1946162759412146,0.0083982730215023,0.4280309834007704,0.0030739884518537815,6.395833333333333,0.644805366757878,0.18298841186520973,0.20698774122751856,0.2287562669589302,4.049609375,1620.3484375,0.002970503144321385,11.021875,1067.109375,0.010859265156500144,43.5859375,89840.946875,0.027648360395228104,1552.0,4572.0,441.0,2523.0,6282.0,3.0546875,10.065625,16.090625,0.21062010007365362,234.37499891493056
0.99765625,11.944270833333333,16069.433854166668,0.19589522173834523,0.008265038012012761,0.44082788645984405,0.003111297429886255,6.44765625,0.6300963676797627,0.18421785392211776,0.20814293439629336,0.230356980345307,4.081640625,1503.2046875,0.002999987848289142,11.1421875,1093.19375,0.01060807261878759,44.196875,89310.590625,0.02698220406013241,1547.0,4654.0,428.0,2572.0,6340.0,3.083984375,10.1734375,16.1765625,0.20088612310105808,241.86095675998257
0.9973958333333334,11.816666666666666,16247.964583333332,0.19397141773710114,0.008518518623225476,0.4354108356356618,0.0030780585221845966,6.500520833333334,0.6339033850493653,0.1822010299057791,0.20675495479191688,0.2282694320075735,4.044140625,1667.034375,0.0031003735068829592,11.0125,977.815625,0.010976099262242286,43.7109375,89841.834375,0.02773351844957873,1547.0,4581.0,417.0,2570.0,6275.0,3.055859375,10.0875,16.6921875,0.2071210387590494,235.99138888888896
0.9986979166666666,11.805729166666667,16280.940104166666,0.19453349161861228,0.007870834563225184,0.4310273971929849,0.003075209472953026,6.467447916666667,0.6381082631137778,0.18278341878510831,0.20726830345584224,0.228798971115398,4.0125,1630.48125,0.0026551047526215503,11.05,1052.83125,0.01037418627913674,43.734375,90110.884375,0.026230402089728155,1582.0,4567.0,420.0,2564.0,6300.0,3.029296875,10.1171875,16.5703125,0.20566299419197376,238.30913384331598
0.9973958333333334,11.822916666666666,16231.255208333334,0.19419697945079095,0.008083472765910987,0.43370450680564715,0.003079686550316923,6.522395833333333,0.6425550660792951,0.18254985930566062,0.20648515951998186,0.22849727996212127,4.038671875,1670.115625,0.0027950132015644715,11.1109375,765.546875,0.010669514224032972,43.671875,89941.521875,0.02665126956517507,1545.0,4652.0,426.0,2569.0,6231.0,3.06796875,10.1984375,16.6640625,0.20629615141220348,235.69468315972227
0.9984375,11.7734375,16235.311979166667,0.19482219867465697,0.007771054244177935,0.42609959525355173,0.003066797994269341,6.46796875,0.6403450564034505,0.183183472486735,0.20725102987587415,0.22894827222512779,4.012109375,1561.3703125,0.0026295521994430158,11.0703125,918.65,0.010286262805520616,43.521875,90247.740625,0.025821853861774925,1570.0,4612.0,415.0,2541.0,6252.0,3.038671875,10.1578125,16.4953125,0.20545752435798037,234.19919026692708
0.99765625,11.725520833333333,16269.726041666667,0.19399771775923072,0.007282241812215249,0.42695000308261777,0.003054316445254841,6.398958333333334,0.6180873273219918,0.1822105908553408,0.20684782349437514,0.22829611963964594,3.969140625,1670.68203125,0.0024570282346194233,10.9640625,1018.74375,0.00953003407523685,43.5125,89916.884375,0.02433530385957695,1569.0,4609.0,399.0,2572.0,6239.0,3.033984375,10.0875,16.1703125,0.20092694219234797,236.094973687066
0.9973958333333334,11.783333333333333,16280.59375,0.1937097012265003,0.00744591532692177,0.428964724952652,0.0030693757054788572,6.48046875,0.607275459688826,0.1819613725907078,0.20642347985533077,0.22798923714084016,3.94453125,1673.07578125,0.0023977054840960037,11.2765625,1017.428125,0.01006406678822223,43.6453125,89973.83125,0.02502060323692438,1610.0,4684.0,416.0,2612.0,6169.0,3.004296875,10.315625,16.55,0.19640364859661189,236.3848263888889
0.9971354166666667,11.833854166666667,16264.4921875,0.1937485632576771,0.007735438145842039,0.42870600171672174,0.0030825355995484937,6.476822916666666,0.6326746181946217,0.18186063020939222,0.20676051573622276,0.22828834297227063,3.944921875,1696.6625,0.002545232009113593,11.1921875,1198.009375,0.010205392667463026,44.03125,89602.29375,0.026026308171134837,1532.0,4714.0,442.0,2602.0,6286.0,3.02890625,10.221875,16.5234375,0.19433042811662296,243.9791663953993
0.9984375,11.9109375,16309.606770833334,0.19430946540946822,0.007111473724546165,0.4320404553364318,0.0031026146131805155,6.53984375,0.6490008308190126,0.18239991125072758,0.2073342435775652,0.22892290387633363,3.9671875,1680.81796875,0.0022681405244046513,11.275,1124.753125,0.009437499067048728,44.321875,90009.615625,0.02415878118260966,1564.0,4768.0,436.0,2577.0,6362.0,3.018359375,10.3640625,16.8015625,0.1944175839159679,247.47227620442706
0.9981770833333333,11.8046875,16325.0375,0.1940077263432695,0.006896675045629741,0.4261379492843902,0.0030749381349309715,6.424739583333333,0.6352525921023605,0.18216406666278528,0.20678677635775022,0.22860331505072554,3.94140625,1788.01328125,0.002244579332687387,11.1859375,1173.003125,0.009155592360724144,43.8765625,89625.16875,0.02324614058230475,1592.0,4662.0,419.0,2589.0,6305.0,2.97421875,10.240625,16.4109375,0.20123273250327633,241.63529052734376
0.9986979166666666,11.901041666666666,16203.658854166666,0.1955185085893664,0.007211250191214218,0.42926133091872565,0.003100036901970999,6.4796875,0.6455579868708972,0.1837980706948638,0.20784113132581394,0.23007763743092907,3.99609375,1657.51796875,0.0023653613292282066,11.18125,990.925,0.009530790314345769,44.240625,89600.95625,0.024275265516026705,1621.0,4654.0,387.0,2597.0,6395.0,3.03515625,10.290625,16.446875,0.20079785795781566,245.17197808159725
0.996875,11.890625,16257.0125,0.19378996188639336,0.007509073572979121,0.43231681640372627,0.0030973235217504557,6.469270833333334,0.6444152431011827,0.18179435077131273,0.20682427174498935,0.22873809648811969,3.996875,1752.89609375,0.002428891115219949,11.215625,894.81875,0.010025278763285253,44.140625,89635.671875,0.02531359821370969,1620.0,4657.0,387.0,2599.0,6391.0,3.025,10.2984375,16.4171875,0.2073603754285795,245.01251627604168
0.9971354166666667,11.9171875,16265.259895833333,0.19392325383770828,0.007187297353543691,0.43128769884660223,0.003104242641312842,6.490104166666667,0.6252349110615795,0.18199975852821887,0.2069590889296463,0.228581399983728,3.99296875,1783.0515625,0.002353371594447393,11.221875,937.9625,0.009523016269234446,44.309375,89521.390625,0.02418728147423812,1620.0,4675.0,422.0,2599.0,6378.0,3.015234375,10.275,16.6046875,0.2003553969475739,244.37074625651044
0.99765625,11.859375,16318.065625,0.19365414948768694,0.007043830242177107,0.4318194978907107,0.003089183381088825,6.4765625,0.6288537549407115,0.18178748619889395,0.20676699517063227,0.22800795695991355,4.006640625,1721.50625,0.0023357382518707946,11.184375,1072.609375,0.009294858928334586,43.9453125,89949.759375,0.02362516951724488,1562.0,4697.0,418.0,2614.0,6274.0,3.02265625,10.265625,16.503125,0.2046904607537577,240.23907877604168
0.9984375,11.804166666666667,16362.375520833333,0.19374085529071058,0.008503402965744967,0.42859856219176773,0.0030748024659199443,6.48828125,0.6306036004235792,0.18187614483916265,0.20679617084162336,0.2281443815459896,3.977734375,1791.18515625,0.0029572449646014104,11.2171875,1240.346875,0.011104062776927017,43.696875,89769.165625,0.02808737515913714,1583.0,4687.0,399.0,2610.0,6236.0,3.034765625,10.3078125,16.4828125,0.20443662694814546,237.35331597222222
0.9979166666666667,11.840625,16267.672395833333,0.19418593366181067,0.008437545586452721,0.4293761364619082,0.003084299296691847,6.474479166666667,0.6159056919151931,0.18238972959396005,0.2070487734581754,0.22850791013684849,3.9828125,1557.38359375,0.002906130254549519,11.23125,1201.084375,0.011048494773117049,43.88125,90175.415625,0.027952257727401213,1576.0,4697.0,421.0,2623.0,6226.0,3.016015625,10.3125,16.4703125,0.19955423631722718,239.24595377604163
0.9981770833333333,11.777604166666666,16358.886979166668,0.1936017975176639,0.008209617799328339,0.4279803599649579,0.0030678833463575585,6.460677083333334,0.6419758545969133,0.1818361521058234,0.20667353138430622,0.2275926452983835,3.966015625,1659.7515625,0.0028295312058526237,11.215625,1027.846875,0.010756506224862756,43.5859375,90486.46875,0.027183075747696794,1563.0,4741.0,429.0,2558.0,6198.0,2.992578125,10.3390625,16.4546875,0.20063618255351812,236.452102593316
0.9963541666666667,11.863541666666666,16228.0484375,0.19353104534661705,0.007235572557764427,0.43218506796597816,0.0030902687331770427,6.47578125,0.6357889191324962,0.1816771853666536,0.20635902789619615,0.22811850271689177,3.96953125,1632.85234375,0.002400240049746071,11.265625,977.390625,0.009592810496881814,44.0375,89859.490625,0.02421966465072046,1562.0,4736.0,436.0,2530.0,6344.0,3.01171875,10.334375,16.4734375,0.197785146810246,240.7027332899306
0.99375,11.843229166666667,16074.531770833333,0.19319062826972633,0.008532591350275225,0.43651830611879644,0.003084977641746983,6.440885416666666,0.6237741325476054,0.18126540558254262,0.20620381324907297,0.22787833403911445,3.955859375,1497.38828125,0.00303228307917676,11.30625,1103.696875,0.011098976898642598,43.9296875,89353.940625,0.02796743888630171,1541.0,4719.0,433.0,2561.0,6272.0,3.050390625,10.2890625,16.1546875,0.192972459410099,239.3384437391493
0.99765625,11.819270833333333,16347.686979166667,0.19358472371717259,0.008554552388778279,0.43939330496639795,0.0030787368672397326,6.494010416666667,0.6330586524478914,0.18184025006182458,0.20638262484639477,0.2277647172093423,3.98125,1730.39140625,0.0030534387676498342,11.1125,1019.1375,0.011086937958368648,43.878125,90145.41875,0.028026621303701687,1566.0,4646.0,420.0,2583.0,6273.0,3.0546875,10.203125,16.5421875,0.19894116582873048,238.82827446831595
0.9986979166666666,11.755729166666667,16431.627604166668,0.1933838140482806,0.008507723499064033,0.43269946572350226,0.003062185247894417,6.478645833333333,0.634176598289841,0.1816903097557871,0.20619124104846248,0.22735040421807245,3.96953125,1821.975,0.003092194726253563,11.196875,1143.1875,0.010911035210517898,43.459375,90158.678125,0.027766526878852043,1576.0,4631.0,418.0,2609.0,6116.0,3.01875,10.2234375,16.5734375,0.19518006107063143,234.34189425998258
0.9984375,11.8640625,16307.3640625,0.1943859692409829,0.008648565231488829,0.4325740420766655,0.00309040440218807,6.51328125,0.6298344966855437,0.18265737003046367,0.2070863372036234,0.22859999812041926,3.941015625,1707.36484375,0.003113498832606791,11.3234375,1200.384375,0.01114526195310409,44.096875,89814.340625,0.028292134105401722,1572.0,4702.0,436.0,2584.0,6296.0,3.009765625,10.3296875,16.7109375,0.1938645583216044,241.71225016276037
0.99609375,11.83125,16262.425,0.19313667147228072,0.008644691581781423,0.4307412686179567,0.0030818572544933577,6.510677083333333,0.644171509068498,0.18133625594032626,0.2059158092921407,0.22755919578023837,3.978515625,1846.89921875,0.0031628852369630853,11.1734375,908.746875,0.010939359200975902,43.9,89278.20625,0.028277249341860305,1575.0,4646.0,423.0,2633.0,6232.0,3.040234375,10.2390625,16.6640625,0.19977454897359584,239.50537760416668
0.99765625,11.825,16272.416666666666,0.19408858626642958,0.008497021834848732,0.42747007005020987,0.0030802292263610313,6.51015625,0.6511187455954898,0.18236765141811953,0.20666965799669396,0.22839125392940568,4.017578125,1691.7859375,0.003011039505083164,11.0625,1227.1,0.01094950464411138,43.8171875,89640.25625,0.027988468344648344,1591.0,4582.0,426.0,2628.0,6251.0,3.04609375,10.14375,16.7328125,0.20781205631642227,237.85687499999997
0.9979166666666667,11.854166666666666,16285.596875,0.19411022147569337,0.007921601726897235,0.43149134076373674,0.0030878266909785536,6.515625,0.6432776801405975,0.18233017497331422,0.20690991790855012,0.22843071105235307,3.963671875,1733.790625,0.0027357954760946386,11.2484375,1150.9125,0.010290635422877715,44.021875,89627.50625,0.026295793034127147,1592.0,4675.0,432.0,2626.0,6268.0,3.038671875,10.290625,16.6484375,0.1990812455627742,242.19696180555556
0.9979166666666667,11.861979166666666,16158.7578125,0.1951917531337352,0.008082846917066247,0.43258120677096595,0.003089861726143961,6.462760416666667,0.6404829857299671,0.1835337477060859,0.20750568381456516,0.22950984416350245,3.9984375,1644.16875,0.0028365988756824953,11.078125,1138.9375,0.01037436159214794,44.1,89236.934375,0.02677632440751957,1578.0,4647.0,406.0,2614.0,6337.0,3.03359375,10.171875,16.4703125,0.2003354115898502,242.4273044162327
0.99765625,11.7671875,16192.088020833333,0.19456464755646366,0.008057049856298588,0.43053243873113706,0.003065169966137015,6.395572916666667,0.629177178772186,0.18292407485868076,0.20714393630922326,0.22854764959483576,3.987109375,1688.49765625,0.0028419367024290743,11.0671875,1147.7,0.01040206762563985,43.5875,89250.8375,0.026572484702435385,1579.0,4647.0,411.0,2588.0,6189.0,3.03125,10.1609375,16.0875,0.19562408521161267,234.9874650065104
0.9984375,11.738020833333334,16303.511979166668,0.19422181690359516,0.00766301302078796,0.430180061219047,0.0030575725015194928,6.3796875,0.6426764875538005,0.18266542112244671,0.20649559895710387,0.22817361797468014,3.9671875,1686.92890625,0.002628286281713841,11.0890625,1384.73125,0.009990748060961226,43.4703125,89688.625,0.02547418493691116,1596.0,4578.0,432.0,2594.0,6170.0,3.016796875,10.1390625,16.071875,0.2011850972311454,234.20532524956596
0.9973958333333334,11.753645833333334,16212.484895833333,0.19428505103638438,0.00781376558436764,0.4376437386306203,0.0030616425718503083,6.419791666666667,0.6326051313865378,0.18269454963173198,0.20677451132341346,0.2281575963679649,3.943359375,1568.7828125,0.0027013964061283827,11.1609375,1171.525,0.010135444103063088,43.5875,89828.253125,0.025941563778629228,1539.0,4706.0,427.0,2590.0,6143.0,2.989453125,10.21875,16.3421875,0.19163935224379153,236.11378879123265
0.99609375,11.738541666666666,16053.355208333332,0.1948664051088414,0.007850555274818616,0.4288273835777449,0.00305770817053052,6.371614583333334,0.627207383086343,0.18342116469152187,0.20665318207843614,0.22886058980852503,3.994140625,1423.6046875,0.0028048693618396925,11.0609375,1170.240625,0.010088282932548251,43.39375,89455.471875,0.025795571269004676,1562.0,4610.0,406.0,2580.0,6149.0,3.055859375,10.1078125,15.8984375,0.19695432274974473,234.0582020399306
0.996875,11.739583333333334,16261.142708333333,0.19359972299714912,0.008324709323018807,0.4266694141373529,0.0030579795085525743,6.435677083333333,0.6385536823425022,0.18200424354952602,0.20605234782721665,0.22752901595757397,3.997265625,1678.328125,0.002973371971332724,11.021875,1248.665625,0.010600393635570571,43.4265625,89604.878125,0.02745437441721138,1542.0,4622.0,407.0,2533.0,6223.0,3.059375,10.0875,16.2890625,0.19871905743801677,234.0743706597222
0.9981770833333333,11.768229166666666,16245.9671875,0.19459138963662698,0.008329541018331593,0.43028769038323966,0.0030654413041590694,6.414322916666666,0.6308475326399646,0.18308480177334013,0.2067207114916247,0.2284884192347766,3.99453125,1617.71875,0.002985037052976651,10.9984375,1120.721875,0.010606337977235009,43.6328125,89884.20625,0.02743075992084796,1559.0,4557.0,426.0,2586.0,6218.0,3.041796875,10.0515625,16.2671875,0.200110504500476,235.84003228081602
0.9986979166666666,11.803125,16233.253645833332,0.19508730057661933,0.008139226274455617,0.4288606583426809,0.00307453112789789,6.446614583333333,0.6025505251081105,0.18354883510082656,0.20763830153128388,0.22869016152512592,3.979296875,1561.959375,0.0028907766750499164,11.215625,1399.721875,0.010525641716548049,43.6859375,89751.9625,0.026746609229985986,1544.0,4718.0,426.0,2552.0,6225.0,3.012890625,10.2515625,16.3765625,0.19490576309050717,236.6055110677083
0.9979166666666667,11.6796875,16283.7390625,0.194029028146656,0.007942590666186166,0.42705942088075893,0.003042377572284449,6.357291666666667,0.6472686733556299,0.18232408451385956,0.20679202389038265,0.2280858069341151,3.93671875,1692.03984375,0.0027848178402677544,11.05,1189.409375,0.01025680126792833,43.28125,89744.865625,0.026259471368117647,1607.0,4573.0,427.0,2581.0,6118.0,3.021875,10.1,15.95625,0.19531707384360703,233.33021240234376
0.9986979166666666,11.755729166666667,16201.341145833334,0.19532313150729955,0.00817746883043366,0.44001697423338404,0.003062185247894417,6.36796875,0.6415754729520181,0.18377225164518696,0.20771311220882635,0.22913667025422296,3.997265625,1558.7015625,0.00292540809701245,11.0203125,1113.075,0.010541628869522377,43.525,89860.165625,0.02682155172502978,1560.0,4643.0,401.0,2553.0,6209.0,3.040625,10.1171875,15.928125,0.1941668020532671,235.81116509331594
0.99765625,11.711458333333333,16142.597395833332,0.1951193015684071,0.007732963754462666,0.4384038589244422,0.003050653381957107,6.34609375,0.622476207417949,0.1836281200192757,0.20718595714858545,0.22901737218475407,3.98828125,1542.20390625,0.0027588535480030734,10.9265625,993.1,0.009822322172452306,43.3890625,89693.66875,0.02554004616231139,1530.0,4577.0,424.0,2566.0,6163.0,3.057421875,9.9703125,15.8765625,0.19484105291900564,234.77872287326392
0.9979166666666667,11.7453125,16177.109895833333,0.19498065481861532,0.008084143851407679,0.43860852995323923,0.0030594718676738735,6.35703125,0.6404594031306816,0.18346678395009064,0.2070653196136857,0.22895147349764344,4.00625,1572.43984375,0.0028443696510896087,10.8921875,830.703125,0.010388873755091973,43.5546875,89942.196875,0.026738510748995675,1518.0,4609.0,422.0,2555.0,6231.0,3.028125,10.0375,15.9921875,0.2016979074722548,236.10023844401042
0.99765625,11.821354166666667,16250.394791666668,0.1942889403576549,0.00814877991193658,0.43163619506149614,0.0030792795432838414,6.4578125,0.644975106842314,0.18266315241776626,0.2066008612520783,0.22848017122278588,4.005078125,1619.79296875,0.002834428960908009,10.996875,1040.325,0.010573603944356958,43.9109375,89982.871875,0.02698135968363048,1536.0,4649.0,443.0,2536.0,6317.0,3.0546875,10.125,16.403125,0.20158427180975166,241.44256483289934
0.9979166666666667,11.802083333333334,16316.472395833332,0.19382625435897652,0.008179920017257616,0.43610861889611646,0.0030742597898758355,6.456510416666666,0.638702559576346,0.18225393038961854,0.2063313022967268,0.22761050229865795,4.012890625,1709.6796875,0.0029269738498530896,11.171875,1151.834375,0.01049805373813907,43.5890625,89908.28125,0.02687357096599427,1530.0,4646.0,451.0,2542.0,6203.0,3.0625,10.18125,16.3078125,0.2017381633594217,236.62541232638884
0.9984375,11.791666666666666,16175.805208333333,0.19519476314453968,0.00804216563945846,0.4369179675682092,0.003071546409655292,6.437239583333334,0.6412985865724382,0.18369942256145758,0.20742484883442236,0.22894603978698536,4.03046875,1486.7046875,0.0028203154818197394,11.0375,1094.01875,0.010424177289176443,43.590625,90013.99375,0.02654755462029537,1563.0,4616.0,435.0,2612.0,6160.0,3.055078125,10.121875,16.28125,0.2029457919413862,235.73888888888894
0.996875,11.8109375,16272.027604166668,0.19345300644960126,0.008262343885376219,0.4333060399680446,0.003076566163063298,6.44453125,0.6270229748203026,0.18171117151768384,0.20603196791824363,0.2278413847086286,3.9921875,1707.97265625,0.0029164085681164377,11.15,1128.634375,0.010654884965708784,43.746875,89671.640625,0.02725354407408277,1581.0,4637.0,413.0,2598.0,6223.0,3.027734375,10.1890625,16.3671875,0.19803590291096795,237.9376928710937
0.9963541666666667,11.775520833333333,16375.8984375,0.19226808788306518,0.008287550948401846,0.430895964435258,0.0030673406703134497,6.452864583333334,0.6443894024503516,0.1802928872870647,0.20558162859834753,0.2268553495517847,4.00078125,1853.20625,0.0028986551454128423,11.04375,1208.240625,0.010793431604849489,43.60625,89634.325,0.027337253503910218,1586.0,4593.0,420.0,2607.0,6196.0,3.0625,10.1203125,16.346875,0.2019988099041256,236.30637993706597
0.9973958333333334,11.775520833333333,16244.564583333333,0.19387820846951964,0.008504734477024883,0.44625890265194523,0.0030673406703134497,6.39296875,0.6335087796895041,0.18235604744316924,0.20615275076851097,0.2276923102759298,4.062109375,1508.80234375,0.003086163935579445,10.9578125,1310.634375,0.010924161525989002,43.446875,90121.54375,0.02775958959384252,1562.0,4528.0,428.0,2615.0,6120.0,3.062890625,10.0234375,16.0828125,0.2033286356826117,232.02252577039934
0.9966145833333333,11.7140625,16149.074479166668,0.19431816209917802,0.008072708608225676,0.43502614835795345,0.003051331727012243,6.3859375,0.618558534524921,0.1826740986543818,0.2068365786526612,0.22837599932487967,3.934765625,1516.565625,0.0028995915129044923,11.015625,989.7375,0.010399755889251513,43.5296875,89838.446875,0.02643812970848457,1560.0,4613.0,401.0,2597.0,6178.0,2.9953125,10.075,16.259375,0.18891206728655965,235.32969807942712
0.9981770833333333,11.698958333333334,16271.773958333333,0.19426077022996535,0.007634717986939515,0.43310830194118466,0.0030473973256924546,6.39140625,0.6346718903036239,0.18267430687983222,0.20661485222929815,0.228252541631165,3.942578125,1626.66171875,0.0027025948197295984,10.9359375,958.959375,0.009864827057919917,43.4875,90165.0375,0.025133101584798784,1513.0,4611.0,424.0,2604.0,6159.0,2.9859375,10.0390625,16.365625,0.19508612143638046,234.3947905815972
0.9963541666666667,11.759375,16266.3328125,0.1933580564337942,0.007846141541314237,0.4298292593807451,0.003063134930971607,6.447916666666667,0.6358401984232439,0.18158010347642708,0.20589582268940787,0.22793210200764902,3.927734375,1705.28515625,0.002724819483538585,11.1234375,1210.96875,0.010216507681775724,43.721875,89565.8875,0.025961063631955366,1552.0,4684.0,412.0,2589.0,6228.0,3.005078125,10.234375,16.4328125,0.19419257439810408,238.0379329427083
0.9973958333333334,11.805729166666667,16373.991145833334,0.1930398603064935,0.00800373032983052,0.43022206838600624,0.003075209472953026,6.4328125,0.6248731636299466,0.18117652047225863,0.2058260865539474,0.22770699339597922,3.894921875,1768.72890625,0.0027441041203126243,11.2171875,1386.61875,0.010365894560522084,44.0375,89782.4125,0.02668007093721053,1530.0,4764.0,452.0,2579.0,6269.0,2.953515625,10.3078125,16.475,0.19002286976836338,242.94663384331596
0.9963541666666667,11.819791666666667,16296.5671875,0.19304023673576406,0.007865335782604442,0.43772633780253106,0.00307887253625076,6.421614583333334,0.65902881818983,0.18092175567990526,0.20645393697769315,0.22810046071727008,3.9296875,1775.7640625,0.0026517318324962053,11.178125,1218.721875,0.010273742908852683,44.021875,89457.625,0.02631134445678914,1551.0,4704.0,453.0,2552.0,6333.0,2.980078125,10.253125,16.35625,0.19786535707684275,242.49096245659723
0.9989583333333333,11.7765625,16398.804166666665,0.19384772581376214,0.007757674641031236,0.43539426002416387,0.003067612008335504,6.445572916666666,0.6393348370262262,0.18212331094180467,0.20651123393453968,0.22808187718081446,3.930859375,1744.60625,0.0026188544412214347,11.1703125,1189.78125,0.010100001298270803,43.765625,90224.61875,0.02597062878303087,1541.0,4700.0,444.0,2607.0,6187.0,3.0,10.2390625,16.434375,0.19472709273088964,238.55892985026043
0.99609375,11.797395833333333,16224.881770833334,0.19327761851309092,0.00743621953352761,0.4350023200992419,0.003073038768776591,6.452604166666666,0.6379850779215046,0.1815252676957778,0.2055434663484102,0.228021173947024,3.9203125,1635.33828125,0.0024820001523208793,11.209375,1473.578125,0.009759591799244799,43.89375,89334.359375,0.024929724792637345,1565.0,4685.0,442.0,2549.0,6297.0,2.99453125,10.2734375,16.4640625,0.1947022784567582,240.40843071831597
0.99765625,11.861979166666666,16211.6875,0.1945024050236263,0.007593126829939521,0.43301556548901793,0.003089861726143961,6.45859375,0.6525137211855104,0.1828549800945986,0.20671086543027206,0.2288836443330914,3.9703125,1545.20703125,0.0025645438479682007,11.2359375,1240.796875,0.00990823718244346,44.0546875,89848.5,0.025392348405320862,1564.0,4732.0,442.0,2591.0,6254.0,3.01015625,10.31875,16.3921875,0.19285141546260995,240.89709608289934
0.9971354166666667,11.8234375,16080.777604166668,0.1954008304015137,0.007590368727338621,0.44248182635269256,0.00307982221932795,6.430989583333333,0.6408968767895687,0.18368447519712294,0.20789819306685048,0.22976888855374006,3.941796875,1460.79375,0.002672964059400173,11.0921875,955.571875,0.009764663598268445,44.08125,89685.91875,0.025085692528162583,1541.0,4697.0,413.0,2604.0,6285.0,2.99921875,10.2046875,16.384375,0.18960000755587111,240.17195068359376
0.9979166666666667,11.855729166666666,16264.330729166666,0.1943010596025085,0.00730948901000241,0.4361953287334629,0.003088233698011635,6.460677083333334,0.6175811624126872,0.18242273503670076,0.20726080179800394,0.22885461567024415,3.998046875,1647.040625,0.002439585549627474,11.1515625,1025.796875,0.00964243084582422,43.990625,89972.025,0.02445616101568035,1555.0,4671.0,396.0,2599.0,6299.0,3.02578125,10.2109375,16.45,0.19782216724699858,241.2041859266493
0.9963541666666667,11.849479166666667,16144.096354166666,0.1943797191476735,0.007737467308860041,0.4326821847553254,0.003086605669879309,6.43359375,0.6329392114632324,0.18258523660194403,0.20688254389734065,0.22905482458092416,3.95625,1611.7484375,0.0025905264412582236,11.1171875,972.9,0.010194602910097592,44.1546875,89444.684375,0.025868095178029755,1547.0,4692.0,422.0,2576.0,6347.0,3.013671875,10.2390625,16.3078125,0.195359173741839,242.826301812066
0.99765625,11.915104166666667,16244.075,0.19425701705793982,0.006993507951739512,0.43850332904768313,0.003103699965268733,6.505989583333333,0.622983782838659,0.1825107759107667,0.2066964930240384,0.22880250568053356,4.0,1572.0515625,0.002205458987737135,11.0921875,1366.646875,0.009197750999998458,44.3984375,89809.596875,0.023941460759490073,1542.0,4653.0,455.0,2596.0,6400.0,3.0640625,10.0953125,16.684375,0.19923825940202197,246.54800103081598
0.9981770833333333,11.909375,16186.5234375,0.1950117240140622,0.007453243053990958,0.4339568642847723,0.0031022076061474344,6.482291666666667,0.623633342079944,0.18342166930469894,0.20711074296154514,0.22927292390403223,4.007421875,1501.2265625,0.002415937527881785,11.225,1161.453125,0.009862442105519412,44.2015625,89952.78125,0.025193266106899197,1526.0,4743.0,433.0,2588.0,6308.0,3.0453125,10.253125,16.459375,0.19380760586693907,242.60897460937503
0.9989583333333333,11.93125,16153.575,0.19598050708959183,0.007836102234401461,0.43197210946353987,0.003107905704610576,6.484375,0.6472847913392701,0.1844483730530905,0.20800114496278624,0.2300884053624029,3.9765625,1463.6015625,0.002642288630277416,11.24375,1042.16875,0.010268658034281817,44.4375,90024.875,0.02617880085101728,1571.0,4740.0,438.0,2538.0,6403.0,3.048828125,10.359375,16.3515625,0.19297190314935064,245.2822526041667
0.9989583333333333,11.9296875,16198.883854166666,0.19554535500437845,0.008441442212237147,0.4359839211506967,0.0031074986975774942,6.4953125,0.6428727352106527,0.18405434626883604,0.20752341634836924,0.22953132860255723,4.030859375,1529.290625,0.002957302632006331,11.06875,986.315625,0.010813853673536841,44.3859375,90089.825,0.028005589071860716,1540.0,4681.0,422.0,2591.0,6384.0,3.069921875,10.2015625,16.490625,0.19967066550078097,244.2101603190104
0.9958333333333333,11.827083333333333,16072.450520833334,0.19461045619008174,0.008455703081278016,0.4277686825627674,0.00308077190240514,6.442708333333333,0.6486260348775762,0.18281211773908385,0.20729001021297214,0.22912425597118294,3.925,1527.5421875,0.0029478250104577443,11.075,925.61875,0.010945733092119415,44.1875,89398.915625,0.02799718535371771,1574.0,4661.0,416.0,2612.0,6357.0,2.982421875,10.2140625,16.5125,0.19753611372807584,243.2544748263889
0.9984375,11.904166666666667,16147.840104166668,0.19572634735439726,0.008656367860191385,0.43353940971460836,0.0031008509160371624,6.504427083333334,0.6324378718935947,0.1840772892933283,0.20794487852039034,0.23010404843267981,4.00078125,1573.25859375,0.0030569621318444614,11.140625,852.11875,0.011172281783373535,44.28125,89741.8875,0.028538076850396922,1569.0,4681.0,390.0,2615.0,6376.0,3.065234375,10.225,16.540625,0.19903648715868674,245.25175347222222
0.99765625,11.961458333333333,16056.021354166667,0.19611389839760635,0.008295369812494588,0.4326781965591276,0.003115774507250152,6.504166666666666,0.6389445266916312,0.18443300268960233,0.20854893976562022,0.23040243986160847,3.99296875,1443.61171875,0.002918258655855995,11.2734375,900.109375,0.010753662769442732,44.5234375,89661.571875,0.02734552148210081,1522.0,4824.0,402.0,2582.0,6396.0,3.049609375,10.371875,16.4546875,0.18957598760132516,246.95320203993055
0.99921875,11.890625,16254.9875,0.1952461234375195,0.008636634379425212,0.4250532609958147,0.0030973235217504557,6.48828125,0.6488830486202365,0.18360344332639356,0.20767654633235538,0.22938642098718748,3.99453125,1619.4359375,0.0030512297954765908,11.178125,1101.7625,0.011136986271286602,44.1875,89950.41875,0.028477900823358306,1554.0,4720.0,415.0,2559.0,6380.0,3.053125,10.240625,16.4765625,0.19687502782632188,242.94324544270833
0.99921875,11.8890625,16350.5796875,0.19438410539862308,0.00870201596544424,0.4311372123982694,0.0030969165147173745,6.516666666666667,0.6384544618215271,0.18265588065234548,0.20709329078555538,0.22858781899680136,4.017578125,1706.17109375,0.0030889500750424246,11.115625,1146.803125,0.011185610506342678,44.1484375,90131.990625,0.02867068498615307,1604.0,4662.0,421.0,2598.0,6343.0,3.032421875,10.228125,16.7421875,0.20191057260049214,241.66269287109375
0.9989583333333333,11.866666666666667,16360.719791666666,0.19411096269871864,0.008713194562083321,0.4347347628752324,0.003091082747243206,6.467447916666667,0.6239027387640449,0.18252170409166882,0.20652392423777224,0.22805503558786427,3.9921875,1678.82578125,0.00307910600177243,11.1640625,1171.73125,0.011282754444239823,44.0671875,90277.284375,0.028679988921170373,1565.0,4680.0,437.0,2625.0,6263.0,3.02578125,10.2078125,16.49375,0.19668329518862424,241.57336805555556
0.9994791666666667,11.920833333333333,16284.524479166666,0.19512570870897902,0.008631130272401128,0.4323763864556999,0.0031051923243900323,6.4890625,0.6201502970989164,0.18342121829229746,0.20770985662174377,0.2293595224629406,4.029296875,1658.6171875,0.0030111133493329494,11.1796875,1052.93125,0.011242109454001009,44.228125,90019.746875,0.028500218783073968,1577.0,4717.0,413.0,2587.0,6361.0,3.02421875,10.2828125,16.5546875,0.20104797095252522,243.12133680555556
0.9971354166666667,11.904166666666667,16184.732291666667,0.19455963520021555,0.008432055874609252,0.4408796261250425,0.0031008509160371624,6.536458333333333,0.644207210360518,0.18279839948397508,0.20741187101277006,0.22875234225262311,3.993359375,1565.17421875,0.0030380013531537855,11.2890625,1373.91875,0.010858093112666325,44.1625,89473.778125,0.027582236722374042,1582.0,4709.0,432.0,2586.0,6287.0,3.06640625,10.334375,16.61875,0.19235701779403402,242.10331597222225
0.9989583333333333,11.928125,16272.763541666667,0.19495861171759982,0.008331128813054568,0.43621876304061663,0.0031070916905444126,6.517708333333333,0.6442668762553488,0.18326704147524653,0.20728885917028883,0.2293946452343239,4.040625,1610.02734375,0.0029428898455991052,11.1359375,1344.984375,0.010665706137064176,44.2703125,89851.4875,0.027549507358866816,1532.0,4712.0,451.0,2553.0,6394.0,3.07421875,10.20625,16.603125,0.20299904735928798,244.0531673177083
0.9981770833333333,11.893229166666666,16230.130208333334,0.19474656556594722,0.008712412850352076,0.431355470047128,0.0030980018668055917,6.470052083333333,0.6186555725859426,0.18305773141833587,0.2070423335792567,0.22920613414308333,4.009375,1575.77109375,0.003059282339620416,11.1171875,1134.028125,0.011197047922504661,44.2046875,89943.66875,0.028840299821126136,1546.0,4677.0,444.0,2565.0,6357.0,3.03671875,10.1921875,16.48125,0.19925526376682337,243.5453708224827
0.99765625,11.878125,16246.165104166666,0.1942967486560896,0.008123470436932359,0.4354522849961043,0.003094067465485804,6.429166666666666,0.6395685345961589,0.1824551909049385,0.20710789864744847,0.22885182966933507,4.04609375,1697.453125,0.0028669150642107338,11.1609375,1002.034375,0.010488860702548185,43.9234375,89685.14375,0.026784301662203035,1536.0,4724.0,422.0,2589.0,6260.0,3.066796875,10.25625,16.0515625,0.20197226717281513,241.40597981770833
0.99765625,11.884375,16255.224479166667,0.19424309700389822,0.00869466718243675,0.4323529179255987,0.0030956954936181297,6.490885416666667,0.6476904198439828,0.18248274716595875,0.20668384126134948,0.22884375209820482,4.009765625,1625.7796875,0.0030692753162457264,11.0359375,1175.740625,0.011238781409365564,44.23125,89852.4875,0.028652120420272032,1559.0,4681.0,418.0,2650.0,6321.0,3.03984375,10.175,16.6109375,0.20055114507732674,243.84079752604165
0.9986979166666666,11.723958333333334,16345.8484375,0.19408826544642538,0.00821532364003445,0.4292823269814875,0.0030539094382217593,6.35625,0.6329631274988894,0.182330108297648,0.20683262548473508,0.22837653400322502,3.96875,1633.17890625,0.0027946512932679997,10.9703125,865.140625,0.01074864578745011,43.4984375,90677.234375,0.0273646908796846,1582.0,4622.0,402.0,2571.0,6224.0,3.021484375,10.1125,15.9390625,0.1997503347761272,236.71703016493055
0.9989583333333333,11.819791666666667,16229.775520833333,0.19531033080395127,0.007990979865581354,0.4307724088146841,0.00307887253625076,6.4546875,0.6399929496783291,0.18364726031632658,0.20766155463812233,0.22961138892027888,3.994921875,1583.02265625,0.0027086426080644003,10.971875,843.90625,0.010395020726506037,43.9671875,90202.65625,0.026716288034724485,1565.0,4601.0,434.0,2591.0,6297.0,3.029296875,10.0625,16.5484375,0.19737774050261236,241.6170041232639
0.9981770833333333,11.900520833333333,16220.796875,0.19505995898340003,0.00832024002608234,0.43334307780133624,0.003099901232959972,6.456770833333334,0.637008184165609,0.1832978670670637,0.20739430204911927,0.2297739835830262,4.010546875,1695.146875,0.0028925283523701757,11.16875,856.053125,0.010746154983356218,44.1921875,89688.140625,0.02760517176365712,1539.0,4689.0,440.0,2567.0,6359.0,3.048046875,10.240625,16.3078125,0.2035873161498634,246.02031222873265
0.9984375,11.915104166666667,16241.477083333333,0.19496626967209157,0.00824878689023439,0.4330528968284323,0.003103699965268733,6.478645833333333,0.6353105739388906,0.18319608842751636,0.20743100288698474,0.22958226143549929,3.98828125,1603.23984375,0.0028053230682886254,11.203125,1089.490625,0.010696019801776032,44.334375,89946.4125,0.027575409266475802,1527.0,4761.0,431.0,2580.0,6361.0,3.039453125,10.28125,16.4328125,0.19486584362889814,246.34956353081597
0.99765625,11.838541666666666,16135.7671875,0.195218371621194,0.00824574575697848,0.43373605153448136,0.003083756620647738,6.416666666666667,0.595468543774747,0.18345965311870735,0.20787569927909635,0.22959591797323822,3.96875,1527.1125,0.002865552149075137,11.1578125,1044.584375,0.010709062092023465,43.9984375,89661.56875,0.027303203853546863,1554.0,4726.0,420.0,2561.0,6295.0,3.016796875,10.265625,16.1671875,0.19318511580640782,241.7916395399306
0.9979166666666667,11.8671875,16195.7875,0.19498211474674168,0.008308817081654894,0.4324572921745054,0.003091218416254233,6.4625,0.6461268378319069,0.18316741366368777,0.20780366273304543,0.22941937109265348,3.972265625,1602.4421875,0.002968404175502382,11.24375,1180.4,0.01065036853715048,44.0703125,89584.55625,0.027328917250769347,1537.0,4747.0,396.0,2553.0,6354.0,3.0125,10.296875,16.428125,0.1925465024262494,242.12402750651043
0.9984375,11.916145833333333,16191.49375,0.19541333433741964,0.008462430111611064,0.43533089525241686,0.0031039713032907875,6.539583333333334,0.6397569823855938,0.18369267124151825,0.20777146607743074,0.22993785498101404,3.971875,1611.9078125,0.0029967080105370372,11.296875,1276.646875,0.010858630490916153,44.3125,89424.684375,0.027929118136602083,1579.0,4731.0,398.0,2580.0,6397.0,3.046484375,10.31875,16.7328125,0.19367658248246958,244.77421847873268
0.9971354166666667,11.906770833333333,16173.568229166667,0.19474987264488547,0.00865079718680998,0.44416056354574823,0.0031015292610922984,6.527604166666666,0.6304623594768383,0.18302212834467962,0.2071374406928773,0.22927328179771686,3.959375,1586.009375,0.003126941028240293,11.2734375,1138.4875,0.01108999001982924,44.3296875,89558.884375,0.02830702898806947,1561.0,4703.0,434.0,2593.0,6338.0,3.021484375,10.29375,16.7859375,0.1916519760458847,243.75068332248267
0.9986979166666666,11.936458333333333,16114.579427083334,0.19614118471177336,0.008101672828179569,0.4400486488447049,0.0031092623947208474,6.4609375,0.6349157867178636,0.18460640026204075,0.20806253670718117,0.2303589705152958,3.974609375,1459.953125,0.002910209460362312,11.2015625,970.734375,0.010329828176433718,44.51875,89876.9296875,0.026639370951194452,1549.0,4735.0,422.0,2591.0,6397.0,3.043359375,10.2953125,16.296875,0.19168066323548752,246.46262912326387
0.9981770833333333,11.954166666666667,16130.809895833334,0.1956767830984389,0.008243491641297257,0.43475327078102644,0.0031138751410957717,6.469791666666667,0.6440833042872081,0.18407263720793857,0.20767357373878875,0.23009657602009054,4.00859375,1551.828125,0.002974793667067062,11.3015625,1113.21875,0.010494047049751643,44.3890625,89464.328125,0.02706772812976365,1578.0,4723.0,423.0,2593.0,6355.0,3.043359375,10.35,16.2953125,0.19617444632134018,243.78539930555561
0.996875,11.855208333333334,16253.408333333333,0.19364046409936334,0.007730470290201274,0.4281211173396109,0.003088098029000608,6.426822916666667,0.6539407784904666,0.18163423791399902,0.20678919320636496,0.22851663973381903,3.955859375,1824.42734375,0.0026349504508208317,11.20625,831.0,0.01001703557932332,44.1015625,89391.740625,0.025825984358600996,1618.0,4691.0,432.0,2528.0,6383.0,3.008203125,10.3203125,16.2078125,0.20119253524828767,242.43111870659718
0.99765625,11.866145833333333,16191.163020833334,0.19481186779788578,0.007515420006489286,0.432629035913712,0.0030909470782321787,6.40546875,0.645612957029364,0.18298589160964415,0.20764693509619328,0.22928070525254488,3.977734375,1697.40078125,0.0025996943166278616,11.125,924.471875,0.00967604300355843,44.1609375,89432.903125,0.02501769976886583,1579.0,4676.0,416.0,2574.0,6370.0,3.011328125,10.221875,16.165625,0.19958523742724135,244.30656222873262
0.9979166666666667,11.9578125,16164.341666666667,0.1952287120086926,0.00812091198119787,0.4384461832459844,0.0031148248241729616,6.4984375,0.6120911189511739,0.18353697600576066,0.20770146795670835,0.2295229000724046,4.0203125,1620.1234375,0.0029034823224035446,11.16875,985.06875,0.010368693159950081,44.496875,89520.4875,0.02674284943762295,1511.0,4790.0,407.0,2608.0,6374.0,3.051953125,10.2875,16.4953125,0.1925626409078982,245.42217854817707
0.9981770833333333,11.941145833333334,16257.3046875,0.19465218610869225,0.008345053575837091,0.4292076895860392,0.003110483415820092,6.5375,0.6216687748069961,0.18290669739314222,0.20727015881457325,0.22901616826501153,4.028515625,1701.34765625,0.003004034161860707,11.1046875,1212.75,0.010541827578192586,44.428125,89525.6875,0.027512357229387135,1545.0,4678.0,417.0,2581.0,6429.0,3.06484375,10.2140625,16.7515625,0.20132567924444567,244.3689320203993
0.99765625,11.9234375,16242.5234375,0.19431612011491364,0.007600127472312305,0.43303568446763296,0.003105870669445168,6.522395833333333,0.638186345171013,0.18246193843414554,0.2071085541900338,0.2289404127628658,4.0171875,1775.05625,0.002604095822291658,11.1640625,922.228125,0.009833265084503828,44.3078125,89432.6875,0.025351116460203375,1557.0,4693.0,425.0,2634.0,6340.0,3.0484375,10.253125,16.6875,0.20205029956553797,242.2946590169271
0.9984375,11.925,16241.6,0.1949311672518798,0.008055562676078482,0.43904730967303685,0.0031062776764782495,6.510416666666667,0.6505503144654088,0.1832380818756627,0.20740242187004432,0.2292322541385837,3.994921875,1683.77109375,0.002841913365859053,11.1703125,1126.021875,0.0102745035597444,44.4,89588.49375,0.026691219033290286,1513.0,4765.0,444.0,2660.0,6268.0,3.05859375,10.28125,16.546875,0.19340636509648393,242.96677083333336
0.9984375,12.022916666666667,16135.151822916667,0.19561856109430031,0.007735093213760963,0.44488075117385056,0.0031317834505513588,6.593489583333334,0.6453387627794143,0.18413915556676264,0.2077553326069669,0.2293994116917844,4.073828125,1480.5046875,0.002687582381532981,11.259375,939.1859375,0.0100740751655331,44.5828125,89949.70625,0.025586154590900755,1582.0,4736.0,423.0,2667.0,6292.0,3.12734375,10.353125,16.6984375,0.1941187696912487,243.29374565972225
0.9986979166666666,11.985416666666667,16233.25625,0.19499191655746081,0.00833442790683452,0.43303673863126146,0.0031220152817574023,6.602864583333333,0.6491830349382931,0.18334447938128243,0.2072669587119548,0.2293066231076802,4.01484375,1600.4484375,0.002891352748268094,11.371875,1269.18125,0.010871323978990788,44.48125,89728.5625,0.027569832468943956,1570.0,4767.0,421.0,2593.0,6381.0,3.06796875,10.4234375,16.921875,0.19604430233577028,243.89457899305552
0.9989583333333333,11.993229166666667,16206.8421875,0.19541160334193952,0.008408382543838498,0.4385226898438434,0.00312405031692281,6.565104166666667,0.6424631953793373,0.18374797320056824,0.20772282980795143,0.2297548974414128,4.030859375,1538.28515625,0.0029844628429902,11.2,1106.796875,0.010745213804169148,44.6359375,89981.115625,0.027767230086901046,1556.0,4719.0,436.0,2620.0,6386.0,3.070703125,10.26875,16.8390625,0.19361817243655843,245.42287082248265
0.9973958333333334,11.888020833333334,16237.909895833332,0.19429861401130913,0.008267844836680647,0.44117370043988263,0.00309664517669532,6.543489583333334,0.619408543263965,0.1824500943927465,0.2069921447076375,0.22899916178923124,3.966015625,1703.071875,0.002938741165391346,11.1453125,1337.66875,0.010571604688177472,44.31875,89277.503125,0.02728049967034103,1519.0,4728.0,450.0,2561.0,6383.0,3.048046875,10.215625,16.853125,0.19525371285249352,244.61193983289928
0.9981770833333333,11.855729166666666,16282.771875,0.19429221965122903,0.008103831656795783,0.4293194085818091,0.003088233698011635,6.41171875,0.6401616658612661,0.18242047766002956,0.20722279336461633,0.22884861390263972,3.948046875,1641.86015625,0.0028034311342697224,11.2046875,1298.5875,0.010574641502411618,44.1375,89830.603125,0.026834623901284188,1578.0,4699.0,418.0,2597.0,6328.0,3.01171875,10.253125,16.1703125,0.1941628737101815,243.39793592664927
0.9966145833333333,11.844791666666667,16422.354166666668,0.1921511250285367,0.00825438410425742,0.43115910969646243,0.0030853846487800644,6.451041666666667,0.6421159088910386,0.1798884492039506,0.20592330507209225,0.2274296482833253,3.893359375,1889.6734375,0.002795181501580656,11.221875,1306.79375,0.01081376021924994,44.2734375,89668.6375,0.027531818399971958,1546.0,4745.0,440.0,2594.0,6388.0,2.959375,10.303125,16.565625,0.19703389942616123,245.8368478732639
0.9942708333333333,11.890104166666667,16230.790104166666,0.19213259844669583,0.008286909456640878,0.4371382010255117,0.0030971878527394285,6.55078125,0.6473783345744448,0.1797999745893168,0.2062283747238174,0.22736731759909054,3.919140625,1679.93359375,0.002825643848443195,11.309375,1157.559375,0.01091645960740612,44.3546875,89507.446875,0.02750242173866637,1575.0,4767.0,434.0,2614.0,6343.0,2.99609375,10.375,16.9453125,0.1925157673274957,246.42490207248267
0.9971354166666667,11.908854166666666,16333.5453125,0.19319806803500453,0.008328044496154837,0.4328390238830222,0.003102071937136407,6.51015625,0.6451782199868795,0.18114762766902107,0.20649577425329388,0.22810212328064905,3.919140625,1658.0140625,0.002826376719866967,11.3375,1406.834375,0.010929616643050939,44.4390625,89962.38125,0.027733143454410213,1593.0,4740.0,448.0,2578.0,6404.0,2.966796875,10.3796875,16.8140625,0.194137769339027,246.63335910373266
0.9947916666666666,11.902604166666666,16217.447395833333,0.1928002182645465,0.00841483829249507,0.42787279520340743,0.003100443909004081,6.505208333333333,0.6543123441123704,0.18044979697446037,0.2067728928783711,0.22822922881106625,3.915234375,1758.19140625,0.002880784597560801,11.3328125,1083.709375,0.011043617825088095,44.421875,89188.209375,0.02792227353963913,1580.0,4777.0,425.0,2635.0,6370.0,2.952734375,10.4203125,16.8,0.19734325883823226,246.25665988498267
0.99765625,11.881770833333333,16279.591145833334,0.1940959954483881,0.008226131761791369,0.42947762681758556,0.0030950171485629938,6.509375,0.6516459913207382,0.18196925545061043,0.20769597085885078,0.22900298002903616,3.9265625,1670.7953125,0.002821730676930379,11.2765625,1185.378125,0.010806687024478834,44.3078125,89808.9875,0.02726318083854786,1582.0,4723.0,405.0,2611.0,6382.0,2.9953125,10.3671875,16.7078125,0.19702011686181928,246.104251030816
0.9979166666666667,12.008854166666667,16269.75,0.19441246925645636,0.008525617420899597,0.43104883338559735,0.003128120387253625,6.556510416666667,0.628138959968773,0.18236385855407042,0.20779285329533764,0.2292265280271188,3.95234375,1700.95078125,0.002973880299218196,11.5,1012.9375,0.011175451483970303,44.74375,89801.759375,0.0280827318445545,1549.0,4867.0,438.0,2586.0,6435.0,2.99296875,10.525,16.8421875,0.1923592515212765,249.00929660373268
0.99765625,11.957291666666666,16208.434895833334,0.1946630088018752,0.008515042486157894,0.43376145580452213,0.0031146891551619344,6.563020833333334,0.6457879606237477,0.18285518816640986,0.20742656402431855,0.2291307361212933,3.958984375,1587.0234375,0.003022302214428802,11.2734375,990.846875,0.010978859699472335,44.634375,89911.66875,0.02802218635975982,1557.0,4810.0,444.0,2619.0,6388.0,2.990625,10.4,17.015625,0.19316176848420186,246.69140516493056
0.9979166666666667,12.0,16306.1328125,0.1940892608158599,0.008581867535581147,0.43470755383286125,0.003125814014066163,6.51328125,0.6424913194444445,0.1821812274289629,0.2071677463429742,0.22864290883633354,3.958984375,1778.546875,0.0030647078065201357,11.3671875,1256.146875,0.01107144141960987,44.796875,89466.4625,0.02816093256779647,1587.0,4803.0,439.0,2634.0,6389.0,3.02421875,10.459375,16.5234375,0.189766770544436,247.39479166666666
0.9971354166666667,12.010416666666666,16259.86875,0.19388614793367645,0.008625940993076087,0.43890123395915726,0.0031285273942867065,6.64609375,0.659410234171726,0.18192549924555146,0.20694764145114863,0.22866724916870415,3.965625,1741.4984375,0.0030897121403965166,11.4671875,1311.375,0.011156146367335876,44.7328125,89281.84375,0.028240651029534575,1589.0,4823.0,431.0,2675.0,6333.0,3.038671875,10.575,17.146875,0.19329837386810497,247.18687065972227
0.9986979166666666,12.0859375,16253.840625,0.19510863987074056,0.008654513711444687,0.43765368549023076,0.003148199400885647,6.65078125,0.6476621417797889,0.1831840526662295,0.2080813842504372,0.22983424430908808,3.998828125,1747.15234375,0.003065397532020114,11.396875,1255.825,0.011114334774466064,45.1234375,89278.609375,0.0285511573661216,1593.0,4822.0,444.0,2668.0,6461.0,3.06875,10.490625,17.1390625,0.19569884883722669,251.24313557942708
0.99765625,11.9859375,16286.552083333334,0.19393838587462423,0.00853773526701929,0.4347366527361978,0.0031221509507684294,6.599479166666667,0.6554990657454483,0.18196767693145605,0.20701421636733103,0.22874539115459025,3.96015625,1724.4984375,0.0030068905761874197,11.28125,1057.196875,0.010939041486741453,44.79375,89764.121875,0.028259807810624614,1572.0,4770.0,443.0,2638.0,6429.0,3.0078125,10.4265625,17.1390625,0.19755026135379822,247.85501057942705
0.9966145833333333,11.983333333333333,16164.881770833334,0.19431970886003408,0.008947074919648367,0.4318675594008857,0.0031214726057132935,6.620052083333333,0.6571192628650904,0.18233449877508565,0.20744451540543468,0.22913574265442724,3.9390625,1677.8734375,0.0031882969414945214,11.3578125,1095.165625,0.011538866502809086,44.7859375,89182.63125,0.02939039524910303,1614.0,4788.0,427.0,2668.0,6406.0,3.01640625,10.4578125,17.196875,0.1928709902011801,246.89659722222217
0.9984375,11.93125,16303.747916666667,0.19434563175821876,0.00860540853678155,0.4315295776119791,0.003107905704610576,6.52265625,0.6326174262266457,0.18255219034084388,0.20713566288650384,0.22872936629943305,3.97890625,1663.04296875,0.003064510217503294,11.2578125,1113.715625,0.011028776540360096,44.4140625,90056.6,0.028345633810316028,1583.0,4715.0,415.0,2662.0,6328.0,3.0390625,10.3421875,16.6375,0.19638510117070665,243.23485677083332
0.9989583333333333,11.963020833333333,16305.7171875,0.1946085573846092,0.008560260428352125,0.43593012121482694,0.0031161815142832336,6.5359375,0.6108668204971919,0.1829068308092856,0.20708997966176054,0.22893404140875226,4.01484375,1731.37890625,0.003047493465387259,11.2375,950.890625,0.010958312756308741,44.48125,89957.896875,0.028213275952254972,1566.0,4735.0,413.0,2630.0,6365.0,3.05,10.3375,16.678125,0.19769077483067896,243.93613254123267
0.9953125,11.861979166666666,16149.3703125,0.19360013749339883,0.00859993539919201,0.4321807835621898,0.003089861726143961,6.482552083333333,0.6516794731064764,0.1817343422027172,0.20647757903569558,0.2281858771138286,3.925390625,1601.1796875,0.003083618768512768,11.209375,1147.059375,0.011025940060786643,44.2609375,89344.44375,0.028239197260314354,1594.0,4704.0,424.0,2616.0,6314.0,2.99765625,10.31875,16.5859375,0.19119646610457355,243.6970960828993
0.9979166666666667,11.927604166666667,16377.970833333333,0.19333594071374208,0.008481939765384628,0.4318911365591803,0.0031069560215333854,6.508854166666667,0.6371337496179206,0.18136549480212735,0.20654254005596107,0.22801112501798187,3.934375,1883.15625,0.002967755869678724,11.39375,1049.54375,0.010953410810803884,44.434375,89685.65625,0.028067204302788983,1576.0,4816.0,431.0,2592.0,6363.0,2.996484375,10.48125,16.5859375,0.19448774123494045,245.10882134331598
0.9981770833333333,11.941145833333334,16180.791145833333,0.1952607352184452,0.008237834472239183,0.43574259956423644,0.003110483415820092,6.5390625,0.644785623936843,0.18354213002708245,0.2077357881301122,0.2296601030722293,3.96875,1590.83671875,0.0029310597714338484,11.3421875,1186.684375,0.010549609533498894,44.4296875,89534.715625,0.027153158214200813,1588.0,4724.0,432.0,2584.0,6401.0,3.03515625,10.3625,16.73125,0.19679452827444818,244.91893202039927
0.9979166666666667,11.951041666666667,16302.3265625,0.19392855345531626,0.00856264536715154,0.4300509169786719,0.0031130611270296085,6.5671875,0.6440338185304628,0.18209405045121393,0.20701842872990714,0.22817669019713466,3.98828125,1683.128125,0.0030822447816404217,11.3234375,1185.55,0.011047331982033308,44.4296875,89895.896875,0.02799956109431424,1581.0,4758.0,398.0,2612.0,6390.0,3.0546875,10.3671875,16.8171875,0.19549639099987548,243.9397905815972
0.9979166666666667,11.942708333333334,16302.0,0.194001060725731,0.008704895393510156,0.42952531127929716,0.0031108904228531738,6.540364583333333,0.6575665067597034,0.18204036340466268,0.20704014380090358,0.2288047669348317,3.934375,1775.70859375,0.0030028922688459777,11.3125,1172.88125,0.011316279374187593,44.60625,89536.284375,0.028901523911489434,1570.0,4769.0,419.0,2639.0,6440.0,2.985546875,10.375,16.925,0.19955437228301928,246.01234266493054
0.99765625,11.908854166666666,16153.478645833333,0.19508988942476932,0.007954449363413236,0.43512095333406137,0.003102071937136407,6.527083333333334,0.6539252132079597,0.18326721495241352,0.20786878542661183,0.22960169131235011,3.923828125,1667.72421875,0.0028478970377756527,11.24375,863.190625,0.009999643580806673,44.5140625,89386.784375,0.02633546444857013,1570.0,4755.0,437.0,2617.0,6362.0,2.995703125,10.3625,16.8171875,0.19019668009274993,245.87971327039935
0.9979166666666667,11.8421875,16248.026041666666,0.19428425013159564,0.008562291011320082,0.43141942213718804,0.0030847063037249284,6.514583333333333,0.6437524739411532,0.18253652104940676,0.2070065608141089,0.22855285577783785,3.942578125,1566.67265625,0.0030308617508670276,11.190625,1256.73125,0.0110452050845876,44.0921875,89964.734375,0.028205093979864794,1574.0,4707.0,427.0,2645.0,6254.0,3.0203125,10.284375,16.721875,0.19396579119098628,240.06467854817706
0.9984375,11.854166666666666,16270.779166666667,0.19460945732481066,0.0082771696016353,0.437812641231768,0.0030878266909785536,6.449479166666666,0.6377416520210897,0.18288160618420596,0.2072080474508941,0.22892227176114588,3.97109375,1677.78359375,0.0030253106609226766,11.13125,1157.440625,0.010507588465470934,44.109375,89756.1,0.027054186500650158,1562.0,4692.0,396.0,2572.0,6385.0,3.0265625,10.2171875,16.3734375,0.19699148120655924,240.12717013888889
0.9986979166666666,11.8265625,16088.032291666666,0.19634669788356293,0.008710640009191157,0.43374260462944536,0.003080636233394113,6.483854166666666,0.6433258466552164,0.1847548886975844,0.20866538806893759,0.2303952444421023,3.92265625,1412.3421875,0.0031817890662765246,11.2359375,1057.596875,0.01123286727131304,44.0328125,89821.228125,0.028303816518727792,1576.0,4709.0,377.0,2571.0,6332.0,2.983203125,10.315625,16.6546875,0.18844142699074448,240.88919026692707
0.9986979166666666,11.871354166666666,16305.619791666666,0.19451695557589765,0.008453408662570066,0.4276158418262451,0.0030923037683424502,6.414322916666666,0.6215943491422805,0.18266143740395088,0.20745701294979257,0.2289989708897897,3.94609375,1672.24296875,0.003023818247695849,11.228125,1176.51875,0.010868719821389492,44.215625,89968.228125,0.0277564591632475,1600.0,4716.0,431.0,2554.0,6388.0,2.97734375,10.30625,16.2703125,0.1966992983854955,241.99178358289933
0.9984375,11.902604166666666,16259.8609375,0.19474242374556522,0.008672990464867228,0.43423729484242474,0.003100443909004081,6.515364583333334,0.6435478930556163,0.1827862199257519,0.2078398373647355,0.22946982540564825,3.902734375,1627.07734375,0.0030850890050760603,11.2796875,1178.5375,0.011214500955516904,44.525,89872.31875,0.028483085813382224,1616.0,4739.0,406.0,2633.0,6396.0,2.962109375,10.375,16.86875,0.1896208617001377,245.810305718316
0.9966145833333333,11.888020833333334,16197.608854166667,0.19411930644132155,0.008510948823767768,0.43305251346081275,0.00309664517669532,6.46953125,0.6444249726177437,0.18213532786250752,0.2071254692345123,0.2290490579633871,3.921875,1698.65078125,0.003091556389235558,11.1984375,1108.790625,0.010838160193767685,44.4421875,89282.259375,0.027861307191896702,1602.0,4700.0,412.0,2648.0,6369.0,2.992578125,10.3140625,16.5328125,0.1925109020767692,245.55048149956593
0.9971354166666667,11.906770833333333,16227.193229166667,0.19420630533325905,0.008416590662655854,0.43502809400003345,0.0031015292610922984,6.459375,0.6373299505708412,0.18216885189496662,0.207615325993719,0.22894709842596886,3.8796875,1625.18046875,0.0030410236865972204,11.403125,1093.584375,0.01078569735373063,44.51875,89768.853125,0.02754975187581561,1564.0,4812.0,394.0,2604.0,6389.0,2.9546875,10.425,16.5125,0.17986191488058972,247.00797498914932
0.9986979166666666,11.936979166666667,16377.388020833334,0.19407069697919022,0.008726344233434371,0.4354658428099147,0.0031093980637318746,6.54453125,0.6424800383960906,0.18211492238031518,0.2072201639703108,0.22874432838356987,3.9453125,1753.03984375,0.0031173386145911886,11.3,1026.2875,0.011221904310649594,44.540625,90225.88125,0.02866680663159188,1579.0,4794.0,425.0,2609.0,6383.0,2.998828125,10.4,16.871875,0.19051290919650615,246.50800754123262
0.9971354166666667,11.945833333333333,16246.5703125,0.194211607034889,0.008565706049860743,0.4341962044066668,0.0031117044369193365,6.547916666666667,0.6375130798744332,0.18227653405527114,0.20714349737246343,0.22902000861578586,3.93828125,1645.9,0.003081960920672406,11.3109375,1121.16875,0.010962719931625658,44.6109375,89774.653125,0.028103672684849184,1598.0,4764.0,426.0,2632.0,6384.0,3.003125,10.3984375,16.8765625,0.19041157977669151,247.28925347222224
0.9966145833333333,11.957291666666666,16155.847395833332,0.19463478279654434,0.008828196282557915,0.4447370955101235,0.0031146891551619344,6.499479166666666,0.6426517989371896,0.18275962357459336,0.20726776662292407,0.22950243585796865,3.923046875,1528.63984375,0.0031813661039170674,11.340625,1033.40625,0.0113091676668754,44.7109375,89787.11875,0.02893454561280382,1576.0,4766.0,411.0,2654.0,6385.0,2.996484375,10.3796875,16.63125,0.18404462028078447,248.5111968315973
0.9981770833333333,11.902083333333334,16105.802083333334,0.1959037233341472,0.008695135971659605,0.44201675807170676,0.0031003082399930536,6.47421875,0.6462454052161737,0.1841062218261885,0.20859594255060196,0.2304015101495273,3.951953125,1429.46484375,0.0030715520117949135,11.2140625,830.45,0.011263683137252723,44.390625,90086.503125,0.028620924645525254,1573.0,4712.0,401.0,2615.0,6376.0,3.023046875,10.3015625,16.4515625,0.19360029364094755,244.33312065972217
0.9973958333333334,11.947395833333333,16069.344791666666,0.19571124537000995,0.008438326943862645,0.4398324724552089,0.003112111443952418,6.48515625,0.6517720911983957,0.1839260815893954,0.20815111035188155,0.23041203551059658,3.955078125,1437.4578125,0.0030232001865967933,11.33125,969.303125,0.010740468466767975,44.5328125,89696.934375,0.02779669245002072,1561.0,4790.0,420.0,2587.0,6373.0,3.015625,10.4265625,16.421875,0.1872966097212849,246.774836968316
0.9979166666666667,12.0109375,16166.721875,0.19528713989840665,0.00838875290782447,0.44049031432194563,0.0031286630632977337,6.552864583333333,0.6425133342005984,0.18340387647918843,0.208091418811708,0.23001591466197838,4.009765625,1515.7171875,0.0029809019267156,11.2484375,827.346875,0.01064963830384818,44.778125,90110.115625,0.027759271436236226,1603.0,4726.0,401.0,2664.0,6412.0,3.037109375,10.36875,16.8,0.1944443389685871,250.1524845377604
0.9984375,12.034895833333334,16152.089583333332,0.1957566865958898,0.00841269904427311,0.43817887862793586,0.003134903837804984,6.62109375,0.6481152897390401,0.18395742664194126,0.20832239034043454,0.23038802266713904,3.989453125,1480.640625,0.0029884688244242326,11.33125,829.603125,0.010749515630251897,44.9203125,90160.371875,0.027772803337689833,1567.0,4783.0,420.0,2643.0,6421.0,3.04921875,10.41875,17.1109375,0.1881993632733884,251.34982394748258
0.9986979166666666,12.064583333333333,16343.250520833333,0.19424860685277026,0.007944144227904022,0.4393094559685487,0.003142636971433533,6.573697916666666,0.6522189604558798,0.18228716742491788,0.20731180023232562,0.22903117118462432,3.97578125,1660.0015625,0.002771009433305444,11.40625,1005.540625,0.010130536234422203,45.078125,90413.95625,0.026450291399780158,1569.0,4824.0,441.0,2702.0,6391.0,3.040234375,10.4890625,16.7921875,0.19129755140399177,253.0265581597222
0.9971354166666667,12.003125,16131.3078125,0.19502743180096152,0.008390427294314124,0.43757231688225506,0.003126628028132326,6.570833333333334,0.6376377679423761,0.18309570098349837,0.2079658236070364,0.22981596326473933,4.000390625,1556.06328125,0.0029710234242170857,11.2703125,1113.303125,0.010739599233756458,44.746875,89450.290625,0.027718870835259934,1519.0,4795.0,446.0,2665.0,6355.0,3.07421875,10.3625,16.765625,0.19283001326867347,249.17186523437505
0.99921875,12.0296875,16276.7453125,0.19528910473765673,0.008405140034558603,0.44186379459781827,0.0031335471476947123,6.551822916666667,0.6375286833787938,0.1832654245346929,0.20847839689793024,0.23019453338923865,3.95703125,1643.14921875,0.0029408328974368054,11.353125,1103.28125,0.010886116506028018,44.996875,89984.59375,0.027781392111576375,1570.0,4819.0,413.0,2644.0,6466.0,3.022265625,10.45,16.771875,0.18903674521714148,253.5360978190104
0.9989583333333333,11.911979166666667,16291.609375,0.1948302766303148,0.008259380584988372,0.44270845543935333,0.00310288595120257,6.497916666666667,0.6415985308906476,0.18283776580563613,0.20795333806303457,0.22967725849630966,3.921484375,1580.225,0.0029264836423501784,11.2421875,1115.953125,0.010579126380864109,44.54375,90312.803125,0.02727122255966541,1553.0,4752.0,419.0,2623.0,6364.0,2.984375,10.3171875,16.7328125,0.18457218773401995,247.26777316623262
0.9955729166666667,11.903645833333334,16108.711458333333,0.1941109884343688,0.008339120563947677,0.4344241675054277,0.003100715247026135,6.52734375,0.6276963465324874,0.18198023831156507,0.20742394628660668,0.22932103107334595,3.9375,1467.534375,0.0029713681356925118,11.15625,1192.284375,0.010618445665609617,44.515625,89589.846875,0.0275308051753064,1569.0,4684.0,427.0,2581.0,6425.0,3.025,10.2296875,16.834375,0.1885337265295458,247.08446587456595
0.9994791666666667,11.8796875,16386.736197916667,0.19422929387328602,0.00829914537833436,0.43759337910810564,0.003094474472518885,6.494010416666667,0.630803630145995,0.1823644833122069,0.20712430228575723,0.22879352770513134,3.941796875,1574.95546875,0.0029273875988577013,11.196875,1026.8625,0.010637312907415677,44.3140625,90993.7328125,0.02744800896715967,1494.0,4769.0,426.0,2657.0,6279.0,3.037890625,10.2453125,16.5671875,0.18872514425024087,245.14489990234372
0.9984375,11.949479166666666,16233.374479166667,0.19486010213312735,0.008380802662957914,0.43536391420660403,0.003112654119996527,6.515104166666666,0.6442487904807567,0.18292705732464642,0.20759953194930833,0.2298528515508699,3.984765625,1543.3890625,0.002961199117537586,11.2875,728.88125,0.010717888526113063,44.4703125,90497.809375,0.027722130981484083,1550.0,4730.0,421.0,2697.0,6277.0,3.05390625,10.325,16.55,0.193405206695046,245.30421847873268
0.996875,11.9171875,16277.195833333333,0.19339520335847543,0.008491470003555669,0.4377052589209182,0.003104242641312842,6.550260416666666,0.6379528866745334,0.18127763124674856,0.20676130831686068,0.2284993868469976,3.947265625,1603.5609375,0.0029690966233170708,11.240625,930.428125,0.010901534221987887,44.4734375,90318.503125,0.028170899306077846,1582.0,4718.0,433.0,2642.0,6342.0,3.03125,10.3296875,16.846875,0.1941313882309098,244.10407958984374
0.9984375,11.9546875,16262.9125,0.19457433420662865,0.008318805002620914,0.4433195044842481,0.0031140108101067984,6.502083333333333,0.644447348930423,0.18260964072225655,0.20757335961189582,0.22943408273884974,3.9828125,1558.29140625,0.002907664701152965,11.24375,972.73125,0.010753677268825024,44.553125,90371.578125,0.027528493942288613,1558.0,4740.0,424.0,2656.0,6320.0,3.02109375,10.3328125,16.5953125,0.18894435158893375,245.96773844401045
0.9994791666666667,11.944270833333333,16250.00625,0.19545629332161782,0.00828230422768181,0.43807461085237626,0.003111297429886255,6.511197916666666,0.630924868094013,0.1836295356847674,0.20816075241054238,0.23005886478009482,4.018359375,1512.06875,0.0029007966513584322,11.1453125,1073.971875,0.010681545504621828,44.446875,90377.790625,0.0274090932560353,1527.0,4773.0,426.0,2617.0,6322.0,3.065625,10.2953125,16.509375,0.1912874026251881,245.0302275933159
0.9973958333333334,11.928125,16149.933333333332,0.19483025055161052,0.008111230608129103,0.4412436383356126,0.0031070916905444126,6.459375,0.6418216749628853,0.18290172461025533,0.2078874535233429,0.22948715134529882,3.990625,1449.13984375,0.002804429778764244,11.2546875,1022.003125,0.010560687057248658,44.3515625,90081.0375,0.02688897747646899,1552.0,4754.0,434.0,2598.0,6310.0,3.0453125,10.33125,16.24375,0.19023908143147084,243.43962565104164
0.9986979166666666,11.88125,16379.328125,0.19377147860436134,0.008328450873338554,0.4237564156087527,0.0030948814795519666,6.503385416666666,0.6438278099246011,0.18189133969183896,0.20662184192166952,0.22844167093714254,3.963671875,1675.55078125,0.0028778460650582273,11.2765625,1395.765625,0.01086059476813966,44.15625,90178.0,0.027598726211658757,1549.0,4745.0,437.0,2558.0,6359.0,3.017578125,10.3265625,16.6234375,0.198012757224874,242.32131510416664
0.9979166666666667,11.93125,16321.640625,0.19378083027130352,0.008288098364880368,0.44174448870060273,0.003107905704610576,6.529947916666667,0.6363715732495199,0.18171960893058195,0.20706335484937782,0.22874319105611546,4.01015625,1653.04140625,0.0028625217221156128,11.2046875,939.70625,0.010779236681934047,44.3421875,90377.971875,0.027499266618885704,1532.0,4745.0,453.0,2568.0,6373.0,3.0328125,10.296875,16.7515625,0.19862998643591212,244.1791276041667
0.996875,11.892708333333333,16356.167708333332,0.19284505486073342,0.008102077056322762,0.4283870373098044,0.0030978661977945645,6.447135416666667,0.6458351580975737,0.18064950054262563,0.20626378616820054,0.22820854082569753,3.93125,1806.29375,0.0027441777153545408,11.1609375,1099.64375,0.010541614709025145,44.4703125,89812.1875,0.02709413676749326,1562.0,4732.0,432.0,2581.0,6445.0,3.002734375,10.26875,16.403125,0.19676639881814964,247.6275509982639
0.9971354166666667,11.870833333333334,16347.6375,0.19304760912219968,0.008404356308113956,0.4231080401902324,0.003092168099331423,6.487760416666666,0.6444805194805194,0.18081888397140916,0.20673385406804137,0.22827626477952007,3.953515625,1792.096875,0.002839508531641068,11.259375,942.51875,0.011035813566864354,44.1515625,89974.91875,0.028032290155255112,1571.0,4734.0,431.0,2565.0,6375.0,3.0140625,10.3140625,16.55625,0.2010213158431937,243.79060763888887
0.9984375,11.8875,16455.567708333332,0.1930442054916622,0.008370955879113693,0.42778607535429186,0.003096509507684293,6.48125,0.6411233788994042,0.18099486752581723,0.20648810970878634,0.22779765313791805,3.94765625,1752.7890625,0.0028919936217271106,11.3046875,1017.196875,0.010879320877269408,44.2296875,90705.053125,0.027778439910504306,1534.0,4784.0,430.0,2589.0,6330.0,2.987890625,10.396875,16.5390625,0.19596382903464982,245.41286458333332
0.9986979166666666,11.922916666666667,16267.823958333332,0.1947028735184056,0.008393720506451601,0.42559873929056974,0.0031057350004341407,6.511197916666666,0.6328848506028307,0.18285143105861906,0.20755359587659142,0.22925792099936607,3.91640625,1519.9328125,0.002878364696238193,11.30625,1236.965625,0.010968482451936384,44.565625,90290.246875,0.027880381801820463,1574.0,4771.0,425.0,2552.0,6455.0,3.021875,10.3875,16.5921875,0.1910528772697365,249.5940581597223
0.9989583333333333,11.905208333333333,16376.1875,0.19388040727399575,0.008153537620497923,0.4359549108222065,0.003101122254059217,6.503645833333334,0.6462945139557267,0.1820552505722876,0.2069066045871021,0.22815483676772183,4.0109375,1568.20703125,0.002810568312530443,11.2109375,1220.615625,0.010575662979038895,44.1765625,90763.68125,0.027103289493826878,1591.0,4698.0,417.0,2697.0,6214.0,3.057421875,10.271875,16.5203125,0.19502446796875184,242.81132703993055
0.99921875,11.993229166666667,16408.739322916666,0.19383282582033784,0.008165098500203668,0.4270304677172917,0.00312405031692281,6.540885416666667,0.636557085160898,0.18179861689526725,0.20713391419616745,0.22866857314479053,3.975,1688.1578125,0.0027367030779366593,11.378125,1099.440625,0.010699422185604721,44.68125,90600.3640625,0.027344356503870647,1558.0,4809.0,435.0,2593.0,6454.0,3.011328125,10.428125,16.771875,0.1979336354975646,248.63589165581598
0.99765625,11.953645833333333,16310.6671875,0.19362669194076051,0.008105182149648773,0.4350680149269301,0.0031137394720847445,6.491927083333334,0.6343514443815085,0.18156024641421142,0.20703115383955933,0.22848801214815823,4.00078125,1592.95546875,0.002763082683392832,11.3546875,1292.4125,0.010623089917764414,44.3640625,90199.76875,0.0269556722465569,1587.0,4739.0,429.0,2580.0,6364.0,3.03359375,10.3828125,16.434375,0.19818698963062523,245.51816379123264
0.9966145833333333,11.8125,16416.880208333332,0.19202163242500225,0.008244694896769286,0.420944767844586,0.0030769731700963795,6.434635416666667,0.6571428571428571,0.17982937693840442,0.20601527235671227,0.22679701443968367,3.926953125,1728.596875,0.0027739615581409533,11.315625,1229.4875,0.010958364149837358,43.8515625,90357.40625,0.027413958998214537,1569.0,4744.0,409.0,2583.0,6291.0,2.963671875,10.396875,16.35625,0.2024854722737045,240.14088541666666
0.9971354166666667,11.889583333333333,16334.215625,0.19312758640806985,0.00776827991952693,0.4322038259954558,0.0030970521837284013,6.470833333333333,0.6522253373050639,0.18097741612043783,0.20679646610850969,0.22805938785815813,3.94765625,1696.5515625,0.002622123444540767,11.3609375,1030.3625,0.010183777941070152,44.1859375,90188.725,0.025937407797928358,1579.0,4736.0,406.0,2671.0,6290.0,3.017578125,10.4125,16.3421875,0.20235244946152378,244.44666232638883
0.9973958333333334,11.838541666666666,16365.669270833334,0.19299123432679682,0.007814696686277146,0.4289021702202613,0.003083756620647738,6.445052083333334,0.6444346678398593,0.18080638081756212,0.20668763336010057,0.22803424933043198,3.91171875,1729.840625,0.0025526471685856323,11.2171875,862.490625,0.010338195714231094,44.1671875,90412.1625,0.02633939572908925,1553.0,4719.0,432.0,2559.0,6414.0,2.971875,10.296875,16.4859375,0.2037156572815557,245.87705620659725
0.996875,11.978645833333333,16488.594791666666,0.19186757697242135,0.007706234848476793,0.4299176091788503,0.0031202515846140487,6.554427083333334,0.6241575720683508,0.17941494854912268,0.20620933236646075,0.22733633527157665,3.91328125,1922.07421875,0.0025869389907022568,11.340625,1183.834375,0.01003574554385352,44.878125,90059.4375,0.02585390758419822,1616.0,4773.0,450.0,2619.0,6471.0,3.004296875,10.4375,16.871875,0.19381885824307488,251.37558566623267
0.9973958333333334,11.945833333333333,16191.890104166667,0.19469494224961492,0.007639661695253846,0.4367483414857157,0.0031117044369193365,6.498177083333333,0.6366846878269968,0.1826101846590303,0.20800277581236748,0.22972613904920075,3.95234375,1491.06953125,0.0025964710400756047,11.240625,1415.559375,0.00983499664648193,44.625,89771.503125,0.02561708936473873,1569.0,4738.0,413.0,2606.0,6448.0,3.034375,10.2953125,16.55625,0.19217284045531213,250.67571180555558
0.99765625,11.9453125,16352.13125,0.19346478021660524,0.007756509163536591,0.43039981563872526,0.0031115687679083093,6.494270833333333,0.6405929801613255,0.18124092488545465,0.2069692803870015,0.22885570137081146,3.949609375,1733.05390625,0.0026034040380181595,11.228125,1246.08125,0.010019647062756964,44.6453125,89934.490625,0.02610579176638994,1549.0,4719.0,428.0,2642.0,6454.0,3.013671875,10.2671875,16.64375,0.20079358553726123,250.9615926106771
0.9986979166666666,11.953125,16366.080208333333,0.19398643445108038,0.008033377612135961,0.431850418616901,0.0031136038030737173,6.506770833333333,0.6484967320261438,0.18192965042903123,0.20710076413025919,0.22909924086009847,3.9671875,1690.03203125,0.002756061769335437,11.2515625,891.83125,0.010427852847482866,44.5984375,90544.521875,0.026748165747991152,1556.0,4745.0,403.0,2621.0,6441.0,3.036328125,10.3359375,16.559375,0.1955147031389391,248.65353190104167
0.9984375,11.975,16355.708854166667,0.19373444001281842,0.007875122825294924,0.4302337248614682,0.0031193019015368587,6.5171875,0.6271746694502436,0.18155734350857466,0.2073447966996361,0.2288324693429757,3.97109375,1609.325,0.0026707948840023863,11.29375,1130.2,0.010202166804859891,44.671875,90566.753125,0.026365390610900114,1538.0,4781.0,432.0,2633.0,6431.0,3.0234375,10.340625,16.66875,0.19621054842573596,248.52749999999997
0.9986979166666666,11.975,16256.369791666666,0.1948403356023892,0.008027483646878402,0.4366465402340001,0.0031193019015368587,6.520572916666667,0.6391353514265832,0.1828262321950303,0.20806938910411205,0.2296676957301019,3.96875,1537.8109375,0.002760936931593375,11.2921875,1039.278125,0.010330080574979483,44.6828125,90347.696875,0.026791073579917425,1577.0,4738.0,436.0,2634.0,6393.0,3.04921875,10.3515625,16.575,0.1921567112405686,248.48635416666667
0.99921875,11.99375,16395.376041666666,0.19412591297365614,0.008021303152511754,0.4330454309437812,0.003124185985933837,6.523697916666666,0.6549418099704707,0.1820117343240869,0.20743959631933104,0.22926894422625824,3.99453125,1783.3265625,0.0027103031475380762,11.3109375,1082.11875,0.01047178164540807,44.6734375,90156.83125,0.026814824679510147,1582.0,4777.0,417.0,2668.0,6393.0,3.0421875,10.4125,16.5609375,0.19811153548344604,247.12860677083333
0.9984375,11.9578125,16328.3328125,0.1940989874296264,0.00802316133694129,0.438072997076307,0.0031148248241729616,6.511458333333334,0.6550807962019252,0.18204528068296183,0.20745869900128627,0.22895410284462464,3.97421875,1647.7,0.002750691865721382,11.31875,1227.825,0.010397097704730605,44.53125,90151.371875,0.02673910285403161,1582.0,4760.0,420.0,2627.0,6381.0,3.021484375,10.3953125,16.5875,0.1961922049424492,246.08676188151045
0.9986979166666666,11.96875,16257.422916666666,0.19487525466327388,0.008454456171516836,0.4358899538559618,0.0031176738734045324,6.542708333333334,0.64852045256745,0.18294455487308195,0.20794420844512856,0.22952910004218702,3.996875,1612.36640625,0.0029571006607198454,11.2859375,1188.56875,0.011025649751416258,44.5390625,89906.503125,0.027872684634805377,1535.0,4818.0,406.0,2652.0,6360.0,3.05703125,10.39375,16.634375,0.1961470807560313,247.36725260416668
0.9979166666666667,11.9296875,16142.132291666667,0.19534635108549303,0.008610566826080794,0.43156601966781877,0.0031074986975774942,6.491666666666666,0.6514734774066797,0.18337846897110816,0.2084262935100174,0.23013793711850825,3.983203125,1563.4453125,0.0030443394330686574,11.2890625,985.7875,0.011146032507275316,44.35625,89613.225,0.028340010716934816,1552.0,4769.0,424.0,2602.0,6357.0,3.035546875,10.3609375,16.446875,0.1975477457058216,244.72318115234376
0.9981770833333333,11.91875,16210.215104166668,0.19504436117005333,0.008431636010089885,0.44063318357223075,0.0031046496483459235,6.486197916666667,0.6481821359902115,0.18309262597329823,0.20800704138744316,0.22988862173968397,3.955859375,1543.0734375,0.0029306252809732703,11.21875,1218.25625,0.010898719494929193,44.4703125,89870.740625,0.02796859544171703,1578.0,4717.0,427.0,2588.0,6410.0,3.012890625,10.2921875,16.5734375,0.19456743613392546,247.0673567708333
0.996875,11.975520833333333,16109.3078125,0.1951045717396281,0.008370946678235921,0.4415352556664938,0.003119437570547886,6.49296875,0.6300613230113513,0.18308525139208034,0.2080287850166338,0.23025763985281356,3.991015625,1502.1640625,0.002945645586505069,11.2140625,821.109375,0.010708434819456691,44.675,89826.08125,0.027734662903938556,1568.0,4747.0,406.0,2646.0,6405.0,3.03046875,10.325,16.5109375,0.19302824500301946,248.7900257703993
0.9994791666666667,12.007291666666667,16272.056770833333,0.19542521946181032,0.00840006493406762,0.4443601852689549,0.0031277133802205437,6.548177083333333,0.6466990543940314,0.18356721101391593,0.20820208556438252,0.23008038715081552,4.051953125,1574.91875,0.002989745694696834,11.2046875,1084.046875,0.01070611163966195,44.63125,90248.61875,0.02773529518595643,1587.0,4710.0,385.0,2618.0,6421.0,3.091015625,10.31875,16.60625,0.19595037041121383,247.53171766493057
0.9981770833333333,11.944270833333333,16182.659895833332,0.19518952001718864,0.008584641659854163,0.4353472123015251,0.003111297429886255,6.512239583333334,0.6484977979331095,0.18328322866889243,0.20807625857925,0.2299279468483122,4.01640625,1513.2265625,0.003049362500205246,11.2046875,1280.54375,0.011090681354179047,44.3953125,89762.509375,0.028219718604124942,1510.0,4764.0,413.0,2576.0,6399.0,3.058203125,10.3046875,16.5359375,0.19770133546845753,245.13074842664932
0.9971354166666667,11.991145833333333,16246.78125,0.19386256876921432,0.008429028691909245,0.43271857742192105,0.003123507640878701,6.55390625,0.6445293836598185,0.18184701427250421,0.20690539371461503,0.22888196181065412,4.015234375,1583.1953125,0.002919228428662597,11.2125,1277.05,0.01088849736373428,44.6734375,89870.85625,0.0280087610730708,1588.0,4690.0,426.0,2624.0,6452.0,3.070703125,10.2921875,16.7484375,0.20073152239178282,247.45408827039927
0.9986979166666666,11.8609375,16290.225520833334,0.19454799627004313,0.00823077761085141,0.43100112126054696,0.0030895903881219067,6.47109375,0.6498924164580864,0.18262453377542778,0.20732872099920696,0.22946112151934067,3.94765625,1612.6453125,0.0028094627629374354,11.0171875,1072.725,0.010677615956810094,44.3578125,90218.046875,0.027469198656548614,1598.0,4638.0,426.0,2628.0,6359.0,3.015234375,10.1578125,16.6078125,0.19321552862348024,244.9046199544271
0.9984375,11.9359375,16305.853125,0.19430310245524746,0.00808541991268225,0.43513762344916385,0.00310912672570982,6.5046875,0.6335035126761792,0.1823417388494899,0.2072668613313305,0.22918479800219468,3.996875,1683.86875,0.002755666665135379,11.1203125,1036.184375,0.010475705748079971,44.5078125,90063.459375,0.02701414706747201,1566.0,4689.0,426.0,2610.0,6420.0,3.04375,10.2390625,16.6140625,0.19965343168910873,247.72818766276038
0.9986979166666666,11.9640625,16254.0328125,0.1949483223533144,0.008091773480836674,0.4323917071909031,0.003116452852305288,6.514322916666667,0.6481215445561795,0.18293904934756985,0.2080444420526854,0.22988929467692146,4.00390625,1630.628125,0.0027169988340887763,11.1640625,1012.65,0.010504085262190085,44.6046875,89989.034375,0.02717856028647485,1569.0,4668.0,423.0,2617.0,6438.0,3.062109375,10.221875,16.615625,0.1984900791238236,248.1940209960938
0.9981770833333333,11.990625,16114.8796875,0.1958138941700905,0.00807826870133344,0.4371740009541557,0.003123371971867674,6.528125,0.6485969941794805,0.1838806273383453,0.2085419006190774,0.23081895504808445,3.94921875,1459.28359375,0.0027227102050986864,11.24375,929.45,0.010473905308489911,44.903125,89922.69375,0.02710486607911599,1569.0,4740.0,436.0,2615.0,6481.0,3.03359375,10.346875,16.6875,0.192582316293471,251.4301204427083
0.99765625,12.0171875,16011.9203125,0.19645065276083543,0.00782820404728773,0.44926496162019236,0.00313029109143006,6.53984375,0.6443028648203528,0.18466351050882268,0.20876101800373967,0.23128885652598222,4.015234375,1401.71484375,0.002665167022814333,11.078125,906.9875,0.010003145618377795,44.9640625,89557.675,0.02630541057409124,1564.0,4669.0,425.0,2669.0,6454.0,3.09609375,10.1890625,16.665625,0.1939237118600066,251.56689208984378
0.9989583333333333,12.027604166666666,16130.231770833334,0.1961012949705136,0.008091765996914555,0.4419471766648949,0.0031330044716506036,6.520052083333334,0.6387216905555796,0.18421463386964024,0.20878279901679506,0.2309664353277258,3.985546875,1505.49453125,0.002774763387571792,11.2015625,1060.74375,0.010387188237371468,45.021875,89698.66875,0.0270643541938287,1604.0,4714.0,420.0,2650.0,6463.0,3.0328125,10.303125,16.6859375,0.18665602618529642,252.9346546766493
0.9973958333333334,11.951041666666667,16077.246875,0.19565607342867342,0.007985945934433773,0.43505012256498965,0.0031130611270296085,6.5171875,0.6513553560533426,0.18383989180009505,0.20809587785449982,0.23048099551716045,4.009765625,1476.13046875,0.002713348641351794,11.2109375,1064.928125,0.010353870321250496,44.45625,89494.03125,0.02670841071994497,1572.0,4724.0,409.0,2589.0,6408.0,3.061328125,10.309375,16.5484375,0.1963624663994131,245.87729058159724
0.9986979166666666,11.970833333333333,16199.330729166666,0.19543760499582508,0.0077610930675757065,0.43144851970502707,0.003118216549448641,6.517447916666667,0.6425774451792551,0.18368823980353732,0.20795815632469733,0.22991451443610372,4.015234375,1570.74140625,0.002627366737844515,11.2578125,949.996875,0.010111602665131881,44.50625,89963.021875,0.025945488788944295,1611.0,4729.0,423.0,2603.0,6374.0,3.06015625,10.3234375,16.540625,0.19301303668952,247.62727430555557
0.9984375,11.916145833333333,16282.133854166666,0.19475137313818233,0.008137867030732143,0.43299579548593053,0.0031039713032907875,6.48046875,0.6424231828314174,0.1828438943014779,0.20758950870845588,0.22954315291472663,3.971875,1651.0375,0.0027864178824571844,11.1671875,979.678125,0.010536193572109082,44.4421875,90108.975,0.027145337082455034,1567.0,4714.0,408.0,2658.0,6337.0,3.030859375,10.265625,16.49375,0.19237906479152914,247.48671847873266
0.9989583333333333,11.977083333333333,16308.078645833333,0.1948009401314784,0.007848339712749506,0.4341016997450096,0.003119844577580967,6.50546875,0.6231953383197077,0.18285415158636312,0.20775593714217022,0.22963309730124762,3.9984375,1663.8140625,0.002666936637718337,11.25,1087.946875,0.010142210823596471,44.61875,90105.26875,0.026280080902027225,1570.0,4766.0,421.0,2606.0,6403.0,3.028125,10.353125,16.5671875,0.19264796480211496,248.38853732638884
0.996875,11.961458333333333,16218.246354166668,0.19416345285174721,0.007708567599799363,0.4345861047666388,0.003115774507250152,6.48671875,0.6273621875816424,0.18208531313572957,0.20729377651456807,0.2293456880529967,3.976953125,1627.60390625,0.00262778588434841,11.2578125,1188.125,0.009898596194982198,44.603125,89610.9375,0.025841665866420338,1559.0,4747.0,415.0,2623.0,6411.0,3.036328125,10.3078125,16.4671875,0.19344531670730358,249.9959103732639
0.9989583333333333,11.940104166666666,16290.319791666667,0.19488669381193416,0.008094933583032999,0.4385820602396476,0.0031102120777980378,6.480208333333334,0.6441875681570338,0.1829806691197346,0.20779083644593116,0.22960664994673538,3.978515625,1568.06640625,0.0027891254411721708,11.234375,1060.690625,0.010353814609259758,44.4921875,90408.9625,0.027059285124249554,1528.0,4781.0,433.0,2639.0,6327.0,3.025,10.3328125,16.4484375,0.19195067847728442,248.57349582248264
0.9986979166666666,11.981770833333334,16201.013541666667,0.19550459893235442,0.007844250151448256,0.4470363923190116,0.003121065598680212,6.5140625,0.6316018256900674,0.18363746356572216,0.2081912280037778,0.23028651132746009,4.028125,1499.0234375,0.002717154202078609,11.1078125,873.490625,0.009953694337261298,44.6703125,90336.496875,0.026243189763113788,1568.0,4718.0,418.0,2622.0,6389.0,3.06875,10.271875,16.5375,0.19230827910236561,249.77623019748265
0.996875,12.004166666666666,16180.877604166666,0.19451474627582357,0.007590030060212477,0.434100177276428,0.0031268993661543805,6.504166666666666,0.6557618882332523,0.18236084921956763,0.20789143793156611,0.22975364284510474,4.004296875,1534.8703125,0.0025444800485188756,11.2828125,1035.634375,0.009777720111865687,44.725,89910.15,0.025584540055333678,1601.0,4715.0,395.0,2672.0,6419.0,3.058203125,10.334375,16.4578125,0.19705073004201176,251.5072743055556
0.99765625,12.040625,16181.580208333333,0.19501963545609424,0.007256795886474271,0.44201975811490496,0.003136396196926283,6.492708333333334,0.6423998615797214,0.183029353504977,0.20784820218869907,0.23015219652795812,4.035546875,1509.24765625,0.0024991592423577427,11.246875,992.721875,0.009202250055805595,44.8546875,90059.76875,0.024341888293609053,1561.0,4744.0,411.0,2654.0,6432.0,3.079296875,10.3171875,16.321875,0.19450696416473315,252.9884537760417
0.99765625,11.9421875,16246.008854166666,0.19453376738532915,0.007544261194527085,0.43653291406968775,0.0031107547538421466,6.495833333333334,0.6449038335732042,0.1824737026034034,0.2076925391729611,0.2296152547254003,4.014453125,1586.69453125,0.00257426918044919,11.2921875,1101.08125,0.00972555620265312,44.303125,90028.19375,0.025242934242712622,1597.0,4716.0,401.0,2624.0,6333.0,3.04296875,10.3625,16.440625,0.19741709972651614,246.67842854817707
0.99609375,11.905208333333333,16240.885416666666,0.19338616222747984,0.007926140855701534,0.42753653246141865,0.003101122254059217,6.445833333333334,0.6564878817044361,0.18121422189945782,0.20673558184996269,0.22872450391708518,3.94765625,1670.70625,0.002661636554045151,11.2234375,1206.43125,0.010281879496790342,44.4171875,89556.05625,0.02662841942123826,1564.0,4719.0,427.0,2624.0,6380.0,2.99453125,10.271875,16.425,0.19447106491038624,247.05455620659723
0.9973958333333334,11.9734375,16319.3703125,0.19357585145508116,0.007760361997135612,0.43678068079709376,0.003118894894503777,6.519791666666666,0.6422636913306364,0.1816396244988363,0.20634328327874724,0.2285533274563946,4.015234375,1690.6828125,0.0026187010971923386,11.26875,1034.646875,0.010071214017225254,44.5109375,90118.84375,0.02601615357681907,1551.0,4755.0,420.0,2625.0,6368.0,3.05546875,10.3546875,16.5421875,0.19795296724038816,247.50241943359367
0.9979166666666667,11.932291666666666,16246.39375,0.19436352812105243,0.007673657567365854,0.43029046077575506,0.0031081770426326302,6.523958333333334,0.647926669576604,0.182343969944499,0.20750273061235075,0.22930255833596788,4.007421875,1527.66171875,0.002578220160438057,11.246875,1140.51875,0.010020960582330731,44.3171875,90227.196875,0.025708104180112167,1584.0,4695.0,399.0,2637.0,6345.0,3.03828125,10.2890625,16.7015625,0.1980775650554964,244.6099989149306
0.9986979166666666,11.8265625,16418.761458333334,0.19353675318778812,0.007339846874608054,0.433073957165441,0.003080636233394113,6.44140625,0.64645263575109,0.18143115317282654,0.20717301091551002,0.22832289551991264,3.946875,1732.11875,0.0023704204707145696,11.253125,843.13125,0.009725742888387788,43.91875,90740.9625,0.024831656476402265,1619.0,4705.0,454.0,2614.0,6197.0,2.98671875,10.334375,16.3671875,0.1947061031113011,241.61366943359374
0.996875,11.88125,16268.8859375,0.19358511709879547,0.007578597405715848,0.43268314143600894,0.0030948814795519666,6.481510416666667,0.6387427669647554,0.1813916177170223,0.20722434706718734,0.2287198846574962,3.954296875,1603.5703125,0.0024734708116539417,11.3328125,1117.878125,0.010037677548178529,44.1375,90081.15625,0.02554002363950079,1635.0,4703.0,410.0,2652.0,6271.0,2.999609375,10.3765625,16.5140625,0.19604448143791278,244.54475260416663
0.9971354166666667,11.898958333333333,16173.1625,0.19463461264157042,0.007832385765719381,0.43747884615373767,0.003099494225926891,6.40625,0.621728092445067,0.18257117195563113,0.20796321053288916,0.22955977749400872,3.987890625,1526.56875,0.0026126592911812777,11.1875,952.084375,0.010326361826746209,44.2546875,89980.615625,0.02621731560284497,1612.0,4679.0,392.0,2606.0,6336.0,3.026171875,10.2875,16.0453125,0.1926411643358322,243.3236447482639
0.9979166666666667,11.936458333333333,16265.023958333333,0.1944009644533042,0.007779527164272063,0.44501142326754,0.0031092623947208474,6.486197916666667,0.6178113273409547,0.18252357947886727,0.20729857554820982,0.2290128932561463,4.078125,1548.01640625,0.00260989726160057,11.1859375,847.790625,0.010255514846243648,44.1203125,90550.2875,0.025982059092986447,1565.0,4703.0,405.0,2665.0,6203.0,3.10703125,10.2609375,16.228125,0.19501978896787855,242.40481662326388
0.99921875,11.897916666666667,16359.230729166668,0.19428504635055663,0.007692124804702079,0.43500526416564905,0.0030992228879048365,6.481510416666667,0.6445456137278935,0.1823447888013075,0.20756322965210267,0.22876789324600727,4.031640625,1583.27109375,0.002530216744133891,11.2453125,1060.74375,0.010266754783614423,44.015625,90761.55625,0.02576512706806249,1564.0,4683.0,421.0,2599.0,6268.0,3.062109375,10.3,16.340625,0.20012525946223583,241.12916232638887
0.9973958333333334,11.8671875,16241.2171875,0.19408671433365102,0.007712656787396621,0.437575545699127,0.003091218416254233,6.454166666666667,0.6294053105113013,0.1820348710248252,0.20744807970890275,0.2289327221937026,3.969921875,1503.04453125,0.0025461374020335496,11.1,1035.625,0.010151717807497292,44.2234375,90399.5,0.02593967330874824,1547.0,4720.0,436.0,2578.0,6308.0,3.02578125,10.2203125,16.4015625,0.18967652491228337,242.94173583984374
0.9979166666666667,11.946354166666667,16267.01875,0.1943073066622473,0.007439095663273582,0.43582108440724504,0.0031118401059303637,6.524739583333333,0.6376596765052099,0.18225874036976702,0.20761735940866483,0.2291915190857508,4.013671875,1575.43203125,0.0024527002120859863,11.1546875,1087.1375,0.00984021496629765,44.46875,90213.246875,0.0249835581649999,1580.0,4724.0,418.0,2617.0,6356.0,3.072265625,10.296875,16.5625,0.19347385002309442,245.32472629123265
0.9955729166666667,11.904166666666667,16092.064583333333,0.194124490929579,0.007469796606968982,0.4368020655061046,0.0031008509160371624,6.427604166666667,0.642588379418971,0.18203197744285593,0.20760981561241607,0.22900922019363415,3.9859375,1446.5328125,0.0024960931345625673,11.2,701.228125,0.009810562757960047,44.28125,90065.028125,0.02502384434560358,1551.0,4717.0,391.0,2555.0,6404.0,3.03671875,10.26875,16.15,0.1932198101005595,244.5705034722222
0.9973958333333334,11.915104166666667,16227.3890625,0.1942134464112888,0.00736400221317922,0.4460612655851873,0.003103699965268733,6.498697916666667,0.610919263889496,0.18232177589344972,0.2073379225572563,0.22865565233667748,3.975,1523.83828125,0.0024602452379514188,11.25625,927.028125,0.009690455349718973,44.334375,90341.953125,0.024652576977550668,1553.0,4751.0,406.0,2566.0,6357.0,3.02421875,10.321875,16.5734375,0.1870953088539682,244.84748019748267
0.99765625,11.940625,16281.722916666668,0.1939523070947128,0.007683429568206238,0.4430809833652819,0.003110347746809065,6.463541666666667,0.6378783913460699,0.1819327501347022,0.20737548448527549,0.22860735754419265,3.98515625,1572.021875,0.0025940503015573395,11.315625,1271.440625,0.010140585611648347,44.3875,90130.809375,0.025583790591359724,1551.0,4779.0,432.0,2553.0,6377.0,3.0578125,10.3578125,16.1921875,0.19139466189078283,246.5391829427084
0.9989583333333333,11.890625,16341.95,0.1944352494868003,0.007799969806589524,0.4378786061636232,0.0030973235217504557,6.418229166666666,0.6413491020586947,0.18234882242532277,0.2077286899501524,0.22948751726935832,3.957421875,1771.17109375,0.0025867531734522437,11.196875,880.465625,0.010239260866732072,44.3171875,90086.55,0.0262135452789961,1585.0,4707.0,425.0,2554.0,6407.0,3.032421875,10.271875,16.1078125,0.19518464945791264,246.66251627604166
0.9981770833333333,11.855729166666666,16379.7125,0.19361357986818206,0.0076250444913706006,0.4330609891164663,0.003088233698011635,6.414583333333334,0.6316390633923472,0.18152893471333906,0.20705062309939723,0.22851511725633905,3.99765625,1796.85625,0.002594250068143964,11.1390625,974.015625,0.009965379751789624,44.0046875,90116.834375,0.02540788692385813,1592.0,4680.0,419.0,2578.0,6292.0,3.016796875,10.25,16.1703125,0.19569315088998962,241.7510609266493
0.9989583333333333,11.844791666666667,16444.1953125,0.19343073711721412,0.007903116429712349,0.4298316216100705,0.0030853846487800644,6.371354166666666,0.6415882508134728,0.18130836031866165,0.2069797820682006,0.2283711993604375,3.961328125,1783.29296875,0.0026266861156362975,11.1390625,902.525,0.010364837444854433,44.084375,90629.475,0.026547116670874477,1583.0,4689.0,433.0,2645.0,6264.0,2.9890625,10.246875,16.025,0.19875790975531307,242.27018120659724
0.9979166666666667,11.935416666666667,16307.019791666668,0.19406986545428262,0.007566840756238776,0.4268743225964389,0.003108991056698793,6.526822916666666,0.6316111014138593,0.18189274218168844,0.20760797193766406,0.22924025206127782,4.008203125,1721.87109375,0.002536085140638302,11.134375,1113.890625,0.009849521968854743,44.4453125,89840.74375,0.0254071820060247,1595.0,4717.0,449.0,2581.0,6398.0,3.052734375,10.2921875,16.6578125,0.2009779523461215,246.8552039930555
0.9981770833333333,11.946875,16385.164583333335,0.19350963819136097,0.007600655721789878,0.4330364699862894,0.003111975774941391,6.526302083333333,0.6463510332199843,0.18143204983074587,0.20680355705476378,0.22852607277041867,4.017578125,1805.6609375,0.002550441283261431,11.2953125,968.9125,0.009975813257533193,44.315625,90119.43125,0.025426355940160357,1569.0,4751.0,430.0,2612.0,6319.0,3.0359375,10.3765625,16.6375,0.19885221173529105,245.12374023437502
0.9986979166666666,11.913541666666667,16386.399479166666,0.19390802454870643,0.00781184662934104,0.43210120798419044,0.0031032929582356515,6.486197916666667,0.6360933811314156,0.18178401363647578,0.20729635545997055,0.22901573728636482,3.97578125,1749.81640625,0.00264633624277173,11.26875,979.953125,0.010233037644781165,44.309375,90339.178125,0.026052697160178155,1611.0,4666.0,415.0,2652.0,6326.0,3.02578125,10.3359375,16.478125,0.20018629409579622,246.10085828993053
0.9971354166666667,11.940625,16338.869270833333,0.19330128481743572,0.007707296322351315,0.43947022851838036,0.003110347746809065,6.477083333333334,0.6408880746750414,0.18109010358324715,0.20681832523837276,0.22862896933325283,4.018359375,1675.48828125,0.0026097252920771396,11.0859375,1106.5,0.009967039618380257,44.484375,90224.7625,0.02583783714741907,1582.0,4687.0,424.0,2627.0,6372.0,3.06171875,10.2421875,16.3734375,0.19818805542055115,248.4522037760417
0.99765625,11.8828125,16401.746875,0.19310197137285665,0.007687262558363199,0.4345219757335316,0.003095288486585048,6.4140625,0.644181459566075,0.18084091302047495,0.20682827039053303,0.22841990576470703,3.95546875,1751.12578125,0.002604553726652795,11.253125,1348.134375,0.010037618344290096,44.221875,90057.84375,0.025667742099277913,1606.0,4695.0,429.0,2603.0,6309.0,3.015625,10.3125,16.109375,0.19220302401527986,245.21751708984374
0.9979166666666667,11.883854166666667,16518.622395833332,0.19215375441942004,0.007899678640039915,0.4314172084924048,0.0030955598246071026,6.42265625,0.634702195731253,0.17985944555273287,0.2060159062695676,0.2274688380360212,3.937890625,1945.4203125,0.002616783960472043,11.290625,1087.8,0.010423251489517667,44.2609375,90242.253125,0.026507684508833652,1630.0,4683.0,434.0,2645.0,6307.0,2.977734375,10.3375,16.2875,0.19688797400614116,244.12973931206596
0.9955729166666667,11.95625,16247.491145833334,0.19286939990898067,0.007983227575326334,0.4315357919978942,0.00311441781713988,6.542447916666666,0.6534675030493118,0.18046255075193635,0.20691521372506588,0.22845098272107264,3.928125,1738.4609375,0.0026539162786232994,11.290625,801.10625,0.010561228337410397,44.734375,89729.996875,0.026722472000054415,1616.0,4749.0,425.0,2635.0,6411.0,2.9828125,10.415625,16.9078125,0.18969064312105563,249.33975260416673
0.9966145833333333,12.009375,16243.7625,0.19364267809961438,0.00798196681284154,0.4300510466843488,0.003128256056264652,6.51484375,0.6547402203139908,0.18135034294200375,0.20739454539227814,0.22906015143739333,3.94609375,1737.5125,0.002613346841904167,11.2828125,881.8125,0.010571091835883211,44.9890625,89630.7125,0.026867321673549372,1602.0,4756.0,433.0,2656.0,6463.0,2.999609375,10.390625,16.7,0.19210163973152103,253.034287109375
0.9953125,12.083333333333334,16193.4171875,0.19317226095537246,0.008050662294723671,0.43917934850144297,0.0031475210558305116,6.542708333333334,0.6483189655172413,0.18078424841920393,0.20713105955280703,0.228765512502612,3.991015625,1660.51484375,0.002664776895741878,11.3328125,1057.503125,0.010568407672185207,45.203125,89460.940625,0.027076458513189305,1587.0,4811.0,451.0,2647.0,6489.0,3.034375,10.4375,16.68125,0.192999616585363,255.1774305555555
0.9963541666666667,11.978125,16172.0875,0.19404116475595395,0.007965298676317045,0.43431293823931677,0.0031201159156030215,6.549739583333333,0.6442299330376554,0.1820507659666642,0.20705223781874169,0.22899168685032506,4.00859375,1552.15859375,0.0026819821215370012,11.2609375,1251.490625,0.010432756710700961,44.5734375,89572.4,0.0266311068610533,1556.0,4748.0,431.0,2669.0,6357.0,3.0390625,10.30625,16.8359375,0.19805874996623463,248.621396484375
0.9963541666666667,11.9234375,16245.332291666668,0.19331715150348222,0.00813623441163858,0.43216496270585364,0.003105870669445168,6.519270833333334,0.6370069453544752,0.1811601198266091,0.20679805177125504,0.228464377943202,3.95859375,1614.71875,0.0027844199095489893,11.2140625,1094.63125,0.010574409682155929,44.4921875,89918.4875,0.027105317149479592,1559.0,4691.0,443.0,2646.0,6362.0,3.0109375,10.2609375,16.8109375,0.19753837360561707,247.24726318359373
0.9963541666666667,12.134895833333333,16108.538541666667,0.19470001855187474,0.007694313061775993,0.4354209681973859,0.003160952287922202,6.60078125,0.6336323447358255,0.1824130669491965,0.20831718610733868,0.23023065740712356,4.0125,1608.75546875,0.0025848131836552894,11.3984375,1002.715625,0.010066387132079298,45.3609375,89213.49375,0.0257602385039555,1601.0,4776.0,447.0,2672.0,6498.0,3.047265625,10.4703125,16.9453125,0.1929103612149927,257.02451144748267
0.9966145833333333,11.9640625,16231.859375,0.19363297465231127,0.007504383953791904,0.42798415851301275,0.003116452852305288,6.49921875,0.6438552958077576,0.18145863900251039,0.20707783579798278,0.22888545610584315,4.0203125,1609.22109375,0.0024751525015443672,11.271875,1031.88125,0.009940474456393327,44.43125,89922.390625,0.025185219260180625,1593.0,4719.0,425.0,2636.0,6351.0,3.0578125,10.3296875,16.434375,0.19945428829581152,246.5580834960938
0.9989583333333333,12.013541666666667,16406.8859375,0.1937557496987924,0.007888548813779152,0.42971784819375886,0.0031293414083528696,6.5421875,0.6394693488251105,0.1816121948391229,0.20728160687214087,0.22880411196412204,4.026953125,1729.72109375,0.002650724617049259,11.325,1218.96875,0.01033846318371805,44.6484375,90303.4625,0.026389931230759823,1578.0,4716.0,453.0,2648.0,6385.0,3.051171875,10.3546875,16.69375,0.20246932454385327,248.39564995659717
0.99765625,12.002604166666666,16240.434895833334,0.19421955604201713,0.007400863151641544,0.4398103313816272,0.003126492359121299,6.565885416666666,0.6380559774354524,0.18218207298264327,0.20747595717851897,0.22911308714301065,4.034375,1491.465625,0.0024544120312671746,11.278125,1005.628125,0.009607662875489916,44.6,90471.11875,0.024979867909290646,1555.0,4750.0,424.0,2663.0,6347.0,3.076171875,10.3609375,16.7296875,0.19808375927521815,247.93540988498265
0.9958333333333333,11.968229166666667,16195.082291666668,0.19345841145174802,0.008332010534891458,0.4427028629661874,0.003117538204393505,6.527083333333334,0.649810696723095,0.18125919960353407,0.20714030954522394,0.22857336075112783,3.97265625,1613.5375,0.0028901084363379204,11.221875,1000.6375,0.01084670412330084,44.696875,89715.70625,0.02758492534069622,1539.0,4734.0,420.0,2666.0,6385.0,3.025,10.3203125,16.7421875,0.19425914635921798,248.83232394748262
0.9963541666666667,12.009375,16184.394270833332,0.19395068768477214,0.00872422685802543,0.4373664138792337,0.003128256056264652,6.5578125,0.6343134703790442,0.18187249993814097,0.20726715158261685,0.2289469747734519,4.0015625,1611.615625,0.0030567452152016677,11.446875,1146.6625,0.011434741367656754,44.603125,89513.240625,0.028683638919689163,1551.0,4811.0,435.0,2635.0,6356.0,3.070703125,10.446875,16.6171875,0.19509051500320249,248.21814127604165
0.9973958333333334,12.053125,16212.889583333334,0.19438795082763888,0.008512285713860377,0.43865692232589726,0.003139652253190935,6.576822916666667,0.6355544032495031,0.18242328243316472,0.20752633208682747,0.22910824314634698,4.07109375,1508.6859375,0.003014899364933462,11.303125,1001.621875,0.010998033934323456,44.73125,90240.971875,0.028016082889104954,1539.0,4806.0,435.0,2639.0,6383.0,3.082421875,10.3875,16.74375,0.20005835736408858,249.52842773437493
0.99609375,12.014583333333333,16259.618229166666,0.19301130925175553,0.008484584363350579,0.42593632860122005,0.003129612746374924,6.54453125,0.6451794693948326,0.18087495534239575,0.20659406179211767,0.22797397234883263,4.07421875,1676.503125,0.0029252170863526966,11.30625,1177.4,0.011068501797455305,44.484375,89674.296875,0.028138136037237377,1602.0,4700.0,428.0,2695.0,6303.0,3.096875,10.3296875,16.55,0.20317995928581634,246.89822482638886
0.9984375,12.025520833333333,16221.557291666666,0.19499531116990548,0.008048801925594208,0.4445295956607625,0.0031324617956064948,6.583854166666667,0.6323357442938196,0.1831936830407014,0.20768810379561192,0.22950903106101533,4.046484375,1579.2578125,0.002812557713617816,11.265625,1133.65,0.010402944282407267,44.7015625,89878.6625,0.026639636416686728,1574.0,4724.0,431.0,2657.0,6357.0,3.06875,10.3203125,16.9078125,0.1941325058508159,247.768098687066
0.9953125,12.008333333333333,16076.205729166666,0.19411864315824606,0.00865217999552202,0.4428658077490754,0.003127984718242598,6.5765625,0.6328070784177654,0.18215879207260358,0.20693990167937254,0.22913678897968953,4.0078125,1541.38828125,0.0030478759544337536,11.1828125,1032.95,0.011097623934489598,44.8359375,89258.73125,0.028623952220907505,1570.0,4704.0,420.0,2676.0,6410.0,3.060546875,10.2765625,16.940625,0.19506750416885726,249.96711805555552
0.996875,12.082291666666666,16069.827083333334,0.19527744941963568,0.008289670481708719,0.43982444980056823,0.003147249717808457,6.588802083333333,0.6437192861453573,0.18330796466294044,0.20813816493935974,0.23029467292669253,3.994921875,1514.05,0.0028618542818317676,11.3234375,1077.48125,0.010765753701318041,45.190625,89285.28125,0.027524852061607197,1597.0,4801.0,424.0,2660.0,6479.0,3.049609375,10.4296875,16.9046875,0.18872784840223558,252.92031141493058
0.9986979166666666,11.996354166666666,16290.666145833333,0.1945659235328787,0.007267374929504823,0.4365827570887745,0.003124864330988973,6.558072916666666,0.6507185342769071,0.1825497235214339,0.20756049269209775,0.22963615441943888,3.97265625,1710.88984375,0.0023686999126844993,11.2609375,996.384375,0.009598777486491112,44.8265625,89904.053125,0.02453067243979983,1578.0,4715.0,434.0,2663.0,6443.0,3.0359375,10.325,16.8796875,0.198510940980308,249.933840874566
0.9979166666666667,12.0015625,16154.768229166666,0.19526837961615465,0.00820206678809281,0.43776106683861593,0.0031262210210992445,6.48828125,0.6334244673002647,0.18340161527281013,0.20809365152383558,0.22991016508185166,3.997265625,1575.48125,0.0028283678741195676,11.3765625,971.059375,0.010727789322615868,44.64375,89655.625,0.027171139909462728,1617.0,4770.0,430.0,2660.0,6324.0,3.04375,10.4546875,16.3,0.1927766287152238,246.9911433919271
0.996875,11.9703125,16119.482291666667,0.1948680623537816,0.008226295946497268,0.42904013496992105,0.003118080880437614,6.489322916666667,0.6322064134360179,0.18292907750515475,0.20761637272203526,0.22987569138003536,3.988671875,1600.65234375,0.002843703745155354,11.225,1049.50625,0.010676366509479802,44.6421875,89264.778125,0.027306594188882382,1547.0,4745.0,452.0,2635.0,6403.0,3.01328125,10.3046875,16.578125,0.19931004484033168,248.16161865234375
0.99765625,11.940104166666666,16131.6765625,0.19525455508787287,0.008092366550850405,0.4350306840688043,0.0031102120777980378,6.547916666666667,0.6499890948745911,0.18354885939157883,0.20759539678567665,0.22973649617524527,4.048046875,1559.865625,0.0028299729983338596,11.05625,946.915625,0.01041060549554217,44.3921875,89603.68125,0.026823701816224826,1598.0,4637.0,418.0,2620.0,6370.0,3.08671875,10.16875,16.771875,0.19889785582455405,243.761516655816
0.9971354166666667,11.946354166666667,16100.188020833333,0.19526005920835207,0.00827202554620735,0.436198371948805,0.0031118401059303637,6.505208333333333,0.6458560404586476,0.18364906672785117,0.20675299264769315,0.23021109569101456,4.0140625,1625.10625,0.0028554032271795337,11.096875,833.88125,0.010676873848663459,44.525,89266.821875,0.02753366651986251,1583.0,4675.0,439.0,2603.0,6405.0,3.0515625,10.2203125,16.6046875,0.1984333234233918,246.07837212456602
0.99921875,11.9734375,16117.8734375,0.1964977182213222,0.008136340494778453,0.44144141156591477,0.003118894894503777,6.548958333333333,0.6536169472356345,0.1850056100277881,0.2081331049916239,0.23083076422515694,3.999609375,1460.8796875,0.0028462880323285216,11.1671875,1121.0375,0.01040968775005866,44.675,89742.684375,0.027023203089297974,1586.0,4675.0,416.0,2605.0,6457.0,3.058984375,10.2421875,16.815625,0.19440754089608256,247.36856526692702
0.9979166666666667,12.0015625,16138.339583333332,0.19548805145021006,0.00754394466190001,0.4406910427599802,0.0031262210210992445,6.513541666666667,0.6423642754849629,0.18385605220295548,0.2076524061058027,0.22985169378363562,4.013671875,1584.371875,0.0026335145289602653,11.2984375,1114.53125,0.009639326153967637,44.65625,89378.01875,0.02509028370159136,1543.0,4736.0,461.0,2580.0,6419.0,3.066015625,10.321875,16.4953125,0.19572864853530467,247.4520808919271
0.9979166666666667,12.013541666666667,16119.7953125,0.19559166388755467,0.008405812804234056,0.44240865237617755,0.0031293414083528696,6.5015625,0.6353073788259777,0.18400632457302832,0.20768471957308207,0.2298399654601327,4.060546875,1581.4046875,0.0030354449607779797,11.3,964.69375,0.010786858572414876,44.5390625,89428.459375,0.027506238409877544,1560.0,4754.0,440.0,2605.0,6369.0,3.077734375,10.3171875,16.38125,0.1972901331036839,244.88158745659723
0.9981770833333333,12.086458333333333,15975.3671875,0.19706793546498133,0.007868905803741057,0.4474819990632162,0.0031483350698966743,6.551822916666667,0.6411272946651728,0.18562851795293053,0.2086202698676586,0.23127327111050727,4.04375,1387.40078125,0.002817856410214644,11.30625,716.753125,0.010067299396618793,45.0375,89585.846875,0.025874709784968974,1538.0,4781.0,420.0,2650.0,6427.0,3.12421875,10.3890625,16.425,0.18999251205932163,250.7034624565972
0.9989583333333333,11.968229166666667,16197.678125,0.19558091351934176,0.007731062860711624,0.43715650440880854,0.003117538204393505,6.51484375,0.6344053266025501,0.1840820850128519,0.20726173164531586,0.22989540941932735,4.00625,1565.25546875,0.0026955396099458983,11.103125,1111.6375,0.009852983841934337,44.68125,89813.409375,0.025751234882551814,1565.0,4680.0,446.0,2646.0,6403.0,3.063671875,10.1984375,16.6359375,0.19644940047444756,246.75367811414932
0.9971354166666667,12.058333333333334,16071.938541666666,0.19561588284294154,0.007908035046277547,0.44526993008190197,0.003141008943301207,6.599479166666667,0.6523410504492052,0.18386160978419902,0.2079908252297878,0.23025803269106548,4.056640625,1580.0671875,0.002869701151515431,11.2484375,874.11875,0.009998499757268778,44.875,89237.24375,0.025970905914334774,1564.0,4764.0,451.0,2616.0,6413.0,3.090234375,10.3484375,16.8875,0.19375687180366352,249.14399305555557
0.99765625,12.0,16199.5234375,0.194737018071028,0.008013253776343997,0.4342630047216367,0.003125814014066163,6.499479166666666,0.6395399305555556,0.1829346936881072,0.20725187741945694,0.2294314562542822,4.03203125,1739.084375,0.002819994624059625,11.2546875,1121.528125,0.010294515276987689,44.6171875,89119.275,0.0265050288848378,1585.0,4717.0,449.0,2600.0,6429.0,3.04453125,10.328125,16.490625,0.20294590164340276,246.10052083333332
0.9973958333333334,11.990104166666667,16168.499479166667,0.19482183874798037,0.007871480857175298,0.43331384759674824,0.0031232363028566466,6.534114583333333,0.6451935189609487,0.18303498134097118,0.2072626494150847,0.22952845770891273,3.99296875,1676.07734375,0.0027325555886938088,11.35,1197.64375,0.010082408178704226,44.61875,89109.04375,0.02621625460957234,1560.0,4759.0,429.0,2647.0,6378.0,3.050390625,10.39375,16.609375,0.19881631253309634,247.53583957248264
0.9958333333333333,11.9625,16167.533333333333,0.1937275366717896,0.007732959279221711,0.4270245236752677,0.0031160458452722064,6.4390625,0.6429815395332636,0.1818155008752113,0.20634413793330925,0.22875907859658318,3.984765625,1780.73359375,0.0026228951156752472,11.3734375,1191.70625,0.010004335035275556,44.4625,88690.559375,0.025901840177353724,1589.0,4725.0,443.0,2587.0,6414.0,3.014453125,10.390625,16.1859375,0.20279904159569356,246.99338541666665
0.99765625,11.988541666666666,16179.247395833334,0.19484301957486452,0.00832935271221715,0.43543348479211624,0.003122829295823565,6.567447916666667,0.6433660613432965,0.18310487860340402,0.20710264455758098,0.22953595847798997,3.984375,1685.44375,0.0028321773139163577,11.2203125,1014.025,0.010848234904560963,44.7734375,89319.684375,0.027799172113076503,1571.0,4741.0,443.0,2647.0,6416.0,3.04140625,10.3296875,16.909375,0.196926700811732,248.92747287326395
0.9981770833333333,12.108854166666667,16120.2828125,0.19586972839587488,0.008103930793238573,0.4407761553329088,0.003154168837370843,6.61640625,0.6361133812206977,0.18416138493655784,0.20805655487858116,0.23051627575043682,3.996484375,1587.81953125,0.0028107036715041634,11.4296875,1046.53125,0.01043708634832006,45.2375,89323.8875,0.02694368372509472,1588.0,4797.0,440.0,2665.0,6488.0,3.05859375,10.4828125,16.98125,0.1947059036818764,255.3496091037326
0.996875,12.0515625,16139.159375,0.19476897781928854,0.00814202861502312,0.4291291802364194,0.003139245246157854,6.568229166666667,0.6491637495138078,0.18287365205571504,0.20726760506146374,0.22985165363140742,3.99296875,1612.4875,0.0028096161025623428,11.3265625,1202.778125,0.010494279247951186,45.0109375,89182.228125,0.027119428031938165,1573.0,4735.0,442.0,2644.0,6500.0,3.037890625,10.3578125,16.9,0.19977406463739283,251.8155704752604
0.9981770833333333,12.069270833333333,16139.572395833333,0.19553882229854366,0.008333406561266127,0.4330165313919847,0.0031438579925327777,6.588541666666667,0.6509731152634531,0.18375863781478005,0.2078990500839296,0.23029933244821219,3.98984375,1572.91796875,0.002917408072713454,11.334375,1164.503125,0.010655168894652225,45.121875,89381.259375,0.027675638182090723,1549.0,4753.0,456.0,2649.0,6493.0,3.038671875,10.3609375,17.015625,0.19586101583857068,252.9139515516493
0.9971354166666667,11.905729166666667,16250.554947916668,0.19396784213090842,0.008374107805243178,0.4378879326917241,0.003101257923070244,6.508333333333334,0.6583402598538869,0.18215591930348568,0.2065526962286323,0.22863067934287554,3.966015625,1816.0078125,0.0029229859006418223,11.10625,807.003125,0.010699502314609092,44.4640625,89432.2953125,0.027853200914282693,1583.0,4651.0,434.0,2641.0,6383.0,2.9921875,10.25625,16.825,0.20187181142652078,246.30934217664932
0.996875,11.913020833333333,16182.381770833334,0.19425907930428846,0.008380007255277417,0.4338564466827072,0.0031031572892246243,6.532552083333333,0.6366458269575482,0.18252417069809396,0.20672793006583268,0.22872986296752212,3.98515625,1612.75859375,0.0029277560743880384,11.11875,1080.578125,0.010757569256416133,44.41875,89562.678125,0.02781144997769621,1542.0,4677.0,445.0,2641.0,6358.0,3.014453125,10.1953125,16.9421875,0.1993629587944587,244.5684762912326
0.996875,11.959375,16215.116666666667,0.19409302961956984,0.00844346998377844,0.43742497633677757,0.0031152318312060432,6.555208333333334,0.6369218709171675,0.18236174886118794,0.2063139327171669,0.2287972495555004,3.987890625,1743.86640625,0.0029805820160227156,11.2375,865.8625,0.01086357889964023,44.5671875,89449.371875,0.027874912938939556,1556.0,4750.0,438.0,2666.0,6321.0,3.04921875,10.3171875,16.8171875,0.19372307225729396,245.99678710937496
0.99765625,12.002083333333333,16182.877604166666,0.19481576657559094,0.008344176978764382,0.4308553184242649,0.0031263566901102717,6.60390625,0.6447231383440375,0.18296474438172622,0.20739085493119552,0.22964476699544525,3.998828125,1646.75546875,0.0028792781348951878,11.2046875,934.528125,0.010761277548304356,44.8125,89575.715625,0.027786671784701178,1516.0,4785.0,432.0,2654.0,6454.0,3.047265625,10.33125,17.103125,0.20229192271938592,248.95520399305556
0.99609375,12.059375,15988.109895833333,0.19545916215915735,0.008227812216560255,0.43613667364374464,0.0031412802813232613,6.676041666666666,0.6407532175865941,0.18365053441866452,0.20780089889169076,0.23035193638859516,4.041015625,1527.66328125,0.0029038706142810065,11.2328125,881.784375,0.010548582127017711,44.959375,88936.221875,0.027202808715219795,1574.0,4713.0,417.0,2712.0,6412.0,3.07578125,10.290625,17.4625,0.1967003963065599,250.58709960937497
0.9979166666666667,11.9921875,16282.878645833332,0.19403296116153163,0.008232014425975551,0.43628305714109744,0.0031237789789007554,6.613020833333334,0.6537242128121606,0.182264032422331,0.20669394568366073,0.2284476915962051,3.997265625,1736.73984375,0.0027802434985016162,11.26875,878.559375,0.010845984614243095,44.6953125,89871.753125,0.02742512794760375,1566.0,4764.0,425.0,2678.0,6363.0,3.031640625,10.390625,17.1609375,0.19840637238203443,246.6129597981771
0.9979166666666667,11.992708333333333,16099.378125,0.19565630871212397,0.008259829351112186,0.432162234244547,0.0031239146479117826,6.5890625,0.6450099887084165,0.18400014388964356,0.20788419287190907,0.2300530838422607,3.979296875,1482.640625,0.0028409658404448613,11.253125,1168.95625,0.010776800585788874,44.7859375,89496.75,0.027418312159104802,1579.0,4690.0,423.0,2685.0,6422.0,3.040625,10.2546875,17.1171875,0.1949183109455623,248.26088433159728
0.996875,11.915625,16044.5421875,0.19550990773154886,0.008096688914956145,0.4373810311078518,0.0031038356342797603,6.452083333333333,0.6483958387970976,0.18388016157952283,0.2076690515595391,0.22986974851166267,3.9765625,1463.36171875,0.002831524545415861,11.0421875,1161.671875,0.010363465556937753,44.5453125,89252.134375,0.026890569751135667,1557.0,4619.0,411.0,2658.0,6407.0,3.046875,10.109375,16.415625,0.19648095784408728,246.2720475260417
0.99765625,11.8953125,16196.666145833333,0.1946254449738151,0.008137148373438974,0.43448188685042644,0.0030985445428497005,6.421614583333334,0.6223127107141293,0.18297514264306272,0.20700611379438077,0.2288459854762591,3.99921875,1589.96015625,0.002832822023904631,11.0625,980.353125,0.01048273868517705,44.3125,89839.803125,0.027008863459838273,1534.0,4673.0,431.0,2629.0,6318.0,3.04375,10.1390625,16.215625,0.19369861995823018,243.8932071940104
0.9971354166666667,11.975,16171.159895833332,0.1946088489165904,0.008239751494522414,0.4390393480271952,0.0031193019015368587,6.546614583333334,0.6426148225469729,0.18295957973702057,0.2069806991729532,0.22883407537850692,4.0359375,1535.39140625,0.002861871993285169,11.0703125,872.728125,0.010610001462896559,44.6359375,90012.665625,0.02738101953109725,1539.0,4695.0,415.0,2660.0,6395.0,3.094140625,10.1953125,16.7078125,0.1986790504307569,247.07124999999996
0.9984375,11.942708333333334,16221.95625,0.19492712136839227,0.007961664059941906,0.4358719667625723,0.0031108904228531738,6.531770833333334,0.6457043174880069,0.18330504306925138,0.20739473351384402,0.228947822419504,4.01796875,1534.48359375,0.002700873948918886,11.26875,942.15625,0.010368127585913689,44.315625,90251.646875,0.02659836097806221,1534.0,4774.0,422.0,2666.0,6268.0,3.066796875,10.328125,16.5953125,0.1954455185910828,244.11234266493054
0.99765625,12.028645833333334,16205.9484375,0.19465394965552135,0.008001811696483866,0.4297313578234153,0.003133275809672658,6.551302083333334,0.6333838493180342,0.1828246107441219,0.2072145173934425,0.22941073756319796,4.002734375,1739.2328125,0.0027023592273215484,11.3234375,1008.028125,0.010411583092331037,44.8375,89270.73125,0.026789850177285968,1557.0,4778.0,436.0,2680.0,6410.0,3.021875,10.4125,16.8078125,0.2021500530292483,250.5002210828993
0.99921875,11.960416666666667,16421.8390625,0.1937375728695998,0.008536087026991193,0.430151824846617,0.0031155031692280976,6.569270833333333,0.6199703884340707,0.18200854446999065,0.2063401954393298,0.2280510638983066,3.995703125,1876.61796875,0.002953348577537431,11.2765625,1212.15625,0.011017973790099963,44.503125,89812.40625,0.028385154061697476,1559.0,4725.0,452.0,2610.0,6409.0,3.028125,10.3375,16.965625,0.2051599343435976,245.9229123263889
0.9981770833333333,11.990104166666667,16201.893229166666,0.19512735349405627,0.00794842384406992,0.43288133437872867,0.0031232363028566466,6.591927083333333,0.6370705008470527,0.18338748850057277,0.2076005578607572,0.22961360910128942,4.040625,1635.55390625,0.002752088285185694,11.228125,874.55625,0.010265504539771975,44.55,89794.5875,0.02641668538390477,1552.0,4743.0,452.0,2618.0,6379.0,3.083203125,10.35,16.86875,0.20489673117777227,246.84833957248264
0.9979166666666667,11.951041666666667,16118.810416666667,0.1955600739140365,0.0077882901723608285,0.426255306997643,0.0031130611270296085,6.4921875,0.6377146343589296,0.18391622089769552,0.20775518777918264,0.2299403721142542,4.03828125,1506.678125,0.0026866264798006186,11.153125,910.225,0.010065190531283876,44.4,89775.925,0.025918044583678627,1575.0,4656.0,428.0,2661.0,6328.0,3.076953125,10.23125,16.4140625,0.20194564896977804,244.14135308159723
0.9981770833333333,11.985416666666667,16141.4421875,0.19552092204300925,0.0077770435088912295,0.4341278841368927,0.0031220152817574023,6.550260416666666,0.647488266991135,0.18379176008248693,0.20802064089828254,0.2299378510298252,4.0203125,1507.040625,0.0026131406755980744,11.196875,1141.665625,0.010130456478529126,44.634375,89678.825,0.02607924187242595,1570.0,4712.0,418.0,2686.0,6368.0,3.050390625,10.2875,16.8125,0.19940461627121092,247.20187065972223
0.99765625,12.0390625,16166.205729166666,0.1950043588289091,0.007788049215409274,0.4448195830946922,0.0031359891898932015,6.615625,0.6311486048020766,0.18324465519526867,0.20748654739087122,0.2295609848015086,4.029296875,1512.19296875,0.0026366094361205497,11.278125,1095.040625,0.010137237796212532,44.8390625,89853.421875,0.026044619751760912,1592.0,4708.0,410.0,2687.0,6405.0,3.0828125,10.321875,17.040625,0.19601485372432043,249.91149495442707
0.9984375,12.030729166666667,16291.8,0.1944045944444367,0.007473768378869353,0.431230455425332,0.0031338184857167663,6.637760416666667,0.645266028832417,0.1826738311394793,0.20701347012749993,0.228718771981203,3.9890625,1692.6359375,0.0024834412789109554,11.3109375,1176.4625,0.009818164046054925,44.9171875,89803.79375,0.025090681111517365,1555.0,4780.0,439.0,2652.0,6457.0,3.035546875,10.3984375,17.2859375,0.19874253582504722,250.41103488498268
0.996875,12.007291666666667,16174.990625,0.1942375046124364,0.007934574847725088,0.4307017378187777,0.0031277133802205437,6.527864583333334,0.6401492148867876,0.1824944030890317,0.20676221400485803,0.2286852013136337,4.01328125,1588.8046875,0.0026980828379582953,11.25,1110.646875,0.010322194026406129,44.740625,89584.078125,0.026492923708111217,1572.0,4722.0,442.0,2680.0,6376.0,3.044921875,10.2984375,16.6890625,0.19781920189358973,247.1296343315972
0.99765625,11.999479166666667,16144.074479166668,0.1950824264929996,0.007997480543895177,0.4333198641602421,0.0031256783450551357,6.603125,0.637223837840184,0.18349765626341266,0.20713067745028296,0.22937325645406387,3.99375,1619.83359375,0.0027097235128413577,11.165625,965.30625,0.0104368144444076,44.85625,89419.80625,0.026709174767598026,1542.0,4740.0,423.0,2660.0,6442.0,3.049609375,10.2984375,17.121875,0.1967844030363856,248.941145562066
0.99609375,11.9984375,15925.758854166666,0.19597621395607973,0.007889076194517798,0.4413546280246829,0.0031254070070330813,6.611979166666667,0.6430524807917698,0.18435314442137013,0.20803394816393816,0.2304107578870597,4.034375,1405.44453125,0.002738209485633069,11.0921875,820.2625,0.01025400795099491,44.7609375,89112.5125,0.026127611273579605,1553.0,4706.0,424.0,2669.0,6406.0,3.0703125,10.2453125,17.1453125,0.1987441698973714,247.64478922526044
0.99609375,12.013541666666667,15996.9078125,0.19534223319955762,0.008088259929895947,0.43969840206764715,0.0031293414083528696,6.505989583333333,0.6368247637214949,0.1837253821035554,0.20750873833817848,0.22964313244494558,4.080859375,1414.49296875,0.0028305097575393383,11.23125,1086.871875,0.010525626222420755,44.5265625,89236.603125,0.026681894326797573,1566.0,4694.0,411.0,2641.0,6362.0,3.08984375,10.28125,16.3953125,0.20001014615337623,245.0248166232639
0.99765625,11.994270833333333,16035.9640625,0.19610150889764524,0.007912504444985764,0.4387599302280005,0.003124321654944864,6.5859375,0.6543922879847149,0.1846087655517504,0.20791465026238848,0.23025934091648131,4.009765625,1539.04765625,0.0027337633790838777,11.1640625,818.709375,0.010301971016099542,44.7625,89240.884375,0.026238002137479545,1588.0,4678.0,420.0,2646.0,6413.0,3.06171875,10.2765625,16.9921875,0.19453560897695524,247.92705050998268
0.99765625,11.945833333333333,16234.2453125,0.19444137648553864,0.0075338781041076235,0.4357471659946432,0.0031117044369193365,6.576822916666667,0.6519009417509591,0.18281128498943672,0.20669645141186263,0.22870666754362223,4.025,1739.203125,0.0026140008215206996,11.1328125,964.821875,0.00978644961068722,44.4421875,89483.8375,0.024960815727875726,1580.0,4665.0,426.0,2668.0,6320.0,3.060546875,10.2390625,16.9796875,0.19845769327977128,244.48821180555552
0.9963541666666667,11.9671875,16123.842708333334,0.194325834967877,0.008013830467835846,0.4374787640631154,0.0031172668663714508,6.5859375,0.6518257387822605,0.1827756275314706,0.20635752760996945,0.2284949720714101,4.041015625,1575.80078125,0.0027465641653486887,11.1453125,1047.10625,0.010484645992489192,44.49375,89392.746875,0.026612080153131122,1567.0,4690.0,433.0,2692.0,6269.0,3.08359375,10.253125,16.928125,0.19380698477624492,242.73017333984373
0.99921875,11.944791666666667,16253.044791666667,0.19512949681336578,0.007871917901252724,0.4419993824342458,0.003111433098897282,6.509375,0.6510421208685794,0.18371898765653505,0.20689418028140266,0.22900684997265203,4.03515625,1631.24140625,0.002718104261139847,11.1015625,1067.703125,0.010265349557805736,44.4265625,89925.6,0.02609374080515122,1570.0,4690.0,432.0,2670.0,6287.0,3.0828125,10.203125,16.521875,0.19405964961889094,243.10320203993055
0.9984375,11.997916666666667,16363.373958333334,0.19368406655440482,0.008024308254093237,0.43175001884937864,0.0031252713380220546,6.573697916666666,0.6259767320715401,0.18184690279297958,0.20659204424219696,0.22812474391231366,4.003515625,1776.446875,0.0026925414152726445,11.3546875,1442.66875,0.010521808266901666,44.61875,89631.7875,0.026853875596567177,1580.0,4788.0,463.0,2660.0,6322.0,3.028515625,10.440625,16.8875,0.19788180265196958,246.2734331597222
0.9984375,11.958333333333334,16258.646354166667,0.19461787736427702,0.007993837193155983,0.43729948194015267,0.003114960493183989,6.50625,0.6230400696864111,0.1830521932063612,0.20675114355705734,0.22874734780316,3.99453125,1680.6515625,0.0027569527019704852,11.2515625,1240.490625,0.010355944588548688,44.5203125,89588.78125,0.02657926776250526,1551.0,4768.0,454.0,2682.0,6270.0,3.0328125,10.3265625,16.5796875,0.19198959828011017,245.43107638888887
0.9986979166666666,12.0328125,16239.181770833333,0.19498975248697878,0.008044089538934556,0.43653737928544994,0.003134361161760875,6.58515625,0.6397437562221356,0.1832451152701256,0.2074008279276926,0.2295572259136777,4.026171875,1713.909375,0.002754359036528709,11.2765625,1072.6375,0.010410765143863234,44.815625,89506.815625,0.026836335943629257,1621.0,4714.0,437.0,2658.0,6419.0,3.06875,10.3515625,16.884375,0.19793398989121824,248.6536108398437
0.9981770833333333,12.078645833333333,16086.341666666667,0.19596685942579448,0.00796852896302438,0.4407662840385381,0.003146300034731267,6.59375,0.6478806433530249,0.18434386123479157,0.20793289927991943,0.23049281233568125,4.1046875,1482.87265625,0.0027213224706388933,11.2,1036.559375,0.010439216482146532,44.853125,89550.0,0.026486667413444166,1571.0,4747.0,440.0,2677.0,6390.0,3.10234375,10.3046875,16.8484375,0.20071188543002683,247.47923149956597
0.9986979166666666,11.957291666666666,16151.59375,0.19578948387143236,0.007882063492718704,0.44471291896878345,0.0031146891551619344,6.512760416666667,0.6419984319191567,0.18409737949622768,0.20812248870960107,0.23022489653408237,4.030859375,1465.92109375,0.002643651418034008,11.0828125,923.640625,0.010338126709412889,44.5375,90122.2375,0.026379648574763305,1559.0,4704.0,420.0,2639.0,6353.0,3.08671875,10.178125,16.5515625,0.19165877435011175,246.1304676649306
0.9989583333333333,12.072916666666666,16160.796354166667,0.19579854550222067,0.008031618148062499,0.4399964688894697,0.003144807675609968,6.56640625,0.6333908541846419,0.18412989177355002,0.20812805732170725,0.23014364859741687,4.046484375,1481.27109375,0.002706761137620798,11.375,1099.1875,0.010596367563515455,44.8765625,89940.50625,0.026766296774376353,1596.0,4752.0,421.0,2673.0,6373.0,3.08046875,10.3828125,16.69375,0.19048476344429946,249.33478732638886
0.9958333333333333,11.991145833333333,16029.215625,0.19479483596136943,0.008283664979787922,0.4316385035964521,0.003123507640878701,6.551041666666666,0.6496981279589975,0.18305593294162437,0.20713995116852332,0.2294053328331957,3.980859375,1423.125,0.002830622023833812,11.2515625,1062.065625,0.010814741940224738,44.771875,89420.728125,0.02756475984316755,1567.0,4739.0,445.0,2694.0,6328.0,3.046875,10.31875,16.8,0.18923195776530047,248.7947132703993
0.9984375,11.994791666666666,16062.422395833333,0.19619858187170897,0.008199950939113137,0.4371470770989542,0.0031244573239558914,6.5140625,0.6309161962657404,0.18459108486151746,0.20826734505462596,0.23055980672955786,4.014453125,1346.1578125,0.0028028010113000114,11.2828125,1118.746875,0.010677488581258582,44.628125,89871.15625,0.027311013008220197,1513.0,4796.0,433.0,2596.0,6388.0,3.053515625,10.3375,16.5328125,0.19080370191581655,246.84841037326393
0.9989583333333333,11.967708333333333,16284.306770833333,0.19476736606101538,0.007969098835841928,0.432742211896566,0.003117402535382478,6.497916666666667,0.6356514927321786,0.18304148352303878,0.2071672409221371,0.2292710213518001,4.008984375,1598.0125,0.0027032737776949583,11.2375,1392.40625,0.010333250876464861,44.5328125,89921.384375,0.026668247027806867,1534.0,4751.0,448.0,2690.0,6284.0,3.04765625,10.265625,16.53125,0.192205463219305,246.38385308159724
0.996875,11.961979166666667,16169.565625,0.19440837250762014,0.008074193203275796,0.4291705852201366,0.003115910176261179,6.568489583333333,0.6540688814385858,0.18249401835454443,0.20715335509801253,0.22932080652953069,4.021484375,1624.390625,0.0027620584930950743,11.109375,1108.25,0.010405655055595611,44.5765625,89411.58125,0.026991270191678872,1568.0,4669.0,439.0,2678.0,6352.0,3.08828125,10.19375,16.8640625,0.1970041248036543,246.43761691623268
0.99765625,11.933333333333334,16124.978645833333,0.1952952795285149,0.007999141824071328,0.4363502239740728,0.003108448380654684,6.445833333333334,0.621901187150838,0.18356866758879065,0.20768373104713764,0.22981327576878904,4.008203125,1536.22109375,0.0027519684480692645,11.259375,936.709375,0.010430805439896587,44.3078125,89668.278125,0.026556171712254318,1546.0,4793.0,427.0,2679.0,6220.0,3.038671875,10.3625,16.1578125,0.19388751372776167,243.70024305555555
0.9981770833333333,11.853645833333333,16154.971354166666,0.1953386345402862,0.007620097748827419,0.43104463772348345,0.0030876910219675264,6.476041666666666,0.6604420229359814,0.18377269891055775,0.20746597893905908,0.229475032660427,4.025390625,1480.30390625,0.0026479392596089864,11.0875,1102.221875,0.009823580092027153,43.9328125,89906.390625,0.02530524936250141,1581.0,4651.0,429.0,2612.0,6212.0,3.06953125,10.1484375,16.4296875,0.19281553841002833,239.20670545789935
0.99921875,11.825520833333334,16337.880208333334,0.19437978534956202,0.0075498267512637725,0.4278857639520722,0.0030803648953720585,6.50546875,0.6469500110107905,0.18271277218205934,0.20689175864109552,0.22853586472803925,4.009375,1643.2359375,0.002542519224899831,11.1109375,1005.084375,0.00983041986423747,43.8046875,90449.253125,0.025298463743745836,1551.0,4656.0,430.0,2641.0,6214.0,3.064453125,10.1625,16.6125,0.20343350989925682,237.85289035373262
0.9981770833333333,11.831770833333334,16347.713020833333,0.19367028876603964,0.007538362459251596,0.4365661454907194,0.003081992923504385,6.486458333333333,0.6392129242417572,0.18198912995152178,0.2061393027102822,0.22792591007986873,4.01328125,1662.40234375,0.0026152492781975163,11.0921875,964.171875,0.00965940066909774,43.8453125,90472.496875,0.025109776973621767,1558.0,4666.0,433.0,2621.0,6206.0,3.055859375,10.1921875,16.503125,0.19855573760078127,239.01180311414927
0.9979166666666667,11.8265625,16212.815625,0.19471543146880368,0.007471940888744319,0.4265368195374792,0.003080636233394113,6.409895833333334,0.6304223367243581,0.18287361627952414,0.20754259844422024,0.22925552525050524,3.983984375,1617.2234375,0.002490679587800226,11.0953125,848.921875,0.009811480636768462,43.928125,89959.078125,0.025057446344496546,1566.0,4695.0,414.0,2570.0,6292.0,3.0171875,10.2484375,16.1421875,0.19785262903580741,239.90169026692703
0.99765625,11.877083333333333,16154.069270833334,0.19503963749124759,0.007121002230093267,0.43918777374111584,0.0030937961274637494,6.41875,0.619540431503245,0.18327141972018315,0.20770905157783465,0.2294430944889183,4.03828125,1575.06484375,0.002345728137410816,11.1421875,822.315625,0.009364911998736312,43.9671875,89801.840625,0.023978188832180024,1558.0,4698.0,426.0,2565.0,6311.0,3.048046875,10.2140625,16.10625,0.20366794063072427,241.04530815972223
0.99765625,11.864583333333334,16298.778645833334,0.19382356477716367,0.007542485363243579,0.4311914754482429,0.003090540071199097,6.427604166666667,0.6343283582089553,0.18191712055349257,0.20675455517303298,0.22851835127597853,3.992578125,1676.4359375,0.0024886713261208305,11.1171875,1057.528125,0.009901039823359992,44.1,90029.4,0.02539918705161816,1545.0,4740.0,413.0,2565.0,6357.0,3.036328125,10.2578125,16.1625,0.20069276463286942,242.19207899305553
0.9971354166666667,11.866666666666667,16129.840625,0.19501857661858735,0.0077756827816947175,0.43529679352149014,0.003091082747243206,6.447916666666667,0.628686797752809,0.18320173147396987,0.20778280014494083,0.22952173367070378,4.017578125,1577.1546875,0.0026655825357706437,11.0875,1055.95625,0.010103969326746082,44.0421875,89414.46875,0.025887797220339646,1552.0,4681.0,407.0,2604.0,6310.0,3.041015625,10.1875,16.3359375,0.20084062726903398,241.8634722222222
0.9973958333333334,11.934375,16135.683333333332,0.19505049065869948,0.008034897635932218,0.43491236308862874,0.0031087197186767386,6.469010416666666,0.627214803177097,0.18329035628665014,0.2075183169258225,0.22962320187977375,4.028125,1538.91953125,0.0027495369264526497,11.128125,1019.90625,0.010449218508774054,44.365625,89638.515625,0.026762019601008658,1554.0,4701.0,392.0,2602.0,6403.0,3.0578125,10.2328125,16.35,0.19906637381151907,244.59777669270827
0.9986979166666666,11.891145833333333,16246.265104166667,0.19499187551599023,0.007977025269436566,0.42654730510837,0.003097459190761483,6.458854166666667,0.6406202093644606,0.18320180198680197,0.20745453813350964,0.22968950701522378,4.00859375,1753.05859375,0.0026551957988817875,11.0546875,783.853125,0.01042466647619927,44.2578125,89681.503125,0.026816701944892975,1581.0,4655.0,429.0,2574.0,6418.0,3.020703125,10.1734375,16.496875,0.2061236440360249,244.4944007703993
0.996875,11.7890625,16258.198958333332,0.19359164900673384,0.007668113660204732,0.43344273979661546,0.0030708680646001564,6.378645833333334,0.6414402474044621,0.18179464298290013,0.20649096879428197,0.22788035331452078,3.979296875,1615.3640625,0.002599679856902536,11.1109375,1123.721875,0.010024304824404714,43.70625,89964.015625,0.025585657709213533,1534.0,4665.0,407.0,2541.0,6292.0,2.998828125,10.1796875,16.096875,0.2012029680139174,238.70602620442708
0.9986979166666666,11.916145833333333,16220.2890625,0.19532590163877545,0.007764568421344263,0.4360553564326285,0.0031039713032907875,6.466666666666667,0.6162856768215395,0.18362452279669506,0.20781848040811618,0.2296388382377562,3.976171875,1579.6234375,0.0026594978643975395,11.2828125,990.025,0.010095727251686231,44.309375,90013.215625,0.02585369181878918,1595.0,4666.0,395.0,2628.0,6344.0,3.03125,10.3140625,16.3609375,0.1953048091631076,245.2627601453993
0.9986979166666666,11.966145833333334,16164.299479166666,0.19576435915262216,0.008155011547226195,0.4369204501022322,0.0031169955283493964,6.522916666666666,0.617323177366703,0.1840678131683914,0.20812121799085181,0.23019368425131542,4.023046875,1537.6875,0.002837830340286612,11.10625,1039.396875,0.010518403123879614,44.5984375,89795.65,0.027060344798331117,1575.0,4682.0,420.0,2619.0,6410.0,3.068359375,10.2109375,16.653125,0.19570835634134315,247.76656222873262
0.9966145833333333,11.895833333333334,16104.5921875,0.19477002039380095,0.00800337124943934,0.4333251835113911,0.0030986802118607277,6.503385416666666,0.644614711033275,0.183007309206014,0.20725633990978057,0.2293345456289689,4.020703125,1549.49453125,0.00285578389894848,11.00625,1001.859375,0.010126099910928898,44.2859375,89427.715625,0.026470991989913206,1552.0,4626.0,439.0,2569.0,6385.0,3.06796875,10.10625,16.6421875,0.1974417304838996,244.56935763888887
0.9994791666666667,11.893229166666666,16210.0578125,0.1957759206461885,0.007816848450225943,0.4338765951263428,0.0030980018668055917,6.470052083333333,0.6342456754981388,0.18417032585412324,0.20793338711327675,0.23004083334736142,3.998046875,1550.62578125,0.002750018542592243,11.0828125,898.60625,0.00998514982104901,44.284375,90159.2375,0.025915866709937663,1558.0,4635.0,415.0,2621.0,6346.0,3.025,10.175,16.5453125,0.19792911009477884,244.269329155816
0.99921875,11.866145833333333,16178.903645833334,0.19582047216488796,0.008002356354279396,0.4388007549412631,0.0030909470782321787,6.427864583333333,0.6366589123469253,0.1842744460754107,0.207909199027937,0.22991584965974798,4.023828125,1496.7203125,0.002808956601123015,10.978125,973.13125,0.010212828545955017,44.1234375,90113.409375,0.026565483175229297,1558.0,4657.0,434.0,2596.0,6303.0,3.05390625,10.10625,16.2453125,0.19490912684465603,242.05708306206594
0.9963541666666667,11.859375,16080.5,0.1948776777385032,0.008150003022280323,0.43915790872966115,0.003089183381088825,6.470833333333333,0.6364953886693017,0.1830864359110843,0.2071809155638901,0.22973940722279176,4.0421875,1530.96171875,0.0028352912190746154,10.996875,1359.134375,0.010515902457639356,43.990625,89000.01875,0.027042950799744125,1568.0,4616.0,402.0,2629.0,6316.0,3.03984375,10.1109375,16.5546875,0.20552063564523626,241.51251627604168
0.9989583333333333,11.893229166666666,16188.452604166667,0.1957053480912651,0.008082382331489514,0.4419091627623464,0.0030980018668055917,6.477083333333334,0.6251368513247209,0.18409224657437231,0.20762545461447274,0.23023764763562876,4.048046875,1558.97265625,0.00285512762484453,11.1,1199.878125,0.010341420518822964,44.0671875,89694.946875,0.026732362970736,1529.0,4669.0,433.0,2574.0,6321.0,3.059765625,10.153125,16.4703125,0.20175976869675014,241.93026665581598
0.9984375,11.853125,16391.853645833333,0.19348528567072026,0.007942414557253712,0.4302015257274515,0.003087555352956499,6.503645833333334,0.6244397574479303,0.18180393810282397,0.205954428382352,0.22774153323067364,4.008203125,1752.42890625,0.0027777616822185413,11.1890625,1194.90625,0.010213896981536047,43.896875,90146.5,0.026329543633112053,1559.0,4686.0,437.0,2588.0,6246.0,3.072265625,10.1921875,16.540625,0.19678506358688289,239.24353190104173
0.9981770833333333,11.833333333333334,16287.925,0.19431642633383686,0.008132111536080273,0.43004881152241625,0.0030823999305374665,6.477864583333333,0.6345070422535212,0.1825669433452531,0.2067885954509993,0.2288421891710093,3.998046875,1775.65546875,0.0028754457306805494,11.003125,1095.59375,0.010417783490242683,44.0046875,89529.334375,0.02687310280351677,1579.0,4592.0,436.0,2618.0,6309.0,3.026953125,10.0796875,16.6796875,0.20271143806922762,240.80451388888886
0.99921875,11.827083333333333,16220.0546875,0.1955829511619869,0.00848809313718424,0.430101250024155,0.00308077190240514,6.452864583333334,0.6243614585168222,0.1840612894778356,0.2075393644470452,0.2297131846135338,4.005078125,1559.653125,0.003046002629216583,11.0703125,1123.84375,0.010796764056723154,43.871875,89957.871875,0.02794778424951595,1540.0,4617.0,413.0,2631.0,6267.0,3.030078125,10.1109375,16.4859375,0.20234061746548165,239.63207899305553
0.9971354166666667,11.830729166666666,16216.6453125,0.19423196754269528,0.008486631208109819,0.43841911771042824,0.0030817215854823305,6.484895833333334,0.6265463350209113,0.18267925748790054,0.20629109552211,0.22838367978245974,4.051953125,1630.8875,0.0031070390413703024,11.0546875,1040.33125,0.010714956055762523,43.721875,89735.990625,0.02777667502741517,1544.0,4612.0,420.0,2650.0,6150.0,3.091015625,10.0984375,16.446875,0.1987731517110541,237.60468071831602
0.9989583333333333,11.800520833333334,16232.5140625,0.19523863071107575,0.007993975331372636,0.441189188725719,0.0030738527828427543,6.361458333333333,0.6569713554309926,0.18381726232278525,0.20709235544833007,0.22907037952698364,3.996875,1493.2109375,0.002807713798539461,11.046875,997.565625,0.010294260709352205,43.76875,90424.675,0.02643873608472578,1565.0,4575.0,414.0,2648.0,6163.0,3.041796875,10.08125,15.9203125,0.1936279135040255,238.35499972873262
0.9984375,11.836979166666667,16248.44375,0.19469860728671648,0.00795241385299809,0.43404380503642936,0.0030833496136146565,6.473697916666667,0.6215514586175034,0.18320690020806846,0.20683029669353603,0.22853374619448905,4.009765625,1561.434375,0.0028433570682055384,11.096875,988.134375,0.010201955669649206,43.8859375,90256.790625,0.026139099175517183,1539.0,4676.0,451.0,2561.0,6217.0,3.07734375,10.18125,16.3515625,0.1928857939219737,238.67863254123267
0.99765625,11.875520833333333,16154.988020833332,0.19498847381151016,0.007843710748841236,0.43515895032026175,0.003093389120430668,6.45,0.6387439147405816,0.18343370807885,0.20718246082838254,0.2290135497252786,4.03359375,1506.4078125,0.0028059257270293377,11.1375,1138.878125,0.010039688724954764,43.98125,89765.41875,0.025798872859975296,1489.0,4678.0,438.0,2579.0,6271.0,3.0875,10.15,16.2,0.19685755816279485,240.89856743706596
0.9971354166666667,11.909895833333334,16024.070833333333,0.1958496096343851,0.008470501333605548,0.4432007174648292,0.0031023432751584616,6.54765625,0.6338391568636026,0.1842995833128418,0.2078012674693383,0.2300980570856052,4.051953125,1374.1734375,0.003112101528794952,11.003125,1066.11875,0.010715252142251577,44.2484375,89581.6125,0.027659349744201905,1505.0,4681.0,421.0,2622.0,6283.0,3.101953125,10.0984375,16.7796875,0.19076103590320972,242.34344373914925
0.9981770833333333,11.811458333333333,16156.833854166667,0.19539562236090274,0.008407266003327803,0.43670057351583064,0.003076701832074325,6.457291666666666,0.6467942499338566,0.1838238402379889,0.20759296624520812,0.22948540696825265,3.967578125,1519.1890625,0.003051203068605471,11.0125,1104.228125,0.010754711842700961,43.9859375,89760.01875,0.027484071902843972,1546.0,4680.0,431.0,2559.0,6275.0,3.022265625,10.165625,16.4890625,0.18927376056184575,240.4967437065972
0.9997395833333333,11.9703125,16243.383854166666,0.19577674185789445,0.008345118979439783,0.43569836261820194,0.003118080880437614,6.5359375,0.6381673410781882,0.1842169342802157,0.20799476277595744,0.22979795125054622,4.05078125,1587.35078125,0.003000756295391783,11.2171875,1230.7875,0.010700069590125209,44.4015625,89880.1125,0.027367619104946356,1573.0,4670.0,412.0,2661.0,6310.0,3.0890625,10.2515625,16.6078125,0.19726982224990056,244.6246394856771
0.9989583333333333,11.955729166666666,16139.70625,0.1961188035670988,0.008423211309649464,0.4406062371902467,0.003114282148128853,6.55625,0.6455238510128513,0.18467932846557628,0.20797557645095993,0.23001993108932747,4.0203125,1520.27265625,0.003006634234565395,11.2,1000.95,0.010836596093971473,44.453125,89756.196875,0.027676134825663723,1536.0,4706.0,439.0,2619.0,6328.0,3.053515625,10.2796875,16.84375,0.19415488795520902,244.58345675998268
0.9989583333333333,11.886458333333334,16110.407291666666,0.1962949548665024,0.00836982268775927,0.4354538024096097,0.0030962381696622385,6.486979166666667,0.6519586364034703,0.1848615276757707,0.20788856065976685,0.23043505783616478,4.012890625,1508.39140625,0.002936815146970089,11.0171875,899.75625,0.01069746019599469,44.25,89729.121875,0.027774215342680576,1571.0,4651.0,451.0,2595.0,6343.0,3.038671875,10.1484375,16.61875,0.20077486179337245,242.21939995659721
0.9984375,11.853645833333333,16276.121354166668,0.19446971017198686,0.00857558664876809,0.4307238116128514,0.0030876910219675264,6.437239583333334,0.6357924337624676,0.18298106822365928,0.20646760489304414,0.22842638324423997,4.012109375,1639.18515625,0.0031245919120861075,11.08125,1187.94375,0.01091434331923706,43.9921875,89912.04375,0.02804080892502705,1492.0,4734.0,463.0,2578.0,6231.0,3.054296875,10.1375,16.26875,0.19311912464466152,239.82753879123266
0.9973958333333334,11.851041666666667,16064.373958333334,0.19550609783984071,0.008436091540581787,0.4314114033292777,0.0030870126769123904,6.454947916666667,0.633163399841786,0.1839025626227603,0.20793040330558585,0.2294959332424172,3.9984375,1443.3546875,0.0030403655440997624,11.11875,964.80625,0.010833178262793735,43.99375,89648.01875,0.027621908804297934,1540.0,4738.0,448.0,2581.0,6220.0,3.0453125,10.253125,16.2953125,0.19149458115496656,239.37156141493057
0.9984375,11.813020833333333,16180.891145833333,0.19522245918248254,0.008363224436109462,0.4326725069662443,0.0030771088391074062,6.478385416666667,0.6339667563158591,0.1836980370333738,0.20736107189538414,0.22918153506601585,4.032421875,1525.4984375,0.0029977211789866376,10.984375,1053.2125,0.010728323576359706,43.7640625,89930.140625,0.02746013832435052,1526.0,4637.0,459.0,2498.0,6298.0,3.109375,10.084375,16.3484375,0.2022420000647787,235.59941379123262
0.99921875,11.803645833333333,16303.241666666667,0.19460798773207924,0.008050382206135562,0.4278110351183239,0.003074666796908917,6.471614583333333,0.6213652208445484,0.18304976715338078,0.20688393639569122,0.22856492138326115,3.984375,1604.3703125,0.0027248595522680946,11.09375,1097.928125,0.010501092807663601,43.790625,90304.040625,0.026901762220077386,1564.0,4656.0,455.0,2578.0,6224.0,3.024609375,10.15625,16.575,0.1967273733477034,236.24529920789925
0.9966145833333333,11.841145833333334,16091.477083333333,0.19489776056360295,0.007999450936849267,0.43855088201573594,0.003084434965702874,6.472135416666666,0.616978227402683,0.18326195619879612,0.20720349074701433,0.2291352478394189,4.0296875,1484.0140625,0.0029521330884478337,11.1875,925.509375,0.01014852895862086,43.740625,89687.296875,0.026039644308683413,1571.0,4651.0,444.0,2584.0,6179.0,3.078125,10.2296875,16.290625,0.19668434700661486,236.2185153537326
0.9971354166666667,11.883333333333333,16054.271354166667,0.19569637427461153,0.008243104326017799,0.4462534941837166,0.0030954241555960754,6.442708333333333,0.6340287517531557,0.18426037072893944,0.2074331011907641,0.22970366154114727,4.003125,1481.28359375,0.0031091253377896395,11.121875,702.7125,0.01038924838511942,44.165625,89697.78125,0.02663287621982881,1523.0,4692.0,419.0,2615.0,6245.0,3.07421875,10.2015625,16.1578125,0.18684916275907432,240.70774305555557
0.9979166666666667,11.806770833333333,16232.7015625,0.19464756360905255,0.008615758870274918,0.43795147718014604,0.0030754808109750803,6.4671875,0.6457276456835326,0.18311328205200111,0.206990851459767,0.22844140198654372,3.9984375,1590.2859375,0.003252373963527262,11.0640625,1169.54375,0.01093190827447045,43.7828125,89865.521875,0.027753149093070018,1500.0,4721.0,421.0,2601.0,6160.0,3.05234375,10.1875,16.40625,0.18749070872423826,236.26578748914932
0.99765625,11.830208333333333,16169.6796875,0.19499834083993578,0.008265163405892069,0.438948434032158,0.0030815859164713033,6.497916666666667,0.6373161926565114,0.18342106814355977,0.2073721255491116,0.22893364691626408,4.03203125,1538.90546875,0.0030648765425036204,11.0921875,1056.765625,0.010492429683749516,43.7609375,89805.690625,0.026839044581588416,1563.0,4681.0,391.0,2583.0,6230.0,3.062890625,10.1890625,16.546875,0.19535686775409908,236.66960828993058
0.996875,11.946354166666667,16136.906770833333,0.19469424074772335,0.00806994455907108,0.43887163993441336,0.0031118401059303637,6.505208333333333,0.6378340672276235,0.1830863430964822,0.20696160634129343,0.2288584657591178,4.033203125,1528.82890625,0.002919544468523981,11.33125,1065.078125,0.010378696646438543,44.2140625,89641.046875,0.026362792833892007,1560.0,4796.0,421.0,2589.0,6294.0,3.06796875,10.375,16.384375,0.19427358657867272,240.60024712456598
0.9979166666666667,11.9296875,16279.5453125,0.19434218069366055,0.008501359789593203,0.4377747727945106,0.0031074986975774942,6.470833333333333,0.6404715127701375,0.18255235423813682,0.20705385897090017,0.22878980823851552,4.026953125,1700.9015625,0.0030303915057117623,11.1484375,1067.54375,0.010952622825869809,44.321875,89806.121875,0.027933969888842357,1562.0,4683.0,432.0,2594.0,6359.0,3.064453125,10.2546875,16.3125,0.20062176828837636,242.73047281901043
0.9979166666666667,11.913020833333333,16175.73125,0.19508164844938353,0.008434383013005534,0.4332112630776137,0.0031031572892246243,6.469270833333334,0.6316180649674289,0.18331539783285694,0.20750912645681224,0.22971917290806115,4.00546875,1605.315625,0.003011879532438925,11.0140625,928.575,0.01074411017802636,44.4421875,89704.55,0.027814669770251144,1554.0,4669.0,440.0,2581.0,6419.0,3.0671875,10.1625,16.384375,0.1996491857023641,244.62420545789925
0.9971354166666667,11.914583333333333,16253.876041666666,0.19398500381433745,0.008402757992161513,0.4356653034677789,0.003103564296257706,6.527604166666666,0.6316226613044239,0.18199290707314103,0.20701970700939176,0.2289186875840686,3.949609375,1732.340625,0.002947422675128487,11.234375,874.53125,0.0108323227185616,44.4546875,89719.3625,0.02779453453389353,1568.0,4745.0,430.0,2554.0,6433.0,3.007421875,10.3421875,16.79375,0.19482534615364072,245.6322873263889
0.9966145833333333,11.930729166666667,16109.183854166668,0.19470223674513143,0.008796864993325012,0.4418385522192498,0.0031077700355995486,6.537760416666667,0.6181516566988257,0.18281736203611093,0.20752866546481666,0.2294153068615282,4.033203125,1454.0125,0.0032033820844892926,11.1671875,1177.875,0.011233647988357173,44.284375,89661.178125,0.028734013633635723,1561.0,4717.0,424.0,2563.0,6361.0,3.077734375,10.253125,16.6625,0.19440808583860167,243.4967640516493
0.9963541666666667,11.955208333333333,16248.2671875,0.1935679594487135,0.008340227356026882,0.4276872126471126,0.0031141464791178256,6.54296875,0.6238128430774592,0.181539313139975,0.2064042084408284,0.22884629569155263,3.953125,1778.6796875,0.0029457352841243114,11.2078125,1104.9,0.01064521338458723,44.7109375,89269.984375,0.027613209615076816,1564.0,4710.0,437.0,2607.0,6490.0,2.99765625,10.3171875,16.95,0.20114264676069138,250.59226453993057
0.9971354166666667,11.9875,16303.5078125,0.19336673701584797,0.008598293682682443,0.43309013571973143,0.0031225579578015106,6.594010416666666,0.6358185610010427,0.18130112189893124,0.20669388152147045,0.22830205297789236,4.019921875,1732.34296875,0.0030128495991737824,11.340625,1071.30625,0.011217959059335085,44.5046875,89820.36875,0.02832040464006445,1580.0,4807.0,450.0,2601.0,6362.0,3.0296875,10.4296875,17.015625,0.19880286193006366,245.7284895833333
1.0,11.811979166666667,16526.766145833335,0.19364000556132474,0.008390002553672905,0.42864160255247685,0.0030768375010853523,6.408072916666667,0.6526301865161603,0.18177227594595866,0.20661919781672872,0.22813173176738513,3.94765625,1902.1078125,0.0028977917419238134,11.209375,1053.328125,0.010947287016017798,43.871875,90498.8375,0.027801561338324378,1564.0,4715.0,429.0,2587.0,6281.0,2.998828125,10.290625,16.1625,0.20286337232790072,240.8380856662326
0.9973958333333334,11.942708333333334,16131.534895833332,0.19523409356729354,0.008521545795672606,0.4320678400855539,0.0031108904228531738,6.560677083333333,0.6487570867858701,0.18340413061159874,0.20783235533968955,0.2299556836176766,4.020703125,1544.725,0.0030319206443553777,11.1765625,923.540625,0.010910768732699638,44.396875,89686.76875,0.028090823463914488,1563.0,4733.0,422.0,2646.0,6341.0,3.049609375,10.2921875,16.8734375,0.20086437181409947,245.10609266493051
0.9979166666666667,11.958333333333334,16213.4171875,0.19486378392739756,0.008663199491422541,0.4318453759655631,0.003114960493183989,6.545572916666667,0.634102787456446,0.1828787619271639,0.20790492700785293,0.22976272884787682,4.023828125,1730.55,0.0030656805022169576,11.23125,828.36875,0.0112085747015924,44.4234375,89529.934375,0.028507900238075024,1588.0,4744.0,379.0,2594.0,6426.0,3.048828125,10.3578125,16.7203125,0.20124570418651078,246.03784722222224
0.9984375,11.888541666666667,16327.3984375,0.19412827434956478,0.008197755430387347,0.43556003551507155,0.0030967808457063473,6.515885416666666,0.6455357925173049,0.18224381062559594,0.20696433618762508,0.2288300674073797,3.999609375,1830.0078125,0.002935985404259556,11.146875,720.35625,0.010481949285931828,44.1859375,89924.003125,0.026960641679354035,1590.0,4670.0,426.0,2622.0,6292.0,3.024609375,10.2734375,16.7234375,0.1980873071678583,241.81049370659719
0.9984375,11.846875,16357.854166666666,0.19396810947442858,0.00889240599314048,0.4285807889851474,0.003085927324824173,6.491927083333334,0.6128550074738416,0.1820685293946077,0.20686608776982443,0.22866845149831633,3.980859375,1737.60625,0.0032012628791196025,11.096875,1058.56875,0.011448986690327314,44.0609375,90138.13125,0.029100397752037155,1551.0,4732.0,418.0,2582.0,6311.0,3.009765625,10.246875,16.665625,0.1969349749711256,241.86301106770836
0.9981770833333333,11.950520833333334,16211.294270833334,0.19514618610241724,0.008831803993441998,0.4352136419731644,0.0031129254580185813,6.561197916666667,0.6337764218784049,0.1832440165260369,0.20806123468086493,0.22983981582949092,4.024609375,1539.88359375,0.003199108239649264,11.1828125,980.934375,0.011355774061532608,44.421875,90127.296875,0.02883861694052232,1565.0,4702.0,400.0,2608.0,6401.0,3.069140625,10.2796875,16.8109375,0.19766644156861848,245.40796847873258
0.9981770833333333,11.977083333333333,16262.790625,0.19463852670417697,0.00855340836958156,0.43437119312271416,0.003119844577580967,6.608333333333333,0.6336754218124891,0.1827422591127654,0.20757801074746468,0.2292841130265355,4.045703125,1689.16875,0.0030931697142799926,11.31875,1235.95625,0.010988969308527474,44.3609375,89584.1125,0.027958802051841914,1564.0,4723.0,419.0,2583.0,6392.0,3.06640625,10.321875,17.0625,0.19993190474712122,244.09843315972225
0.99765625,11.960416666666667,16330.965104166668,0.19370370751188498,0.008812284113019705,0.43139954608409625,0.0031155031692280976,6.56015625,0.6338616965685421,0.18178062689072955,0.20645069526053791,0.22864904224785382,3.968359375,1733.0296875,0.0031805421091357588,11.309375,1255.903125,0.011286572782955247,44.5796875,89797.76875,0.028864963458619948,1543.0,4768.0,429.0,2643.0,6391.0,3.004296875,10.365625,16.978125,0.19795092427555458,246.31614149305554
0.9973958333333334,12.031770833333333,16192.905729166667,0.1947555078899586,0.008742154539900493,0.43708848065161127,0.0031340898237388207,6.604947916666666,0.6486732176096273,0.18280503280240432,0.20761314054554067,0.22969977558459367,3.958203125,1676.19453125,0.003141462034506383,11.3953125,1118.30625,0.011221971221171495,44.9625,89334.35,0.02866510788020593,1607.0,4767.0,420.0,2613.0,6495.0,3.012109375,10.428125,17.153125,0.19175686189712385,252.12346978081592
0.9971354166666667,11.9609375,16277.851041666667,0.19372353361621583,0.008822891450806607,0.43287794137644353,0.003115638838239125,6.530208333333333,0.6419769214021337,0.18183334156231862,0.20666065021586383,0.2283471852321565,3.9828125,1774.06484375,0.003227913548736858,11.3859375,1220.6125,0.01131913663431288,44.4484375,89350.234375,0.028706557875579325,1585.0,4812.0,406.0,2639.0,6334.0,3.003515625,10.475,16.6921875,0.19386679542853286,245.83284912109374
0.99921875,11.893229166666666,16305.297916666666,0.19494982517395307,0.008833021837081418,0.4287175103454152,0.0030980018668055917,6.553385416666667,0.6550032844317933,0.18312688093020596,0.2078703263845602,0.22932110093833424,3.9546875,1697.15390625,0.003216765888534867,11.2390625,1154.653125,0.01142225021127478,44.3015625,89888.51875,0.028708817257074255,1599.0,4729.0,402.0,2591.0,6378.0,3.02890625,10.33125,16.8734375,0.19321663689991567,244.8766208224827
0.9966145833333333,11.8953125,16181.63125,0.19427630821799516,0.008629104029100169,0.43663743471816224,0.0030985445428497005,6.539322916666666,0.6358421997460484,0.1824441383002087,0.20704358284364882,0.22883771326348726,4.0375,1639.18828125,0.0031696976099847714,11.1296875,1484.875,0.010952271861173039,44.0921875,89048.159375,0.028143561873488897,1555.0,4656.0,428.0,2517.0,6414.0,3.062890625,10.190625,16.79375,0.20476723059700241,242.1124780273437
0.9986979166666666,11.9390625,16292.630208333334,0.19462902707609722,0.008871915392602134,0.4349483201897583,0.0031099407397759834,6.5390625,0.6186799284561357,0.18298401169594575,0.20690807478275497,0.22893004089004548,3.984765625,1744.1375,0.003275938837046733,11.121875,1057.503125,0.011265542674030498,44.5734375,89721.728125,0.028862194333395385,1538.0,4713.0,431.0,2590.0,6427.0,3.0515625,10.203125,16.825,0.19306096957189156,245.4093074544271
0.9981770833333333,11.828125,16283.736979166666,0.19425434434703098,0.008654363787328574,0.42834637182111934,0.0030810432404271945,6.530729166666666,0.6437252311756936,0.18260371901767208,0.2067199728619688,0.22839121714952876,3.982421875,1656.528125,0.003129464485277844,11.078125,1149.0125,0.011125672453574898,43.9609375,89927.296875,0.028282652329285164,1572.0,4675.0,404.0,2605.0,6315.0,3.026171875,10.1984375,16.88125,0.20250173638453647,238.545458984375
0.99765625,11.891145833333333,16200.368229166666,0.19449788008908106,0.008786390674989115,0.43353986194928235,0.003097459190761483,6.503645833333334,0.6256843765056284,0.1826530979312792,0.20739812960373297,0.22897675920563657,3.979296875,1634.86640625,0.003166417610904957,11.2046875,1101.91875,0.011261720781569883,44.225,89560.825,0.02879095282474497,1566.0,4753.0,436.0,2555.0,6366.0,3.012109375,10.334375,16.6390625,0.19672032804629513,242.39127577039926
0.9971354166666667,11.886458333333334,16294.023958333333,0.19371255570941487,0.00885346435065176,0.43219861766139417,0.0030962381696622385,6.538802083333334,0.6262816580492507,0.1817514109338294,0.20697329803175285,0.22829639248941866,3.932421875,1810.0125,0.003168789086701601,11.203125,1069.20625,0.011502109511144642,44.3859375,89454.8875,0.02894352024595951,1573.0,4739.0,439.0,2584.0,6402.0,2.97890625,10.3125,17.0046875,0.19676638338813704,244.18658745659724
0.9979166666666667,11.8734375,16245.321354166666,0.1944982153566924,0.008847173586008669,0.43575161777223526,0.003092846444386559,6.538541666666666,0.6442953020134228,0.18263368024982513,0.20750251868704667,0.22895205245380718,3.9328125,1682.79375,0.0032108039342674823,11.303125,1283.6625,0.011401309753188935,44.20625,89457.090625,0.028838516025793147,1615.0,4700.0,428.0,2619.0,6310.0,2.99609375,10.3359375,16.9109375,0.19350670310373894,242.75741943359372
0.9973958333333334,11.8671875,16147.3109375,0.19480641249602754,0.008704747829170828,0.43146720616534734,0.003091218416254233,6.428385416666667,0.6298441957428133,0.18302143818110933,0.20747777133760864,0.22927495091411934,3.98671875,1601.42265625,0.0032178294149561477,11.1578125,1135.284375,0.011067591090967102,44.0984375,89342.890625,0.02828957822423328,1541.0,4737.0,422.0,2615.0,6278.0,3.024609375,10.234375,16.2375,0.19484000569514112,240.34486083984376
0.99765625,11.880729166666667,16111.7625,0.19546653850859355,0.008884237887130494,0.44235443152870685,0.0030947458105409394,6.521354166666667,0.6442944193590812,0.18383494213035853,0.20777998967199113,0.22967947285813622,3.946875,1515.28046875,0.0033963759736809493,11.0453125,1319.80625,0.01091791122747741,44.4515625,89289.646875,0.02880201220058176,1538.0,4697.0,432.0,2611.0,6347.0,3.010546875,10.153125,16.9328125,0.18358123144833918,243.96494113498264
0.9986979166666666,11.9390625,16181.397395833334,0.19552909501870216,0.008557463437767884,0.4329869946081055,0.0031099407397759834,6.5453125,0.6320725908476202,0.18392585400976783,0.2078337331072755,0.22963742096586617,3.989453125,1519.7921875,0.00318762924784984,11.340625,1234.909375,0.010752171539226665,44.3359375,89774.30625,0.027842092095981284,1540.0,4798.0,420.0,2598.0,6324.0,3.059375,10.365625,16.66875,0.19106970663339545,244.33691162109375
0.9986979166666666,11.914583333333333,16187.005208333334,0.1955327114166428,0.008847645203699335,0.4434777741780323,0.003103564296257706,6.550260416666666,0.6363000524567232,0.18389239266026075,0.2078921240492678,0.22973457380954593,3.99140625,1669.33359375,0.003369212741501415,11.153125,1177.84375,0.011033474025054477,44.36875,89266.853125,0.028575546231135878,1527.0,4715.0,405.0,2620.0,6369.0,3.049609375,10.246875,16.85625,0.19554727793311374,243.67239149305558
0.9979166666666667,11.846875,16258.4625,0.19431778461518767,0.009149443501980537,0.4315020214370925,0.003085927324824173,6.44140625,0.6422228084058735,0.18265495958292413,0.20697828460531933,0.22830858475411006,3.93828125,1757.3421875,0.0034528039515256447,11.21875,986.890625,0.01157030813381288,44.109375,89534.515625,0.029515137071967755,1567.0,4729.0,409.0,2605.0,6296.0,2.98046875,10.3234375,16.403125,0.19191443940308794,240.71926106770837
0.9989583333333333,11.900520833333333,16276.208333333334,0.19506715132639052,0.00903760078584297,0.43186408812148164,0.003099901232959972,6.542447916666666,0.6189329948794258,0.18363088716467937,0.20702576840923936,0.2288535908903863,3.975390625,1693.4046875,0.0034482085130675467,11.2375,1119.69375,0.011339827113837676,44.2640625,89763.9375,0.029092943548949958,1548.0,4759.0,421.0,2580.0,6328.0,3.041796875,10.334375,16.753125,0.19055821632103728,242.648958062066
0.9973958333333334,11.931770833333333,16196.604166666666,0.19464348861543776,0.00929781994479618,0.43605331684403936,0.003108041373621603,6.558854166666666,0.6435462045484307,0.18292590811188347,0.207364560981462,0.22879273826363072,4.008984375,1708.67421875,0.003595131603400952,11.253125,1178.259375,0.0116162248543613,44.3015625,89166.66875,0.02979016840081198,1523.0,4797.0,421.0,2578.0,6330.0,3.06328125,10.340625,16.759375,0.19289046146045755,243.09586561414932
0.9973958333333334,11.957291666666666,16179.973958333334,0.1946775335587463,0.009180451871198371,0.42929595892331845,0.0031146891551619344,6.603385416666667,0.6286261869500828,0.18290888808414962,0.2075018684906504,0.22892778052522908,4.00859375,1685.20390625,0.003417943300274143,11.3109375,1055.7125,0.011731879489889834,44.3984375,89283.315625,0.02967905853620382,1563.0,4750.0,406.0,2588.0,6390.0,3.060546875,10.384375,16.99375,0.19836638505523624,242.47213433159723
0.9979166666666667,11.999479166666667,16126.1609375,0.19541205380209917,0.009221559856040453,0.4401960434845815,0.0031256783450551357,6.62578125,0.6429966578410521,0.18369235709613824,0.20810207198260616,0.22960082244543578,3.991796875,1679.8015625,0.003454168914251677,11.33125,828.728125,0.01174671441058158,44.6984375,89209.03125,0.02976596906865443,1575.0,4772.0,431.0,2599.0,6417.0,3.07109375,10.4265625,17.04375,0.19277341669427228,245.32187472873267
0.9984375,11.977083333333333,16144.077083333334,0.19582731686392071,0.009342623563621873,0.43788927704135067,0.003119844577580967,6.5984375,0.639763437119499,0.1841611184215035,0.20828898995584427,0.23003043754166583,3.971875,1570.18984375,0.003485961520790581,11.296875,1148.63125,0.011922189611414821,44.678125,89435.071875,0.0301897056871541,1577.0,4735.0,433.0,2604.0,6428.0,3.02265625,10.3515625,17.1484375,0.19291515302011078,246.74947482638885
0.9981770833333333,11.8546875,16240.092708333334,0.19475069935723527,0.009252262183721738,0.4360026315876724,0.0030879623599895808,6.508854166666667,0.6268178023812662,0.18303668836453935,0.20722214073041528,0.22913530195483908,3.9515625,1674.43125,0.003450805738388589,11.2203125,1135.146875,0.01175855584692528,44.1015625,89607.684375,0.02995179430185079,1617.0,4673.0,409.0,2658.0,6245.0,3.008984375,10.321875,16.6953125,0.19353493823271073,241.4356551106771
0.9979166666666667,12.033333333333333,16254.71875,0.19463985735562453,0.008919521324554912,0.43274005136351,0.0031344968307719023,6.61015625,0.6391533933518005,0.1827940516424127,0.20730680456474163,0.2293561329993547,3.98984375,1799.51015625,0.003315273181371632,11.3671875,1148.315625,0.01126060613297177,44.8734375,89181.95625,0.02899542908887117,1597.0,4744.0,426.0,2607.0,6478.0,3.059765625,10.3875,17.034375,0.19416780767048913,250.4348263888889
0.99609375,11.883333333333333,16088.301041666668,0.1946557077665893,0.00901125260932185,0.4341135959584263,0.0030954241555960754,6.519010416666666,0.6612464936886395,0.18273364287695432,0.20762874657222502,0.22937092851949342,3.91875,1656.1546875,0.003370187767506282,11.1328125,1028.540625,0.01133544154480082,44.4921875,88876.646875,0.02925132304110516,1598.0,4649.0,421.0,2629.0,6399.0,3.00703125,10.2203125,16.865625,0.19112536646336709,246.9926388888889
0.9984375,11.865104166666667,16285.647395833334,0.19467189107984678,0.009208156909772836,0.43367438018614046,0.0030906757402101243,6.534635416666666,0.6556340810324394,0.18300456842316154,0.20715459447192358,0.22885847831451084,3.975390625,1725.78671875,0.0034949358512058686,11.1078125,1051.296875,0.011567677445253768,44.18125,89759.440625,0.029701520608559774,1567.0,4683.0,422.0,2574.0,6342.0,3.034765625,10.2328125,16.8359375,0.19346750146747912,241.72503228081595
0.9971354166666667,11.919791666666667,16097.3484375,0.19521960759845397,0.009294874197072166,0.43297959246994744,0.003104920986367978,6.563020833333334,0.6604911299484401,0.18358172292349254,0.20758965700874504,0.22940109688800855,3.994140625,1508.6265625,0.0034924313098673083,11.2859375,940.84375,0.011857835099568564,44.25625,89608.740625,0.0299416848433952,1592.0,4714.0,391.0,2603.0,6354.0,3.020703125,10.340625,16.9546875,0.1962435883129477,241.83419162326385
0.9955729166666667,11.857291666666667,15971.046354166667,0.19528933689446898,0.009157471051738846,0.4399316476947846,0.0030886407050447163,6.567708333333333,0.6566810155495036,0.18352488428565372,0.20795867742001706,0.2296778068041819,3.92265625,1518.03671875,0.003463861466902745,11.171875,910.809375,0.01166414519544628,44.28125,88843.321875,0.02942523524737582,1597.0,4689.0,383.0,2630.0,6326.0,3.00625,10.30625,17.075,0.18794898758648992,243.40098849826384
0.9984375,11.869791666666666,16144.10625,0.19577127865896535,0.008996905657079819,0.4384129949481093,0.0030918967613093686,6.556770833333333,0.6358051777095217,0.18421893207942855,0.20805657216904336,0.22969537146703453,3.999609375,1519.51328125,0.0033969972134844395,11.2390625,1084.86875,0.01146958611658542,43.98125,89701.715625,0.028923858971955742,1576.0,4710.0,382.0,2567.0,6311.0,3.050390625,10.321875,16.8171875,0.19545947935330318,240.02002495659727
0.9984375,11.908854166666666,16162.894791666668,0.19547528480531848,0.00916200628921588,0.4370948425567883,0.003102071937136407,6.577083333333333,0.6355127924775859,0.18394380271851452,0.20777170458583044,0.22930479337202234,3.98359375,1570.17578125,0.003446204181992337,11.2609375,868.98125,0.011672853345630788,44.2578125,89827.684375,0.029514367661695157,1593.0,4738.0,416.0,2563.0,6328.0,3.05390625,10.365625,16.88125,0.1897666609341512,242.28440077039934
0.9958333333333333,11.900520833333333,16020.5359375,0.19492284549499223,0.009270396153213237,0.441745693576985,0.003099901232959972,6.559375,0.6309247669482253,0.183328217580751,0.20705056826578327,0.22917363438116603,3.96015625,1467.87578125,0.003515823892172075,11.31875,1111.703125,0.011788263036330831,44.24375,89140.009375,0.029770818314260296,1557.0,4756.0,419.0,2572.0,6322.0,3.030859375,10.3625,16.8703125,0.18828718821861656,241.56979139539933
0.9971354166666667,11.874479166666667,16097.441145833332,0.19524556526399384,0.009098903871903308,0.43331005219268803,0.0030931177824086134,6.465625,0.6340628974955042,0.18348283379547908,0.20801635157446025,0.22952570482758644,3.9234375,1517.6,0.003343782404068655,11.3515625,1004.090625,0.011782955770051229,44.2015625,89510.15625,0.029435337845094008,1603.0,4760.0,414.0,2601.0,6304.0,2.985546875,10.45,16.4015625,0.19270825722973428,242.12695285373263
0.9966145833333333,11.818229166666667,16060.2875,0.19519871425709936,0.009008184158323999,0.4342418226510933,0.003078465529217678,6.44296875,0.6515358512185448,0.18353497913027034,0.20769591583836183,0.22935645318315317,3.9359375,1555.57890625,0.003357245053129174,11.1984375,890.33125,0.011511161993198427,43.9671875,89249.078125,0.02910896274422888,1608.0,4690.0,416.0,2580.0,6269.0,2.99453125,10.28125,16.3984375,0.18992040028942916,240.2325843641493
0.9979166666666667,11.7890625,16193.680989583334,0.19497006516780857,0.008760678068458285,0.43493456782275214,0.0030708680646001564,6.435677083333333,0.6478904351667771,0.1833570116054321,0.20741734471224457,0.22897499987287837,3.932421875,1688.8625,0.0031826346269097235,11.2421875,936.859375,0.011368654488205548,43.7625,89469.7765625,0.028464875414905277,1557.0,4736.0,401.0,2594.0,6240.0,2.9671875,10.3140625,16.43125,0.19591468603996995,237.18519287109376
0.9984375,11.827604166666667,16251.605729166668,0.19473450850826982,0.008888607535600165,0.42862198201545815,0.0030809075714161673,6.467708333333333,0.6341538597032014,0.18321277515430973,0.20708196886581148,0.22847398156656848,3.969140625,1660.1,0.0032291464030398606,11.2453125,1003.43125,0.011561744993387583,43.84375,89865.803125,0.02885331460805396,1581.0,4730.0,421.0,2574.0,6253.0,3.0140625,10.3515625,16.3984375,0.19946094693301494,237.96663384331595
0.9979166666666667,11.735416666666667,16314.910416666668,0.1938629961465664,0.007820296739458839,0.4338266344214065,0.003056894156464357,6.410416666666666,0.6405556541807208,0.18221869448640754,0.20646757964827844,0.22783561928548993,3.93828125,1775.73828125,0.0027021267251251535,11.0609375,1017.390625,0.010257090044835512,43.5984375,89769.11875,0.025856183491416905,1558.0,4696.0,425.0,2600.0,6178.0,2.984375,10.2109375,16.3140625,0.19833638651280736,236.22843315972221
0.9981770833333333,11.805208333333333,16160.764583333334,0.19526956685536975,0.00866883535757746,0.431182275008906,0.0030750738039419987,6.42265625,0.6380481778875849,0.1838611061786684,0.20723486304081148,0.22893811337673328,3.989453125,1581.9734375,0.0032469690982383907,11.16875,1080.296875,0.010947455803187723,43.7046875,89556.396875,0.028077679949323482,1575.0,4653.0,426.0,2544.0,6279.0,3.031640625,10.2015625,16.2078125,0.20316991341972943,237.5078895399306
0.9971354166666667,11.8421875,16207.990104166667,0.1945024010591593,0.00841866966505083,0.4256417781072746,0.0030847063037249284,6.425260416666666,0.6313497822931785,0.1828412472403451,0.20704558256687555,0.22860383482669996,3.988671875,1750.2796875,0.003161166878889038,11.1625,1164.70625,0.010573326342447887,43.9359375,89082.115625,0.02729402413230094,1580.0,4659.0,428.0,2565.0,6297.0,3.02734375,10.2359375,16.20625,0.19826053618513306,239.78551188151042
0.9994791666666667,11.7484375,16244.863541666668,0.1955455121209716,0.009094976139070817,0.42856827592636504,0.0030602858817400363,6.4171875,0.6115174890277962,0.18409984809521646,0.20762897674657216,0.22924470359839164,3.990234375,1664.5359375,0.003390194813250849,11.08125,1211.96875,0.011638684711805647,43.4484375,89599.06875,0.029370392869615854,1568.0,4639.0,402.0,2549.0,6229.0,3.015234375,10.1875,16.2546875,0.20413015895818298,233.3330704752604
0.9979166666666667,11.850520833333333,16063.618229166666,0.19588136907299847,0.008758816235947202,0.43207355480711396,0.003086877007901363,6.465625,0.6342899837384082,0.18436934515088496,0.20804899289709694,0.22976184093735408,4.035546875,1524.49765625,0.003246811564061941,11.1953125,1014.75,0.011221768394276656,43.765625,89268.96875,0.02834388276515879,1581.0,4696.0,397.0,2592.0,6238.0,3.05703125,10.2765625,16.2890625,0.20215095404798117,236.6557809787326
0.9997395833333333,11.826041666666667,16340.2765625,0.19499874251975413,0.008865847686779544,0.4340987863741187,0.0030805005643830857,6.455208333333333,0.6269708447106491,0.18354019824116652,0.2069808660201363,0.22885079613372242,4.06015625,1808.46640625,0.0033226721112545516,11.0734375,1113.1,0.011209581969998068,43.6421875,89694.69375,0.028694815705660997,1598.0,4632.0,428.0,2514.0,6298.0,3.071484375,10.184375,16.2609375,0.208980955432932,235.01817599826387
0.9994791666666667,11.775520833333333,16157.8671875,0.19629759204259525,0.00909305971983837,0.4361181231974192,0.0030673406703134497,6.5125,0.6473085939227741,0.18499830614633847,0.20770722845641681,0.23008509921380066,4.0328125,1643.8234375,0.0034476480360716303,10.9171875,840.665625,0.011395724381968817,43.6046875,89531.24375,0.029372041792774882,1572.0,4570.0,423.0,2543.0,6278.0,3.0484375,10.025,16.85625,0.20596145900235743,234.6100257703993
0.9973958333333334,11.833854166666667,16154.958854166667,0.19476244582779545,0.009082899112856806,0.42896162872647764,0.0030825355995484937,6.5734375,0.638220148761058,0.18326430221015305,0.20698148330815766,0.22853598281800283,3.99375,1631.28671875,0.003349731017751219,11.275,1200.559375,0.011764510823083257,43.753125,89204.046875,0.0293339597830527,1599.0,4691.0,415.0,2591.0,6248.0,3.00703125,10.328125,17.084375,0.2032530821840216,234.5734372287326
0.9973958333333334,11.761458333333334,16163.4078125,0.19467573185369028,0.008888864221677199,0.42429162350788235,0.003063677607015716,6.515885416666666,0.6475511469311841,0.18317677237826996,0.20680070333596298,0.2285465982730986,4.00546875,1729.7046875,0.0033239262648321914,11.0234375,1036.125,0.011274583511384443,43.5234375,89025.503125,0.02876289675934999,1582.0,4617.0,409.0,2591.0,6241.0,3.041015625,10.1328125,16.7984375,0.2096685177655162,232.61393120659721
0.9984375,11.877604166666666,16168.4875,0.19523038146044883,0.009488882842073448,0.427146902816413,0.0030939317964747766,6.6296875,0.6198202148651611,0.18393843769109477,0.20693086493579335,0.22869767306252023,4.025390625,1576.321875,0.0036095636202160505,11.3203125,1330.65625,0.012112127090983457,43.84375,89374.98125,0.03038291548059303,1590.0,4751.0,414.0,2602.0,6219.0,3.062890625,10.3828125,17.14375,0.20073706686796702,234.19751925998267
0.99765625,11.844270833333333,16133.107291666667,0.19502724442744412,0.009277060845733591,0.43298578325548365,0.0030852489797690372,6.471875,0.6331295897278044,0.18366743469816232,0.2069727304778676,0.22852099729414793,4.014453125,1604.715625,0.0035182178463402346,11.1453125,1107.15,0.011790089855099124,43.8625,89272.63125,0.029799403833941484,1590.0,4661.0,406.0,2562.0,6309.0,3.04921875,10.2390625,16.3953125,0.20258320128579013,236.32106092664932
0.9994791666666667,11.7984375,16160.038020833334,0.1960564303065875,0.009018961138449317,0.43637604686612297,0.0030733101067986456,6.541927083333333,0.6196530260892597,0.18495460260679375,0.20733328175180182,0.22918688966054807,4.0125,1488.0796875,0.0034525481387094577,11.071875,1178.4,0.011430458415579178,43.66875,89829.509375,0.028873115860278888,1556.0,4648.0,390.0,2593.0,6239.0,3.05625,10.1828125,16.84375,0.20206174351342343,232.68124755859378
0.99765625,11.891145833333333,16109.909895833332,0.19534365868679635,0.00904039676469704,0.4353868458242521,0.003097459190761483,6.6078125,0.6217861679295694,0.1840734759251251,0.20705349571512394,0.22871455270515356,4.010546875,1503.378125,0.003402484455955177,11.1296875,1212.20625,0.011321352707844559,44.175,89433.740625,0.02931109005651697,1572.0,4663.0,423.0,2634.0,6292.0,3.080859375,10.2125,17.1109375,0.19749376680207148,237.5246091037326
0.9984375,11.885416666666666,16185.694270833334,0.1951858803207766,0.00878973883374347,0.4319821256730107,0.003095966831640184,6.497916666666667,0.6145048203330412,0.18390691117763353,0.20686425597812522,0.22862338123600043,4.008984375,1677.7984375,0.003304141394814273,11.296875,977.821875,0.011275884726217066,43.9796875,89425.15,0.02824598269698666,1625.0,4713.0,405.0,2590.0,6279.0,3.048046875,10.365625,16.4296875,0.19824674974738352,236.0952039930556
0.9979166666666667,11.882291666666667,16092.475,0.19570481901185766,0.00940314715077567,0.42980550972429094,0.003095152817574021,6.558072916666666,0.6503462786008591,0.1843568546290711,0.2075026811256012,0.2292988144292604,4.009375,1542.55703125,0.003552518513489376,11.125,1068.1625,0.011885901481821892,44.13125,89316.459375,0.030322907368874618,1613.0,4626.0,416.0,2630.0,6311.0,3.026171875,10.2078125,17.0359375,0.2016947596548149,237.28562391493057
0.9973958333333334,11.9828125,15984.6078125,0.1964056982677758,0.008617671932368952,0.4414572940145959,0.0031213369367022663,6.580989583333333,0.6277654626852697,0.18509766786959567,0.2079743170648817,0.23006920106339016,4.04296875,1466.93046875,0.0032236975663781212,11.26875,1052.515625,0.010971255879385642,44.45625,88987.409375,0.027839985449315575,1602.0,4717.0,410.0,2629.0,6339.0,3.0609375,10.3421875,16.9,0.19616261036494642,242.25699625651038
0.9994791666666667,11.884375,16220.0671875,0.19561059892637456,0.008794322231133918,0.4345021301336157,0.0030956954936181297,6.56171875,0.6354632307827154,0.18442458231199446,0.2069985591578448,0.22896670515242468,4.0,1649.71953125,0.0032671816272034707,11.2125,1110.565625,0.011196917468768266,44.09375,89610.959375,0.02850028940922137,1569.0,4704.0,429.0,2680.0,6218.0,3.028515625,10.296875,16.959375,0.19925612664474845,238.4512141927084
0.9981770833333333,11.885416666666666,16055.503645833332,0.19625188089478235,0.008701584423715297,0.43485477946779716,0.003095966831640184,6.477083333333334,0.6468010517090271,0.18512785780879282,0.20719112692767028,0.22980872720585258,4.0625,1569.82265625,0.003283237798728158,11.096875,846.425,0.01093779457495095,43.965625,89207.30625,0.0281387607724282,1583.0,4617.0,410.0,2542.0,6334.0,3.087109375,10.1671875,16.346875,0.20152656159987659,237.27853732638894
0.99765625,11.809895833333334,16100.936979166667,0.19544052718034463,0.008608835436266948,0.43140648823866884,0.0030762948250412435,6.4375,0.6359426681367144,0.18420628442461467,0.20682720193714238,0.22899082344646668,4.061328125,1590.00546875,0.003226603189828511,10.9984375,977.45,0.010887392170015817,43.615625,89268.15,0.027859207688271825,1591.0,4549.0,408.0,2579.0,6240.0,3.077734375,10.0953125,16.21875,0.2071142873593451,233.4596937391493
0.9984375,11.85625,16183.338541666666,0.19536971058989058,0.009260805147855877,0.43259778744026733,0.0030883693670226624,6.559114583333334,0.6255930416447022,0.18396830529107946,0.20723601960859028,0.22910902276643558,4.0296875,1680.9421875,0.003535270298060273,11.1625,1036.175,0.011604702739637185,43.85625,89340.0875,0.029819046955256983,1555.0,4692.0,401.0,2562.0,6306.0,3.063671875,10.25,16.85,0.203977423321993,236.4376692708333
0.9981770833333333,11.811979166666667,16142.252083333333,0.1955308083248008,0.009109256797365205,0.43376732608498614,0.0030768375010853523,6.51953125,0.6395343710040126,0.18425473171775372,0.2070797758444038,0.22908614723338605,4.0203125,1629.76953125,0.003469125793325152,11.078125,982.25625,0.011513433131778241,43.7125,89352.178125,0.02926560447911237,1540.0,4697.0,438.0,2513.0,6272.0,3.06484375,10.19375,16.6640625,0.20103286994579966,234.6146481662326
0.9994791666666667,11.8140625,16139.383333333333,0.19635833680605727,0.009103711471583705,0.4312034870001129,0.0030773801771294606,6.434635416666667,0.638054931005599,0.18506887331607302,0.2082575998210508,0.22961692775100087,4.041796875,1548.09765625,0.003404059415914283,11.003125,901.846875,0.011571521378981861,43.7140625,89742.0625,0.02943450978686324,1568.0,4639.0,421.0,2564.0,6247.0,3.06171875,10.1421875,16.21875,0.20355834732668202,234.9623022460937
0.9984375,11.802604166666667,16226.996875,0.19493902889308784,0.00890990038935776,0.43262866987219983,0.0030743954588868627,6.540104166666667,0.6450730329641234,0.18361472887651636,0.2068012377008826,0.2283740201515791,4.021875,1659.95859375,0.0033325221942202992,11.0765625,987.896875,0.011258665972621878,43.6515625,89734.25,0.028870647586643483,1547.0,4658.0,415.0,2584.0,6218.0,3.06796875,10.18125,16.7875,0.20279085789292423,235.39801405164926
0.996875,11.789583333333333,15994.791666666666,0.19587688670147,0.00889086538089586,0.4397084681350291,0.0030710037336111836,6.462760416666667,0.6383636684926666,0.18455031821036508,0.20761329957065433,0.2294467477967051,4.034375,1451.4984375,0.0033665609379414986,11.0421875,1058.04375,0.011202825038592726,43.5578125,89104.7125,0.02867612349501645,1525.0,4651.0,410.0,2540.0,6216.0,3.06171875,10.121875,16.4078125,0.19746666796413181,233.7187456597222
0.9989583333333333,11.901041666666666,16174.852604166666,0.19577060660138138,0.00865787721597999,0.4343011708069529,0.003100036901970999,6.499479166666666,0.628796498905908,0.18440909432884284,0.2074992081572417,0.22948805413567483,4.074609375,1651.86484375,0.0032807790706918874,11.0796875,1208.85,0.010760361031712587,44.028125,89232.80625,0.028063785981399803,1543.0,4667.0,426.0,2585.0,6298.0,3.1234375,10.1625,16.340625,0.20216347919697772,237.82197808159722
0.9984375,11.805208333333333,16151.881770833334,0.19562359893189715,0.009240354720319645,0.4317968916238741,0.0030750738039419987,6.447395833333333,0.6429894996911674,0.18431199326982123,0.20741585349785155,0.2290777670142464,4.034765625,1591.4078125,0.0035958211047549425,10.975,1081.896875,0.011464353599468482,43.7171875,89463.7625,0.02959449030342961,1572.0,4596.0,416.0,2638.0,6178.0,3.055078125,10.084375,16.3796875,0.19964196350445573,234.7120562065972
0.9979166666666667,11.8640625,16051.852604166666,0.19615450248520486,0.009037209096034603,0.4347754116044874,0.00309040440218807,6.462239583333333,0.6264541902629615,0.1848769803640749,0.20776818955024626,0.22965090390468323,4.009375,1611.11015625,0.0035418777887104022,11.1265625,821.071875,0.011286653282957073,44.0203125,89045.603125,0.028769090138408938,1561.0,4701.0,396.0,2628.0,6235.0,3.0484375,10.2734375,16.30625,0.19580326341990945,238.5127709960938
0.9984375,11.865104166666667,16166.140104166667,0.1954821505398174,0.009032763236118142,0.43179324662539453,0.0030906757402101243,6.5234375,0.611913436635793,0.18409380997827218,0.20733329165268422,0.2291843716731315,3.968359375,1645.153125,0.003362307802684099,11.278125,1118.575,0.011478264162545377,44.0390625,89297.653125,0.02926908404342706,1550.0,4739.0,435.0,2580.0,6291.0,3.011328125,10.3046875,16.790625,0.19653358209553604,240.09742811414932
0.9984375,11.8109375,16160.158854166666,0.19551866811333063,0.008514350050388213,0.4332959715226271,0.003076566163063298,6.519791666666666,0.6453234554835295,0.18420162717342012,0.20720224354683245,0.22910325643947083,3.97734375,1668.9703125,0.0031932038735375664,11.1671875,1146.678125,0.010761611710442818,43.7890625,89138.39375,0.027551673097736186,1552.0,4699.0,425.0,2577.0,6233.0,3.013671875,10.2515625,16.8125,0.19536314343182495,237.02415120442706
0.9984375,11.786458333333334,16217.238541666668,0.19499868779234047,0.008779063996801045,0.43108335775852813,0.0030701897195450204,6.42421875,0.6515245249668582,0.1836193732982525,0.20695745785944247,0.22855717570159023,3.9953125,1633.159375,0.003297351104558561,11.0265625,1167.30625,0.011119622725835221,43.7109375,89603.4875,0.028365356836736806,1568.0,4650.0,438.0,2615.0,6178.0,3.036328125,10.15625,16.24375,0.19941643419290386,235.0512749565972
0.9986979166666666,11.883333333333333,16208.538541666667,0.19561747065549465,0.009097293127103669,0.43706507333320127,0.0030954241555960754,6.597395833333334,0.6452927769985974,0.1843063555397495,0.2072417779806079,0.22923762379336204,4.003125,1725.94609375,0.0034918211660495773,11.196875,1113.390625,0.01141588115689324,44.090625,89234.05625,0.02920059294153047,1547.0,4697.0,429.0,2628.0,6246.0,3.035546875,10.2703125,17.171875,0.19711330272635402,238.7535763888889
0.99765625,11.772395833333333,16094.159895833332,0.19556091395642577,0.009181043938138777,0.4314871534457558,0.0030665266562472865,6.441145833333334,0.6480998097597664,0.18418687972536563,0.207305120296403,0.22931284454068926,4.0078125,1497.46484375,0.003480798475789207,11.0875,1402.6875,0.011615163882104637,43.515625,89172.4125,0.029547905843571177,1570.0,4608.0,415.0,2633.0,6154.0,3.041015625,10.1234375,16.359375,0.2023085837347877,232.38725884331595
0.996875,11.783333333333333,16194.077083333334,0.19437458566193072,0.0088628346091003,0.4300001513970957,0.0030693757054788572,6.526302083333333,0.6266796322489392,0.1828590136503633,0.20658738449129826,0.2282240748788328,3.97734375,1755.928125,0.0033538375724494612,11.1171875,1126.475,0.011219644437145985,43.6734375,89014.275,0.028542012927657956,1563.0,4657.0,415.0,2568.0,6230.0,3.030859375,10.1828125,16.8515625,0.19631588214147255,236.21399305555556
0.996875,11.739583333333334,16123.0890625,0.19483156663122686,0.008918926270824242,0.4292611270126592,0.0030579795085525743,6.403385416666667,0.6404170363797693,0.1833178632596802,0.20701851989252748,0.2286994268561128,3.949609375,1648.50625,0.0033445580787537345,11.096875,1082.215625,0.011358051542856601,43.5421875,89062.29375,0.028777273767073914,1560.0,4647.0,448.0,2555.0,6200.0,2.994140625,10.175,16.26875,0.19875287976468933,234.09728732638888
0.9966145833333333,11.852083333333333,16029.697916666666,0.19551956177326582,0.008327943518020377,0.43729760300269915,0.0030872840149344448,6.449739583333334,0.6362717525048339,0.18406002351787448,0.20757743138341334,0.22929984518468385,3.99609375,1501.8140625,0.0030913318580584764,11.15625,1122.121875,0.010579619788861447,43.971875,89048.809375,0.027022713887026917,1565.0,4709.0,421.0,2547.0,6301.0,3.0296875,10.234375,16.3453125,0.19258078675101245,238.3078081597222
0.9989583333333333,11.7796875,16295.802604166667,0.1947526405098135,0.008550311860089468,0.4226544166053959,0.0030684260224016673,6.421614583333334,0.6298801786266968,0.18328709664203546,0.20682090527306904,0.2285465512176701,3.934765625,1807.571875,0.003122593856883824,11.21875,1075.021875,0.011045423673502735,43.7203125,89469.50625,0.027766072059498763,1569.0,4728.0,406.0,2573.0,6235.0,2.98828125,10.303125,16.2734375,0.19405492610021902,237.41448323567704
0.9973958333333334,11.730208333333334,16145.101041666667,0.19494873116201591,0.008173004517551295,0.43336366180823976,0.0030555374663540852,6.41640625,0.6426605097238256,0.1834714818005275,0.20702564327151687,0.22878081649846846,3.922265625,1613.4234375,0.002973156649416056,11.1546875,1041.89375,0.010461899785658802,43.5375,89375.01875,0.02668350072198475,1557.0,4693.0,403.0,2534.0,6228.0,2.994140625,10.246875,16.275,0.19247769537630813,234.66627495659722
0.9979166666666667,11.8265625,16111.828645833333,0.19571327458920526,0.008743089233288067,0.43431734864478744,0.003080636233394113,6.533333333333333,0.6181794160391069,0.18420576181423304,0.2078316777762211,0.22962492250207825,3.956640625,1626.01953125,0.0032893469513304062,11.1421875,1015.275,0.011044423146428674,43.990625,89151.61875,0.02825672444797811,1602.0,4652.0,380.0,2648.0,6258.0,3.028125,10.253125,16.834375,0.1939406286823651,240.2397111002604
0.9989583333333333,11.760416666666666,16313.261458333332,0.19461602446673776,0.008684682722006669,0.43181743548516777,0.0030634062689936614,6.41171875,0.6550044286979628,0.183162089423466,0.20670963238219292,0.22833815672436977,3.9734375,1723.38203125,0.0032534386537891266,11.1078125,1215.715625,0.010984083264454542,43.5609375,89770.325,0.028110258452428972,1604.0,4569.0,413.0,2562.0,6255.0,3.01328125,10.1453125,16.271875,0.20330776306532147,233.4780164930556
0.9979166666666667,11.854166666666666,16107.602604166666,0.19570812494494488,0.007859099463465365,0.44373331657015014,0.0030878266909785536,6.432291666666667,0.6394991212653779,0.1843508962818922,0.2075030792042773,0.22934208533782324,4.0,1554.56171875,0.0028776158028485294,11.146875,959.484375,0.010083544617490192,43.978125,89467.884375,0.025560588951907874,1560.0,4669.0,431.0,2547.0,6288.0,3.0453125,10.215625,16.196875,0.19263377010959637,239.14592013888893
0.99921875,11.778645833333334,16180.477083333333,0.19582269171951516,0.00808138515537404,0.4373655768171748,0.003068154684379613,6.424479166666667,0.6170240990493036,0.1845636215236631,0.2072237455892668,0.22945791863317178,3.94609375,1514.69453125,0.003002766213918446,11.0109375,1469.0875,0.010060805319279057,43.8765625,89554.996875,0.02641644075729141,1556.0,4627.0,419.0,2565.0,6306.0,3.030859375,10.0859375,16.3375,0.19326516413808656,237.3478773328993
0.9989583333333333,11.818229166666667,16105.446354166666,0.1963072207892091,0.008542846174308694,0.4317685192649577,0.003078465529217678,6.3984375,0.6220527962628355,0.18485619866070824,0.20834199871428055,0.23007653137814083,3.938671875,1532.25546875,0.0031718983015129945,11.08125,918.225,0.01077907343590145,44.0734375,89585.43125,0.027790410403898725,1538.0,4682.0,406.0,2600.0,6301.0,3.00390625,10.1859375,16.1890625,0.18886646123209058,241.05341769748264
0.9984375,11.821354166666667,16085.4015625,0.19617777061924754,0.00835052603957158,0.4325790986276399,0.0030792795432838414,6.4234375,0.6462968674274133,0.1847581666128906,0.20801858295788667,0.2300153743060362,3.974609375,1534.275,0.0030468347978441237,11.06875,1129.6,0.010602336461007288,43.9609375,89245.709375,0.027313480585045697,1610.0,4592.0,406.0,2602.0,6306.0,3.033984375,10.1578125,16.246875,0.19893659177738168,238.44725233289935
0.99765625,11.825,16136.406770833333,0.19522295890620162,0.00841171449161733,0.435335450503904,0.0030802292263610313,6.433333333333334,0.6602360817477096,0.18371986926636183,0.2074234773110529,0.2290347990607094,3.9625,1607.83671875,0.003149164403185305,11.125,979.25,0.01066244210799778,43.975,89407.84375,0.027211187228964984,1562.0,4657.0,404.0,2629.0,6255.0,3.0171875,10.2234375,16.3078125,0.19541827611783172,238.8105208333333
0.9986979166666666,11.8203125,16281.934895833334,0.19466140875771534,0.008491172327518136,0.43231106219310667,0.003079008205261787,6.541927083333333,0.6409341264595726,0.18303153623746315,0.2072411297750177,0.22860117782142195,3.9890625,1717.14921875,0.003168501068800561,11.11875,1176.775,0.01076601018497462,43.846875,89646.2375,0.02750701950493195,1593.0,4629.0,410.0,2589.0,6277.0,3.060546875,10.1625,16.846875,0.19814051256446183,237.81771240234374
0.99921875,11.7828125,16167.1953125,0.19599149560470688,0.00803818391172007,0.4291370986429266,0.00306924003646783,6.386979166666666,0.6233479202581443,0.18456096266948857,0.208067403293748,0.22963771965653895,3.98046875,1535.79375,0.002973593244693617,11.06875,1252.63125,0.010145056997029134,43.70625,89607.365625,0.02618967349451683,1537.0,4694.0,420.0,2519.0,6279.0,3.005859375,10.18125,16.1171875,0.19695630201735223,236.37262125651048
0.9979166666666667,11.848958333333334,16064.69375,0.19606666422573973,0.008451751861572026,0.4352201703584303,0.0030864700008682816,6.515364583333334,0.6393846153846154,0.18449242190880694,0.20824234423767604,0.2301879534815347,3.9640625,1467.97265625,0.003138163503838114,11.1515625,1029.55,0.01066620150165801,44.0859375,89486.721875,0.027491655652421697,1544.0,4680.0,421.0,2542.0,6340.0,3.044140625,10.1671875,16.7484375,0.1889774850361273,242.0157280815972
0.99765625,11.939583333333333,15979.2453125,0.19662679390335447,0.008415666934085476,0.4362091973431225,0.0031100764087870106,6.527864583333334,0.6267667073809108,0.1851915358728255,0.20834555436378058,0.23064906556504425,3.983984375,1294.25,0.003133303780642826,11.13125,998.184375,0.010494070274679407,44.5703125,89700.2875,0.027466716207262144,1551.0,4681.0,430.0,2609.0,6390.0,3.0375,10.1890625,16.828125,0.1895657192693747,246.44999565972225
0.9979166666666667,11.877083333333333,16056.8921875,0.1961122612126732,0.00842710797694276,0.4482903408958709,0.0030937961274637494,6.440885416666666,0.6484827223294158,0.18477275734090698,0.20788349985023685,0.22969903806217448,3.96875,1369.325,0.0031735648796247075,11.08125,1027.2375,0.010564846466816885,44.30625,89836.815625,0.02730354187634084,1518.0,4707.0,427.0,2604.0,6296.0,3.046484375,10.15,16.309375,0.18145676026219884,242.59270399305555
0.9981770833333333,11.908333333333333,16060.107291666667,0.19635421479600398,0.008675636756763966,0.4377554427881577,0.00310193626812538,6.528645833333333,0.6323477956613016,0.1847291533513129,0.20868922611127178,0.2305194492595005,3.954296875,1501.23828125,0.003178525453856949,11.2359375,1112.096875,0.01106444465979655,44.396875,89243.59375,0.028275274065359447,1588.0,4702.0,393.0,2642.0,6353.0,3.032421875,10.29375,16.7484375,0.19006011831806788,245.6004513888889
0.9979166666666667,11.8296875,16116.306770833333,0.1956540506004709,0.00885596199546951,0.44159721964078447,0.003081450247460276,6.480208333333334,0.6457535332188614,0.18412940254909987,0.20775152131124203,0.229655172095184,3.984765625,1533.56875,0.0033114448608007802,10.9734375,873.28125,0.011149415065529647,44.065625,89690.284375,0.028740577464084295,1566.0,4602.0,427.0,2632.0,6259.0,3.04140625,10.0859375,16.6296875,0.19228050909176417,239.68661865234378
0.9984375,11.903125,16038.830729166666,0.19673231178561382,0.008780031293708357,0.44295768814571157,0.003100579578015108,6.568489583333333,0.6429509057495406,0.18525979605198933,0.20869135905251363,0.23066332745321194,3.966796875,1447.765625,0.0033041549855077146,11.178125,996.190625,0.011137726722794216,44.3734375,89445.73125,0.028325841097425076,1617.0,4650.0,400.0,2618.0,6334.0,3.060546875,10.215625,16.953125,0.18322898422056696,243.63540690104165
0.9971354166666667,11.9765625,16013.471354166666,0.19608610441096921,0.008813807327948658,0.4417451503752767,0.00311970890856994,6.601302083333334,0.6376603609480321,0.18461937332594536,0.20795030539061873,0.2300888277714151,4.044921875,1445.82890625,0.00331377064563292,11.1421875,1099.1375,0.01106400770845874,44.5375,89198.375,0.028563753676701543,1551.0,4708.0,423.0,2628.0,6348.0,3.094921875,10.203125,17.025,0.1905614621238234,245.16142985026042
0.9989583333333333,11.788020833333333,16207.972916666668,0.19560433251344408,0.008759727368761672,0.43135163402372206,0.003070596726578102,6.46484375,0.6425573277956965,0.18421457888716944,0.20736414946395243,0.2294035300680342,3.958203125,1571.18828125,0.0032786562855715968,10.8875,790.78125,0.010990751114633613,44.0078125,90172.303125,0.028452987955650027,1587.0,4569.0,405.0,2601.0,6299.0,3.02265625,10.06875,16.6296875,0.19140985469305788,241.16235649956596
0.9981770833333333,11.808854166666666,16145.1421875,0.1956220763336299,0.008792154164871132,0.4408311616605699,0.003076023487019189,6.427083333333333,0.6295593878181096,0.18415638232730314,0.2075893524948496,0.22951757619771723,3.938671875,1561.0015625,0.003320959201440636,11.10625,893.478125,0.011085558462374375,43.9921875,89733.36875,0.028383529721089873,1588.0,4622.0,413.0,2597.0,6251.0,3.02578125,10.1796875,16.2796875,0.18534583725623396,239.09523410373262
0.9984375,11.86875,16229.6078125,0.1950014285469744,0.008845973435900467,0.43503509150297415,0.0030916254232873142,6.50859375,0.6501228716868527,0.1834892115885003,0.20684716040601092,0.22920456452183405,3.980078125,1716.2875,0.003339149134385152,10.9765625,869.325,0.011075770521871798,44.315625,89643.171875,0.028643473555990395,1538.0,4628.0,433.0,2617.0,6356.0,2.994921875,10.0984375,16.9734375,0.19619348149549234,243.99475260416668
0.9971354166666667,11.897395833333333,15988.6828125,0.1962231740766313,0.008996679508314029,0.43683672457625344,0.0030990872188938093,6.58671875,0.6456244801470911,0.18480097555388922,0.2080391985300359,0.2300959437141951,4.002734375,1412.85,0.0033905414017281177,11.159375,927.80625,0.011375435148295301,44.2140625,89352.890625,0.029042476294676395,1561.0,4676.0,414.0,2616.0,6308.0,3.059375,10.2375,17.0453125,0.1949754593622109,241.7285348849826
0.9979166666666667,11.923958333333333,16169.693229166667,0.19512506688710987,0.008842569464660747,0.44268826334296335,0.003106006338456195,6.577864583333334,0.6324801257971521,0.18358966886908384,0.20718181144687092,0.22920991439945282,3.98828125,1599.53046875,0.0033249864125426145,11.175,1051.3375,0.011092043364838787,44.415625,89568.7,0.02866342777295524,1538.0,4718.0,438.0,2587.0,6363.0,3.026171875,10.2703125,17.0921875,0.19440216173377076,243.05619683159728
0.9971354166666667,11.845833333333333,16085.503125,0.19534368051296008,0.008828156588751964,0.4312929328741729,0.0030856559868021184,6.438541666666667,0.6276380583890256,0.1837910384423948,0.20730753251603423,0.22959039679214702,3.966015625,1550.44140625,0.003294180955382696,11.040625,816.9125,0.01115351794975723,44.1703125,89494.340625,0.028638697761223776,1524.0,4689.0,424.0,2611.0,6304.0,3.01953125,10.171875,16.38125,0.19498771764820472,241.3001909722222
0.99765625,11.865625,16124.0421875,0.19535881922542847,0.008873140667152469,0.4352827288544237,0.0030908114092211515,6.458854166666667,0.6299710297603371,0.18381317442084327,0.20748023143536604,0.2294199862338317,4.0140625,1542.2359375,0.0033348445407306846,11.1265625,1108.20625,0.011207916715971291,44.0109375,89467.103125,0.028691549124020783,1582.0,4611.0,423.0,2618.0,6267.0,3.05,10.1453125,16.4078125,0.19623402619576816,238.613193359375
0.9984375,11.852083333333333,16059.8484375,0.19660020843073406,0.009001983842982553,0.435216989910604,0.0030872840149344448,6.44921875,0.6528388117419581,0.18516514600561118,0.2082477335587996,0.2306929330031599,4.033203125,1522.496875,0.0034622794277893677,10.9484375,798.090625,0.011201749134905686,44.03125,89471.0125,0.02896103621183216,1583.0,4551.0,400.0,2621.0,6314.0,3.06484375,10.05,16.3859375,0.20064686860110176,239.49530815972224
0.9994791666666667,11.9,16097.5171875,0.196836479032002,0.008810928004913895,0.44152073399876846,0.0030997655639489453,6.46171875,0.6358543417366946,0.18535653958804396,0.20894498023698677,0.23064773560284935,4.019140625,1506.0640625,0.003324681150526897,11.109375,910.125,0.011091119000272615,44.2140625,89650.721875,0.028475724427103173,1574.0,4650.0,427.0,2595.0,6314.0,3.053515625,10.1796875,16.3765625,0.1936251353114893,241.62802083333332
0.9955729166666667,11.908854166666666,15988.328125,0.1950520116628599,0.008408581235859204,0.43745402816099893,0.003102071937136407,6.473177083333334,0.640104963918653,0.18344009298961717,0.20722060191855513,0.22933109610013563,3.996875,1446.52109375,0.003063774080923916,11.1640625,949.5625,0.01070037039809915,44.3015625,89194.321875,0.027496020693360414,1538.0,4708.0,444.0,2616.0,6292.0,3.048828125,10.2375,16.40625,0.19192226650909408,242.77242160373268
0.9979166666666667,11.879166666666666,16152.178125,0.19522269624166466,0.00904269052258062,0.440051983329498,0.0030943388035078578,6.475,0.6399508944230095,0.18370107399611432,0.20729365117371903,0.22923823029181173,4.038671875,1554.4890625,0.0034011583978807145,11.10625,1113.88125,0.011426084933635556,44.0140625,89581.23125,0.0292254246103253,1534.0,4711.0,428.0,2621.0,6222.0,3.106640625,10.1796875,16.24375,0.19337908046715754,239.48383680555563
0.9973958333333334,11.904166666666667,16167.7515625,0.19485997206315045,0.008524638298015308,0.4396896515385881,0.0031008509160371624,6.45859375,0.6412758137906895,0.18317485874162637,0.2074096626365402,0.22905073477585686,3.987109375,1607.390625,0.003119064126702869,11.1671875,1051.259375,0.010879197248523598,44.309375,89525.6875,0.02779237603275677,1559.0,4712.0,440.0,2619.0,6300.0,3.0421875,10.2453125,16.3375,0.1931475203305217,244.44498263888883
0.9971354166666667,11.872916666666667,15980.209895833334,0.19631615804142966,0.008713170872781307,0.4438002594952168,0.003092710775375532,6.46953125,0.6376118617301281,0.1847342212070268,0.2084675452454296,0.2304925181750411,3.9484375,1475.70625,0.0032958353571180482,11.1359375,878.03125,0.010995054216465617,44.3078125,89100.403125,0.028100629591750026,1594.0,4679.0,416.0,2593.0,6321.0,3.031640625,10.240625,16.45,0.18543409745808706,243.59947482638884
0.99765625,11.953645833333333,16029.355208333332,0.19622573252320352,0.009014433443374433,0.43930974123015265,0.0031137394720847445,6.5953125,0.6363121432617315,0.18471214657134533,0.20835425003148256,0.23015155882235727,4.02421875,1437.71328125,0.0034287713173879867,11.2234375,1005.0875,0.011341456327742257,44.4015625,89420.190625,0.0290300590629524,1578.0,4712.0,428.0,2695.0,6243.0,3.06875,10.29375,17.003125,0.1936783436340434,242.50566379123265
0.9986979166666666,11.9796875,15979.958333333334,0.19736481849766577,0.008815942074620374,0.44062137584220906,0.003120522922636103,6.498958333333333,0.6458414851528195,0.18600039633520898,0.20865935458666832,0.23152797105849046,4.0171875,1406.38671875,0.00330574120871206,11.1546875,962.15,0.011026775765360288,44.6546875,89292.053125,0.02864591184751373,1597.0,4644.0,433.0,2664.0,6360.0,3.075390625,10.2140625,16.478125,0.1933236586111154,244.87354573567708
0.9979166666666667,11.9640625,16002.708854166667,0.1965552307784528,0.008890479359558735,0.44365828828764503,0.003116452852305288,6.55859375,0.6304035523050803,0.1850860416186447,0.20843076055337129,0.23055645764276678,4.027734375,1363.3,0.003358046826255695,11.2125,947.48125,0.011101069389392749,44.4609375,89615.571875,0.028809619462936885,1576.0,4727.0,413.0,2670.0,6279.0,3.0734375,10.2984375,16.759375,0.19012545482331375,242.8799584960938
0.99765625,11.903645833333334,16107.125520833333,0.19562051058033567,0.00870552716316987,0.4333570070140696,0.003100715247026135,6.555208333333334,0.6374972653686283,0.18405704811470444,0.20751880035744846,0.22997607066574766,3.965625,1512.44296875,0.0032486779058989875,11.1796875,1079.178125,0.010876972630595385,44.3796875,89513.803125,0.028361478724827877,1553.0,4666.0,436.0,2667.0,6297.0,3.03984375,10.2296875,16.9421875,0.1936459543031768,243.86675754123266
0.99765625,11.963020833333333,16106.519010416667,0.1956693515990996,0.00889806091992661,0.4456681255546828,0.0031161815142832336,6.570052083333334,0.640254255735992,0.18406091553433476,0.20773868668506096,0.23003376077219748,4.009375,1530.4171875,0.0033243691050578875,11.190625,1219.30625,0.011148139680558873,44.55,89298.1390625,0.02894274941876924,1558.0,4688.0,431.0,2696.0,6302.0,3.065625,10.2578125,16.9,0.19409685320634204,245.66009087456595
0.996875,11.967708333333333,16041.1328125,0.19565516591880044,0.009056907980715172,0.4359370485428487,0.003117402535382478,6.541666666666667,0.6444425102271738,0.18396985854472914,0.2078766084293239,0.23017495290456225,3.987890625,1547.09140625,0.0034010937840874044,11.134375,1085.490625,0.011271972337309555,44.7203125,88972.940625,0.029465100410631863,1568.0,4674.0,423.0,2677.0,6388.0,3.026171875,10.2140625,16.93125,0.19226825041750412,247.57395724826392
0.9981770833333333,11.810416666666667,16124.6984375,0.19564358241743193,0.008781746232944702,0.43769068009171824,0.0030764304940522707,6.476822916666666,0.6394425824660434,0.1840878052717252,0.20761301542701185,0.229897257990679,3.931640625,1462.47265625,0.0032773629383514246,10.9546875,969.621875,0.010991340827474817,44.18125,89928.678125,0.028589684816787697,1548.0,4622.0,416.0,2609.0,6337.0,3.013671875,10.0859375,16.7203125,0.19057410890610293,243.08749565972218
0.9971354166666667,11.9484375,16059.7125,0.19571217346508948,0.0089474519628152,0.43859833944135146,0.0031123827819744725,6.569270833333333,0.6376792641994682,0.18414813028797133,0.2078034171893032,0.2298771024493484,4.0453125,1493.61015625,0.003426538833436743,11.1390625,967.665625,0.011158076501068736,44.3703125,89416.16875,0.028820479942075473,1596.0,4644.0,392.0,2699.0,6252.0,3.080859375,10.23125,16.8609375,0.19184535613199624,243.37859130859377
0.9963541666666667,11.897916666666667,15927.240625,0.19623735456121116,0.008985958402027337,0.43195939543455186,0.0030992228879048365,6.510677083333333,0.6406933987042549,0.18478090008156983,0.20814008766554393,0.23016043937544364,4.01484375,1346.3125,0.0034230150930912055,11.090625,1246.875,0.011211584168290805,44.2375,88931.31875,0.029012105871508397,1513.0,4649.0,402.0,2610.0,6335.0,3.072265625,10.09375,16.68125,0.1904145677117454,243.4489539930555
0.996875,11.8125,16110.8546875,0.19501012669843157,0.008956969780775438,0.4467583469908407,0.0030769731700963795,6.474739583333333,0.6357142857142857,0.18344772759379593,0.2071360742943243,0.2291337755210813,3.98046875,1555.90234375,0.0033908857343093275,10.8890625,1045.121875,0.011148444208055969,44.0640625,89396.396875,0.02902983153935935,1526.0,4598.0,428.0,2627.0,6273.0,3.04375,10.003125,16.6703125,0.1910788063317127,241.45234375
0.99765625,11.9015625,16059.6484375,0.1960256302926116,0.009123711459251591,0.44029388145554665,0.0031001725709820264,6.5078125,0.6366898603999825,0.1844901064013879,0.20820165038810828,0.22999170576200978,4.022265625,1526.96171875,0.0034684214207481917,11.10625,935.03125,0.011425480111693089,44.2140625,89315.0125,0.029443102960823687,1537.0,4704.0,404.0,2640.0,6283.0,3.069140625,10.19375,16.5765625,0.1926012081862541,242.44083089192708
0.9984375,11.944791666666667,16137.4703125,0.19584642286763462,0.009112966642962378,0.43407428991815683,0.003111433098897282,6.467447916666667,0.64511206069591,0.1843949700864274,0.20787615228737927,0.2296225045727187,3.980859375,1498.65859375,0.003405747271057441,11.3390625,1227.940625,0.011500309412198706,44.40625,89602.246875,0.029554501361345797,1538.0,4769.0,430.0,2598.0,6353.0,3.028125,10.346875,16.3453125,0.19280185490699256,245.4084103732639
0.9971354166666667,11.928645833333333,16026.23828125,0.19597653557313735,0.008348274042550523,0.4344096402272613,0.00310722735955544,6.55390625,0.6330611710256299,0.18446533012923147,0.20783273698684362,0.23016515593505443,3.978125,1481.675,0.0030760800587432947,11.175,1265.5125,0.010491341853723085,44.484375,88965.2171875,0.02729398216660687,1542.0,4707.0,409.0,2634.0,6366.0,3.03203125,10.24375,16.9515625,0.19053880588063793,246.3886585828993
0.9963541666666667,11.9734375,16160.541666666666,0.194325652718731,0.00846661178454914,0.4341725061660021,0.003118894894503777,6.5671875,0.6491800426290835,0.1827148114899389,0.20654649276268233,0.22854817758994797,4.003515625,1721.6890625,0.003117533627620183,11.26875,957.8,0.010706609232024007,44.5578125,89118.69375,0.027622926964790108,1515.0,4770.0,418.0,2647.0,6362.0,3.06171875,10.3109375,16.8453125,0.194853919365814,245.24304443359372
0.9981770833333333,11.85,16234.221875,0.1948517298875751,0.008390030413665263,0.42987767744093147,0.003086741338890336,6.499739583333334,0.6126494374120957,0.183305465115917,0.20721413064743147,0.22867438821435107,4.015234375,1596.76640625,0.0031111723448901288,11.159375,1129.153125,0.010636704833207857,43.8796875,89889.1125,0.027258788269223212,1538.0,4666.0,437.0,2558.0,6251.0,3.040234375,10.20625,16.63125,0.19731634154607408,238.5014583333333
0.9989583333333333,11.828125,16124.33125,0.19623352868231939,0.008773578465024082,0.4306336505844186,0.0030810432404271945,6.504166666666666,0.6373844121532365,0.18494227487065357,0.20790677393937956,0.22972529867192232,4.051171875,1409.49375,0.003283255555995526,11.0,863.671875,0.011096108876761305,43.7640625,90244.340625,0.02841233968940109,1541.0,4620.0,402.0,2569.0,6264.0,3.085546875,10.1046875,16.578125,0.20027643603614376,237.35222981770832
0.9963541666666667,11.846875,16025.684895833334,0.1953537708697576,0.009012229653545064,0.432711700465128,0.003085927324824173,6.474479166666667,0.6310999736217356,0.18369415942828937,0.20795910700940698,0.22938688049598105,3.991015625,1462.6078125,0.0034128869650898648,11.1140625,1079.35625,0.011308935234293441,44.003125,89224.321875,0.029112894826617476,1544.0,4705.0,407.0,2584.0,6271.0,3.0359375,10.2109375,16.4921875,0.19160811997509328,239.9479069010417
0.99921875,11.833333333333334,16266.245833333332,0.19509242903161633,0.00899059869896565,0.43565002405441494,0.0030823999305374665,6.4578125,0.6233714788732394,0.18374418195204553,0.20704549001831835,0.22853235636319771,4.02265625,1478.9859375,0.0033879632402638847,11.06875,1325.809375,0.01138410852435682,43.840625,90355.721875,0.029007630708381537,1546.0,4648.0,414.0,2564.0,6271.0,3.051953125,10.1375,16.4015625,0.19600351580087397,236.93159722222222
0.9971354166666667,11.782291666666667,16112.758333333333,0.19500744645441906,0.00869199124265787,0.43721826600170327,0.003069104367456803,6.401302083333333,0.6096277959508443,0.18354287412929896,0.20714158182090286,0.2287316003884156,3.98671875,1490.49921875,0.00322664702289398,11.021875,1183.496875,0.011043858628323768,43.725,89531.05625,0.028201500736047536,1560.0,4574.0,395.0,2604.0,6271.0,3.03984375,10.053125,16.1953125,0.19978822803073923,235.9270822482639
0.9979166666666667,11.915104166666667,16088.3734375,0.19599137020088012,0.00903255703820216,0.44481619571275244,0.003103699965268733,6.544270833333333,0.6211915898063557,0.18462826814966715,0.20755951486288363,0.22987563374372844,4.03359375,1536.7265625,0.0034995109263772695,11.0,1174.13125,0.011176643258037118,44.35625,89209.203125,0.029020655265666762,1539.0,4609.0,413.0,2633.0,6338.0,3.082421875,10.0703125,16.865625,0.19214024649452294,243.76154269748264
0.9981770833333333,11.9859375,16093.2,0.1961587158523283,0.00818503232708624,0.43789136037043314,0.0031221509507684294,6.60859375,0.6329031417025159,0.18470283178635932,0.20801349378119954,0.2301274741873333,4.01796875,1456.34375,0.0030377929063765486,11.2421875,1000.3125,0.010273369257973366,44.6015625,89733.5125,0.02668565307903789,1560.0,4701.0,407.0,2643.0,6381.0,3.098046875,10.2375,17.021875,0.19169758848434496,246.7518855794271
0.9963541666666667,11.847395833333334,16208.200520833334,0.19381299160580093,0.009128360665404964,0.43384172403329446,0.0030860629938352,6.515625,0.6360399173517387,0.1821170748087725,0.2064436962813163,0.22796595411839915,3.96015625,1644.4875,0.0034326489999642134,11.021875,1194.19375,0.011468102467507842,44.221875,89477.059375,0.0295714655250651,1558.0,4632.0,427.0,2559.0,6384.0,3.02578125,10.1390625,16.8515625,0.19215098206563527,241.7043161349826
0.9973958333333334,11.988541666666666,16183.663541666667,0.19487672327482472,0.009309957652229497,0.4453940999272324,0.003122829295823565,6.6015625,0.6208619341385003,0.18320676623526722,0.20744940369679893,0.22898387101108053,3.9875,1601.44296875,0.00345998725805233,11.303125,1172.665625,0.011854289193097915,44.678125,89523.54375,0.030165507688069748,1586.0,4771.0,413.0,2648.0,6361.0,3.052734375,10.371875,17.0265625,0.1878713102046902,247.22070203993061
0.9981770833333333,11.8984375,16177.932291666666,0.19531645145001034,0.00863207795961412,0.4337978847305115,0.0030993585569158637,6.532552083333333,0.6295907200700372,0.18372418896506693,0.2077369791893086,0.2292649736504858,3.959375,1558.00234375,0.003140665993390507,11.1703125,1058.06875,0.011000844897226341,44.3828125,89777.515625,0.02822895888689635,1571.0,4696.0,412.0,2592.0,6397.0,3.030078125,10.2625,16.8125,0.19339013732415294,244.51103922526042
0.99765625,12.0125,16125.0828125,0.195634590816435,0.009184866677091593,0.4412811898936667,0.0031290700703308152,6.590364583333334,0.6347988206729102,0.18399552712862693,0.2080626427980245,0.2297627935860777,3.994921875,1637.503125,0.0034047350474332412,11.2859375,965.5375,0.011648969880366122,44.809375,89234.946875,0.029841289992450466,1550.0,4788.0,418.0,2609.0,6456.0,3.026953125,10.3703125,17.0640625,0.19157628917551012,248.37536458333332
0.9981770833333333,11.861979166666666,16154.9796875,0.19557090829879312,0.009165888142108579,0.43894385583613,0.003089861726143961,6.521875,0.6510647639956092,0.1841026506294163,0.2076598931184203,0.22935495415667315,3.980078125,1593.69921875,0.003454082937350442,11.125,988.8125,0.011582843715199168,44.1265625,89566.26875,0.02959615338805053,1539.0,4698.0,415.0,2611.0,6275.0,3.031640625,10.20625,16.7984375,0.18940237308979718,241.71792941623264
0.9981770833333333,11.832291666666666,16146.5953125,0.19562102814161877,0.009170588624098884,0.4440349122158757,0.003082128592515412,6.471875,0.6431904216920503,0.18418251655784865,0.20753978112370994,0.229456321494608,3.983203125,1575.79296875,0.0034928925676585058,10.96875,995.853125,0.011406358850868697,44.0921875,89580.546875,0.029645602623090583,1540.0,4629.0,440.0,2591.0,6289.0,3.037109375,10.10625,16.5765625,0.19256328221746688,240.39479058159725
0.9979166666666667,11.841145833333334,16121.913020833334,0.19563530719408284,0.009268355244583715,0.4380546421238341,0.003084434965702874,6.496875,0.6453045964372114,0.1841936571123755,0.20773694686253724,0.2293002678524577,3.9578125,1557.51796875,0.003552268191300054,11.0875,931.734375,0.011642618196325527,44.128125,89569.671875,0.029758440505976546,1564.0,4649.0,414.0,2611.0,6277.0,3.0078125,10.1796875,16.7703125,0.1879802427665805,240.81018202039928
0.996875,11.889583333333333,16130.792708333332,0.1948465610597929,0.009267367201771496,0.4353376448438538,0.0030970521837284013,6.520572916666667,0.637637988435255,0.18311223701648008,0.20740348729993574,0.22922693099290142,3.984375,1615.5703125,0.0034321846670500394,11.1953125,1006.98125,0.011778733276148218,44.2046875,89315.49375,0.030096731266280607,1582.0,4684.0,411.0,2634.0,6296.0,3.01640625,10.275,16.7828125,0.19521416451487128,241.89405815972222
0.9984375,11.908333333333333,16250.09375,0.19478862691004484,0.008564932768532072,0.4350297936411835,0.00310193626812538,6.510677083333333,0.657496501049685,0.18322603293660047,0.20712111703612734,0.22870651267773975,4.0,1684.0921875,0.0031144595890743123,11.23125,987.35,0.010981534541881376,44.21875,89776.84375,0.02795022371301381,1555.0,4758.0,429.0,2601.0,6306.0,3.02109375,10.31875,16.6609375,0.19510558530371477,242.33222222222224
0.9989583333333333,11.798958333333333,16435.303645833334,0.19361266040541253,0.008652020313161887,0.429179020192691,0.0030734457758096728,6.417447916666666,0.6415644036373267,0.18204262651457773,0.20615247952486934,0.22735297684929492,3.9296875,1834.165625,0.003076005594724149,11.1578125,1340.54375,0.011256041282407423,43.9171875,89934.615625,0.028352058217667297,1567.0,4678.0,403.0,2651.0,6257.0,2.966015625,10.2421875,16.3984375,0.19836932281816666,238.42104058159728
0.9981770833333333,11.893229166666666,16201.829166666666,0.1950157939070721,0.008796329971745861,0.4262224211837385,0.0030980018668055917,6.550260416666666,0.6354718633676374,0.18345391882781356,0.20736086858497096,0.22891821954620725,3.983984375,1581.82734375,0.0031308462282799814,11.1921875,1193.14375,0.011428977068782353,44.23125,89690.521875,0.028825617848572883,1571.0,4709.0,416.0,2657.0,6299.0,3.0390625,10.2765625,16.86875,0.19854475297986232,242.39849582248266
0.9984375,11.914583333333333,16159.301041666668,0.19552326446736076,0.008440940428687505,0.44124408138770016,0.003103564296257706,6.4828125,0.6363000524567232,0.18405421616752093,0.20759879097157902,0.2293239311625018,4.034765625,1507.57578125,0.0030477500539590873,11.1421875,1136.840625,0.010917107378368195,44.20625,89788.6625,0.02753753497792048,1583.0,4668.0,434.0,2577.0,6333.0,3.0609375,10.20625,16.446875,0.1972123170353418,240.20989149305555
0.99765625,11.903125,16205.952604166667,0.1947648570492202,0.008185205056362168,0.4382203889634519,0.003100579578015108,6.45,0.621991773868907,0.1831380845870066,0.20712158044577098,0.2289152235015238,3.948828125,1649.6078125,0.002860205146120805,11.221875,1095.425,0.010666652890854878,44.4015625,89541.859375,0.027003756862834894,1553.0,4728.0,417.0,2658.0,6296.0,3.00859375,10.2984375,16.3671875,0.1893565937521036,243.81874023437499
0.996875,11.9046875,16057.8640625,0.19533219174698832,0.00850529132327325,0.4424258055046096,0.0031009865850481896,6.46328125,0.6387539922124513,0.1836719492526562,0.2078603095252965,0.22944504394600873,3.9984375,1487.215625,0.0030335329373476897,11.1984375,1044.571875,0.010991577573295847,44.2359375,89353.75,0.0279060386169529,1542.0,4752.0,441.0,2595.0,6276.0,3.04375,10.296875,16.3078125,0.19015330847562203,242.22476969401038
0.99921875,11.891145833333333,16245.938020833333,0.19530316854257102,0.008268960285233351,0.4321606149236409,0.003097459190761483,6.4390625,0.6381236038719286,0.1837887327360343,0.20738643606153637,0.22927764424975233,3.993359375,1670.19609375,0.002836489937474605,11.2140625,989.884375,0.010791832063978024,44.159375,89804.959375,0.027475969897523655,1569.0,4734.0,424.0,2603.0,6308.0,3.030859375,10.296875,16.2140625,0.1968558287613454,241.1449216037326
0.9971354166666667,11.836458333333333,16089.716145833334,0.1953161699898888,0.008466897724644009,0.42827369245093844,0.0030832139446036293,6.46953125,0.6449441168705448,0.1837146044151652,0.2076072986454094,0.22943130363326256,3.991796875,1535.365625,0.0030112629713037594,11.109375,1099.225,0.010941128179624993,43.9421875,89297.609375,0.02781520628302402,1575.0,4661.0,416.0,2587.0,6286.0,3.009375,10.209375,16.5703125,0.1975295053144027,238.4966916232639
0.9958333333333333,11.866145833333333,16013.006770833334,0.19498853221848117,0.008320243936636445,0.43804812459187054,0.0030909470782321787,6.540885416666667,0.6494315937321687,0.1834636417849047,0.2071696308899879,0.22890699528128025,4.000390625,1446.83359375,0.002957056471552045,11.140625,963.0125,0.010882135848162968,44.0546875,89327.69375,0.027211101885447526,1618.0,4621.0,414.0,2607.0,6278.0,3.044921875,10.2515625,16.8140625,0.19586603029964764,239.0779163953993
0.9984375,11.869791666666666,16225.8125,0.19494382809443814,0.00842398427404458,0.4286418386355167,0.0030918967613093686,6.558333333333334,0.630846862659061,0.18346645967028744,0.20723302232869506,0.22856410755678386,4.005859375,1605.875,0.0029481835895600293,11.2171875,1184.88125,0.011014493922550241,43.978125,89746.49375,0.027736677363477114,1550.0,4717.0,422.0,2599.0,6270.0,3.063671875,10.28125,16.8140625,0.20053793640316012,238.45075412326392
0.9989583333333333,11.7953125,16268.580208333333,0.19486646512923192,0.008402656036079991,0.43470609194322285,0.0030724960927324824,6.525520833333333,0.6453834945025831,0.18345093847469773,0.2069692860287266,0.22842575084787411,3.971484375,1561.9984375,0.002929439535277886,11.071875,1064.334375,0.011013080366567726,43.8140625,90299.153125,0.027685097708800687,1569.0,4650.0,411.0,2585.0,6265.0,3.03828125,10.184375,16.815625,0.19815561724475536,237.5164363606771
0.9981770833333333,11.853125,16196.717708333334,0.19488949664169095,0.008779402482309072,0.42516501254566375,0.003087555352956499,6.558072916666666,0.627911064241146,0.18340711195951878,0.2071176869688876,0.22859084504318297,4.01953125,1519.2359375,0.0031481075537433934,11.1625,1464.33125,0.011433845443445001,43.878125,89639.03125,0.028650139235435856,1550.0,4697.0,421.0,2555.0,6301.0,3.0484375,10.21875,16.9359375,0.2004900118266005,237.01749023437503
0.9973958333333334,11.8171875,16145.9171875,0.19485750076106784,0.00881281558917441,0.43146887143781915,0.003078194191195624,6.440364583333333,0.6452025210454405,0.18327690737218374,0.20714565702069065,0.22889171805698116,3.972265625,1532.8921875,0.003111744932529515,11.1265625,1228.434375,0.011538762079924922,43.8875,89515.5,0.028891151725003485,1569.0,4658.0,422.0,2526.0,6350.0,3.04765625,10.1703125,16.28125,0.19775044956189605,237.95928792317707
0.9984375,11.91875,16039.255208333334,0.19663119211086333,0.008398459978251805,0.441066089704047,0.0031046496483459235,6.48828125,0.6380877468973956,0.18523721160291914,0.20839747144584506,0.23044083480765837,4.034765625,1414.9953125,0.003028489168656967,11.1828125,1020.03125,0.010840867092676398,44.190625,89555.51875,0.027435936102206564,1557.0,4695.0,407.0,2543.0,6368.0,3.0984375,10.2421875,16.29375,0.19351393595128463,241.72100260416664
0.9986979166666666,11.891666666666667,16280.3046875,0.1946050734919181,0.008568340610810594,0.4320674179728892,0.00309759485977251,6.566145833333334,0.6108531885073581,0.1828593464658178,0.20738460374446652,0.22880845134377087,3.99296875,1711.08828125,0.0030113247608300163,11.284375,1274.184375,0.011248813714245718,44.09375,89563.290625,0.02811593090729777,1535.0,4784.0,426.0,2543.0,6362.0,3.03125,10.3453125,16.9265625,0.20101123178771746,241.4002430555556
0.996875,11.905729166666667,16111.5921875,0.19485449900717902,0.009133032625502361,0.43631535593562737,0.003101257923070244,6.518489583333333,0.6412791460693819,0.18307062003482324,0.2075977575740749,0.22924675632970626,3.9546875,1487.2125,0.0032540461538268562,11.275,1203.884375,0.011914570054021084,44.340625,89516.81875,0.029867441083685654,1537.0,4770.0,429.0,2545.0,6405.0,3.001953125,10.34375,16.759375,0.19352484683753,243.88277967664928
0.9973958333333334,11.814583333333333,16124.0984375,0.19516485055379834,0.008934852039744338,0.43090950447676307,0.003077515846140488,6.5,0.6441544701110915,0.18355172045992893,0.20756518738362706,0.2292170340994474,3.969140625,1494.0671875,0.0032283401849857356,11.2359375,900.328125,0.011596962188900113,43.775,89867.99375,0.029098789309622973,1532.0,4738.0,408.0,2595.0,6226.0,3.011328125,10.2921875,16.6625,0.19656975526471465,238.4463498263889
0.9973958333333334,11.870833333333334,16101.8390625,0.19551292948305754,0.009220230739234565,0.44249006036653404,0.003092168099331423,6.531770833333334,0.6321516321516322,0.18398564555884628,0.2077538019129243,0.22938119275003582,3.98828125,1520.6078125,0.0033751745803947087,11.1328125,971.9625,0.011896331049511369,44.1390625,89556.640625,0.029924355064317197,1570.0,4697.0,420.0,2569.0,6319.0,3.058203125,10.2421875,16.715625,0.19302016677557707,242.02550347222217
0.9984375,11.936458333333333,16252.122916666667,0.19473319123727623,0.008920958109542782,0.43617061448881034,0.0031092623947208474,6.544791666666667,0.6531983593681823,0.18308518493348352,0.20727187010951414,0.22878653758020903,3.941796875,1722.021875,0.0031817475944364354,11.246875,1000.63125,0.011526353316492207,44.6046875,89624.01875,0.02927240496301875,1556.0,4761.0,424.0,2592.0,6449.0,2.994140625,10.3375,16.9546875,0.1941639774162435,247.3496082899305
0.9981770833333333,12.018229166666666,16141.613020833332,0.19566048974992759,0.008822440863369085,0.44424227781593584,0.0031305624294521144,6.678125,0.6172914409534128,0.18401002572339603,0.20803651277326968,0.2298863228327118,3.97265625,1477.109375,0.003130359531466708,11.303125,1327.8375,0.011369517259474432,44.915625,89613.403125,0.029043689794873255,1510.0,4838.0,408.0,2629.0,6485.0,3.030859375,10.375,17.5703125,0.1908181065334714,250.81633436414933
0.99765625,11.870833333333334,16250.211458333333,0.19425275882193366,0.00852881535096437,0.4402353181039234,0.003092168099331423,6.504166666666666,0.6398297648297648,0.18269136412048262,0.20665043739216776,0.22810065905750357,3.971875,1586.9875,0.003026506800638171,11.2734375,1174.228125,0.011090364374729595,44.0640625,89979.090625,0.027976500528503943,1579.0,4725.0,412.0,2581.0,6291.0,3.010546875,10.321875,16.6609375,0.19084734614912405,241.4062326388889
0.99765625,11.936458333333333,16171.467708333334,0.19499994043911464,0.008355048126553626,0.4271961784103931,0.0031092623947208474,6.553125,0.6528056549437123,0.1833148795149072,0.207412163929307,0.22932796064575198,3.945703125,1569.0921875,0.0029215290710044766,11.31875,1009.309375,0.010800779220453879,44.5171875,89743.128125,0.02764339325484997,1560.0,4743.0,419.0,2659.0,6373.0,3.017578125,10.3453125,16.903125,0.195978763222622,247.20169162326388
0.9979166666666667,11.900520833333333,16224.290625,0.1947393356773669,0.008517694923642672,0.4414969507144019,0.003099901232959972,6.533854166666667,0.6266795045735043,0.1831063622680178,0.20715432516232415,0.22885623982980588,3.96484375,1623.0921875,0.0030463918530364955,11.175,920.509375,0.01100196116106678,44.36875,89932.865625,0.027918640968643254,1573.0,4696.0,413.0,2669.0,6323.0,3.010546875,10.275,16.8859375,0.19568658501659625,244.23385389539928
0.99921875,11.903645833333334,16347.1875,0.19457969658789362,0.008440984448685053,0.4341582091253464,0.003100715247026135,6.440364583333333,0.6399912491796106,0.18293772111747364,0.2070979457050123,0.22862934935245488,3.973828125,1661.24765625,0.002985908951294594,11.30625,1252.671875,0.011008474059455244,44.2203125,90185.4625,0.027693796827476698,1580.0,4723.0,414.0,2635.0,6312.0,3.0328125,10.3140625,16.196875,0.19751781630294404,243.0386325412326
0.9989583333333333,11.855729166666666,16242.802604166667,0.19529685140566128,0.009134804353218359,0.4402806442593281,0.003088233698011635,6.51796875,0.6391512542283531,0.1838296796988122,0.2074036690932731,0.22905872054544582,4.002734375,1562.07734375,0.003377695404175944,11.125,1127.759375,0.011646863685613048,43.9984375,90080.746875,0.029651180816993326,1547.0,4693.0,423.0,2575.0,6293.0,3.039453125,10.1796875,16.7703125,0.19292033457612212,239.93387342664934
0.9973958333333334,11.933854166666666,16162.809895833334,0.1948466453973136,0.008580627655812526,0.43270457393195344,0.0031085840496657114,6.634895833333333,0.6220049753415092,0.18305967220619782,0.20739877455398187,0.22944240900510882,3.977734375,1652.1953125,0.003048266188482309,11.20625,1234.1,0.011057350839374066,44.4859375,89133.978125,0.02823335034157185,1591.0,4702.0,429.0,2644.0,6348.0,3.03671875,10.2953125,17.3671875,0.19392955770466738,246.6424997287327
0.9958333333333333,11.913020833333333,16025.095833333333,0.19510561281271674,0.008775974657032826,0.435281453977986,0.0031031572892246243,6.548177083333333,0.6428103003541293,0.18320217269588387,0.20807697229998387,0.2297480137927809,3.97265625,1479.76640625,0.0031437771220283683,11.2046875,960.209375,0.011332154153760318,44.3828125,89271.3,0.02874858530032317,1583.0,4708.0,404.0,2598.0,6402.0,3.0421875,10.315625,16.8046875,0.19663415488775043,245.88930962456595
0.9994791666666667,11.9390625,16281.659895833332,0.19521029870649814,0.008809365994007994,0.442127066549871,0.0031099407397759834,6.562760416666666,0.620599397984557,0.18361662366418094,0.20766538781539357,0.22912990976687153,4.017578125,1607.7578125,0.0031718999286573834,11.303125,923.259375,0.011424929375671123,44.2609375,90335.66875,0.028743666873747308,1602.0,4723.0,413.0,2561.0,6349.0,3.047265625,10.3828125,16.8046875,0.19436835932575003,242.4124324544271
0.9984375,11.874479166666667,16206.369270833333,0.19512759971721813,0.008818459822953642,0.43433445563908024,0.0030931177824086134,6.522395833333333,0.6386245010746086,0.18356329598677634,0.2074034674051354,0.22910894695106795,3.998828125,1516.52578125,0.003155273096247185,11.2703125,800.64375,0.011503342359176707,43.98125,90371.46875,0.028786324193556402,1635.0,4706.0,427.0,2594.0,6248.0,3.028515625,10.36875,16.6515625,0.19702235495465523,240.00039035373263
0.996875,11.838541666666666,16240.507291666667,0.19369496790240323,0.008596491781142534,0.4299961314129605,0.003083756620647738,6.502604166666667,0.6304883413990321,0.18190325794499268,0.20632338085821794,0.22823339477623064,3.975390625,1657.246875,0.0030546936562119978,11.159375,1215.81875,0.011121370684350039,43.9703125,89598.2375,0.02823880537765717,1575.0,4724.0,425.0,2533.0,6304.0,3.03203125,10.2890625,16.5984375,0.19203234540055686,238.53591037326393
0.996875,11.9546875,16082.609895833333,0.19520895506449593,0.008646059297059173,0.43778342312296925,0.0031140108101067984,6.533333333333333,0.6337297956694115,0.18336319958944644,0.20782158965759673,0.22997934237159293,3.982421875,1522.9734375,0.003059782736547583,11.2390625,1228.865625,0.01114716021130529,44.559375,89174.9,0.028490064624859417,1561.0,4746.0,425.0,2631.0,6373.0,3.026953125,10.309375,16.7828125,0.1915691878269664,246.38180094401045
0.99921875,11.9390625,16356.586458333333,0.19432579646673787,0.008792597786218014,0.43293169981906193,0.0031099407397759834,6.602864583333333,0.6486062033765214,0.18250199289675034,0.20718365777516073,0.22876314943826476,3.950390625,1688.24921875,0.003083487268697234,11.334375,1131.909375,0.011455801438564017,44.4984375,90254.6125,0.02896583620395512,1584.0,4751.0,445.0,2615.0,6374.0,3.015234375,10.3859375,17.1703125,0.19440186841025017,246.17753662109374
0.9986979166666666,11.89375,16388.858854166665,0.19385307634303986,0.008595915335192071,0.4357501276165959,0.003098137535816619,6.518229166666667,0.6485811875985287,0.18201493554046774,0.2067072081215083,0.2283515077748602,3.976953125,1764.77890625,0.0030163504228398912,11.2328125,1180.009375,0.011177979182395598,44.221875,90094.028125,0.028332111137397264,1567.0,4752.0,441.0,2593.0,6326.0,3.02578125,10.3171875,16.6890625,0.19717764622698059,242.95433593750005
0.9994791666666667,11.970833333333333,16377.371354166668,0.19450993112884593,0.008647111939888548,0.4342042762951478,0.003118216549448641,6.627864583333333,0.6313522450400278,0.18272878717569835,0.2071885599779102,0.22895587809237208,3.96875,1736.4453125,0.0030478031359947614,11.296875,1224.271875,0.011190394530726044,44.653125,90094.175,0.02850106456462619,1583.0,4745.0,401.0,2679.0,6404.0,3.0125,10.365625,17.3515625,0.1980173491416675,247.85592013888893
0.99765625,11.96875,16098.455729166666,0.19563858574713128,0.008721824915626755,0.43431619395881804,0.0031176738734045324,6.542447916666666,0.6448215839860748,0.18380583907790998,0.20829710476354063,0.230311053407607,4.00625,1479.55234375,0.0030867604017265626,11.2484375,995.428125,0.011376493877375146,44.5390625,89677.096875,0.02860741400947913,1586.0,4756.0,412.0,2565.0,6438.0,3.0265625,10.3421875,16.80625,0.19467726606843644,245.59641927083334
0.9989583333333333,11.884895833333333,16348.097916666668,0.19416513159419788,0.008417220791376585,0.4307556494060372,0.003095831162629157,6.514322916666667,0.6442876550243218,0.18245594924023986,0.20676753448639693,0.22839945811783088,3.9640625,1669.446875,0.002928731043196318,11.184375,1087.703125,0.011007251398325587,44.26875,90323.096875,0.027781149177148655,1589.0,4723.0,429.0,2645.0,6274.0,3.009765625,10.3234375,16.7234375,0.1925533758968884,242.62789686414933
0.9989583333333333,11.902083333333334,16236.321875,0.19505142797528058,0.008397549737499087,0.4395420145620915,0.0031003082399930536,6.52890625,0.6528531419569403,0.18329775347115115,0.2076852491766191,0.22943230479045976,3.991015625,1526.2078125,0.002977338683591456,11.2234375,977.63125,0.010927032188121568,44.225,90335.46875,0.027548911502507135,1590.0,4705.0,428.0,2647.0,6238.0,3.034765625,10.315625,16.71875,0.190235258901803,240.89562065972217
0.99765625,11.893229166666666,16101.661979166667,0.19556537707643148,0.00841313471718837,0.43546674090296733,0.0030980018668055917,6.4328125,0.6339829209546748,0.18369697815543126,0.2083997423077572,0.23020460752910657,3.957421875,1476.57890625,0.002967955597962562,11.2,985.2375,0.010943557330392973,44.3296875,89718.41875,0.027663428580886995,1578.0,4713.0,408.0,2683.0,6281.0,3.012890625,10.2953125,16.25,0.19215477407309922,243.31776665581597
0.9979166666666667,11.958854166666667,16199.315625,0.1947888666870913,0.008634262952738675,0.4334769465496823,0.003115096162195016,6.573177083333333,0.6195287661687209,0.18294707990139517,0.2077815424716932,0.22916333804527386,3.97734375,1578.36015625,0.0030170509449079534,11.4140625,1033.165625,0.011428745317014679,44.4296875,89849.2875,0.02830862861978555,1586.0,4782.0,416.0,2608.0,6362.0,3.026953125,10.4484375,16.8828125,0.19551272972870365,243.48268202039932
0.99765625,11.9421875,16220.190104166666,0.19470444939452233,0.008404057903525719,0.4381875720420583,0.0031107547538421466,6.550260416666666,0.6508351868812421,0.18275437001583902,0.20791868711713946,0.22929052918663845,3.948828125,1610.796875,0.0029525407608575376,11.3703125,1033.275,0.01100798425616387,44.4875,89844.678125,0.027606200121560297,1533.0,4834.0,429.0,2575.0,6384.0,3.0390625,10.4453125,16.7,0.19055716927608735,245.3305118815104
0.9989583333333333,12.061979166666667,16214.3546875,0.19570741557730206,0.007703271868014261,0.4413206054513939,0.0031419586263783973,6.582552083333334,0.6546914806338788,0.18389201589504278,0.20842995100665657,0.23024647887698463,4.000390625,1603.7578125,0.0026918873620091722,11.396875,937.421875,0.010006980841252164,44.9734375,89933.675,0.02544510091879672,1572.0,4840.0,433.0,2587.0,6463.0,3.035546875,10.4875,16.865625,0.18884630262605773,250.75970024956595
0.9981770833333333,12.016666666666667,16300.041666666666,0.19415942353145715,0.008784936608041354,0.43411980550928414,0.003130155422419033,6.487239583333333,0.6458044382801664,0.18222279178364936,0.2074099765991372,0.22865539745500835,4.001171875,1695.32890625,0.003156114476773926,11.409375,860.790625,0.01137618835766339,44.6859375,90158.14375,0.028708973383489024,1539.0,4869.0,428.0,2561.0,6439.0,3.05,10.45625,16.2671875,0.1919091436745163,246.70493055555553
0.9981770833333333,11.978645833333333,16379.530729166667,0.19359918896308714,0.008285261527740558,0.4340727549330154,0.0031202515846140487,6.51171875,0.631766598547763,0.18159303123340026,0.2069002348481166,0.22832277399680528,3.96171875,1829.6328125,0.0029128089555854257,11.35,1070.75,0.010634138866694415,44.675,89887.903125,0.02742619447740723,1573.0,4811.0,405.0,2636.0,6408.0,3.029296875,10.421875,16.53125,0.19185630145237942,247.43235649956597
0.9984375,12.078645833333333,16255.206770833332,0.1949241459301844,0.008977258501863422,0.44011111912391526,0.003146300034731267,6.591927083333333,0.6332197835367168,0.18293254265572215,0.20803666969617182,0.22977803526204613,3.9734375,1707.8125,0.0032453668618255328,11.4171875,1108.584375,0.011549129637582988,45.1609375,89591.40625,0.029332953926295407,1591.0,4828.0,406.0,2645.0,6510.0,3.048828125,10.496875,16.859375,0.18852636951230128,253.17298149956596
0.9981770833333333,12.021875,16254.369791666666,0.19464098458125031,0.008879470455221604,0.43963414913961113,0.0031315121125293044,6.523697916666666,0.6470843081188805,0.18265482108997366,0.20787477428320106,0.22935184884440632,3.931640625,1659.55,0.00315093821987604,11.5265625,1002.3875,0.01157984144119172,44.878125,89885.63125,0.02909322841063373,1564.0,4891.0,396.0,2671.0,6388.0,3.002734375,10.5734375,16.5578125,0.18477273099581754,249.75160481770828
0.9986979166666666,12.039583333333333,16183.406770833333,0.19557070773792162,0.008284862377069447,0.43526703216203777,0.0031361248589042287,6.5546875,0.6659024052604257,0.18365877480068246,0.20837772286584091,0.23041142435895914,3.91328125,1543.9640625,0.0028568439510236235,11.453125,963.66875,0.01072752946813563,45.13125,89960.915625,0.02755426899018657,1571.0,4844.0,439.0,2658.0,6457.0,3.025,10.5203125,16.7078125,0.18715400218257047,253.7203081597222
0.9981770833333333,12.077083333333333,16278.901041666666,0.19469332045480262,0.008179400720677478,0.4388118583291854,0.003145893027698185,6.574739583333334,0.6483094704157323,0.18266147438177444,0.2077988902669008,0.2297151349348172,4.00546875,1713.34296875,0.0028299256141463116,11.3328125,1079.9125,0.010544762946909961,45.1078125,89740.121875,0.02721193892056966,1620.0,4756.0,424.0,2669.0,6459.0,3.06484375,10.421875,16.7671875,0.1919540840400064,253.30187065972223
0.9979166666666667,11.961458333333333,16212.019791666668,0.19479698946181856,0.008164339990393612,0.43680571276091035,0.003115774507250152,6.541927083333333,0.6602368718975877,0.18282537352316106,0.20793510923518266,0.2295453334430845,3.9578125,1578.3890625,0.002829204290911879,11.1890625,808.95,0.010552429259686308,44.7484375,90149.6125,0.02711679351902785,1596.0,4730.0,416.0,2658.0,6401.0,3.021875,10.3328125,16.83125,0.19074311896085852,247.8370562065972
0.996875,11.94375,16138.251041666666,0.19470088397058374,0.008829867581930656,0.43667398786367506,0.0031111617608752277,6.5015625,0.6303854875283447,0.18262988502291586,0.20814139806199417,0.22954436566984476,3.887890625,1526.13359375,0.003123433197164479,11.3609375,1041.878125,0.011431680788030791,44.75,89683.09375,0.02905379191489523,1583.0,4763.0,433.0,2598.0,6438.0,2.958984375,10.4171875,16.75625,0.18474071648054335,249.79266927083336
0.9958333333333333,12.019791666666666,16154.671354166667,0.19392831864706273,0.008497840669388685,0.44127030965166963,0.0031309694364851956,6.548697916666667,0.6400901291273073,0.18188464812882818,0.20700549540900903,0.22902582395805454,3.9578125,1608.00078125,0.0030230211127692174,11.334375,1033.809375,0.010840446717652255,44.953125,89462.215625,0.02805451284760298,1579.0,4769.0,426.0,2731.0,6363.0,3.021484375,10.3984375,16.8078125,0.18837787365581274,250.73919162326396
0.9981770833333333,12.033333333333333,16297.1078125,0.19439478034770247,0.008838069204544653,0.431525641920692,0.0031344968307719023,6.558072916666666,0.6493680747922438,0.18243299724042789,0.20735015160145487,0.22928654152304842,3.966015625,1647.715625,0.003132633277816961,11.421875,1336.678125,0.011308668787132995,44.9140625,89855.10625,0.029189213328867075,1602.0,4791.0,425.0,2689.0,6389.0,3.012109375,10.471875,16.828125,0.1898656692543989,250.29524305555557
0.9981770833333333,12.028645833333334,16174.758854166666,0.19539798640266948,0.008652830931075255,0.42715614728887913,0.003133275809672658,6.56484375,0.6409179476077073,0.18350203441920837,0.20810433013451615,0.23027545060466723,3.95859375,1552.17890625,0.003088037197743438,11.43125,1083.771875,0.011190957425255247,44.90625,89756.065625,0.028373879370222538,1568.0,4804.0,409.0,2697.0,6398.0,3.01953125,10.471875,16.8390625,0.19006488043609815,250.53251274956594
0.9981770833333333,12.021354166666667,16244.610416666666,0.19471963962836217,0.008561879215431471,0.4405430805319509,0.003131376443518277,6.569010416666667,0.6506650491746458,0.1830060699445642,0.206814581264838,0.2294789767270784,3.93359375,1680.540625,0.003048997261375649,11.3984375,772.9,0.011018732823839975,44.9953125,89972.6,0.028156553423246255,1582.0,4850.0,441.0,2639.0,6402.0,3.012109375,10.5328125,16.8328125,0.18352128111607097,250.67141899956596
0.9979166666666667,11.946875,16204.8140625,0.19484456538150943,0.008362695256737357,0.43121491537039913,0.003111975774941391,6.53046875,0.6575115528816811,0.18297875079026818,0.20752600383469594,0.22962638529328805,3.93671875,1530.828125,0.0029734393857196377,11.1953125,1036.353125,0.010728603055175695,44.7390625,90069.21875,0.02755381094236989,1568.0,4741.0,421.0,2690.0,6361.0,3.017578125,10.31875,16.79375,0.18766406921644732,248.80082356770836
0.99609375,11.955729166666666,16097.803125,0.19452912337760514,0.008779785482684927,0.4406323615668312,0.003114282148128853,6.542708333333334,0.6332389457634502,0.1826214109424312,0.20721071118664555,0.2294783853092604,3.92109375,1542.92109375,0.0031844758445459974,11.3328125,1100.53125,0.011182263954217345,44.7171875,89314.603125,0.028758545563708215,1589.0,4769.0,430.0,2686.0,6318.0,2.992578125,10.3859375,16.9,0.1829872088738669,246.97251925998268
0.9971354166666667,11.902083333333334,16141.604166666666,0.19501392455278826,0.008283323063423045,0.4366005419259747,0.0031003082399930536,6.4875,0.6251969193068441,0.18314662145412902,0.20769447072371855,0.22980259077649481,3.966796875,1541.41796875,0.002937876957111498,11.196875,974.24375,0.01061924401288614,44.3484375,89709.709375,0.027329186539206147,1553.0,4748.0,441.0,2607.0,6325.0,3.0453125,10.296875,16.446875,0.19280052028598885,245.67166232638883
0.9979166666666667,11.921354166666667,16251.254166666668,0.19458590785140858,0.008073581063226932,0.43993077094076993,0.0031053279934010595,6.440104166666667,0.6476473415177596,0.18273703161601787,0.20732523589188942,0.22924208475249053,3.998046875,1703.82109375,0.002851898285985445,11.1640625,971.08125,0.01037100032074681,44.371875,89721.159375,0.026662892914673008,1569.0,4649.0,429.0,2620.0,6354.0,3.0375,10.21875,16.271875,0.19759333874155735,244.3938148328993
0.9986979166666666,11.894270833333334,16281.7875,0.19476727587011305,0.008210369465188825,0.4364194852414361,0.003098273204827646,6.4875,0.652099662827867,0.1830535309865571,0.2073282979014662,0.22906123337298362,3.97734375,1541.00078125,0.002915906237166487,11.1875,1305.834375,0.01051073951106998,44.26875,90220.8875,0.027087852331397027,1564.0,4709.0,431.0,2646.0,6284.0,3.02734375,10.26875,16.546875,0.19383585821002242,244.35080050998263
0.99609375,12.009375,16023.603125,0.19528805445177053,0.008352135729682209,0.4430672228488514,0.003128256056264652,6.530729166666666,0.6396044756700494,0.1833368602903203,0.2082219223762606,0.23015896317308143,3.987890625,1441.4015625,0.0029641760778932767,11.31875,964.084375,0.0107061683818745,44.7859375,89411.928125,0.02754994168464564,1576.0,4766.0,418.0,2687.0,6357.0,3.028515625,10.390625,16.6796875,0.18973047695227738,249.14001627604162
0.9979166666666667,11.919270833333334,16389.4703125,0.19328265052834942,0.008215115033055779,0.436776046596191,0.0031047853173569507,6.531770833333334,0.6540965698055495,0.18121082117480972,0.20654936958621795,0.2283032488846398,3.930078125,1775.79453125,0.002832944990722136,11.2875,1146.86875,0.010611558522230372,44.5078125,90086.775,0.027347351713215756,1561.0,4791.0,452.0,2662.0,6317.0,3.015234375,10.375,16.7546875,0.19167548062801892,246.3544203016493
0.9966145833333333,11.941145833333334,16243.709895833334,0.19374901825256446,0.00792810966539348,0.4353970480964094,0.003110483415820092,6.5078125,0.6356697343743185,0.18165892168825706,0.20717686885675426,0.22868155390560432,3.983203125,1653.9375,0.0026867524632796054,11.3125,820.0625,0.010344281091891082,44.4015625,90026.446875,0.026477367047351374,1568.0,4777.0,432.0,2668.0,6292.0,3.042578125,10.3875,16.4890625,0.1970183156740911,245.826223687066
0.9979166666666667,11.959375,16229.013020833334,0.1946076242631404,0.008162569878292013,0.43463736698692884,0.0031152318312060432,6.462760416666667,0.641233342043376,0.18269012262322154,0.20769200546313504,0.22919324962282123,3.91171875,1551.5078125,0.0027851194963868127,11.44375,1000.8875,0.010672460885661563,44.665625,90167.159375,0.027162480398543264,1568.0,4818.0,403.0,2672.0,6362.0,2.9921875,10.496875,16.3109375,0.18897814255544604,247.29939127604163
0.996875,12.005729166666667,16203.4265625,0.1942699440286522,0.008675075629613702,0.43894720190939024,0.003127306373187462,6.58359375,0.6454383757754544,0.18217633212385062,0.2077738028967544,0.22914053277975627,3.94375,1556.009375,0.0030742672784690424,11.4484375,984.6625,0.011313785537115706,44.8109375,90011.859375,0.02843959912669034,1555.0,4862.0,432.0,2676.0,6339.0,3.01640625,10.5125,16.9234375,0.18629008004808056,248.44423800998263
0.9973958333333334,11.8859375,16266.819791666667,0.19390729469862766,0.008489441966111785,0.43085585813743066,0.0030961025006512113,6.51953125,0.6547916392796109,0.18196801963847684,0.2069444360562523,0.22862725358160652,3.927734375,1610.621875,0.00294891046807672,11.3390625,1505.10625,0.011057647383724046,44.265625,89653.325,0.028083362540639777,1547.0,4789.0,436.0,2655.0,6276.0,2.9953125,10.3859375,16.75,0.19404033695438888,243.08803141276044
0.9986979166666666,11.9453125,16414.147916666665,0.1935772979134905,0.008248776025550181,0.43169897794701484,0.0031115687679083093,6.491145833333333,0.6472640069762372,0.1814997639612337,0.20699237143101695,0.22847236020499095,3.940234375,1789.5046875,0.0028213316142427147,11.421875,1056.390625,0.010846211779516099,44.4890625,90270.478125,0.027361117916814125,1557.0,4777.0,422.0,2666.0,6354.0,3.002734375,10.4203125,16.515625,0.19791282836765628,245.85950927734376
0.9971354166666667,11.940104166666666,16245.45625,0.19407618371262886,0.008030570114041522,0.4355630941152925,0.0031102120777980378,6.541666666666667,0.6472410032715377,0.18203824274380387,0.20727456607524272,0.22902956522531476,3.953125,1669.83984375,0.002749844561946545,11.3828125,941.653125,0.010477839123541829,44.4453125,89851.725,0.026706203312921128,1568.0,4797.0,442.0,2593.0,6355.0,3.025390625,10.4484375,16.7,0.1928824843224072,246.98078748914932
0.99609375,11.915625,16351.390104166667,0.19249123826768644,0.007985854365380352,0.4321150944351462,0.0031038356342797603,6.438541666666667,0.6448553195209371,0.18025229169795304,0.20623461303165253,0.22770364978265398,3.932421875,1790.41484375,0.0027377840058544246,11.375,1439.675,0.010474459144872699,44.3890625,89507.00625,0.026489531023991715,1549.0,4781.0,446.0,2601.0,6367.0,2.99453125,10.396875,16.25625,0.19779304626999095,246.77621419270832
0.9994791666666667,11.883333333333333,16433.0765625,0.19398281181212848,0.00799085628813277,0.43249049480011786,0.0030954241555960754,6.420572916666667,0.6534011220196353,0.18202223069008625,0.20720151340950324,0.22860643470292263,3.91328125,1736.4265625,0.0027173626014695912,11.3546875,1122.134375,0.010434851100788085,44.2921875,90530.61875,0.026640836222130183,1570.0,4767.0,432.0,2597.0,6325.0,3.0015625,10.390625,16.1265625,0.1895716039189622,245.33326388888887
0.9979166666666667,12.013541666666667,16287.043229166668,0.19416799138714042,0.007332455090467699,0.44369979428667633,0.0031293414083528696,6.561458333333333,0.6588918754877309,0.1820736019864652,0.20761225793908428,0.22910128243789735,3.9296875,1682.990625,0.002455113796514909,11.4015625,1042.546875,0.009538955411256465,44.9609375,89947.75,0.024635319945490092,1580.0,4829.0,442.0,2654.0,6401.0,3.019921875,10.4921875,16.796875,0.18576210567727902,251.9701291232639
0.996875,11.933854166666666,16365.426041666668,0.1929217097771241,0.007987438943377036,0.4394914067777866,0.0031085840496657114,6.478125,0.6430410683891241,0.18059526092198172,0.2068277026348345,0.22832151233998327,3.887109375,1898.740625,0.002685569089533613,11.2859375,1082.221875,0.010413998413848295,44.76875,89515.371875,0.026768358888279463,1613.0,4742.0,436.0,2628.0,6444.0,2.957421875,10.403125,16.6359375,0.19130423947457856,251.9362497287327
0.9973958333333334,11.936458333333333,16453.401041666668,0.19266108126623285,0.00825754903017271,0.429309282321953,0.0031092623947208474,6.475,0.646129679727725,0.18038780235650137,0.20650357608953307,0.22791170208185846,3.915625,1968.01640625,0.002773256529807555,11.2515625,1031.38125,0.010856992200210542,44.7046875,89816.959375,0.0275952758615955,1625.0,4716.0,437.0,2647.0,6421.0,2.983203125,10.353125,16.5640625,0.19354019530993685,250.85585828993052
0.99765625,11.970833333333333,16433.366666666665,0.1928994924836008,0.008040238276640684,0.4256737310093511,0.003118216549448641,6.507552083333334,0.6383571179951271,0.18059527905310435,0.20664310339189332,0.22837273529729424,3.96171875,1897.51875,0.0027194651985262795,11.3015625,1230.93125,0.010472366335144454,44.6765625,89779.19375,0.026891202530594526,1585.0,4751.0,445.0,2586.0,6478.0,2.993359375,10.371875,16.7,0.1998981634049156,251.62258680555558
0.9973958333333334,12.005729166666667,16344.380729166667,0.1932507333954551,0.00813301126179469,0.43360139906821626,0.003127306373187462,6.565885416666666,0.6217083857533295,0.18091037109769878,0.20726918133826625,0.22859373464366906,3.9484375,1714.82890625,0.0026448808820083002,11.31875,1164.16875,0.010809776779142792,44.921875,90042.8,0.02740876726359215,1575.0,4787.0,436.0,2614.0,6517.0,3.011328125,10.4265625,16.9234375,0.19914735025159014,251.34007134331594
0.9981770833333333,11.996354166666666,16260.188020833333,0.19461917089414554,0.007996649628495804,0.4447225216029732,0.003124864330988973,6.551302083333334,0.6471150089002735,0.182705689260251,0.20748959545820175,0.22940267286566768,3.970703125,1575.678125,0.0026907461241838975,11.2109375,859.621875,0.010470899848562079,44.884375,90398.79375,0.026746013425677152,1549.0,4758.0,429.0,2654.0,6429.0,3.034765625,10.321875,16.846875,0.19249357729745312,251.34113254123267
0.996875,12.0265625,16262.7265625,0.19385936476003457,0.0081715260596322,0.4401397553892176,0.003132733133628549,6.528385416666667,0.6354856870642241,0.18163895950034134,0.20760149589153337,0.2289988546673088,3.966015625,1719.62890625,0.0027616423993125734,11.353125,965.715625,0.010694579660853836,44.9421875,89732.128125,0.027288007099689073,1558.0,4836.0,418.0,2609.0,6478.0,3.015234375,10.4484375,16.6609375,0.1889146900954036,254.03835693359378
0.9981770833333333,12.039583333333333,16233.620833333332,0.1949073118411259,0.007800195784401379,0.4445847348895074,0.0031361248589042287,6.532291666666667,0.630385879910019,0.18294420974222264,0.2079435607133003,0.22972347136456445,4.0109375,1507.0,0.002607961920449355,11.2890625,1175.35,0.010250049206809208,44.9046875,90198.375,0.026119277817801646,1549.0,4765.0,410.0,2639.0,6439.0,3.059765625,10.3296875,16.625,0.18838032660770135,252.48697482638892
0.9989583333333333,11.897395833333333,16496.916145833333,0.19308020286810473,0.007272313673730104,0.4358065557052855,0.0030990872188938093,6.42890625,0.6560434268703761,0.18098831491155462,0.20665704053381492,0.22787091702859494,3.908984375,1816.17578125,0.0023865374783533775,11.2109375,1020.953125,0.00953049318841881,44.5375,90695.840625,0.024557238940548305,1568.0,4731.0,401.0,2688.0,6346.0,2.980859375,10.2859375,16.3640625,0.18936785983996143,248.2082223849826
0.99921875,11.9625,16488.593229166665,0.19343361611055626,0.007533616199502019,0.44060662268832884,0.0031160458452722064,6.505208333333333,0.6463340299547196,0.18144619842426463,0.20686562697809618,0.22795127598818307,3.953125,1846.1453125,0.0025110663061566367,11.24375,977.634375,0.009835274196271181,44.71875,90569.34375,0.02532215777611439,1557.0,4773.0,417.0,2669.0,6360.0,3.0359375,10.3265625,16.5609375,0.18586698302189705,250.88921875000003
0.9981770833333333,11.96875,16227.152604166668,0.1948607430034981,0.007580487417437093,0.44630961923029194,0.0031176738734045324,6.458854166666667,0.6409486510008703,0.18291909446937096,0.20801411731605018,0.22947396282745453,4.012109375,1530.75546875,0.0025761591914730503,11.209375,1063.290625,0.009886748583371836,44.5546875,90176.603125,0.025291539155358523,1538.0,4754.0,393.0,2667.0,6331.0,3.034765625,10.3171875,16.296875,0.19036836990798256,248.0912109375
0.9973958333333334,11.938020833333333,16108.638541666667,0.19518861798040396,0.007523303132627964,0.4395475995302418,0.003109669401753929,6.4640625,0.6360542733737621,0.18329200879963758,0.20810579781411334,0.2298578748697599,3.96796875,1362.7265625,0.002515771102107659,11.203125,945.03125,0.00979354331517234,44.553125,90255.89375,0.025283191072164805,1566.0,4733.0,398.0,2692.0,6312.0,3.027734375,10.290625,16.3828125,0.18726604028368876,247.01595024956595
0.99765625,11.933333333333334,16337.013541666667,0.1936620609997874,0.0069332810996892095,0.4306686461042143,0.003108448380654684,6.448958333333334,0.6508379888268156,0.18147532249182002,0.20733267915345505,0.2287383968779892,3.939453125,1679.5953125,0.0021966013310959205,11.2984375,1037.125,0.009158068584996992,44.54375,90266.575,0.02365521268875457,1559.0,4811.0,432.0,2647.0,6353.0,2.99140625,10.4015625,16.3265625,0.19435632256604127,248.9700347222222
0.9979166666666667,11.977083333333333,16335.456770833332,0.19368592601559703,0.007644772351277777,0.4405132121638898,0.003119844577580967,6.500520833333334,0.6439815620107845,0.18166945522593786,0.2070912640196309,0.2283464711701999,3.984375,1655.69375,0.002541552607125256,11.2265625,933.959375,0.009946459644438337,44.6984375,90456.00625,0.025755964034727297,1561.0,4767.0,404.0,2693.0,6361.0,3.030078125,10.3484375,16.534375,0.19303187738726754,249.18853732638888
0.9973958333333334,11.9078125,16297.477083333333,0.19375480009338544,0.0075980978817238665,0.43266795166635624,0.003101800599114353,6.445833333333334,0.6320692822464243,0.1818950935685318,0.20648481228129495,0.22846361400489043,3.958203125,1741.79296875,0.002579020508964481,11.2125,865.621875,0.009832267716892126,44.4015625,89952.06875,0.02544023753759314,1548.0,4722.0,424.0,2602.0,6379.0,3.042578125,10.28125,16.2234375,0.19616861228797167,246.9097306315104
0.9955729166666667,11.9359375,16250.094270833333,0.1930291936612079,0.007615968137017726,0.4293766215897113,0.00310912672570982,6.499739583333334,0.6315835406030458,0.18096748342562446,0.2063576475718179,0.22794758069293158,3.981640625,1699.77421875,0.002630237911807086,11.1875,997.23125,0.009799278327596268,44.5015625,89704.2375,0.025375578847281748,1543.0,4728.0,432.0,2627.0,6367.0,3.01328125,10.290625,16.6546875,0.19582197346285313,248.1245418294271
0.9981770833333333,11.917708333333334,16243.146875,0.19474651391878603,0.0077923192394086325,0.43630169572536914,0.003104378310323869,6.4890625,0.638405733764531,0.18279658381706274,0.2077929259341634,0.22949982231030183,3.959375,1567.034375,0.0026269895492338604,11.20625,887.178125,0.01012165379993151,44.4625,90303.565625,0.026124303439584835,1535.0,4755.0,427.0,2662.0,6329.0,3.00625,10.3,16.609375,0.19534128655195898,248.09479058159724
0.996875,11.9640625,16418.372395833332,0.19249558455473695,0.008172672164659323,0.43548744074591283,0.003116452852305288,6.547135416666666,0.6248313090418354,0.18030053302279803,0.20613510662132262,0.2276362686159068,3.901171875,1773.76484375,0.0027337086092124466,11.359375,1217.30625,0.010674622049183059,44.8203125,90197.86875,0.027426576501923088,1560.0,4803.0,445.0,2647.0,6435.0,3.0046875,10.4171875,16.846875,0.19224285202137023,250.97214599609373
0.9963541666666667,11.969270833333333,16341.181770833333,0.19271027408720454,0.007899561213659529,0.4290259617327105,0.0031178095424155595,6.56328125,0.6333057743353205,0.18050395009485806,0.20630031410005056,0.22794553004374443,3.98359375,1858.98203125,0.0026217098229923746,11.3078125,1119.26875,0.010366782033471324,44.5734375,89491.89375,0.026543745956516353,1559.0,4748.0,447.0,2606.0,6428.0,3.0421875,10.3765625,16.834375,0.2023033914644127,249.23811821831598
0.9973958333333334,11.975,16414.715104166666,0.192803100552813,0.007969574467911692,0.42692204206089096,0.0031193019015368587,6.501302083333333,0.6338726513569938,0.18051937615430408,0.20656006770940533,0.2281810309902565,3.931640625,1828.5453125,0.002703261255448644,11.3203125,1198.6375,0.01029739824218031,44.803125,89975.471875,0.026707003543495266,1553.0,4796.0,441.0,2641.0,6440.0,2.985546875,10.39375,16.671875,0.19626448613957875,251.9483333333333
0.99765625,11.933854166666666,16494.135416666668,0.19221111674303454,0.008040729078558361,0.42854410540615834,0.0031085840496657114,6.509375,0.636669139789639,0.17995169745004214,0.20610361876415326,0.2273562918938854,3.92109375,1906.49765625,0.002712925679635123,11.3609375,1396.809375,0.010496231861668323,44.5578125,89942.0125,0.026896439891141342,1623.0,4765.0,435.0,2613.0,6399.0,2.96484375,10.453125,16.74375,0.1950745235086565,248.585208062066
0.9942708333333333,11.944270833333333,16283.180208333333,0.1917962170550878,0.00805102114219434,0.4371744457663663,0.003111297429886255,6.504166666666666,0.6443552958618585,0.17944182168326034,0.20581947422872587,0.22719054136875952,3.98125,1798.32109375,0.0027482358873518594,11.309375,1282.3625,0.010453032176951847,44.43125,89223.434375,0.02686015112680675,1580.0,4788.0,421.0,2638.0,6332.0,3.021484375,10.378125,16.5609375,0.19417620344073966,246.88804009331596
0.99765625,11.918229166666666,16528.35625,0.1918189848467807,0.008295867280215342,0.43200559306510516,0.0031045139793348963,6.46171875,0.6518813092688895,0.17965729656805016,0.2056869810154754,0.2265977417930082,3.948046875,1816.56875,0.002789894828240166,11.4,1307.80625,0.010920682873925907,44.3171875,90596.05625,0.02769494149440549,1570.0,4795.0,428.0,2654.0,6288.0,2.97578125,10.4421875,16.425,0.19606870749332778,245.67248019748268
0.9984375,11.886458333333334,16518.439583333333,0.1926165026595818,0.007965675000375087,0.4326155184661715,0.0030962381696622385,6.48515625,0.6357462097975638,0.1804556547909359,0.2063756225278734,0.22750077426587398,3.94140625,1916.315625,0.0027101368200442163,11.2375,1256.978125,0.010355174385092833,44.315625,90188.396875,0.026598328336980826,1566.0,4723.0,421.0,2633.0,6362.0,2.965625,10.3171875,16.73125,0.19965550003713742,245.9662749565972
0.9971354166666667,11.8328125,16580.634895833333,0.19111772842047692,0.00814809085043463,0.4322498712111223,0.0030822642615264393,6.46640625,0.6550024208812008,0.1789545674677886,0.20488334316490403,0.22600475748680307,3.90234375,2080.88125,0.002737130421001152,11.31875,1047.375,0.010744342525076786,44.06875,90112.909375,0.027195680893526374,1586.0,4773.0,451.0,2578.0,6284.0,2.9625,10.446875,16.5015625,0.195690828969378,243.9866316731771
0.9979166666666667,11.958854166666667,16549.1015625,0.19197205295979752,0.007708682885216186,0.43260765449540434,0.003115096162195016,6.49140625,0.6397804973650973,0.17980604087825053,0.20552925402708117,0.22707890021870175,3.9125,1993.08984375,0.00253446216548039,11.4375,1327.178125,0.010089418259535632,44.665625,89995.071875,0.026024830389839926,1572.0,4841.0,430.0,2649.0,6405.0,2.964453125,10.5171875,16.5734375,0.1975330837911959,250.27955702039927
0.9984375,11.943229166666667,16465.1765625,0.19301864222671844,0.007910142688879126,0.43388795782066736,0.003111026091864201,6.517708333333333,0.6109197156687454,0.18080160653367422,0.2067691135504794,0.22813631367513443,3.971875,1880.6546875,0.002649020780291933,11.28125,1104.45625,0.010392703780928122,44.490625,90163.984375,0.026472069231178896,1587.0,4734.0,438.0,2641.0,6366.0,3.0265625,10.3484375,16.6515625,0.19984155248939572,247.75823540581595
0.9984375,11.821354166666667,16590.1109375,0.19200140289677586,0.007741342626450929,0.4269949987694091,0.0030792795432838414,6.45,0.6324183812838701,0.17990630912129196,0.2054856686325937,0.2268975122628937,3.928125,2105.2109375,0.0025917604259567324,11.225,1036.94375,0.010156768354547674,43.990625,90082.878125,0.025924245700330972,1629.0,4668.0,426.0,2658.0,6263.0,2.976953125,10.31875,16.4734375,0.20457130251261388,241.8222523328993
0.9984375,11.875,16381.502604166666,0.19367441911044386,0.007908698095471697,0.4277334649574294,0.0030932534514196406,6.484114583333334,0.6511842105263158,0.18168372140570974,0.2069878852418306,0.22832374379799378,3.958203125,1764.27890625,0.002675332443193801,11.21875,916.196875,0.010338037137600595,44.1984375,90315.703125,0.026412821662454372,1590.0,4728.0,411.0,2615.0,6344.0,2.9984375,10.359375,16.5515625,0.20090849406217584,243.90104166666666
0.9958333333333333,11.938541666666667,16419.708333333332,0.19164683212847766,0.007935534173006024,0.4257721241893686,0.003109805070764956,6.519270833333334,0.6412616700113428,0.1793558615281794,0.20550096488434427,0.2269565817738041,3.948828125,1911.97734375,0.0026858227351912096,11.45,1312.84375,0.010326399794505045,44.3859375,89557.496875,0.026543514302766264,1623.0,4765.0,420.0,2652.0,6340.0,2.987109375,10.5140625,16.653125,0.20140961790117073,245.19674370659723
0.9981770833333333,11.9390625,16433.455208333333,0.19303302678587003,0.008133271124643545,0.43484360703722763,0.0031099407397759834,6.534375,0.6449417615495354,0.18092460910467095,0.2065735090771444,0.22792621521939185,3.96328125,1805.96953125,0.0027932462435191823,11.3703125,957.459375,0.010676332259239044,44.4109375,90419.39375,0.026950309514545502,1632.0,4758.0,417.0,2662.0,6321.0,2.98046875,10.471875,16.8125,0.19788122855808518,244.61972412109378
0.9986979166666666,12.044270833333334,16384.3484375,0.19384141266369717,0.008214967608019704,0.4324608454773776,0.003137345880003473,6.588802083333333,0.6421621621621622,0.181709923456303,0.20710257569243673,0.2291062064645343,3.998828125,1779.64296875,0.002757918519313112,11.40625,1156.4375,0.010722690291375988,44.8640625,90031.08125,0.027535441279489793,1587.0,4768.0,424.0,2665.0,6460.0,3.050390625,10.4375,16.89375,0.2030798499983004,249.23085259331592
0.9971354166666667,11.997916666666667,16466.669791666667,0.19211157687660738,0.008093008395334975,0.4332196066402122,0.0031252713380220546,6.584375,0.6297534294148289,0.17971562307295466,0.2063028243667595,0.2275041446010661,3.941796875,1997.93828125,0.0026777170401450744,11.4796875,1209.959375,0.010664988026763455,44.740625,89598.30625,0.0271821941846661,1638.0,4822.0,425.0,2677.0,6387.0,3.002734375,10.5953125,16.9,0.1987628728394882,249.4671831597222
0.9973958333333334,11.959895833333333,16413.869791666668,0.19265179490045875,0.007809959155532592,0.43253942626678576,0.0031153675002170704,6.541666666666667,0.6628489308888211,0.18040853328129297,0.20637781807712408,0.22789881820045643,3.971875,1867.16328125,0.0025902621254382764,11.3375,970.665625,0.010156361454162592,44.534375,90043.9,0.02634234497727985,1644.0,4742.0,444.0,2667.0,6357.0,2.972265625,10.4640625,16.896875,0.2054707723165073,246.981204155816
0.99765625,11.957291666666666,16453.985416666666,0.19249150355417333,0.007821680748987063,0.42519746328872704,0.0031146891551619344,6.47109375,0.6500566251415628,0.18027042883626343,0.20624924301647898,0.2276180629635073,3.991796875,1867.5875,0.002612465152763669,11.35625,1117.1,0.010150356446798582,44.4203125,90136.4625,0.02632986743606912,1574.0,4795.0,436.0,2660.0,6324.0,3.01328125,10.434375,16.3390625,0.2036753529252392,245.3528634982639
0.9966145833333333,11.929166666666667,16438.047916666666,0.19196342246964246,0.007872748142053894,0.42912539220633394,0.003107363028566467,6.457552083333334,0.633950401676563,0.17966563560746523,0.20566928697384484,0.22744870541414888,3.969140625,1934.17890625,0.0026205343562220504,11.309375,1187.70625,0.0101659449420654,44.3890625,89703.865625,0.026588406485369753,1589.0,4727.0,443.0,2647.0,6352.0,2.95703125,10.375,16.5421875,0.20449800717907263,245.49706597222217
0.99765625,11.9984375,16474.158854166668,0.1923193039801453,0.0076703107738187466,0.4339579503321049,0.0031254070070330813,6.51328125,0.6514737161956852,0.18004367606279154,0.20615460655391366,0.22758651307579206,3.972265625,1903.25625,0.0025479499753480565,11.4171875,1176.453125,0.01000157038105306,44.684375,90055.475,0.02582849436046719,1620.0,4795.0,416.0,2670.0,6368.0,3.005078125,10.51875,16.540625,0.1951866809431259,249.3499975585937
0.99609375,11.941145833333334,16381.742708333333,0.1922051465263933,0.0078915517383114,0.4302400940543817,0.003110483415820092,6.515885416666666,0.65800148296768,0.1799532061918899,0.2061755951064475,0.22724245928435266,3.975390625,1840.83671875,0.002640827776764077,11.340625,1063.315625,0.010424924422735547,44.4046875,89863.79375,0.026361074900076543,1617.0,4746.0,427.0,2644.0,6305.0,2.9953125,10.43125,16.6828125,0.19526965218864684,244.94184868706594
0.9971354166666667,11.9,16270.189583333333,0.19371996740054134,0.008020187940544389,0.4325737429995856,0.0030997655639489453,6.452083333333333,0.6449142156862745,0.18170004504422016,0.20697863781250714,0.22854098641386034,3.9859375,1604.03671875,0.002666862923863608,11.209375,1109.534375,0.010654499666535571,44.246875,90095.45625,0.026799176281276326,1597.0,4681.0,416.0,2657.0,6288.0,3.030859375,10.2953125,16.29375,0.1982983465640404,243.10614583333336
0.9963541666666667,11.948958333333334,16284.30625,0.19307784838806047,0.007980339081783356,0.43552892260440357,0.0031125184509854997,6.574479166666666,0.6432743439979077,0.1809957475807122,0.20623308543201832,0.22825101457349578,3.973046875,1668.45234375,0.0026433796447080213,11.28125,1127.60625,0.010593395241421753,44.5203125,89904.421875,0.02671512067044629,1563.0,4728.0,426.0,2649.0,6398.0,3.027734375,10.3265625,17.009375,0.20096041527316863,246.70416558159715
0.9973958333333334,11.911979166666667,16583.8828125,0.19123975307401384,0.007910528369421741,0.4306819751855919,0.00310288595120257,6.56875,0.6415110839053824,0.17894475164316997,0.20546329032468913,0.2261962215467142,3.972265625,2043.15078125,0.002584663660424613,11.3421875,1086.98125,0.010692425435045515,44.240625,90243.7125,0.026432090139786486,1596.0,4758.0,423.0,2697.0,6255.0,3.00703125,10.4296875,16.9546875,0.202924270894867,243.3568356662326
0.9973958333333334,11.939583333333333,16353.645833333334,0.19307708477762678,0.008111984947098411,0.4409151372090696,0.0031100764087870106,6.541927083333333,0.6494067352992497,0.1810586460538781,0.20634098621589772,0.22788693823435055,3.994921875,1723.61640625,0.002725775282476733,11.35,989.86875,0.01078737398419749,44.3078125,90237.540625,0.026981434568486052,1566.0,4755.0,426.0,2639.0,6300.0,3.03046875,10.39375,16.7359375,0.19958316003798232,243.94530815972226
0.9979166666666667,11.861979166666666,16358.913541666667,0.19343918126001772,0.008016172450747046,0.4286500231394175,0.003089861726143961,6.465625,0.6374533479692646,0.18146876207700258,0.20647704460263797,0.22828299464945814,3.958984375,1736.73125,0.002687676577298408,11.1390625,875.69375,0.010606848532421042,44.196875,90330.8625,0.0267394798628676,1551.0,4735.0,430.0,2648.0,6294.0,2.99140625,10.2796875,16.5484375,0.19923344869779872,243.4267835828993
0.99765625,11.8515625,16431.366145833334,0.1926521122490164,0.007647788034772121,0.43429531921999354,0.0030871483459234176,6.469270833333334,0.6452208305866842,0.1806537810057544,0.20588259029863915,0.22741495917244156,3.948046875,1825.81015625,0.002525623262933902,11.2484375,954.828125,0.010143521714329369,44.06875,90330.128125,0.025640713442567742,1577.0,4754.0,449.0,2622.0,6252.0,2.99140625,10.35625,16.49375,0.19895205979298358,242.39254964192708
0.9971354166666667,11.861458333333333,16516.727604166666,0.19154531392869556,0.00755280785066352,0.4376983781139089,0.003089726057132934,6.53359375,0.6475366646175463,0.17935513713432227,0.20536082025813904,0.2264905147767454,3.982421875,1946.6875,0.002454105781444606,11.253125,1120.471875,0.010076682786894988,43.9859375,90193.14375,0.025423741191307702,1560.0,4744.0,451.0,2624.0,6231.0,3.02109375,10.3421875,16.775,0.20132708264648516,241.20997287326392
0.9979166666666667,11.869791666666666,16607.846354166668,0.1915104026295961,0.007782948402752351,0.42875052823204923,0.0030918967613093686,6.438541666666667,0.6400175515577008,0.17935673295238877,0.20535755701421654,0.2262779269538051,3.990625,2062.18125,0.00254769713096425,11.2125,977.890625,0.01034568100437554,44.04375,90420.4625,0.026161220888281565,1582.0,4727.0,448.0,2620.0,6250.0,3.02578125,10.340625,16.1875,0.2026108325559834,242.79033745659723
0.9971354166666667,11.967708333333333,16358.8234375,0.1929695290878645,0.007624716689149924,0.43341844877728486,0.003117402535382478,6.538802083333334,0.6408303594742798,0.18075801717200451,0.20665654324938512,0.2281285625897838,3.9671875,1773.9515625,0.0024969221263741294,11.2875,1276.178125,0.010039873916795481,44.65,89780.95625,0.02572073771260754,1594.0,4754.0,422.0,2667.0,6394.0,3.00546875,10.353125,16.8578125,0.19797194271595264,249.20937391493055
0.99765625,12.040104166666667,16555.485416666666,0.19185196616057046,0.00809085007729807,0.4326809326513664,0.003136260527915256,6.546875,0.650733226629753,0.17955594948934492,0.2056920037366868,0.22719599526935644,3.99453125,2013.628125,0.00266647339207102,11.465625,1281.98125,0.010671640681591392,44.796875,89996.41875,0.02720756621391295,1608.0,4800.0,447.0,2623.0,6445.0,3.016015625,10.4984375,16.71875,0.20109070910665067,251.03068332248264
0.99765625,11.961458333333333,16485.8078125,0.1923463676642953,0.008152186608940569,0.4265411204248063,0.003115774507250152,6.5390625,0.6622398327963076,0.18003887996542528,0.20621318697821533,0.22770949914585525,3.930859375,1921.1125,0.0026544974949624543,11.35,930.440625,0.01086807789630426,44.6953125,90299.95625,0.02742705177748933,1611.0,4771.0,459.0,2660.0,6395.0,2.98828125,10.4359375,16.8453125,0.2000575197862247,249.48705620659723
0.9981770833333333,12.058333333333334,16586.796354166665,0.19196066371391332,0.008189055900199036,0.43533939307510894,0.003141008943301207,6.565625,0.6466827919834139,0.17956003947954025,0.20629295068332737,0.2272308736819914,3.941796875,2032.6671875,0.0026847072753280786,11.503125,1105.45,0.010982412216477454,45.0796875,90284.659375,0.027413094083404442,1597.0,4855.0,453.0,2664.0,6467.0,2.989453125,10.5953125,16.840625,0.19809117078398863,254.87368055555552
0.9971354166666667,11.9828125,16530.686979166665,0.19160246401410483,0.008118871190475788,0.4222250662330979,0.0031213369367022663,6.505729166666667,0.6486286782283652,0.17910365916909368,0.20606860413763223,0.22713154327062193,3.951953125,2051.5296875,0.002642465933985078,11.3609375,1329.703125,0.010734261277304261,44.728125,89648.3,0.027409102129610154,1606.0,4764.0,455.0,2632.0,6455.0,2.967578125,10.4234375,16.740625,0.20546037739835266,250.59137125651037
0.9979166666666667,11.9765625,16414.175,0.19326708553239852,0.007976974202013406,0.437234452443114,0.00311970890856994,6.57109375,0.6342248314851054,0.1810660677136633,0.2068720350512044,0.2284662072885336,3.965234375,1820.309375,0.002694763344006792,11.296875,1097.840625,0.010447726484825203,44.7015625,90105.971875,0.02663506535122805,1581.0,4776.0,435.0,2653.0,6386.0,3.02734375,10.3875,16.9296875,0.1937471557501855,250.34215901692707
0.99765625,12.0203125,16315.244791666666,0.1937503165565789,0.007940002754982823,0.4306757836032477,0.0031311051054962228,6.544791666666667,0.6297933186013259,0.18150408692395517,0.20742453250274143,0.2290610191409114,3.98828125,1634.82421875,0.0026391885243568377,11.3703125,1055.09375,0.01049433451435363,44.7984375,90297.078125,0.02658892791811595,1595.0,4785.0,441.0,2669.0,6379.0,3.045703125,10.453125,16.6328125,0.195297062457431,251.38292073567706
0.9973958333333334,11.9875,16394.035416666666,0.19294430875924073,0.007913399828911625,0.42663892942209125,0.0031225579578015106,6.57109375,0.6429874869655892,0.18062846173941677,0.20697285541617044,0.2281791501816069,3.96328125,1726.934375,0.002639961060422728,11.39375,1396.384375,0.010402192654914632,44.678125,90060.090625,0.026518362076864206,1613.0,4771.0,451.0,2663.0,6350.0,3.01796875,10.4390625,16.915625,0.19352508427405957,248.35453125000004
0.99765625,11.976041666666667,16416.33125,0.1928956643287208,0.00760024675828592,0.4334659790571996,0.003119573239558913,6.520052083333334,0.6460380968948422,0.18059938769255096,0.20674658728055112,0.22822984792156972,3.979296875,1775.02265625,0.002464700853684641,11.3046875,1131.696875,0.010120925706740645,44.634375,90266.2,0.025621751428236306,1611.0,4732.0,421.0,2664.0,6395.0,3.0171875,10.36875,16.6828125,0.19852170761998425,249.3916134982639
0.9979166666666667,11.926041666666666,16586.878645833334,0.19178246049775863,0.007870428859980976,0.4282056141873092,0.003106549014500304,6.533333333333333,0.6360817538649663,0.17947911765902227,0.2057473246826483,0.22703096766781444,3.97109375,2090.4125,0.002624293590512615,11.275,1259.45,0.010376446051335832,44.396875,89900.171875,0.02634895274649956,1558.0,4770.0,455.0,2618.0,6374.0,2.99140625,10.3921875,16.8421875,0.20558371648773063,245.24505099826396
0.9986979166666666,11.946354166666667,16469.341666666667,0.19315906420822446,0.008136469693093227,0.4322953107068674,0.0031118401059303637,6.530729166666666,0.6276322099664298,0.18102259552450536,0.20688873794694612,0.2279752652043791,4.005078125,1819.0109375,0.0027714703279106416,11.359375,985.425,0.010723043531505856,44.2984375,90554.58125,0.027009893315410944,1609.0,4719.0,436.0,2674.0,6255.0,3.028125,10.403125,16.66875,0.1989186855210546,244.47264295789935
0.9981770833333333,12.016666666666667,16361.9734375,0.19376493552778434,0.008310377502452462,0.4287700897564101,0.003130155422419033,6.60546875,0.6419469486823856,0.18148896736328862,0.20753127852641193,0.22910246518713948,3.966796875,1698.32109375,0.0028302720641406745,11.453125,1231.215625,0.010923265972765554,44.7796875,90147.340625,0.02761791078538652,1609.0,4800.0,445.0,2657.0,6379.0,3.037890625,10.4703125,17.0109375,0.19231390782165655,249.62628472222227
0.9979166666666667,12.0328125,16470.211979166666,0.19263682959048356,0.0075644398708025785,0.4356444467092908,0.003134361161760875,6.58046875,0.6579232134354845,0.18041032096353443,0.206388138987368,0.22779155470139573,4.041796875,1784.60234375,0.002551819604407308,11.4328125,1382.30625,0.009929418291628056,44.596875,90300.55625,0.025249942515558194,1566.0,4808.0,443.0,2689.0,6317.0,3.071875,10.4515625,16.74375,0.2019777017865582,247.32496500651044
0.9963541666666667,12.0796875,16192.559375,0.19400214948012426,0.007963361118994526,0.43928788811818814,0.003146571372753321,6.609895833333334,0.6331220626913293,0.1816355798590919,0.20787881479954334,0.22959176264483458,4.01015625,1647.51484375,0.0026514801470818882,11.43125,961.6,0.010598661287720808,45.00625,89603.696875,0.026575584837918786,1574.0,4848.0,436.0,2660.0,6430.0,3.07578125,10.50625,16.85,0.1946991101444546,253.09156656901044
0.9984375,12.080729166666666,16430.439583333333,0.19350342111302427,0.007578238431495981,0.4357804206684627,0.0031468427107753756,6.545052083333333,0.6387583530933391,0.18128680225447608,0.20701346245001256,0.22885985521022878,3.997265625,1794.24140625,0.002526872249473556,11.4609375,1171.803125,0.009952000126978607,45.034375,90233.86875,0.025409941464103053,1565.0,4831.0,455.0,2617.0,6476.0,3.038671875,10.4953125,16.6203125,0.1950025293171771,254.23462863498264
0.9966145833333333,11.966666666666667,16382.397395833334,0.192641912768381,0.007857709756266458,0.43615733968868475,0.0031171311973604236,6.532291666666667,0.6526375348189415,0.18026765452560456,0.20657942657789835,0.22820143192996917,3.992578125,1814.746875,0.0026351284648869545,11.240625,964.746875,0.010257340694790784,44.5890625,90070.65,0.02634840398326014,1568.0,4767.0,458.0,2619.0,6365.0,3.057421875,10.365625,16.5984375,0.19646667363562012,248.69368055555555
0.99765625,12.025520833333333,16305.739583333334,0.19385421955098572,0.008098452803970518,0.43934644904404097,0.0031324617956064948,6.554166666666666,0.6408679457750444,0.18167851067272536,0.20737278575033707,0.22903848886467576,3.9796875,1637.771875,0.0027290001855999036,11.4,906.684375,0.010674856219286896,44.834375,90376.665625,0.02699985986213659,1609.0,4788.0,438.0,2622.0,6413.0,3.044921875,10.4609375,16.684375,0.19070709762965127,251.00559868706597
0.996875,12.0203125,16290.027083333332,0.19352582033195143,0.008154489674660544,0.4363600652787157,0.0031311051054962228,6.534375,0.6572641795571732,0.1811781486203678,0.20758460539789625,0.22885772211234098,3.948828125,1648.07421875,0.0027792051933513066,11.4765625,903.571875,0.010720461659565085,44.85,90244.29375,0.027089655614992957,1582.0,4846.0,434.0,2654.0,6362.0,3.025,10.5203125,16.5859375,0.1851641722359287,252.08031656901042
0.9981770833333333,12.036979166666667,16343.093229166667,0.1937695702497947,0.008010783025444064,0.4343390566651771,0.0031354465138490927,6.590364583333334,0.6553156505560123,0.1815137267770735,0.20744259676578808,0.22911991762468595,4.028125,1620.7484375,0.002662272349854153,11.340625,1201.328125,0.010491025492384485,44.76875,90374.2375,0.026924583260863288,1595.0,4787.0,426.0,2667.0,6383.0,3.05703125,10.41875,16.8953125,0.19635479074421278,250.02311170789926
0.9966145833333333,12.068229166666667,16339.7484375,0.1930217039400598,0.008196804341724668,0.4242314083885797,0.0031435866545107233,6.631770833333333,0.6506408873160416,0.18051569699937325,0.20720145982716937,0.22886597581569634,3.987109375,1767.3953125,0.002696194214117286,11.4703125,1257.578125,0.010864940561735424,44.990625,89711.33125,0.027531108632143437,1603.0,4796.0,434.0,2631.0,6532.0,3.03359375,10.5109375,17.1453125,0.20463924874469616,252.53492811414932
0.99921875,12.0984375,16438.646354166667,0.19369378042711094,0.00830528247115834,0.4311479333031152,0.0031514554571502994,6.616927083333334,0.6447974514615351,0.1813946820654739,0.20729161985648462,0.2292923344442853,3.96484375,1750.8921875,0.0027133729566120495,11.4734375,1002.709375,0.010974149173015058,45.2578125,90625.6,0.028004053827486792,1601.0,4844.0,432.0,2680.0,6510.0,3.00703125,10.5484375,17.125,0.19643967594536813,255.6017683919271
0.9973958333333334,12.158854166666666,16353.863541666668,0.1934352402443634,0.008325830640973583,0.4381003095511549,0.0031671930624294522,6.638802083333333,0.651831227243521,0.180910941742995,0.20744061143299505,0.22952706306120535,4.01015625,1741.56640625,0.0027881930266547015,11.34375,1042.528125,0.010870196543894227,45.56875,90114.3875,0.02793201519532847,1632.0,4734.0,449.0,2658.0,6604.0,3.029296875,10.428125,17.2875,0.19672010605262638,258.6320570203994
0.9981770833333333,12.227083333333333,16318.226041666667,0.19436952784414427,0.00828863159253359,0.4394627645322687,0.003184965702874012,6.65859375,0.6615692622252514,0.1819657900998335,0.20809770739116126,0.2302562992743704,3.9671875,1706.8984375,0.002734742337004106,11.559375,1058.034375,0.010895770809841051,45.934375,90023.728125,0.02789704939734406,1589.0,4888.0,440.0,2716.0,6611.0,3.030078125,10.5890625,17.2421875,0.18840768002548344,264.0411414930556
0.9984375,12.238541666666666,16370.672916666666,0.1939785036875545,0.007970708463518017,0.43937144366382747,0.00318795042111661,6.677864583333333,0.6513320282577241,0.18145232028120728,0.20810483893086557,0.22995690206963246,3.981640625,1728.26328125,0.002599969477424825,11.6140625,1181.1,0.010494166955634324,45.890625,90129.884375,0.02693020591577447,1587.0,4902.0,426.0,2732.0,6601.0,3.043359375,10.659375,17.234375,0.19223670913194602,263.9410145399306
0.9973958333333334,12.072395833333333,16355.375520833333,0.19333467821747222,0.007623671745756478,0.43509109449326105,0.003144672006598941,6.573697916666666,0.6564562750765779,0.18086512054366286,0.2072662358545489,0.22928135127563315,3.94609375,1741.43515625,0.0024545896216810847,11.378125,1145.365625,0.00998964187178671,45.271875,90021.146875,0.025934030116027816,1586.0,4779.0,423.0,2700.0,6502.0,3.00703125,10.4515625,16.9625,0.19201309706742753,257.3155921766493
0.9971354166666667,12.1390625,16388.119791666668,0.19283545429196416,0.007754340704788377,0.43773757278202957,0.0031620376400104196,6.634895833333333,0.6466297678808941,0.18018453316269503,0.20732680961241878,0.22894778348858608,3.943359375,1839.62421875,0.0025055171829802105,11.4375,1163.553125,0.010122915212511362,45.6234375,89806.66875,0.02638106028429805,1564.0,4881.0,434.0,2712.0,6562.0,2.99296875,10.540625,17.296875,0.18985205916211814,260.73378662109377
0.9966145833333333,12.063541666666667,16420.299479166668,0.19225702246804474,0.008110974940392078,0.4329112814009377,0.0031423656334114785,6.613802083333334,0.6493394352819273,0.17960285721489236,0.20675041957461082,0.22838028637408817,3.96796875,1868.234375,0.0026337508986637613,11.4203125,966.65,0.010768176180686928,45.0890625,90082.209375,0.02736266986701049,1567.0,4823.0,431.0,2628.0,6515.0,3.0046875,10.5203125,17.14375,0.19782720933975054,253.81835828993056
0.9989583333333333,12.078645833333333,16511.5109375,0.19303845561496077,0.00817375120818539,0.4358380287142349,0.003146300034731267,6.570052083333334,0.6436548661118537,0.1806102570651805,0.20704432749275065,0.22874537793629188,4.033984375,1786.1078125,0.0027280539086731526,11.403125,913.921875,0.010714820948346953,44.9328125,91010.7125,0.027415470666072785,1600.0,4762.0,424.0,2661.0,6457.0,3.079296875,10.459375,16.64375,0.20198960107717126,251.60475233289932
0.9984375,11.993229166666667,16422.666145833333,0.1933524144590305,0.008196560522657072,0.4323431359652568,0.00312405031692281,6.525520833333333,0.6479350327875971,0.18096645786631116,0.20729288755246297,0.2289557677364753,3.996875,1668.865625,0.002744544494007907,11.3015625,1061.028125,0.010850407369771463,44.6703125,90799.50625,0.027350777790139346,1563.0,4772.0,444.0,2648.0,6372.0,3.019921875,10.3875,16.6859375,0.1967871180946599,248.704641655816
0.99765625,12.0328125,16428.502083333333,0.19277021870296326,0.008585810607581025,0.42950837482900067,0.003134361161760875,6.548177083333333,0.6498723109552872,0.180274427372556,0.2069638716928414,0.22855973103471422,3.975390625,1715.43046875,0.0029098470637741935,11.328125,1065.5125,0.011227910893142377,44.9671875,90643.778125,0.028647564497247,1594.0,4758.0,433.0,2683.0,6452.0,3.00078125,10.425,16.8609375,0.19950758165941632,252.44267333984374
0.9950520833333333,12.052604166666667,16271.739583333334,0.1924560784812954,0.008675080586825378,0.43817257789552266,0.0031395165841799078,6.589583333333334,0.6427120694870576,0.17997268776264755,0.20662623495062862,0.22821948488655366,4.0171875,1633.2953125,0.003003090095060707,11.3046875,1096.971875,0.011277666607430667,44.9421875,90000.284375,0.028760456533278782,1576.0,4794.0,421.0,2674.0,6446.0,3.05859375,10.41875,16.884375,0.2001740981314115,252.58681613498263
0.996875,12.075,16316.366145833334,0.193339886504055,0.008517742889974532,0.44004041769218283,0.0031453503516540764,6.566666666666666,0.6484644582470669,0.18103035390906255,0.20698713808053393,0.22893076530754602,4.051171875,1666.23046875,0.002917255313178257,11.2375,868.965625,0.011076189761861458,45.0078125,90364.309375,0.028361246325272697,1597.0,4721.0,407.0,2783.0,6351.0,3.084765625,10.378125,16.6828125,0.1993899875496142,251.61729166666663
0.9973958333333334,12.015625,16486.5484375,0.1922029422176031,0.008281761639913225,0.434095479763324,0.0031298840843969784,6.529427083333333,0.6367576939748592,0.17974698589229346,0.20660992778968906,0.2276197819467555,3.982421875,1777.7875,0.0027387455777071737,11.4421875,1208.58125,0.011030000202671541,44.721875,90599.559375,0.027705587325979115,1602.0,4800.0,409.0,2721.0,6337.0,3.028515625,10.50625,16.55625,0.19751741187406216,251.15861002604166
0.9963541666666667,11.967708333333333,16418.428125,0.19205949941461303,0.007891085245346232,0.4317795301434577,0.003117402535382478,6.493489583333333,0.6467490643223953,0.17968007433433883,0.20614888281706936,0.22748781633325357,3.98671875,1760.56484375,0.002590687214045948,11.35,1216.79375,0.010432221708561831,44.509375,90251.515625,0.02655154090733177,1582.0,4727.0,437.0,2674.0,6346.0,3.0265625,10.384375,16.4703125,0.2027840432637895,249.19583224826386
0.9955729166666667,11.958333333333334,16327.888020833334,0.19230185456590904,0.007730561982654682,0.4376412719735103,0.003114960493183989,6.502083333333333,0.6358449477351916,0.1800070559883473,0.20613483265946636,0.22764807078259866,4.011328125,1720.13671875,0.002614259931174129,11.24375,945.440625,0.010064373505407618,44.4609375,90141.340625,0.02586195866582397,1602.0,4698.0,427.0,2655.0,6345.0,3.023828125,10.328125,16.5890625,0.20083144254022622,247.21180555555557
0.9989583333333333,11.978645833333333,16511.425,0.1930837931319991,0.00779217320779306,0.43168181484080215,0.0031202515846140487,6.490625,0.6446802034871081,0.18089460672747365,0.20670500695217617,0.22821932492992364,4.0265625,1816.184375,0.0025928076316522773,11.31875,1188.50625,0.010239047221388442,44.446875,90615.30625,0.026142761498760804,1595.0,4750.0,454.0,2623.0,6337.0,3.05703125,10.36875,16.346875,0.2004220349240271,247.869856499566
0.9979166666666667,12.052604166666667,16491.676041666666,0.1924353127740206,0.007848417822387807,0.42653871037043495,0.0031395165841799078,6.5484375,0.6456073635538654,0.18014706624600388,0.20619696303531332,0.22782664862479476,4.030078125,1906.76640625,0.0025875811106515823,11.4328125,1003.01875,0.010345690125147947,44.7625,90319.971875,0.026394492366572576,1572.0,4825.0,438.0,2698.0,6352.0,3.094921875,10.48125,16.4296875,0.20247467400585129,249.8055661349826
0.9989583333333333,12.072916666666666,16384.2828125,0.19408766713717948,0.008093661403255388,0.436231599929732,0.003144807675609968,6.56953125,0.6452113891285591,0.18192984843798218,0.20762209350686361,0.2291845155642848,4.031640625,1669.665625,0.002733434371957688,11.459375,986.5875,0.0106021151724858,44.8515625,90640.446875,0.027026115759215773,1535.0,4868.0,444.0,2659.0,6378.0,3.07578125,10.5,16.6140625,0.19804531165565642,250.74416232638887
0.996875,12.031770833333333,16290.058854166668,0.19350237702474865,0.007852290593054843,0.4306513650727305,0.0031340898237388207,6.562760416666666,0.632180425089823,0.18122388848308119,0.20721947156007178,0.22889923665609527,3.978515625,1621.4328125,0.002602815234975864,11.4515625,1144.5375,0.010290477680294279,44.825,90110.084375,0.02641200493813132,1547.0,4870.0,469.0,2632.0,6385.0,3.0484375,10.51875,16.6640625,0.1950702269330225,251.71461561414932
0.9986979166666666,11.990625,16389.4203125,0.19367518846626855,0.007970968836519156,0.4259321317659233,0.003123371971867674,6.472916666666666,0.6457736078533577,0.18136313049587227,0.20753147401593802,0.22906713479818414,3.98515625,1696.3953125,0.002633479668660176,11.3515625,949.51875,0.01049016397161769,44.6515625,90601.421875,0.026801730372856537,1612.0,4774.0,440.0,2654.0,6382.0,2.996484375,10.4625,16.3890625,0.20083693466488214,249.85459960937496
0.99765625,12.033854166666666,16370.020833333334,0.19336352634563608,0.00797107938753792,0.42862569930583494,0.0031346324997829295,6.527864583333334,0.6414196061458559,0.18094280613220765,0.20744396708916907,0.22896596645581688,3.9671875,1808.23359375,0.0026167043319671283,11.3265625,1072.05,0.010482763522895108,45.0078125,89915.140625,0.026876895474463907,1590.0,4806.0,433.0,2650.0,6502.0,2.996484375,10.4671875,16.7140625,0.20032696417013734,254.49208306206597
0.996875,12.0296875,16391.977604166666,0.19268292762512415,0.008125422079001902,0.4326647506206967,0.0031335471476947123,6.534635416666666,0.6470970255877386,0.1802910502301467,0.2067783014048608,0.2281550634252975,3.999609375,1856.68125,0.0026754191420161333,11.3953125,994.996875,0.010726579298726493,44.784375,89930.14375,0.027324276607220387,1596.0,4797.0,432.0,2646.0,6425.0,3.059375,10.4609375,16.509375,0.1998138464751218,251.0689103190104
0.9989583333333333,12.054166666666667,16427.5203125,0.19370673331722948,0.0081854315094464,0.43393740565271877,0.0031399235912129893,6.558072916666666,0.6489802972692706,0.18150778197166845,0.207238670178615,0.2289706018380882,4.02265625,1816.30703125,0.0027073419502953383,11.3875,886.490625,0.010724243998239177,44.846875,90413.403125,0.027558977257257877,1581.0,4794.0,434.0,2670.0,6420.0,3.0546875,10.43125,16.6984375,0.2017427315363348,251.40696180555557
0.9966145833333333,12.005729166666667,16291.772916666667,0.19339216361134443,0.00800633913106598,0.4306045124952883,0.003127306373187462,6.512760416666667,0.6499501106242679,0.1810202791329218,0.20720959176585377,0.22906227337052573,3.954296875,1737.175,0.0026243336390492787,11.3203125,1028.015625,0.010504248448063405,44.896875,89773.921875,0.027036451782135356,1623.0,4754.0,418.0,2673.0,6467.0,3.01796875,10.4328125,16.571875,0.1992461714000621,253.09111300998265
0.9973958333333334,12.1140625,16241.059375,0.19424315681556825,0.007937932094290445,0.4357889922434777,0.003155525527481115,6.606770833333333,0.6499849520615676,0.18197852154173164,0.20801150988307388,0.22953334484340907,4.045703125,1571.9578125,0.0026746181044188374,11.4375,1129.815625,0.010287116553366605,45.0640625,90028.709375,0.026642003594700713,1604.0,4804.0,438.0,2684.0,6421.0,3.069921875,10.4859375,16.875,0.19750207055805044,253.64219807942706
0.9966145833333333,12.133333333333333,16394.698958333334,0.1925128017929545,0.008116650596661123,0.4257010264177342,0.0031605452808891204,6.5734375,0.6542324862637363,0.1798928963207147,0.20714106496267198,0.2283641605121962,4.052734375,1770.1765625,0.0026442024138348566,11.609375,1336.8375,0.010753909246881374,44.9796875,89950.65,0.027369184677745934,1627.0,4839.0,451.0,2662.0,6435.0,3.05546875,10.61875,16.6,0.20452711739442303,253.54420138888884
0.9973958333333334,12.0578125,16560.897395833334,0.19160278804263137,0.008029427940352687,0.42690446138101473,0.0031408732742901797,6.568489583333333,0.6646365167811326,0.17893716247669625,0.20629734299069336,0.22757073535831002,4.009765625,1989.4734375,0.002578961456144473,11.4984375,1128.740625,0.010655430950531865,44.809375,90278.75,0.02720529086700636,1596.0,4840.0,464.0,2651.0,6415.0,3.030078125,10.55625,16.734375,0.20675631961774005,252.7075952148438
0.9981770833333333,12.024479166666667,16497.076041666667,0.1925452797087128,0.008040424718861513,0.42450206095891363,0.0031321904575844404,6.52265625,0.6484601723913891,0.1801332808034854,0.20660637163707457,0.22813218340126054,3.99921875,1901.51171875,0.0026047131415227118,11.3375,1131.8875,0.010620791139567248,44.8125,90244.521875,0.02720290460751098,1592.0,4815.0,444.0,2677.0,6409.0,2.9984375,10.4796875,16.6625,0.2053627374549901,251.483254937066
0.9981770833333333,11.971875,16420.257291666665,0.1930583844313404,0.00804373297678295,0.4330120449282042,0.0031184878874706955,6.516145833333334,0.6423040111372139,0.1807768714040764,0.20691195707831422,0.2283308638934228,4.01953125,1713.21640625,0.0026611546095541934,11.2546875,1144.278125,0.010614087614470857,44.4984375,90524.4,0.027003691808010065,1598.0,4733.0,425.0,2673.0,6355.0,3.035546875,10.35625,16.5984375,0.20306376973681017,247.55441731770836
0.9981770833333333,11.99375,16526.0203125,0.19228984754193199,0.007915523017333982,0.4222760933730304,0.003124185985933837,6.525,0.643303804064617,0.1798598885814827,0.20660954284162897,0.22768998808403218,3.990234375,1961.26640625,0.0026127810435093123,11.3578125,1159.8375,0.010411879522002048,44.64375,90151.21875,0.0266301344079646,1636.0,4754.0,431.0,2651.0,6395.0,3.02734375,10.4234375,16.6171875,0.19952607370742964,250.3025651041667
0.9986979166666666,11.994791666666666,16420.341145833332,0.19350454814356569,0.007746575922905152,0.4293953093060424,0.0031244573239558914,6.5265625,0.645462440295267,0.18128553335632094,0.2070025026785604,0.2288826527575499,3.9609375,1743.98828125,0.0025763827712132763,11.3125,974.14375,0.010041614993483374,44.8125,90571.95,0.026132309459094432,1597.0,4770.0,435.0,2691.0,6402.0,3.011328125,10.390625,16.7234375,0.196266402271837,250.82497287326387
0.9986979166666666,12.043229166666666,16387.328125,0.19385125994453256,0.008192752069495731,0.43480577096569395,0.0031370745419814186,6.55859375,0.6516887947065693,0.18168201793591715,0.2073107262383586,0.22906876168516815,4.0109375,1735.0515625,0.0027726675540111984,11.31875,1035.040625,0.010619755292365553,44.896875,90348.721875,0.027446086908564045,1616.0,4749.0,435.0,2650.0,6451.0,3.043359375,10.425,16.753125,0.20002280930905145,251.08302707248268
0.9984375,12.072916666666666,16448.560416666667,0.19340107377961235,0.008073458787313916,0.43865800658167053,0.003144807675609968,6.544270833333333,0.6517687661777394,0.18100631315632235,0.20739258424446955,0.22898860580791536,3.9671875,1797.24140625,0.002671517808078342,11.44375,1356.36875,0.01054051465949284,45.125,90146.028125,0.02721416683207729,1600.0,4809.0,421.0,2705.0,6469.0,3.028125,10.4859375,16.6671875,0.19470998161921757,256.73009982638894
0.9981770833333333,12.0015625,16372.8484375,0.19363140778804952,0.007913803395282184,0.4393794085718366,0.0031262210210992445,6.526302083333333,0.6611552315236732,0.18138679521894482,0.2072772540800462,0.2289640117724714,3.966015625,1704.41328125,0.0025823878346366417,11.28125,1125.259375,0.010342711876509817,44.8640625,90294.178125,0.026810557156636716,1594.0,4787.0,434.0,2627.0,6480.0,3.016015625,10.4140625,16.6796875,0.1969081931413223,252.66406005859375
0.9963541666666667,12.053125,16244.269791666668,0.19353381344823106,0.007336440774016813,0.43036373839808895,0.003139652253190935,6.528125,0.6408694149166019,0.1811184169420464,0.20741439751506835,0.2293148154061324,3.966796875,1713.0109375,0.002349102544032279,11.4140625,1108.90625,0.00959463497709046,45.0375,89504.66875,0.02502759949088129,1613.0,4780.0,421.0,2649.0,6514.0,3.022265625,10.45,16.6296875,0.19719266789674864,255.26749023437497
0.9981770833333333,12.10625,16369.23125,0.19365825533999312,0.007646362812526409,0.43772604373992496,0.0031534904923157074,6.566927083333334,0.6505334710032696,0.18132701777692478,0.20737850189289722,0.22926295903936236,4.017578125,1793.640625,0.0025182943878617197,11.36875,960.8375,0.009922893339141776,45.1984375,90079.9875,0.025882105984569796,1560.0,4803.0,420.0,2671.0,6532.0,3.06171875,10.4234375,16.73125,0.20028804330042443,256.0532942708333
0.9973958333333334,12.053125,16299.730208333332,0.19368033693918746,0.007974568573214656,0.43511969582780596,0.003139652253190935,6.518489583333333,0.6590182352432806,0.18137650243535486,0.20753548700701357,0.22904052488669194,3.993359375,1690.80234375,0.002691480810874188,11.275,813.128125,0.010334184026215202,45.0703125,90222.04375,0.026747304169575985,1573.0,4789.0,420.0,2704.0,6428.0,3.062890625,10.38125,16.478125,0.19187155168941433,253.92894856770832
0.9979166666666667,12.1203125,16268.208333333334,0.19448784623785295,0.008029043967757532,0.44247256481303177,0.003157153555613441,6.533854166666667,0.6382192428344291,0.182234173187574,0.20810415785424757,0.22988622682257417,4.0,1566.43046875,0.002707192708522042,11.403125,1149.790625,0.01046424227616838,45.31875,90193.7375,0.026881250696288644,1562.0,4841.0,423.0,2668.0,6491.0,3.03125,10.4453125,16.6328125,0.18635778144365192,257.19489990234376
0.9979166666666667,12.024479166666667,16378.8640625,0.1936024748376815,0.008235077894001734,0.4321475307736754,0.0031321904575844404,6.538020833333333,0.6465976523584701,0.18130741494083533,0.20722780602998236,0.22915738323276535,4.012109375,1736.70078125,0.002783886160743105,11.275,1166.10625,0.010736305397710642,44.8234375,90160.275,0.027538617323327342,1616.0,4709.0,402.0,2668.0,6444.0,3.05546875,10.3625,16.64375,0.1988429726042532,251.6072132703993
0.9971354166666667,12.036979166666667,16308.395833333334,0.19359627030253257,0.008253694276397666,0.43591296403112667,0.0031354465138490927,6.55234375,0.6491713902470685,0.18122709663751724,0.20744864872669008,0.2292205865384364,3.941015625,1708.5890625,0.002792783500049185,11.3859375,1089.584375,0.010869194883680714,45.071875,89926.434375,0.02748183677450854,1594.0,4769.0,432.0,2671.0,6479.0,3.015234375,10.453125,16.8,0.19369381123079524,254.8152992078993
0.9971354166666667,11.990625,16421.534895833334,0.1925513561707685,0.008157670207687411,0.4336113212923561,0.003123371971867674,6.517708333333333,0.6586743115281035,0.18026865283787016,0.20614781150357359,0.22808571416955675,3.964453125,1747.24765625,0.0027214529590968884,11.228125,1005.559375,0.010684266474000278,44.8578125,90534.659375,0.027375942935736634,1560.0,4751.0,414.0,2672.0,6463.0,2.997265625,10.346875,16.7703125,0.19822608023159366,251.80251627604164
0.9984375,12.088541666666666,16443.903125,0.19338446146224006,0.008538518844313024,0.4263856995934839,0.003148877745940783,6.62109375,0.6321413183972425,0.18113586251569408,0.20689154148107258,0.22887177722959154,3.97890625,1877.74921875,0.0028672437883170148,11.3921875,987.353125,0.011203352719507061,45.2234375,90165.06875,0.028558785193103016,1584.0,4798.0,438.0,2623.0,6568.0,3.025390625,10.459375,17.165625,0.19787670373404792,256.0213270399306
0.9979166666666667,12.097916666666666,16378.5796875,0.19360153099621413,0.008554038633094129,0.435781129672554,0.0031513197881392722,6.559114583333334,0.6471499913897021,0.181375118382557,0.20718828694582037,0.2289204255012363,3.988671875,1760.571875,0.0029723606412038308,11.4359375,1305.30625,0.011059318969334986,45.196875,89923.884375,0.02837547026441447,1570.0,4835.0,425.0,2655.0,6492.0,3.03125,10.496875,16.7328125,0.1911420659915679,254.59093315972223
0.9973958333333334,12.047916666666667,16610.6328125,0.19140758337519662,0.00848562623744752,0.4318752969103726,0.0031382955630806634,6.588020833333333,0.6467663842296386,0.1788607305526971,0.2058707458903141,0.2271318321500772,3.949609375,2076.1421875,0.002859146765961585,11.465625,1395.06875,0.011086733216332334,45.0234375,89964.159375,0.028390437144506436,1628.0,4805.0,435.0,2635.0,6497.0,3.01171875,10.509375,16.971875,0.19625577022729473,255.90030815972224
0.9973958333333334,12.107291666666667,16310.906770833333,0.19373631315622544,0.008606265314033804,0.4369915921044083,0.0031537618303377614,6.637760416666667,0.6474232125957154,0.1813547259281964,0.20774213289286553,0.22925684233170163,3.98984375,1702.8421875,0.0029306736850116975,11.4515625,909.94375,0.011192821155444838,45.2328125,90144.128125,0.0287220759887112,1581.0,4878.0,388.0,2627.0,6565.0,3.012890625,10.571875,17.203125,0.19344604876004742,257.92911349826386
0.9986979166666666,12.009895833333333,16487.797916666666,0.19322691179444199,0.008397007021473217,0.4357810187184141,0.0031283917252756793,6.50234375,0.6543648900646168,0.1809665317992358,0.20690887292544388,0.22858647064426485,3.967578125,1902.36875,0.0028909995800312305,11.2671875,1066.9,0.010800868036129322,44.921875,90250.4125,0.028017175772585064,1593.0,4744.0,404.0,2659.0,6493.0,2.99921875,10.3546875,16.6625,0.1968021593897811,254.27750623914932
0.9989583333333333,12.011458333333334,16465.744270833333,0.19353464896395148,0.008363215646565215,0.43612951403720357,0.003128798732308761,6.52265625,0.6401439597606452,0.18132299976690505,0.20713897219956054,0.22877692251652806,3.98125,1842.825,0.002816612174989092,11.29375,1025.528125,0.010880122322279731,44.85,90397.6375,0.028032722857155197,1608.0,4751.0,420.0,2631.0,6505.0,3.01953125,10.403125,16.6546875,0.20365169252233012,253.26601453993055
0.9971354166666667,11.950520833333334,16344.6640625,0.1932435621208516,0.008248347327086578,0.4370888875758017,0.0031129254580185813,6.509895833333333,0.6361298757899324,0.1809462531544894,0.20715547710710364,0.2285208830000484,3.951953125,1795.05859375,0.0027597565820859458,11.303125,995.565625,0.01083302806142222,44.5921875,89892.184375,0.02761802957275346,1602.0,4740.0,408.0,2656.0,6391.0,3.00703125,10.4125,16.61875,0.19655480017001084,249.69911431206592
0.99921875,12.078645833333333,16449.488541666666,0.19377366448872482,0.00855226272573991,0.4374564369204304,0.003146300034731267,6.586979166666667,0.6339097063516019,0.18158534949503563,0.20747885214832987,0.22882173680387657,3.976953125,1875.79921875,0.0029246244274342263,11.4625,1012.728125,0.01118024545028497,45.1015625,90181.00625,0.028434833194417586,1565.0,4862.0,416.0,2657.0,6482.0,3.03828125,10.5171875,16.8515625,0.19243358611324626,253.44433566623266
0.9981770833333333,12.089583333333334,16538.030208333334,0.1923606293012211,0.008453471280283311,0.43416167678209466,0.0031491490839628375,6.5734375,0.6434171980010339,0.17986561044601884,0.20683145075799944,0.22786988326525187,3.929296875,2092.38828125,0.0028115303492869496,11.5203125,1229.10625,0.011197863446948342,45.3,89629.521875,0.028276842837603722,1601.0,4898.0,426.0,2667.0,6542.0,2.987109375,10.63125,16.8609375,0.19608591268902456,257.3039539930555
0.9984375,12.0828125,16394.134375,0.19377654381231457,0.008571067578129865,0.4403863439636009,0.0031473853868194844,6.58984375,0.6378723220828484,0.1815855376851292,0.20731670083532353,0.22900041129804713,3.994140625,1854.0671875,0.0028997568598143324,11.3859375,884.50625,0.011198047926871619,45.134375,90064.03125,0.02862933010265024,1639.0,4768.0,419.0,2683.0,6494.0,3.049609375,10.478125,16.8625,0.1987735389763913,253.33064208984374
0.9986979166666666,12.04375,16372.772916666667,0.19385877754551126,0.008341272417373258,0.4266720388805947,0.003137210210992446,6.581770833333334,0.6606988410309635,0.18181863607954055,0.20711850068788823,0.2287596202670173,3.990234375,1734.9375,0.0027948672136328422,11.384375,1045.634375,0.01094486975108781,44.9171875,90251.253125,0.027923295898620366,1608.0,4792.0,445.0,2667.0,6451.0,3.04765625,10.459375,16.840625,0.20056864039414946,250.7095442708333
0.9984375,12.063541666666667,16383.104166666666,0.19372331382865965,0.00793709152698549,0.43095070645781897,0.0031423656334114785,6.56796875,0.6490372161298679,0.18153705509365775,0.2072176215390738,0.22897404105825295,3.9609375,1826.9953125,0.002605806361765548,11.2984375,1080.359375,0.010429835838385975,45.2390625,89910.284375,0.02676948787646477,1616.0,4755.0,433.0,2725.0,6492.0,3.0078125,10.4171875,16.959375,0.19782170735461238,254.90846245659728
0.9989583333333333,12.073958333333334,16373.619270833333,0.1939892450491225,0.007987061841737435,0.43642645060057655,0.0031450790136320224,6.612760416666666,0.6612889310672073,0.18188611460355095,0.2073648441399519,0.22902616774057902,3.996484375,1681.8796875,0.0026152937689979784,11.35625,1331.8625,0.010512955064679919,45.1015625,90182.334375,0.026948240909752775,1603.0,4800.0,427.0,2693.0,6459.0,3.05078125,10.4453125,17.028125,0.1946054103672203,253.1158843315972
0.9971354166666667,12.058333333333334,16329.2640625,0.19332614271294102,0.007632904142816588,0.43052014496480234,0.003141008943301207,6.5765625,0.6537232204561161,0.18113457886401269,0.20677823773137147,0.22864030309022393,3.9609375,1702.60703125,0.002514511633754313,11.4140625,1527.7375,0.01001082505998548,45.0921875,89637.41875,0.025728553261896804,1601.0,4802.0,457.0,2724.0,6387.0,3.029296875,10.478125,16.8640625,0.1923710977955654,253.15284722222222
0.99765625,11.992708333333333,16294.6703125,0.193960835595245,0.008103376597350614,0.4365678655348365,0.0031239146479117826,6.507552083333334,0.6500043429167028,0.18178215744550943,0.2075017587126559,0.2291346250767763,3.978515625,1745.0515625,0.0027491566374527256,11.2390625,982.859375,0.010515083034150748,44.803125,89804.95625,0.02710855000014204,1624.0,4720.0,403.0,2699.0,6421.0,3.0046875,10.346875,16.6796875,0.19709180884357488,251.05307183159726
0.9979166666666667,11.984895833333333,16370.0984375,0.19357489776205153,0.0079891435498135,0.43331721488589603,0.003121879612746375,6.51328125,0.6457781061231584,0.18144603652725028,0.20691558134877397,0.22874965911453402,3.9796875,1808.27734375,0.002727053940235865,11.25,1072.68125,0.010322882273025285,44.740625,89914.8,0.026703763264912257,1626.0,4707.0,414.0,2704.0,6367.0,3.029296875,10.35,16.6125,0.19427081563066576,249.01279269748264
0.9973958333333334,12.0625,16242.885416666666,0.19424065066335922,0.008116651942169822,0.43102147826172843,0.0031420942953894245,6.547135416666666,0.63786701208981,0.18217659947957987,0.20753958680717996,0.22919791925465582,4.033984375,1637.2328125,0.002726743843692343,11.403125,1013.540625,0.010659359773472429,44.8359375,89894.840625,0.02713357650477713,1635.0,4774.0,410.0,2683.0,6401.0,3.0359375,10.5140625,16.625,0.20147801310678823,249.76171875
0.9989583333333333,12.020833333333334,16194.2703125,0.19560663951927515,0.008164680695450243,0.442740131327797,0.00313124077450725,6.5671875,0.632105719237435,0.18385973800469035,0.20810191511597903,0.23009896998091048,4.03671875,1609.8390625,0.002779084176688377,11.2453125,864.184375,0.010633059031124662,44.7328125,89862.08125,0.027238688434823292,1575.0,4758.0,412.0,2659.0,6426.0,3.053125,10.325,16.865625,0.20194866979757695,247.83550347222223
0.9994791666666667,11.980729166666666,16365.49375,0.19461874410432484,0.008040618853500043,0.42985243315918853,0.0031207942606581575,6.573697916666666,0.642307525105421,0.18282136536287194,0.2073513364949852,0.229075666679476,4.01484375,1784.35546875,0.0027558952002555556,11.2640625,1035.23125,0.010397836173643253,44.5609375,90020.309375,0.026822296146334784,1634.0,4728.0,408.0,2619.0,6428.0,3.0375,10.4140625,16.878125,0.20357745644900926,246.8881703016493
0.9986979166666666,11.916666666666666,16287.6265625,0.19470547953243056,0.008267555269848898,0.4308711143689532,0.0031041069723018147,6.48671875,0.6343531468531468,0.1830088288301638,0.20722390542995012,0.22897365644397788,3.980078125,1639.46796875,0.0028768144768344514,11.2921875,1245.459375,0.010733694509305716,44.2875,89922.428125,0.027364379202449874,1575.0,4763.0,407.0,2630.0,6317.0,3.03046875,10.359375,16.4390625,0.19470790293428167,243.40659722222227
0.9984375,11.966666666666667,16478.982291666667,0.19300482604627364,0.008022586353420664,0.43821249153098923,0.0031171311973604236,6.526302083333333,0.6434540389972145,0.18103727015874468,0.20638069356438865,0.22749918207827444,4.00546875,2027.21953125,0.0026676652848172814,11.403125,1020.934375,0.010619159672763537,44.375,89744.08125,0.026845697308491324,1622.0,4763.0,416.0,2592.0,6393.0,2.99609375,10.509375,16.6640625,0.2070559629667479,243.8801388888889
0.9981770833333333,11.91875,16351.741666666667,0.19373719394536312,0.007777163397617338,0.42407024309399205,0.0031046496483459235,6.514583333333333,0.634373361300472,0.1819136352896491,0.20668110421559124,0.22808751829799118,3.98203125,1770.20078125,0.002572617966768721,11.415625,1259.09375,0.01029066090391223,44.16875,89770.553125,0.026081847614716908,1581.0,4807.0,434.0,2551.0,6362.0,3.0234375,10.4765625,16.5171875,0.202632623187439,241.7251692708333
0.99609375,11.9453125,16183.801041666668,0.1938021347304026,0.0077684182540619815,0.4350569763330924,0.0031115687679083093,6.491145833333333,0.6411161979507303,0.18187791236884956,0.20680016458427422,0.22850099432274312,3.98828125,1703.7078125,0.0026828739993516163,11.2796875,1104.959375,0.010035417703438913,44.4390625,89183.015625,0.02584359582352651,1563.0,4770.0,426.0,2581.0,6388.0,3.016796875,10.3640625,16.515625,0.19643503354055997,245.95950927734376
0.996875,11.902604166666666,16261.866666666667,0.19357106750535505,0.00799556430095677,0.4325201347429459,0.003100443909004081,6.454947916666667,0.6570690937732464,0.18173896580893936,0.20649231521053873,0.22797822658583433,3.971875,1711.125,0.002730497414090921,11.3171875,1342.475,0.010435665087382879,44.2109375,89384.225,0.026615731061994052,1596.0,4782.0,444.0,2588.0,6328.0,3.000390625,10.403125,16.325,0.19853834036008788,241.94676405164935
0.9971354166666667,11.969791666666667,16183.610416666666,0.19451568890872148,0.008167741523009489,0.4299419066031898,0.0031179452114265867,6.5390625,0.6502915325036985,0.18280445358971614,0.20725048748479016,0.22862583160867406,4.03359375,1675.81328125,0.002875830024202066,11.3609375,1084.578125,0.010565671704412543,44.3234375,89313.83125,0.02693745733683613,1575.0,4800.0,434.0,2551.0,6366.0,3.0640625,10.4328125,16.5453125,0.19870780625825205,243.30117078993055
0.9971354166666667,11.9015625,16279.629166666668,0.1936549455822546,0.00776066578224951,0.42508671474219006,0.0031001725709820264,6.469270833333334,0.6473239683164851,0.18185321394256565,0.20654028008684272,0.22797653763642223,3.973828125,1804.0578125,0.002661515633853624,11.3046875,979.8375,0.01007902666629322,44.209375,89481.70625,0.025838905491789344,1576.0,4756.0,450.0,2561.0,6351.0,3.00234375,10.36875,16.4375,0.20009497166325863,243.24343505859375
0.99765625,11.922916666666667,16355.583333333334,0.1933734934974063,0.007788318772022851,0.4234134845444224,0.0031057350004341407,6.491666666666666,0.652280272584309,0.18136857244164842,0.20658281208356843,0.22818385913427575,4.026171875,1852.6453125,0.0025620374680405053,11.2484375,1492.50625,0.010250349810832426,44.184375,89230.4125,0.026231412949142652,1575.0,4771.0,421.0,2565.0,6383.0,3.053125,10.346875,16.390625,0.20574597516542034,244.0372873263889
0.9973958333333334,11.884375,16338.216666666667,0.19331025433468202,0.007793547234369381,0.4316951785160989,0.0030956954936181297,6.403645833333333,0.6414672626873521,0.18140692499035468,0.20630251477273828,0.2279313112739351,3.964453125,1792.45390625,0.0026024674741147668,11.1890625,1156.309375,0.010242271445858509,44.259375,89703.175,0.026109142063898704,1583.0,4720.0,433.0,2573.0,6384.0,2.99765625,10.2734375,16.1578125,0.197681902866051,243.8064225260417
0.9989583333333333,11.8578125,16308.246354166668,0.1946032092259541,0.008489361156706442,0.43832868432109107,0.0030887763740557435,6.478125,0.6327140159002065,0.1829300609806676,0.20720397464989437,0.22869503678315972,3.97265625,1636.9109375,0.0029333493929381916,11.1734375,1099.975,0.011117299107371501,44.0828125,90201.859375,0.028085470261114374,1563.0,4699.0,419.0,2545.0,6370.0,3.02265625,10.2453125,16.5328125,0.19736013258481763,242.46519938151042
0.9979166666666667,11.855208333333334,16328.9546875,0.19373339294189398,0.008172999545095804,0.4321580541562086,0.003088098029000608,6.499739583333334,0.6281082505930937,0.1818477690436268,0.2069727228874731,0.2280365585893836,3.983203125,1739.6921875,0.002835682287782121,11.315625,864.809375,0.010769222047585642,43.8828125,90150.15,0.026926046071860693,1610.0,4719.0,413.0,2616.0,6232.0,3.04921875,10.365625,16.4359375,0.1989172851758364,239.60091037326387
0.9981770833333333,11.8984375,16385.3078125,0.19339568072175148,0.008033719020643105,0.4212655174656243,0.0030993585569158637,6.499479166666666,0.6330050339242723,0.18135179242222366,0.20681877597758938,0.22814813866402467,3.925,1874.80546875,0.00264154809838324,11.3421875,940.521875,0.01070889898154305,44.3484375,89872.103125,0.02692722274878262,1605.0,4776.0,417.0,2625.0,6350.0,2.993359375,10.446875,16.5765625,0.19668766020292075,245.88083089192708
0.9979166666666667,11.969791666666667,16423.809375,0.1931666785916873,0.007927117585591106,0.43578145768899834,0.0031179452114265867,6.502083333333333,0.6389783308676356,0.18113715210522607,0.20648504708624169,0.22796641604297757,3.936328125,1888.75546875,0.002646090095267268,11.40625,1047.475,0.010489682963901199,44.6671875,89940.359375,0.02648866216857637,1580.0,4825.0,440.0,2594.0,6403.0,2.987109375,10.475,16.5890625,0.18971217339246305,250.0183582899306
0.9986979166666666,11.93125,16410.936458333334,0.19361527291192474,0.007951455686415506,0.42953052490566795,0.003107905704610576,6.52734375,0.6514754670857342,0.18168703451490192,0.20697865326908166,0.2279648461428591,3.958203125,1764.98515625,0.0026289606961979336,11.434375,1160.709375,0.010660802782725682,44.3203125,90244.96875,0.026532088550975625,1573.0,4833.0,431.0,2609.0,6313.0,3.0328125,10.484375,16.5484375,0.19541388275284297,245.76975260416668
0.9989583333333333,11.960416666666667,16346.722916666668,0.19433028450354078,0.007583261236490686,0.4282402967895456,0.0031155031692280976,6.445572916666666,0.6520641003309527,0.18234168214315938,0.2075206983463694,0.22909428010223767,3.9640625,1643.08671875,0.0024476148988736846,11.4171875,1382.60625,0.010113801227418616,44.4890625,90125.384375,0.025595306596030765,1577.0,4816.0,450.0,2604.0,6355.0,2.991796875,10.440625,16.265625,0.19401516719185447,247.4869748263889
0.9971354166666667,12.027083333333334,16203.006770833334,0.19448017007522153,0.007978914634712321,0.43397699719786637,0.0031328688026395764,6.526041666666667,0.6458513771002945,0.1823960885647856,0.20768303504093658,0.22961363115125016,3.99765625,1580.33203125,0.002714886751041539,11.371875,1348.553125,0.01038390150199554,44.8,89548.159375,0.02663003930211223,1548.0,4840.0,424.0,2566.0,6473.0,3.0265625,10.45625,16.59375,0.19196218737568868,251.03676649305547
0.9986979166666666,12.027083333333334,16200.586979166666,0.19540897730309326,0.007872448227436317,0.43530933128385346,0.0031328688026395764,6.547916666666667,0.6570240776026329,0.18355591937505059,0.2082357282577613,0.2299944580605958,4.019921875,1585.68359375,0.002708176081797743,11.3265625,1203.2875,0.010180351811338608,44.75625,89657.5,0.026221633226088316,1541.0,4824.0,434.0,2572.0,6483.0,3.068359375,10.425,16.5890625,0.19896485087337007,250.61176649305557
0.9963541666666667,11.967708333333333,16246.957291666668,0.1936709129274138,0.008117180617890133,0.42706053197796084,0.003117402535382478,6.5234375,0.6440943511184611,0.18142922100574524,0.2073855981065052,0.22892299543499686,3.91171875,1743.16015625,0.0027306159669736826,11.4265625,1214.6375,0.010718857669665315,44.7328125,89294.465625,0.027061762169780745,1573.0,4868.0,452.0,2622.0,6399.0,2.968359375,10.5484375,16.71875,0.19217962206817404,251.9229155815972
0.9966145833333333,12.038541666666667,16263.1640625,0.19347121844741916,0.008144601420385957,0.43380874963450605,0.0031358535208821743,6.56484375,0.6524184476940382,0.1813464202277473,0.20693012733811672,0.22851150243540905,3.9671875,1752.4859375,0.0027716859721003463,11.4671875,1116.140625,0.010617583119811504,44.8953125,89452.9,0.027163281514102855,1599.0,4833.0,459.0,2599.0,6439.0,3.004296875,10.5421875,16.8296875,0.1939994724945849,250.36518120659727
0.9966145833333333,11.8875,16282.538020833334,0.19318332027664795,0.008237828960162114,0.4221587048039777,0.003096509507684293,6.501822916666667,0.6629863301787592,0.1811659734011613,0.20669388147162215,0.22774214658362063,3.94765625,1653.8921875,0.0027490357270445287,11.36875,1147.065625,0.011008252396693808,44.165625,89932.59375,0.02742257845610075,1577.0,4805.0,429.0,2572.0,6337.0,3.019140625,10.4453125,16.4890625,0.19670634196493786,241.39515624999999
0.9984375,11.844270833333333,16402.088541666668,0.1933513998167175,0.00808108877599215,0.43208143032921975,0.0030852489797690372,6.478645833333333,0.6396816322940944,0.1812704481849184,0.20693440670175503,0.22809219945887643,3.887890625,1782.2328125,0.002614087878831042,11.315625,922.284375,0.010840177968023685,44.1984375,90361.315625,0.02719000317260504,1629.0,4761.0,420.0,2587.0,6355.0,2.966796875,10.44375,16.5609375,0.1948057418426041,243.959602593316
0.99921875,11.941666666666666,16416.293229166666,0.19379837189053764,0.00815226687630707,0.4232723164904121,0.0031106190848311194,6.515885416666666,0.6276168876482903,0.1816808086191516,0.20746503040654715,0.22860196646007233,3.991796875,1742.0078125,0.002704824284918321,11.3625,1081.134375,0.010783057441052945,44.3203125,90448.59375,0.02731124667711619,1614.0,4776.0,429.0,2573.0,6392.0,3.0125,10.4671875,16.578125,0.20425506985485026,246.13878472222228
0.9979166666666667,11.980208333333334,16270.422916666666,0.194181458047483,0.008354623162654139,0.42655985688693754,0.0031206585916471303,6.54140625,0.6492913659681767,0.18197777562869896,0.20782469039098966,0.22935295537911243,3.96015625,1581.5265625,0.0027950398113179,11.35,1033.740625,0.011014270486231806,44.690625,90262.690625,0.027933309244421417,1574.0,4802.0,416.0,2613.0,6445.0,3.013671875,10.4265625,16.7671875,0.19469269360171357,249.10742078993053
0.99921875,11.995833333333334,16362.855208333332,0.1943185705421561,0.008161107354266364,0.4281046317131358,0.0031247286619779458,6.5671875,0.6309048280653005,0.18225249069701177,0.20777679937526944,0.22912466108962012,3.99609375,1697.2046875,0.0027564384613208786,11.375,1055.853125,0.01077331151026535,44.615625,90332.459375,0.02716757877004932,1572.0,4768.0,429.0,2623.0,6406.0,3.0296875,10.41875,16.865625,0.19828721117795603,247.2718576388889
0.9994791666666667,12.0609375,16358.090104166668,0.1946219839454581,0.008542536875692276,0.43097323283359873,0.003141687288356343,6.593229166666666,0.641965712311612,0.18250615558427327,0.2081135705912663,0.22959371074438914,4.0109375,1670.78359375,0.00296063648539283,11.4125,1036.7125,0.011157434045456164,44.909375,90428.69375,0.028255241267126162,1553.0,4815.0,406.0,2590.0,6530.0,3.066015625,10.4578125,16.8375,0.1974022820882219,251.72701578776045
0.9984375,12.0953125,16283.055729166666,0.19458513592915036,0.008449166948467732,0.4443125595185337,0.0031506414430841367,6.602083333333334,0.6529302846316152,0.18242387000727028,0.20810661194999874,0.2297087235958224,4.0171875,1549.31640625,0.002888435110570483,11.30625,1114.278125,0.01097901202597983,45.196875,90386.790625,0.028162249222544632,1568.0,4768.0,425.0,2685.0,6508.0,3.062109375,10.36875,16.9953125,0.19830103359653295,254.29508219401046
0.9971354166666667,12.102083333333333,16265.109375,0.19394722213196308,0.008779306037738731,0.4348256638437864,0.00315240514022749,6.601041666666666,0.6294112583921501,0.1816358631713326,0.20780997912964988,0.22932990097679817,3.945703125,1619.06640625,0.0030006537458997025,11.459375,1551.73125,0.011441140237373228,45.3703125,89562.659375,0.02923208100546034,1595.0,4837.0,439.0,2676.0,6521.0,3.02265625,10.5375,16.978125,0.1893797015615456,255.83437065972223
0.996875,12.134895833333333,16290.394791666668,0.19335091265177384,0.008045508637632958,0.43408092741090626,0.003160952287922202,6.607552083333333,0.6637194729387528,0.1810602001771595,0.20722948688553272,0.22863518831647228,4.023828125,1729.09609375,0.002673869145006302,11.3984375,1058.040625,0.01054187073973224,45.315625,89767.94375,0.027035704506040297,1586.0,4792.0,441.0,2664.0,6549.0,3.05625,10.440625,16.9796875,0.20034482608607307,255.610969780816
0.9984375,12.081770833333334,16297.2296875,0.19432842093058386,0.007574619273845055,0.44376316764593093,0.00314711404879743,6.569010416666667,0.648187265594689,0.18228050283752326,0.20759957200598525,0.229248942227425,4.019921875,1597.20546875,0.0025315683113379672,11.26875,1229.79375,0.009906990327664062,45.1421875,90164.7625,0.0254144520700544,1571.0,4784.0,431.0,2662.0,6471.0,3.059375,10.39375,16.7828125,0.1921221989668818,254.0120635308159
0.9973958333333334,12.045833333333333,16291.332291666668,0.19385987355111495,0.007978893459632265,0.43582357044075615,0.0031377528870365546,6.550260416666666,0.6608872362504323,0.18174794233697064,0.20728523655377673,0.22888223540503053,4.0234375,1655.06484375,0.002713694984607635,11.2921875,1091.815625,0.010391880144167311,44.8890625,90035.91875,0.026626700675195746,1539.0,4787.0,422.0,2692.0,6397.0,3.06484375,10.3484375,16.69375,0.19424126821193644,250.80519097222222
0.9986979166666666,12.011979166666666,16308.293229166668,0.19451815804436728,0.007946034903234356,0.4332779590422017,0.003128934401319788,6.559895833333333,0.6475740363352556,0.18252980752571482,0.2077226123912271,0.22926710577211723,3.990234375,1579.759375,0.0026475996315319054,11.3765625,1045.415625,0.010478410028444773,44.734375,90485.30625,0.026607400864833743,1530.0,4837.0,406.0,2658.0,6396.0,3.043359375,10.43125,16.7546875,0.19403803216833593,248.47121066623268
0.9966145833333333,12.0203125,16215.193489583333,0.19390535601480577,0.00814180981032425,0.4408734528416528,0.0031311051054962228,6.556770833333333,0.6370293340266042,0.18154256778844288,0.20778244591411718,0.22947941902094576,3.91796875,1615.17578125,0.002710605521675762,11.3734375,812.8375,0.010785170015978554,45.0765625,90017.6203125,0.027223266759263898,1570.0,4803.0,409.0,2652.0,6527.0,2.987109375,10.4625,16.9296875,0.19297895151080274,253.50792073567703
0.9979166666666667,11.970833333333333,16407.199479166666,0.19305620947207558,0.008246970995806234,0.4356195313827965,0.003118216549448641,6.5046875,0.6487556561085973,0.18070781221760218,0.20695763148076937,0.22854837648127546,3.91796875,1692.04765625,0.0027055268056064884,11.3046875,1051.759375,0.010915785697088943,44.8484375,90623.246875,0.027743933055322502,1553.0,4812.0,427.0,2590.0,6508.0,2.96328125,10.4109375,16.7640625,0.1920950333504894,251.41789930555558
0.9979166666666667,12.1015625,16249.966666666667,0.19440887330272882,0.00848121343474177,0.4394023102187604,0.0031522694712164626,6.591927083333333,0.6318485044114482,0.1820891990635226,0.20818154247833287,0.2299149010839497,3.97734375,1527.63203125,0.0028167720234613934,11.534375,754.865625,0.011317379812399038,45.165625,90634.40625,0.028302812702206016,1592.0,4874.0,427.0,2635.0,6480.0,3.030078125,10.59375,16.8375,0.190139365017813,253.49958089192708
0.9973958333333334,12.14375,16279.212760416667,0.19400059996394775,0.00817463165575536,0.43190363883917615,0.003163258661109664,6.616666666666666,0.6509264024704066,0.18157420802524143,0.2078611882590419,0.2298455794236789,3.9984375,1655.209375,0.0026752261996394354,11.3828125,964.596875,0.01087089628635228,45.4859375,90089.8421875,0.02747598884962214,1590.0,4787.0,443.0,2656.0,6603.0,3.078125,10.478125,16.909375,0.1995661355086639,258.5725651041667
0.9989583333333333,12.117708333333333,16443.600520833334,0.19362767607056364,0.008325128157432452,0.4362443417028589,0.003156475210558305,6.591145833333333,0.6504770910341271,0.18116758353373522,0.20741007614686743,0.2296856461415734,3.959765625,1840.21328125,0.0027386610247651672,11.2890625,815.51875,0.010873801328033669,45.578125,90485.23125,0.02812232351750037,1608.0,4741.0,439.0,2649.0,6671.0,3.0203125,10.4421875,17.0234375,0.2017893790409628,260.4351030815972
0.99765625,11.990104166666667,16381.397395833334,0.19318951625317188,0.008717172065323794,0.42901310147812466,0.0031232363028566466,6.521614583333333,0.6264280439598627,0.18072530748587784,0.2072791635165358,0.22895670405898416,3.965625,1536.2140625,0.0029496217459608564,11.20625,1205.871875,0.01138863049831231,44.871875,90937.65625,0.029115914909787023,1574.0,4736.0,400.0,2651.0,6483.0,3.019140625,10.29375,16.759375,0.19334577423846122,251.96708957248262
0.9984375,12.089583333333334,16452.013020833332,0.19317496555665237,0.008760590088430163,0.44258144960004697,0.0031491490839628375,6.63203125,0.6373858349129761,0.18067716512985546,0.20734520451408053,0.22899592830641194,3.989453125,1689.69140625,0.0030010216602178717,11.375,1277.328125,0.011389026860861486,45.2046875,90675.984375,0.029170427028848,1598.0,4760.0,415.0,2713.0,6466.0,3.0484375,10.4125,17.1859375,0.1913159668702238,255.43728732638886
0.9973958333333334,12.028125,16648.0703125,0.19090317958185501,0.00854238212543529,0.4331177967695953,0.0031331401406616308,6.538541666666666,0.6467913743829566,0.17812108347471375,0.205669634361628,0.22726510923064702,3.96640625,2090.821875,0.0028232450487452863,11.1765625,1267.090625,0.01114737674292188,45.1265625,90258.04375,0.028813935814708713,1603.0,4696.0,434.0,2659.0,6567.0,3.00234375,10.2859375,16.9359375,0.2019817723787563,255.3846256510416
0.99921875,12.021875,16632.919791666667,0.19216980547661314,0.008720003634395988,0.4288945860608289,0.0031315121125293044,6.559114583333334,0.6267221211333507,0.17951857598302445,0.20682051985448124,0.22812400907309965,3.91796875,1951.51640625,0.0028551553502584627,11.4609375,948.896875,0.011649609155688,44.9984375,91042.55625,0.029249791249654065,1598.0,4818.0,427.0,2625.0,6512.0,2.98984375,10.525,16.8703125,0.19495714469507566,254.36150065104164
0.9984375,12.0453125,16499.847916666666,0.19299804964330358,0.008709997419999027,0.4354492183088273,0.0031376172180255274,6.548697916666667,0.6484628356466468,0.18040856067133465,0.20745752601660422,0.22889652915787867,3.9046875,1812.1484375,0.002907862783633741,11.36875,1067.3875,0.011490471919511306,45.284375,90683.10625,0.029138061465947884,1608.0,4787.0,410.0,2656.0,6560.0,2.983984375,10.4703125,16.8859375,0.188448467490424,256.785967610677
0.9973958333333334,12.064583333333333,16385.546354166665,0.19310888168002666,0.008708827248274523,0.4332583907009624,0.003142636971433533,6.5484375,0.6428941460887584,0.18054390153126604,0.20742714129284376,0.229050542662252,3.954296875,1750.76640625,0.0029623153873299655,11.3109375,928.21875,0.01135876212512081,45.259375,90381.99375,0.02904493981520646,1597.0,4778.0,406.0,2714.0,6494.0,3.00625,10.425,16.840625,0.19065031557776618,256.1307248263889
0.996875,12.128125,16187.813020833333,0.1945400900008803,0.008867883887340888,0.44349871870830426,0.003159188590778849,6.58125,0.6372498496950958,0.18207789109197428,0.20835459592834543,0.23057437970903924,3.95625,1511.125,0.0030923406741810177,11.4234375,945.128125,0.011486637581702238,45.5203125,90137.25,0.029351303045619025,1550.0,4836.0,402.0,2728.0,6539.0,3.024609375,10.465625,16.9234375,0.18904504778630274,260.4018131510417
0.99765625,12.083333333333334,16287.297916666666,0.1940667467558019,0.00867109472997662,0.43133340236117224,0.0031475210558305116,6.58828125,0.6340086206896551,0.18147313214466548,0.2082860485296135,0.2302219034265361,3.96015625,1634.74921875,0.0029844171524480026,11.290625,927.390625,0.011219157254309243,45.36875,90257.4,0.028869742515758468,1618.0,4730.0,420.0,2654.0,6602.0,3.03828125,10.4171875,16.959375,0.1959688049229682,259.0092013888889
0.9966145833333333,12.105729166666666,16353.009895833333,0.19266748231929395,0.008432526219866999,0.42941977272163,0.00315335482330468,6.60234375,0.6485393451791938,0.17999757977445588,0.20716671176953144,0.22884786304840884,4.001171875,1648.05234375,0.002871776965474434,11.309375,1089.1,0.010937773945838003,45.3203125,90436.75,0.028170275511466253,1575.0,4779.0,419.0,2698.0,6560.0,3.052734375,10.38125,17.021875,0.1992581328813287,257.12892550998265
0.9963541666666667,12.038020833333333,16330.766145833333,0.19276660514112068,0.008714718282293943,0.4348871869857903,0.003135717851871147,6.54375,0.6516246268333838,0.18006746324507467,0.20738907245420832,0.22894070541221687,3.9625,1725.10390625,0.0029661585268903833,11.26875,908.378125,0.01131397988479231,45.109375,90175.803125,0.02910969570140982,1545.0,4794.0,428.0,2634.0,6551.0,3.0,10.4,16.8625,0.19893086113332795,256.075637749566
0.9997395833333333,12.0484375,16426.141145833335,0.1942526293872201,0.008697486517458611,0.4352118407847243,0.0031384312320916906,6.54453125,0.6370120606925171,0.18187278250197317,0.20812600191452285,0.22989864440090516,3.98046875,1662.0375,0.0029674951485975593,11.2859375,990.3625,0.011285297480402884,45.0828125,90918.334375,0.029029641029958548,1554.0,4773.0,406.0,2656.0,6518.0,3.030078125,10.3625,16.784375,0.19543280379602462,255.13150797526043
0.9963541666666667,11.915104166666667,16445.401041666668,0.19181284087695386,0.008564822474303459,0.4221727314336158,0.003103699965268733,6.504166666666666,0.6301962669930498,0.1792254822875758,0.20628376366938223,0.22769135244203764,3.98984375,1778.8546875,0.0029633785623582433,11.1953125,1257.771875,0.011038665310992698,44.3359375,90299.215625,0.028496755285395088,1533.0,4760.0,450.0,2603.0,6367.0,3.0296875,10.3109375,16.5953125,0.20443272978810723,245.94435519748265
0.99765625,12.047395833333333,16392.566666666666,0.1932253154412228,0.008668290510723086,0.4371264266972113,0.003138159894069636,6.576822916666667,0.6278587177381004,0.18064157726267954,0.2074214360488475,0.2293641475477711,3.968359375,1682.57734375,0.002957871830478256,11.346875,1248.59375,0.01125164214642598,45.0640625,90376.496875,0.0289266135959995,1564.0,4752.0,444.0,2592.0,6578.0,3.04765625,10.36875,16.9015625,0.19962704324296043,255.4555661349826
0.99609375,11.958854166666667,16365.4546875,0.1923442791373128,0.008515488269667542,0.42476899468618917,0.003115096162195016,6.4890625,0.6498410347981359,0.179579239321794,0.20709092527416034,0.22865779226254057,3.859375,1757.5578125,0.0028283743062587235,11.2984375,921.74375,0.01110124875530331,45.0171875,90240.753125,0.028678183637667037,1607.0,4730.0,420.0,2661.0,6550.0,2.937109375,10.38125,16.8046875,0.19640387132868328,256.19882785373267
0.9979166666666667,11.982291666666667,16348.544791666667,0.19364064829877378,0.008561750751172803,0.42835236159299206,0.003121201267691239,6.524479166666667,0.6396157524124142,0.18112414918822145,0.20777952394415947,0.22956776909559773,3.92734375,1665.196875,0.0028673027668443705,11.3203125,982.971875,0.011170996442821757,44.8640625,90447.509375,0.02873029699683758,1626.0,4688.0,416.0,2673.0,6483.0,2.991015625,10.365625,16.8171875,0.1985934333541187,252.56010308159722
0.9981770833333333,12.041145833333333,16405.7671875,0.19351289105229103,0.008600185482994618,0.43750936069114665,0.0031365318659373103,6.548177083333333,0.6463082313248842,0.18096976805440637,0.20776903005191852,0.2294292440442022,3.883984375,1817.92421875,0.0028918106466604694,11.421875,978.68125,0.011190656679460677,45.2890625,90184.225,0.02884321363186515,1603.0,4780.0,408.0,2676.0,6566.0,2.971875,10.475,16.9265625,0.19094211520331947,258.1811195203993
0.996875,11.9609375,16466.386458333334,0.19193874176107878,0.008246675199003765,0.42328788047290605,0.003115638838239125,6.505208333333333,0.6522098846070107,0.17920989424660103,0.20666409559326793,0.22812877798680056,3.890625,1916.99296875,0.002677868760041866,11.3703125,1119.728125,0.010871926975496627,44.8328125,90010.61875,0.02789664917835849,1621.0,4763.0,429.0,2646.0,6494.0,2.9609375,10.4765625,16.7109375,0.19975263435937274,253.4151407877604
0.99765625,12.005208333333334,16463.8234375,0.19255272519024594,0.008687718212565016,0.4379731345386381,0.003127170704176435,6.526822916666666,0.637353579175705,0.17999130340639016,0.20701738679179743,0.22833375072411757,3.88984375,1801.8640625,0.002924669610402588,11.4359375,1323.421875,0.011472127825245797,45.0359375,90252.0625,0.028955503008533955,1604.0,4819.0,412.0,2634.0,6511.0,2.966015625,10.4734375,16.8234375,0.18622486243166642,254.58695203993057
0.99921875,11.923958333333333,16616.491145833334,0.19235916491481048,0.008555635498342175,0.43028298104412394,0.003106006338456195,6.491145833333333,0.646544946274133,0.17979985240369167,0.20684782917194777,0.22810775070214837,3.9,1966.45078125,0.0028029563410201415,11.259375,1530.146875,0.011333584532420147,44.684375,90302.996875,0.02878840309355234,1629.0,4701.0,406.0,2664.0,6468.0,2.95546875,10.3578125,16.7671875,0.1987120856885786,250.68588433159724
0.99609375,11.946354166666667,16404.824479166666,0.19194731101924128,0.008556354979078184,0.43060152872762203,0.0031118401059303637,6.4765625,0.6375724811440031,0.17921315660491444,0.2066560650740196,0.22817517462177025,3.88046875,1816.8875,0.002863461967821934,11.35625,1245.45625,0.011300446945498624,44.8,89915.940625,0.02858383505768273,1598.0,4772.0,427.0,2697.0,6400.0,2.937109375,10.459375,16.6515625,0.19386077002383525,252.962747124566
0.9971354166666667,11.9578125,16417.0375,0.19253657326875953,0.008472358243796854,0.4322836473673603,0.0031148248241729616,6.511197916666666,0.6495056404895684,0.17995256037705074,0.20717795217501794,0.22823124592933644,3.831640625,1747.58125,0.0027789014829352012,11.490625,1227.4,0.011316136543387284,44.9296875,90284.5,0.028402406987653027,1634.0,4852.0,433.0,2640.0,6453.0,2.938671875,10.603125,16.709375,0.18604486657774086,253.29405354817703
0.9986979166666666,11.975520833333333,16458.350520833334,0.19322978975094615,0.0089498529126107,0.43653342936301925,0.003119437570547886,6.556510416666667,0.6557213064845823,0.1808763844170172,0.20721427995454045,0.2286589208830677,3.926953125,1774.16796875,0.0030475621844462514,11.35625,1252.66875,0.01176473056341851,44.7890625,90400.7625,0.02974413817446069,1609.0,4804.0,414.0,2636.0,6450.0,2.995703125,10.459375,16.896875,0.19342873776258712,250.45408827039927
0.9984375,11.9515625,16483.8234375,0.19293355400107828,0.008758258943213299,0.4377766357070301,0.0031131967960406357,6.534635416666666,0.6383405238157493,0.18047677900631914,0.20719135214274242,0.22850285583845067,3.88203125,1806.6265625,0.002996449933154562,11.3015625,1287.43125,0.011400780210903471,44.8796875,90389.003125,0.029162973715758073,1562.0,4794.0,464.0,2621.0,6455.0,2.986328125,10.384375,16.878125,0.18897485623677504,253.5617163085937
0.9986979166666666,11.994791666666666,16417.192708333332,0.19365007763541253,0.008973723933798795,0.43590384192163195,0.0031244573239558914,6.548697916666667,0.6485453755970473,0.18135174698600282,0.20747351543806078,0.22901996243040296,3.896484375,1621.62890625,0.00307160473921856,11.4109375,1197.8875,0.011761224532596265,44.971875,90818.753125,0.029794700113322255,1592.0,4810.0,428.0,2633.0,6469.0,2.987890625,10.453125,16.8875,0.18494222345035882,252.75674370659723
0.99765625,11.978125,16327.617708333333,0.193591612496758,0.008658996937122382,0.4348609388709324,0.0031201159156030215,6.528125,0.6454474302113227,0.181294465704457,0.20736768215590998,0.22900413000680991,3.916796875,1614.0703125,0.0029797377230991575,11.396875,1314.996875,0.011352566454844013,44.8046875,90194.428125,0.02868246427549364,1636.0,4743.0,402.0,2675.0,6418.0,2.9734375,10.4359375,16.8390625,0.18778824372395056,250.41150065104165
0.99921875,11.971354166666666,16517.919270833332,0.193122792821016,0.008947949664002058,0.4319348610975079,0.0031183522184596683,6.546875,0.6468131390036981,0.18082103517666887,0.20690471999870264,0.22854789622071783,3.91640625,1819.8953125,0.0031071028574282734,11.31875,1196.009375,0.011688848127216501,44.84375,90631.925,0.029570438427082756,1624.0,4749.0,408.0,2698.0,6406.0,2.96796875,10.434375,16.975,0.18887987552781976,251.01740858289932
0.9981770833333333,11.964583333333334,16498.726041666665,0.19257421795717727,0.00876346289639577,0.43299994152146926,0.003116588521316315,6.547916666666667,0.6366010795751349,0.18016485398685775,0.2066518334363098,0.2281340583593227,3.92265625,1865.60625,0.0029875212378157713,11.228125,1073.88125,0.011519886964473045,44.86875,90456.05,0.02911080546263849,1599.0,4734.0,404.0,2653.0,6513.0,2.983203125,10.3484375,17.00625,0.19804009680619775,250.6200998263888
0.9973958333333334,12.084895833333333,16304.51875,0.193765908397238,0.008258974464416998,0.4333296643886449,0.003147928062863593,6.64140625,0.6418997543421109,0.18128614600437115,0.20784628150946,0.22960458485648355,3.95234375,1616.52421875,0.0028079466907651647,11.465625,1170.83125,0.010776172926441379,45.234375,90190.184375,0.027545887096999955,1596.0,4804.0,431.0,2696.0,6459.0,3.03125,10.515625,17.2078125,0.18973243143507593,255.65581353081595
0.996875,11.9765625,16180.3078125,0.1944951037965211,0.008727542204110152,0.43834046839614316,0.00311970890856994,6.546354166666666,0.6421830832789737,0.18213748491814852,0.20828418687722078,0.23013649622931193,3.9578125,1538.140625,0.003022246231079732,11.2171875,1032.04375,0.011413324734767794,44.8109375,89897.240625,0.028862943565574194,1598.0,4724.0,412.0,2626.0,6470.0,3.02578125,10.315625,16.859375,0.19137722391000783,250.84788818359374
0.99765625,12.066666666666666,16366.03125,0.19330386965254062,0.008357590964711411,0.4355305086725932,0.0031431796474776417,6.60703125,0.6354454419889503,0.18089897665892335,0.20750124990416907,0.22872606137538137,3.9578125,1748.3234375,0.002806461216733844,11.4453125,1103.8125,0.011072905305854612,45.1234375,90099.08125,0.02784679561547848,1611.0,4824.0,429.0,2658.0,6490.0,3.024609375,10.5046875,17.0390625,0.19218510212962475,253.0992013888889
0.9966145833333333,12.016666666666667,16217.605729166668,0.19384681000076978,0.008385479044620328,0.44374490200882216,0.003130155422419033,6.548177083333333,0.65625,0.18137930091821727,0.20811883549434668,0.229444820837403,3.935546875,1525.75078125,0.0028594045432172796,11.421875,1051.8375,0.011098842840118046,44.9359375,90150.79375,0.0277764132547348,1603.0,4797.0,420.0,2605.0,6473.0,3.001171875,10.4828125,16.8015625,0.18664069295003463,251.40128472222221
0.99609375,12.078645833333333,16201.4109375,0.1937265495070058,0.008346836760657783,0.4421195223863323,0.003146300034731267,6.575520833333333,0.6397740502781252,0.1811979958851771,0.20796502322162072,0.22960229027970575,3.92265625,1498.19375,0.002818518883788134,11.440625,1343.078125,0.010961508131168885,45.340625,89872.6125,0.027845436897625288,1594.0,4827.0,425.0,2687.0,6495.0,2.99140625,10.5078125,16.9796875,0.18312822409967303,256.10683566623266
0.9981770833333333,12.109375,16300.057291666666,0.19421558131189443,0.008481292063156055,0.4350873916369223,0.00315430450638187,6.667708333333334,0.666752688172043,0.1818424229321312,0.20818384915122334,0.22973994699161843,3.951171875,1641.728125,0.002859935024956716,11.4453125,1121.71875,0.011123525830854776,45.40625,90111.7125,0.028324486448254676,1576.0,4847.0,426.0,2643.0,6575.0,3.0234375,10.5078125,17.4046875,0.19055088384374705,257.75782877604166
0.9958333333333333,11.903645833333334,16388.858854166665,0.19183164068894287,0.008186213916758627,0.43296716197958746,0.003100715247026135,6.509375,0.6701378254211332,0.17925127339994923,0.20644490457497158,0.2275398459588888,3.862890625,1739.440625,0.0027078357093724887,11.278125,1163.4,0.010840713234146737,44.6921875,90211.990625,0.027445227428915066,1571.0,4749.0,423.0,2659.0,6428.0,2.947265625,10.3734375,16.89375,0.19119540431233722,249.70686170789932
0.9958333333333333,12.078645833333333,16243.556770833333,0.1932136330686638,0.008169666218665595,0.4345021298786037,0.003146300034731267,6.552083333333333,0.6411538959078953,0.18065283356783407,0.20750017044052757,0.22917029370011893,3.902734375,1599.13359375,0.0027582500748336764,11.421875,1207.44375,0.010642638103936886,45.4390625,89857.3625,0.027342358908721977,1608.0,4835.0,423.0,2614.0,6599.0,2.97734375,10.5171875,16.8859375,0.18242877233668808,258.388606499566
0.99765625,12.129166666666666,16305.914583333333,0.1938545757549191,0.008265903139377462,0.43727783307410917,0.003159459928800903,6.5859375,0.6475008588114051,0.18142618663378318,0.2078542304683185,0.2295684775260634,3.975390625,1676.60234375,0.0027701339110516644,11.44375,1119.328125,0.010840170074591152,45.4296875,90009.75,0.02767471311746696,1588.0,4868.0,410.0,2642.0,6592.0,3.0359375,10.521875,16.85,0.19003873583334102,258.65102430555555
0.9989583333333333,12.048958333333333,16449.116145833334,0.19356328418904473,0.008473427162668183,0.4320692402959202,0.003138566901102718,6.53359375,0.6502118094579407,0.18123447676009996,0.2074244031120342,0.22901739498183407,3.91875,1717.72265625,0.0028368200508443373,11.4609375,1221.609375,0.01114612863882492,45.1578125,90602.196875,0.02834715413380682,1595.0,4883.0,444.0,2644.0,6473.0,2.96953125,10.55625,16.7671875,0.18575938320773772,256.2246864149306
0.99765625,11.988020833333334,16315.6546875,0.19384493011103263,0.008524373600779846,0.43846673372757927,0.003122693626812538,6.515364583333334,0.6388756136768475,0.181582909197279,0.20737825092603349,0.2293596929510464,3.872265625,1670.67578125,0.002933900478759487,11.3015625,1027.990625,0.01101735088811438,45.1375,90183.234375,0.02839328880152675,1619.0,4744.0,421.0,2676.0,6502.0,2.9515625,10.3984375,16.8875,0.1855354877536023,255.27954399956596
0.9984375,12.155729166666667,16339.834375,0.19408955309761355,0.008848604402682073,0.43414323089914136,0.003166379048363289,6.629947916666667,0.6200351343245212,0.18161476369152454,0.20825894538495415,0.22981931843462905,3.93125,1770.6921875,0.003001498708396006,11.6515625,1111.165625,0.011674336352667824,45.5578125,89845.071875,0.029411295229840595,1659.0,4859.0,418.0,2690.0,6566.0,2.99375,10.7046875,17.1,0.1900958487365517,258.98095675998263
0.9981770833333333,12.072395833333333,16428.771354166667,0.19324082703358958,0.008676409917647131,0.442449448698002,0.003144672006598941,6.604427083333333,0.6547737175891971,0.18080023088070657,0.20743042762644798,0.22881361105226308,3.891796875,1764.07578125,0.002944883840295926,11.453125,1017.85,0.011407868136439039,45.4140625,90498.475,0.028871056008260055,1595.0,4863.0,420.0,2675.0,6544.0,2.96328125,10.5640625,17.209375,0.18622822153679575,256.5749671766493
0.9966145833333333,12.115104166666667,16160.9765625,0.19441001860811344,0.008757499981731516,0.44446129467962336,0.0031557968655031693,6.621354166666666,0.6541851167189716,0.18208059706138885,0.20818314439956093,0.22995457900356414,3.909765625,1471.97734375,0.0030728375693434137,11.4625,967.3,0.011347507220819394,45.5890625,90110.65,0.02890614239219605,1621.0,4817.0,422.0,2690.0,6553.0,3.018359375,10.51875,17.1359375,0.18251486495480948,258.6643551974827
0.9979166666666667,12.133854166666667,16217.11875,0.19490494522272261,0.008709025630971957,0.4442046627076843,0.0031606809499001476,6.62265625,0.6449328239687513,0.1826425032659924,0.208541961161575,0.23031769711079103,3.909765625,1560.5953125,0.0030356846491624277,11.5078125,884.85,0.01130014033292616,45.65625,90175.48125,0.02881127485625588,1611.0,4856.0,423.0,2708.0,6551.0,3.005078125,10.590625,17.125,0.18334113324800771,259.43729139539926
0.9981770833333333,12.134375,16320.584895833334,0.1942130126899869,0.00854226835723726,0.42769311145585154,0.003160816618911175,6.629166666666666,0.6634045840844708,0.18192505483663113,0.20780162772001978,0.22977622907337705,3.951953125,1695.365625,0.0029211501867902716,11.5171875,1166.775,0.011195274087043391,45.48125,89975.271875,0.028373735309219078,1614.0,4869.0,416.0,2645.0,6592.0,3.01953125,10.5953125,17.1015625,0.18913923097248586,257.7439225260417
0.9971354166666667,12.059895833333334,16294.172916666666,0.1936692435399402,0.00876743336499383,0.43180549334650153,0.0031414159503342885,6.598958333333333,0.6352407687324552,0.18124214671837902,0.20762521804334133,0.22942165632278383,3.96171875,1663.79140625,0.003036064148230239,11.39375,1265.91875,0.011445310630111186,45.11875,89843.953125,0.02901503296693083,1597.0,4805.0,433.0,2669.0,6484.0,3.021484375,10.46875,17.0390625,0.19359689657783025,252.02714165581594
0.9984375,12.076041666666667,16382.4765625,0.1936712552483483,0.00800442444242569,0.42886243392501144,0.003145621689676131,6.568229166666667,0.6474165444664884,0.181373999677884,0.20736692561227063,0.22916460716628312,3.975,1760.284375,0.0027104407686079964,11.2859375,1123.659375,0.010353145302800206,45.2703125,90130.0625,0.026831638277321945,1599.0,4805.0,426.0,2700.0,6499.0,3.0046875,10.43125,16.959375,0.19202595522119253,255.49109266493056
0.9984375,12.072916666666666,16245.504166666668,0.19485963457042957,0.008361236976558228,0.43502233031834464,0.003144807675609968,6.597395833333334,0.6534081104400346,0.18263389845745995,0.20825383317313081,0.23036838041960667,4.008984375,1537.425,0.0029042189017397463,11.378125,1281.7375,0.01077429036178557,45.0234375,90041.5875,0.027776255890604805,1601.0,4777.0,426.0,2630.0,6494.0,3.04375,10.4375,16.971875,0.19510330017159347,252.51603732638887
0.9966145833333333,12.1734375,16368.963541666666,0.1927459011119068,0.008463344179200121,0.43302160667015027,0.003170991794738213,6.631510416666667,0.620716211012707,0.18019756288315747,0.20687530275043367,0.22880985238837717,3.9359375,1949.01171875,0.002848762833357381,11.5015625,863.89375,0.011101625937079408,45.7953125,89553.840625,0.028283387804691806,1590.0,4916.0,466.0,2692.0,6574.0,2.999609375,10.621875,17.16875,0.18797830739738877,261.5303361002604
0.996875,12.1125,16191.252604166666,0.19426959960815024,0.00902747522768,0.439299501878099,0.0031551185204480334,6.631510416666667,0.6625386996904025,0.18201369048638227,0.20791918083719133,0.22964365486618102,3.945703125,1538.0109375,0.0031156727832784485,11.546875,861.50625,0.011884382413447777,45.3453125,90133.965625,0.029817777819518432,1608.0,4876.0,443.0,2651.0,6475.0,3.01328125,10.6265625,17.109375,0.18303818396541885,255.69255208333337
0.99765625,12.119791666666666,16339.059895833334,0.19365284815565242,0.008703855676278882,0.43817141567855117,0.0031570178866024137,6.617447916666666,0.6450795015040826,0.18131723423604157,0.20737311317138768,0.2292750388183605,3.9859375,1718.47421875,0.002989625706288314,11.459375,920.115625,0.011428182199520437,45.315625,90240.346875,0.0288364490329996,1595.0,4840.0,422.0,2660.0,6528.0,3.031640625,10.5578125,17.0203125,0.1930303391546278,255.7413791232639
0.9973958333333334,12.115104166666667,16295.408333333333,0.19387497638653742,0.008682171508027692,0.4432851007490033,0.0031557968655031693,6.6140625,0.6528524139116977,0.18145966833162083,0.20779712053151828,0.2296140644612227,3.93671875,1694.06875,0.0029957511675587634,11.546875,1014.9125,0.01134281403683125,45.396875,89981.2625,0.028767210341099848,1587.0,4860.0,408.0,2661.0,6551.0,3.02578125,10.59375,16.9875,0.18697248001265285,258.0419593641493
0.9971354166666667,11.99375,16387.88125,0.192889324895092,0.00866204072671888,0.43458021790582196,0.003124185985933837,6.556770833333333,0.6421747437901685,0.18053847886270707,0.2069086484438527,0.22827338547587112,3.93203125,1765.1734375,0.0029775645207282594,11.396875,1173.01875,0.011346327353251664,44.8375,90093.575,0.028715658924148575,1563.0,4808.0,441.0,2611.0,6441.0,3.002734375,10.4546875,16.875,0.19061319222034714,250.88798177083336
0.9984375,12.081770833333334,16330.3734375,0.19422596794563435,0.008715803699370046,0.4407729454953048,0.00314711404879743,6.591927083333333,0.6351683407337155,0.18200268119840057,0.20787453541116846,0.22947054746903534,3.929296875,1651.125,0.003031177520936865,11.4125,722.984375,0.011405715509119337,45.3609375,90654.75625,0.028764396603353476,1580.0,4837.0,425.0,2667.0,6515.0,2.978125,10.509375,17.1296875,0.18528404459863201,256.9886260308159
0.99765625,11.9734375,16472.3078125,0.19223116352023828,0.008125906821242255,0.4384919439671802,0.003118894894503777,6.5203125,0.6495280351472443,0.17986911907704062,0.20639939384174238,0.22751111097152474,3.919140625,1786.84140625,0.002714098725055766,11.34375,1018.04375,0.010654157056681468,44.8203125,90668.4375,0.027244888970548997,1585.0,4790.0,426.0,2637.0,6444.0,2.984375,10.43125,16.753125,0.18985383597091304,250.5992944335937
0.9973958333333334,11.9859375,16478.861458333333,0.1922422326714174,0.008620858615792976,0.43193865983814617,0.0031221509507684294,6.523697916666666,0.6519358623386782,0.1797131038191914,0.2067557928412181,0.22784518791052072,3.890625,1807.70390625,0.00291661522870047,11.4171875,1305.33125,0.011295327383709652,44.9359375,90337.021875,0.02876336339624632,1565.0,4833.0,428.0,2624.0,6491.0,2.963671875,10.459375,16.828125,0.18935429908168028,253.56282307942712
0.99765625,12.071354166666667,16448.511979166666,0.19277680519365667,0.00807218411974429,0.4289661433281354,0.0031444006685768864,6.532291666666667,0.6609138369935712,0.1802167902093868,0.20723038737976762,0.2285632829446252,3.912890625,1811.01171875,0.0026953121615050078,11.5640625,1140.29375,0.0105781799774824,45.2125,90306.73125,0.027073676094963306,1589.0,4876.0,420.0,2708.0,6459.0,2.977734375,10.5734375,16.709375,0.1878030743134487,259.1204294162327
0.99765625,12.082291666666666,16360.892708333333,0.19336071150574632,0.008690224042953163,0.43601753368667817,0.003147249717808457,6.575,0.652383826191913,0.181038218841099,0.2071781776399398,0.228833216030142,3.94765625,1628.834375,0.0029521859431387567,11.4765625,1292.24375,0.011367775977799734,45.2265625,90357.775,0.028964824507364217,1585.0,4833.0,421.0,2696.0,6466.0,3.021484375,10.5234375,16.840625,0.18827708604347504,256.72291558159725
0.9984375,12.082291666666666,16341.4171875,0.19407475499917554,0.00842908809924967,0.44268057099249314,0.003147249717808457,6.556510416666667,0.6569100784550392,0.1817372081983677,0.20773047229692915,0.22976922490465332,3.969140625,1600.22421875,0.0028999247708133905,11.3453125,1022.290625,0.010782642620955307,45.271875,90625.315625,0.028192186891289155,1547.0,4815.0,439.0,2676.0,6496.0,3.03359375,10.3953125,16.809375,0.18918232681270522,256.37656141493056
0.9984375,12.044791666666667,16382.538020833334,0.19374743113003007,0.008435568753934652,0.4329060810427736,0.0031374815490145002,6.55,0.6405777047479028,0.1813157081274676,0.20769628164097922,0.2295254726293309,3.948046875,1722.8140625,0.0028062930125933605,11.340625,1002.39375,0.011076061636209923,45.1359375,90401.578125,0.028312178837024547,1566.0,4825.0,438.0,2620.0,6548.0,3.003125,10.44375,16.84375,0.19526675323568693,255.89330620659717
0.9989583333333333,12.077604166666667,16311.635416666666,0.19467096561814093,0.00859078002714947,0.4372987129642048,0.0031460286967092124,6.56953125,0.6387942558971926,0.18253848001445833,0.20795993606293814,0.2299119375880741,3.95859375,1687.48515625,0.002920914482294976,11.4046875,1169.7125,0.011221594392981765,45.2265625,89950.159375,0.02863942784073515,1587.0,4816.0,451.0,2706.0,6448.0,3.01015625,10.4515625,16.925,0.1896603004588319,255.35439425998266
0.9979166666666667,12.0953125,16352.905729166667,0.19376872973943632,0.008570398288985287,0.43793306425531653,0.0031506414430841367,6.563802083333333,0.6378159583171855,0.18151830843982036,0.20733218766841102,0.22920695700892554,3.983203125,1691.80390625,0.0029375078636870674,11.446875,892.996875,0.011169722922823996,45.1921875,90457.221875,0.028502635356339456,1590.0,4825.0,435.0,2689.0,6431.0,3.03828125,10.49375,16.7359375,0.18676503196184932,254.39091552734376
0.99765625,11.9609375,16379.736979166666,0.193179669759726,0.008652990722538872,0.4333043699123574,0.003115638838239125,6.5421875,0.6485521445678206,0.18088401993972444,0.2070050218876261,0.22853691691183203,3.92578125,1655.5734375,0.002918695415887505,11.33125,1130.2875,0.011376337542954548,44.73125,90525.840625,0.02886682512872867,1593.0,4781.0,461.0,2654.0,6368.0,3.0046875,10.434375,16.8,0.19279559215410025,249.0193074544271
0.996875,11.963020833333333,16339.755208333334,0.19306205873393173,0.008532054491739188,0.4324245383597776,0.0031161815142832336,6.5171875,0.6561017022943968,0.18072084355654802,0.2067887150137139,0.22870026316368425,3.927734375,1707.80703125,0.002859316404256333,11.2390625,1121.125,0.011175304687506448,44.828125,90086.178125,0.028579756645903353,1591.0,4753.0,415.0,2655.0,6462.0,3.008203125,10.3484375,16.721875,0.19272272396071363,253.00071587456597
0.9979166666666667,12.024479166666667,16488.314583333333,0.19252820307651655,0.008454786850704934,0.43515861078768936,0.0031321904575844404,6.537239583333333,0.6538744748126651,0.18014401321136936,0.20670160084278635,0.22789156477083558,3.933203125,1849.98984375,0.002847505962204131,11.425,1124.7875,0.011088025363573917,44.9890625,90405.140625,0.028250671891839163,1583.0,4830.0,455.0,2649.0,6434.0,2.97578125,10.4859375,16.834375,0.19053329104645667,253.3697132703993
0.9971354166666667,11.9578125,16457.611979166668,0.19221340478722285,0.008410897398409204,0.4260573008345781,0.0031148248241729616,6.54375,0.6579990417701119,0.17979231470264329,0.20647261005014225,0.22763855986262166,3.922265625,1818.39453125,0.0028247222498311974,11.4234375,1180.84375,0.011092964686059975,44.634375,90291.25,0.02807353070507047,1598.0,4789.0,437.0,2658.0,6384.0,2.98046875,10.45,16.890625,0.19538785866061542,249.34509521484372
0.9986979166666666,11.938020833333333,16412.297916666666,0.19362277691904137,0.008718072760976279,0.43192689965095277,0.003109669401753929,6.538541666666666,0.6602678766196938,0.18150152191188332,0.2071251324801821,0.22860544138653277,3.9484375,1687.4078125,0.002996593629373931,11.290625,1020.765625,0.01139864405001397,44.54375,90703.390625,0.028923417998347977,1581.0,4769.0,421.0,2639.0,6403.0,2.9890625,10.390625,16.884375,0.19840885921193518,248.23261691623264
0.99765625,11.990104166666667,16332.134375,0.19373015051777195,0.008608984719930875,0.43898807342108354,0.0031232363028566466,6.535416666666666,0.6540984318665566,0.18152808634437273,0.20735591611998086,0.2289126416091601,3.95390625,1721.33828125,0.0029999951470657546,11.3125,1072.2125,0.011198099754092767,44.8125,90035.240625,0.02845582797722947,1597.0,4783.0,417.0,2630.0,6440.0,3.03359375,10.4171875,16.6609375,0.19220522811448992,252.0462562391493
0.9994791666666667,12.022395833333333,16417.682291666668,0.19424894185185437,0.008587583406292672,0.4388867981142809,0.0031316477815403316,6.553645833333333,0.6448035350690985,0.18215672930451068,0.20771944236173406,0.22914729153134958,3.98046875,1736.5421875,0.003010641766996772,11.415625,882.221875,0.011142203476727208,44.796875,90677.703125,0.028340729893041726,1584.0,4808.0,430.0,2673.0,6354.0,3.03671875,10.45625,16.71875,0.18961247092873187,251.22449842664926
0.99765625,11.9953125,16313.03125,0.19381334740428327,0.008592290247148903,0.44070866614262044,0.0031245929929669186,6.539583333333334,0.6263731492336416,0.18164403494440837,0.20734605211824783,0.22895789252981852,3.970703125,1745.371875,0.0029687074566265544,11.2125,1021.634375,0.011115041035113593,44.8765625,89875.065625,0.0285638706212736,1577.0,4750.0,428.0,2654.0,6456.0,3.037109375,10.3125,16.7765625,0.1957228703868935,251.0932071940104
0.9986979166666666,11.922395833333333,16399.0203125,0.19365118420093902,0.008844267247266828,0.4338447869099744,0.0031055993314231135,6.517447916666667,0.6461491415840287,0.1815846609192659,0.2070317645404928,0.22853669698807771,3.965625,1711.2390625,0.0030727311007287066,11.3203125,1007.45,0.011564531180605176,44.3515625,90541.715625,0.029210147900080963,1601.0,4733.0,420.0,2629.0,6345.0,3.02734375,10.365625,16.6296875,0.1963045804977583,244.43720675998264
0.996875,11.928645833333333,16375.394791666668,0.19256725330872668,0.008699433647665117,0.42550558494829077,0.00310722735955544,6.532552083333333,0.6367724752215866,0.18026257214653088,0.20652092181621495,0.2278323094500216,3.929296875,1711.11328125,0.0029350024795033827,11.3796875,1302.675,0.011440772662152352,44.475,90105.240625,0.02901581930582482,1593.0,4786.0,442.0,2661.0,6353.0,3.00078125,10.446875,16.7453125,0.19843069387312143,246.41574191623263
0.9984375,11.9828125,16334.950520833334,0.19399534006485378,0.00821413837488663,0.4386687627270921,0.0031213369367022663,6.528385416666667,0.6509323249445821,0.18188705849522396,0.2074159117351293,0.2290078946730972,3.94453125,1644.93671875,0.0027691702395306987,11.3375,1178.675,0.010746854156430785,44.78125,90251.28125,0.027461295134766195,1594.0,4759.0,420.0,2665.0,6414.0,3.00703125,10.3796875,16.7625,0.19146042418776799,249.81949625651038
0.99765625,11.894791666666666,16223.152604166668,0.19453826987206052,0.008135548323543794,0.44019996595174277,0.0030984088738386733,6.471875,0.6438830020141869,0.18239778908396742,0.20797642291585489,0.22966203998063853,3.92734375,1581.0359375,0.0027788538547659737,11.2046875,977.271875,0.01062888495102328,44.4546875,90037.5,0.027068989571175584,1593.0,4715.0,435.0,2666.0,6291.0,2.989453125,10.35625,16.5171875,0.18993685899116286,245.9373687065973
0.9981770833333333,11.911458333333334,16456.128645833334,0.19279814699278744,0.008243247942756951,0.4350818462535346,0.0031027502821915427,6.52890625,0.6418014866637516,0.18056285158694158,0.2066646307914767,0.22787284481748155,3.9515625,1793.98046875,0.002776294999922207,11.3515625,1063.796875,0.010849309603195209,44.3109375,90497.053125,0.02750499805365768,1591.0,4772.0,426.0,2689.0,6251.0,3.007421875,10.4375,16.70625,0.19672428831231348,243.95882703993055
0.9979166666666667,11.971875,16538.9765625,0.1918646797807506,0.008408376154397247,0.4298415348932197,0.0031184878874706955,6.507552083333334,0.6566170712607674,0.1794365200311243,0.2061355819214051,0.22730641663860132,3.974609375,1972.66171875,0.00284667509947376,11.43125,1046.46875,0.01101483528724936,44.5015625,90296.74375,0.028048721241239083,1594.0,4788.0,432.0,2648.0,6348.0,3.027734375,10.453125,16.48125,0.19882394434156117,245.483583984375
0.9973958333333334,12.005729166666667,16243.77109375,0.19418576851091907,0.008561533562925034,0.4395187439893266,0.003127306373187462,6.511979166666666,0.6499934926901219,0.18195184888502874,0.20781690243306983,0.2294903130923296,3.979296875,1663.971875,0.0030004641946801006,11.315625,886.63125,0.010980009380618952,44.8015625,89920.1078125,0.02838733521821086,1612.0,4774.0,434.0,2668.0,6385.0,2.999609375,10.4390625,16.634375,0.1949456452015702,250.36350884331594
0.99765625,12.008854166666667,16370.3828125,0.19336595105774187,0.008353168586240052,0.43486021341345465,0.003128120387253625,6.55390625,0.6566335603070651,0.18118960637796905,0.20674575241321796,0.22869152842135726,3.928515625,1819.54609375,0.0028457270298727355,11.390625,1020.753125,0.010841976913318466,44.9484375,89923.359375,0.027894126484630903,1639.0,4742.0,421.0,2742.0,6386.0,2.978125,10.4515625,16.959375,0.19283514590194548,252.20148410373264
0.9986979166666666,12.019791666666666,16361.7046875,0.19398351238632355,0.008020490283509017,0.43765278156164616,0.0031309694364851956,6.586979166666667,0.637056937342924,0.18184102224937604,0.2073010280970365,0.22923595722340084,3.926171875,1725.98515625,0.0027452846539231467,11.35,1013.421875,0.01029283383597364,45.0640625,90252.865625,0.026848969249387865,1623.0,4746.0,444.0,2674.0,6464.0,2.994140625,10.440625,17.1046875,0.1926624306086368,252.14544162326396
0.9994791666666667,12.0390625,16378.480729166668,0.19438997535758507,0.007924305209006709,0.43440015664235376,0.0031359891898932015,6.594010416666666,0.6607397793640494,0.18230521699960106,0.20769856288597371,0.2294204212611323,3.959375,1667.7609375,0.0026389879088976513,11.4515625,1012.621875,0.010407090974325326,44.9453125,90587.21875,0.026582788644124316,1593.0,4829.0,449.0,2660.0,6414.0,2.99609375,10.5375,17.0421875,0.19431643889036512,250.3385782877604
0.9958333333333333,12.010416666666666,16235.831770833332,0.19316881440147704,0.00828564861947861,0.4308277745140933,0.0031285273942867065,6.560677083333333,0.6569384215091066,0.18082734126839184,0.20695320435271883,0.22875031698257614,3.946875,1682.56328125,0.0027933562893278736,11.434375,1215.903125,0.01091656032110226,44.840625,89468.834375,0.027623906238457917,1598.0,4800.0,432.0,2652.0,6422.0,2.991796875,10.5046875,16.8921875,0.19398955977006516,248.55770399305558
0.99765625,11.9921875,16356.079166666666,0.19340380649466932,0.008000581381595647,0.435222775022369,0.0031237789789007554,6.570833333333334,0.6560260586319219,0.181124759554588,0.2071717978409362,0.22875200290872783,3.91171875,1781.1296875,0.002643426061921926,11.4,1117.5,0.010617624239364262,44.90625,89894.45625,0.026812159802521923,1599.0,4830.0,439.0,2669.0,6419.0,2.96640625,10.5265625,17.0328125,0.19248268654233988,250.29577229817707
0.99765625,11.950520833333334,16250.584895833334,0.1942867907005656,0.008235483497091977,0.43392809562703866,0.0031129254580185813,6.53125,0.6552625844410547,0.18211127110137096,0.20779633368057535,0.2294793261173343,3.93828125,1616.96484375,0.0027797469213922954,11.2828125,1059.15625,0.01086839565254549,44.6671875,89976.49375,0.027425517644437198,1577.0,4794.0,435.0,2624.0,6409.0,2.9625,10.4109375,16.9265625,0.19379140511814189,247.70067681206595
0.9981770833333333,11.9625,16330.527083333332,0.19401221322426523,0.008170692521601615,0.4314321795514561,0.0031160458452722064,6.562239583333334,0.6566527342389411,0.18180610928868746,0.20758452112259235,0.22926432106824907,3.924609375,1713.04296875,0.002715751728806208,11.3140625,1062.159375,0.010798284504247907,44.7625,90068.83125,0.027362863710136947,1606.0,4750.0,430.0,2641.0,6427.0,3.0046875,10.403125,16.9515625,0.19153435264293717,249.70848958333332
0.9984375,11.950520833333334,16364.468229166667,0.1939185769492764,0.007941048535577682,0.436022108567746,0.0031129254580185813,6.5609375,0.6502070167792547,0.18166964363488877,0.20767341123982094,0.22915947591628213,3.973046875,1779.49453125,0.002629806596646569,11.2046875,1037.44375,0.010518893611758817,44.60625,90031.3875,0.026608171215121,1646.0,4692.0,396.0,2666.0,6418.0,3.030078125,10.3546875,16.890625,0.19993636724700337,246.87359347873263
0.9989583333333333,12.003645833333334,16386.593229166665,0.19401351337905112,0.008279501533494911,0.4316077964795785,0.0031267636971433533,6.571614583333333,0.6307545450600945,0.18176315248869584,0.20767967297832204,0.22934879734120134,3.928125,1729.58828125,0.0027124417432857874,11.365625,1044.93125,0.01099694231761689,44.94375,90356.275,0.027830299910209428,1604.0,4799.0,428.0,2650.0,6467.0,2.99765625,10.4828125,16.95625,0.1940388469508527,251.65988254123258
0.9973958333333334,12.084375,16406.572395833333,0.19288062672039175,0.007838436994901254,0.42641550460294436,0.003147792393852566,6.555729166666667,0.6516679596586501,0.1804277049515101,0.2070161044378609,0.2285568360784494,3.976953125,1881.97890625,0.002515993165149327,11.4921875,1179.425,0.010487817356144269,45.10625,89732.09375,0.026478831952665947,1608.0,4812.0,434.0,2635.0,6531.0,2.9953125,10.5515625,16.8015625,0.2024980694592609,254.24913085937496
0.9971354166666667,12.039583333333333,16396.761979166666,0.1927172653074543,0.008126250458173426,0.43557064729162914,0.0031361248589042287,6.596354166666667,0.6538761031320298,0.18036374604362004,0.20668859846716975,0.228160009203076,3.950390625,1777.09609375,0.0026419128239758547,11.4421875,1234.771875,0.010838568502951515,44.99375,90037.415625,0.027351282950185622,1598.0,4860.0,434.0,2666.0,6422.0,3.01796875,10.55,16.95625,0.1907417748658582,251.41926649305552
0.9981770833333333,12.045833333333333,16344.226041666667,0.19384392896649066,0.008121817880384321,0.4301206114913449,0.0031377528870365546,6.545833333333333,0.6553960567277759,0.181642065651265,0.20739185031647764,0.2291034608774063,3.981640625,1734.29609375,0.0027032341513622904,11.44375,1115.9,0.010740409227353377,44.9046875,90012.271875,0.02717756144950339,1638.0,4777.0,426.0,2602.0,6500.0,3.003515625,10.4890625,16.771875,0.19646572255956002,250.99164930555557
0.9986979166666666,11.996354166666666,16440.605208333334,0.193364524741282,0.0076305479295219565,0.4378177321067364,0.003124864330988973,6.51953125,0.6416011809143403,0.18118732162775225,0.2067903876759377,0.2286474742607454,3.97109375,1851.790625,0.002524108193810334,11.3109375,1102.471875,0.010096275123411375,44.7828125,90133.996875,0.025590579678479018,1612.0,4770.0,425.0,2640.0,6416.0,3.011328125,10.421875,16.65,0.1926891285153629,250.73123670789937
0.9986979166666666,12.043229166666666,16398.617708333335,0.1936741109990972,0.007581420303096917,0.4359293671193685,0.0031370745419814186,6.564583333333333,0.6442503135406306,0.18138785133302457,0.20736473580431697,0.2291285248581679,4.01171875,1753.0734375,0.0024925317075675654,11.3984375,1210.38125,0.009951216764718846,44.8140625,90169.03125,0.02556717822359239,1618.0,4767.0,433.0,2642.0,6442.0,3.034375,10.45625,16.79375,0.19998691207623875,250.46479790581597
0.9984375,12.009895833333333,16605.730729166666,0.1917366779139463,0.00798291234230538,0.4323204069466166,0.0031283917252756793,6.62421875,0.6311635370137474,0.17931400062377453,0.20599228417641702,0.22717178081216263,3.95625,1994.2546875,0.0025969200952661252,11.484375,1344.05,0.010574133009862385,44.75,90313.315625,0.02693566066290539,1563.0,4870.0,442.0,2636.0,6416.0,3.0109375,10.571875,17.1296875,0.19948664957063744,249.39052707248266
0.9981770833333333,12.129166666666666,16445.632291666665,0.19303301597149972,0.007842335785066662,0.43866831286311336,0.003159459928800903,6.585677083333334,0.6298093438680865,0.1806253905818738,0.2069859805581027,0.2287105529434005,3.92890625,1877.39921875,0.002586692129701855,11.5640625,1174.58125,0.010337815965379945,45.4953125,89989.615625,0.026369430226212603,1611.0,4889.0,449.0,2667.0,6551.0,2.9828125,10.640625,16.9421875,0.19074421353555088,258.3921701388889
0.9973958333333334,11.979166666666666,16448.526041666668,0.19249089853621204,0.007875474930835295,0.43301800577665744,0.003120387253625076,6.513802083333333,0.6436086956521739,0.18009245412561264,0.20662181174442634,0.22795376297039552,3.940625,1756.875,0.0025737563766081387,11.271875,1351.209375,0.010406706185453344,44.840625,90312.446875,0.026551117893125864,1575.0,4790.0,417.0,2653.0,6451.0,2.995703125,10.403125,16.696875,0.1935361877849283,250.98550347222223
0.9989583333333333,12.065104166666666,16530.284375,0.19274958570654083,0.008109339967378356,0.435650630369059,0.00314277264044456,6.595052083333333,0.6413554932009498,0.1804211661452309,0.20684046427336877,0.2279723853849526,3.990625,1888.03203125,0.0026695138311966563,11.4265625,1164.19375,0.010723847473596764,45.0015625,90465.384375,0.027254137005886747,1579.0,4805.0,451.0,2637.0,6496.0,3.037890625,10.48125,16.9375,0.20236235088547525,251.71503228081602
0.996875,12.0296875,16416.315625,0.19229600183951406,0.00792169670257964,0.4349864664201102,0.0031335471476947123,6.5421875,0.6585703771052518,0.1800269913591212,0.20605786862064815,0.22761017697995128,3.983203125,1833.1609375,0.002634884449699078,11.4140625,1080.134375,0.010380227546970119,44.83125,90085.115625,0.026610414869711406,1573.0,4770.0,429.0,2659.0,6430.0,3.026171875,10.440625,16.7078125,0.19941445068571664,249.65745198567706
0.99765625,11.8328125,16509.674479166668,0.1919719412711246,0.0077338357580027,0.42760285172208357,0.0030822642615264393,6.423958333333333,0.6524935076367798,0.1797562258175005,0.20584122420934917,0.22696552014739643,3.961328125,1876.13125,0.00250233791533879,11.096875,863.071875,0.01026198722116976,44.0546875,90690.45,0.026131675665491284,1586.0,4688.0,427.0,2622.0,6304.0,2.996484375,10.2453125,16.3125,0.20282320698009837,242.18038167317704
0.9973958333333334,11.9015625,16493.172395833335,0.1919181234187888,0.00802780950769563,0.42870045043867716,0.0031001725709820264,6.495052083333333,0.6394030895803247,0.1795833030728151,0.20608744522342876,0.2270880829980439,3.97734375,1914.75546875,0.002612077628328131,11.35,1201.13125,0.01082796699740881,44.15,90098.88125,0.026890579535452448,1600.0,4754.0,419.0,2594.0,6344.0,3.004296875,10.4296875,16.5234375,0.20320049263575124,242.17103922526044
0.9986979166666666,11.976041666666667,16524.2359375,0.19257948300327424,0.007989715498075348,0.4312414673488921,0.003119573239558913,6.52421875,0.6369487692441507,0.18041562177225126,0.2062370485478427,0.22757736238279777,4.031640625,1890.4453125,0.0026376303314814293,11.365625,1128.3375,0.01069010019999943,44.3640625,90455.296875,0.026697671462526947,1594.0,4772.0,445.0,2585.0,6354.0,3.030078125,10.4078125,16.6171875,0.20188202836005914,244.1681759982639
0.9984375,11.922916666666667,16540.591145833332,0.19226498119307198,0.008051042740759047,0.43541167407066234,0.0031057350004341407,6.5421875,0.6388694740520706,0.1800088995972067,0.20624266126816124,0.2273116275014439,3.966796875,1868.809375,0.0026508954707362828,11.3671875,1361.071875,0.010781878346773955,44.303125,90407.2375,0.026920796214835195,1578.0,4749.0,427.0,2661.0,6311.0,3.0015625,10.4,16.846875,0.20083813094082306,242.34926649305555
0.99765625,11.943229166666667,16398.632291666665,0.19286234404042282,0.0078895338143323,0.4328380746796199,0.003111026091864201,6.558072916666666,0.6514761676333348,0.18066499772544273,0.20670324488325925,0.2278108284575069,3.96640625,1744.74375,0.0026172003130390405,11.4921875,1392.184375,0.010503741500968482,44.3015625,90020.634375,0.026364660132869155,1554.0,4866.0,449.0,2602.0,6286.0,3.02421875,10.546875,16.7046875,0.19504756715984373,242.791047905816
0.99921875,11.949479166666666,16368.470833333333,0.19432209818979793,0.00776313656584039,0.4351669354170097,0.003112654119996527,6.533333333333333,0.6496534890816371,0.18223211736262554,0.2078279450598619,0.22917617462842346,3.98046875,1619.39609375,0.0025784872068550287,11.34375,1297.015625,0.010242395537370625,44.43125,90436.225,0.026022475030251596,1585.0,4773.0,420.0,2629.0,6345.0,3.01875,10.4078125,16.7171875,0.194925417529248,244.53911431206603
0.9981770833333333,11.953125,16492.9375,0.1926395487300105,0.008041308841382678,0.43092415998712724,0.0031136038030737173,6.584114583333333,0.6344226579520698,0.18045938039115755,0.20612481412397984,0.22787495669145286,3.95859375,1907.496875,0.002659033731098084,11.3453125,1034.0,0.010633579120859809,44.5390625,90293.6375,0.026978139003043917,1587.0,4765.0,466.0,2632.0,6352.0,3.01953125,10.4125,17.0140625,0.19908602790238863,245.208740234375
0.9973958333333334,11.958333333333334,16451.5484375,0.19243428581744018,0.008236813065372137,0.4233175442983094,0.003114960493183989,6.561979166666666,0.6413763066202091,0.1801245914896872,0.20652802568640044,0.22757932325949168,3.934765625,1845.98046875,0.002738699722165695,11.4703125,1228.053125,0.011015727979676282,44.540625,90097.315625,0.027450351523893766,1576.0,4838.0,471.0,2568.0,6412.0,2.990234375,10.5296875,16.88125,0.2007568371552725,245.0456597222222
0.9973958333333334,12.019270833333334,16418.840104166666,0.19273210034271232,0.007717381497419137,0.4363200793140879,0.003130833767474169,6.5890625,0.6565411448628504,0.1804349398014439,0.20669735407811224,0.22795548877238608,3.976171875,1801.43515625,0.0025721228258078995,11.3546875,1306.58125,0.010169342149629963,44.85625,90000.71875,0.025846455531653247,1527.0,4887.0,440.0,2609.0,6455.0,2.98984375,10.4390625,17.1359375,0.19344395970483919,248.43712863498257
0.99765625,11.925,16433.328125,0.19273919211735457,0.00807668850051003,0.42882248352228075,0.0031062776764782495,6.595572916666667,0.6582809224318659,0.18061027711696204,0.20642399436356715,0.2275700498727123,3.93125,1778.159375,0.002731764937478613,11.3921875,1111.60625,0.010679541300259868,44.4328125,90375.725,0.026853529952885858,1552.0,4839.0,440.0,2574.0,6389.0,3.023828125,10.4859375,16.9921875,0.19538983718312508,245.5485416666667
0.9973958333333334,11.933854166666666,16301.186979166667,0.19371672913282592,0.008539533208289459,0.431760604454685,0.0031085840496657114,6.510416666666667,0.6494566403351809,0.18164895371302991,0.20714470190974685,0.22855985803508902,3.9625,1633.9171875,0.0029927545904153002,11.203125,1060.54375,0.011106988898795474,44.55,90210.909375,0.028159191989280075,1632.0,4696.0,422.0,2613.0,6388.0,3.028515625,10.3375,16.6109375,0.19188069050350337,246.15812472873267
0.9973958333333334,12.003125,16251.677604166667,0.194078029661679,0.008220541350892148,0.43231795587048283,0.003126628028132326,6.609375,0.6509589516618937,0.18207910159577495,0.207127837410707,0.2290239341762672,3.9671875,1628.49296875,0.0028649507463345742,11.3890625,1115.865625,0.010716600953340203,44.7609375,89880.228125,0.027146844166674382,1598.0,4796.0,402.0,2669.0,6405.0,3.034375,10.4625,17.05625,0.19347394478222085,248.306240234375
0.996875,11.942708333333334,16306.2203125,0.19338759396876143,0.007746917702928213,0.4275603499961139,0.0031108904228531738,6.444270833333333,0.6427387701700829,0.18122446179633017,0.20695596286012127,0.2284717537671265,3.950390625,1726.12734375,0.0027064677645246326,11.296875,1070.38125,0.010023518670488929,44.5578125,89862.43125,0.02563211648898183,1570.0,4787.0,424.0,2578.0,6433.0,2.990625,10.359375,16.34375,0.19167622205886803,248.03317599826386
0.9973958333333334,11.950520833333334,16408.999479166665,0.1928437502235619,0.008126416814416343,0.42672420349364054,0.0031129254580185813,6.521875,0.6496840270211375,0.18056631360110456,0.2067467704691583,0.22805047646779508,3.937890625,1867.1625,0.0028048549551549437,11.3296875,1015.459375,0.010557730286938226,44.621875,89969.8875,0.02698135077894005,1567.0,4818.0,417.0,2628.0,6433.0,2.97265625,10.4328125,16.8078125,0.19847040209883735,248.4246351453993
0.9981770833333333,12.0515625,16212.051041666668,0.1949893424200102,0.008264232175312058,0.44141356562330597,0.003139245246157854,6.622135416666667,0.6320065689960672,0.18306041714035204,0.20799884202135552,0.22969554393729757,3.9796875,1549.0828125,0.0029139392920141402,11.434375,1031.13125,0.010719415704599628,44.95625,90044.84375,0.02721022017921616,1552.0,4879.0,409.0,2654.0,6423.0,3.01875,10.51875,17.1390625,0.1883880679418576,251.79629964192705
0.9984375,11.910416666666666,16416.031770833335,0.19343950592920728,0.008421589625346415,0.43394513786039435,0.0031024789441694888,6.541927083333333,0.63595417176841,0.18153630736288076,0.20636576839346565,0.22812603773025505,3.948046875,1806.309375,0.0029499439227938054,11.2984375,1177.85625,0.010998188723753577,44.371875,90093.096875,0.027731573337149696,1591.0,4767.0,422.0,2661.0,6296.0,3.01640625,10.39375,16.7921875,0.19366238863231322,244.82062065972224
0.9994791666666667,11.936979166666667,16419.490104166667,0.19419168262988773,0.008291182366033874,0.42994496851035763,0.0031093980637318746,6.537760416666667,0.6435708364239278,0.18221419901816915,0.20722096397099138,0.2290723357356584,3.932421875,1823.26484375,0.00283685163622279,11.3359375,1071.06875,0.010806738080102265,44.55625,90152.8125,0.027592949571209825,1577.0,4767.0,437.0,2658.0,6374.0,2.9875,10.384375,16.8921875,0.1963255656551986,246.97779920789932
0.9984375,11.98125,16325.745833333332,0.19417198414494544,0.00843604999105354,0.42896022200451606,0.0031209299296691847,6.529166666666667,0.6502782124847852,0.18225790146959975,0.2071613763042155,0.22883892268705805,3.969921875,1662.946875,0.0029221731877367824,11.4171875,1191.578125,0.010945596408185569,44.590625,90111.109375,0.027982010787188538,1600.0,4799.0,432.0,2673.0,6326.0,2.998046875,10.4671875,16.715625,0.19408478791661252,248.23246093749998
0.9973958333333334,12.002604166666666,16262.46875,0.1941281449520242,0.008299751786873382,0.4372643486816276,0.003126492359121299,6.543489583333334,0.6524191798654806,0.18211569602900576,0.20713544641682594,0.2291706391792962,3.963671875,1693.85234375,0.0028580296835416666,11.321875,1235.553125,0.010795318526422595,44.8390625,89563.85,0.02757107346065103,1538.0,4829.0,417.0,2671.0,6413.0,3.044921875,10.38125,16.7,0.19064113488957657,251.70259738498262
0.9979166666666667,12.039583333333333,16316.1796875,0.19398760297447248,0.008640544339760378,0.43239262126175954,0.0031361248589042287,6.60390625,0.6234210070946531,0.1820490963866407,0.20706560655175926,0.22866362574851276,3.95390625,1659.025,0.0029767868990499364,11.3875,1247.0375,0.011329162906474741,45.034375,90013.940625,0.02860695553588778,1583.0,4804.0,418.0,2698.0,6423.0,3.043359375,10.4609375,16.9890625,0.1899200889090037,253.05884982638887
0.9973958333333334,11.989583333333334,16306.4109375,0.1936293610526803,0.008592469027485028,0.43092777694073825,0.0031231006338456194,6.551822916666667,0.6477410947002606,0.18167119901372658,0.20659603116645603,0.2284953390947194,3.948046875,1667.0390625,0.0029135635588681355,11.35,1402.81875,0.01127111599190995,44.7953125,89767.490625,0.02862944393752768,1570.0,4805.0,444.0,2715.0,6356.0,2.98515625,10.415625,16.9546875,0.19542498879125197,250.1233289930555
0.99765625,11.967708333333333,16222.9015625,0.19447377956542583,0.008253255247029424,0.43644834738235744,0.003117402535382478,6.56640625,0.6475324223169989,0.18254029038696146,0.2075708035803677,0.22911071226434143,3.92265625,1527.315625,0.0028234787269757608,11.309375,1092.7375,0.01070105681767666,44.80625,90135.409375,0.027524559756596845,1570.0,4761.0,436.0,2678.0,6400.0,2.998828125,10.3703125,17.0328125,0.19258273835528403,249.1593739149305
0.996875,12.031770833333333,16236.894270833332,0.19393820429794814,0.008485092433782848,0.4326171275015829,0.0031340898237388207,6.56640625,0.6471148435132679,0.18182655508402715,0.20717854899959284,0.2291444564519874,3.923046875,1723.021875,0.002892181671940718,11.3328125,915.1625,0.01102305549623302,45.165625,89614.115625,0.028318772418701194,1578.0,4796.0,411.0,2723.0,6473.0,2.98515625,10.4328125,17.025,0.1933202555296543,254.00524061414933
0.9981770833333333,11.958854166666667,16372.265625,0.1937283744631901,0.00847727787262054,0.43598775556352115,0.003115096162195016,6.55078125,0.6458342406689604,0.18169762433575348,0.20688109414814781,0.22869865528797906,3.88359375,1803.134375,0.0029001699608481157,11.303125,1145.0375,0.010899738699793358,44.915625,89876.01875,0.028363248692537434,1602.0,4758.0,430.0,2699.0,6437.0,2.979296875,10.378125,17.009375,0.19093226113351075,252.41080702039926
0.9989583333333333,12.053125,16371.3515625,0.19410629369171856,0.008451657182017366,0.42864167745082554,0.003139652253190935,6.587760416666667,0.6653271108806499,0.18208599038616416,0.207273687040946,0.2290201135647087,3.963671875,1780.6046875,0.0028716722400195576,11.4171875,1257.25625,0.01098762408693266,45.046875,89848.434375,0.028235630045093312,1598.0,4838.0,442.0,2700.0,6439.0,3.00703125,10.50625,16.9921875,0.19824727261023514,252.77374023437497
0.996875,12.0140625,16262.902604166668,0.19371363638318478,0.008447082724744055,0.4367239403944337,0.003129477077363897,6.572916666666667,0.6567824164390688,0.18167072629307068,0.2067835784256074,0.22881533470121865,3.9734375,1722.8453125,0.0028961125019713306,11.303125,1032.796875,0.010966611362721191,44.8875,89653.2375,0.028131434977857805,1641.0,4753.0,425.0,2654.0,6462.0,3.038671875,10.4015625,16.88125,0.19703149842718518,250.69928141276043
0.9984375,12.052083333333334,16432.494791666668,0.1933575481106017,0.008557747856746378,0.43017003989808256,0.003139380915168881,6.55625,0.6541918755401901,0.18123154541731518,0.20675318553132088,0.2284659214630287,3.946484375,1872.11953125,0.002977986318475958,11.4265625,840.709375,0.01103881062217146,45.1,90265.78125,0.02839573124440297,1593.0,4820.0,437.0,2689.0,6455.0,2.99765625,10.515625,16.83125,0.19492615702291435,253.69416232638886
0.9973958333333334,12.0171875,16473.7734375,0.19236470190160132,0.008337786399965637,0.4415523797285284,0.00313029109143006,6.577864583333334,0.6581285485199151,0.1801080443797754,0.2061536280978995,0.22760240579260693,3.97421875,2034.0109375,0.0029121200173140723,11.3671875,1107.778125,0.010712932826600342,44.8390625,89598.81875,0.027665305503937188,1608.0,4793.0,428.0,2685.0,6401.0,3.0265625,10.4671875,16.89375,0.19751295678130054,251.07314208984377
0.9986979166666666,11.925520833333334,16401.2703125,0.19374713893862766,0.008506095631239382,0.4364013969263794,0.0031064133454892767,6.54765625,0.6449316504345547,0.1818042058298795,0.2068706517054693,0.2283953586067789,3.959375,1786.0359375,0.0030179474827618743,11.2671875,1224.65625,0.010912559701096152,44.4484375,90038.821875,0.028052224155292644,1596.0,4729.0,423.0,2618.0,6401.0,3.027734375,10.3296875,16.8453125,0.1982666608926468,245.4954945203993
0.99609375,11.978125,16222.754166666668,0.19353574026531875,0.008642736748611725,0.43087800071356325,0.0031201159156030215,6.55078125,0.6440994869119053,0.18147142185615558,0.20663485596384712,0.22869389820344307,3.948046875,1646.86953125,0.003049572887364894,11.265625,1125.853125,0.011097453161127802,44.8109375,89623.19375,0.028560675781082977,1569.0,4739.0,421.0,2659.0,6436.0,3.010546875,10.325,16.9375,0.1932406760597326,249.32139648437501
0.9984375,11.9859375,16432.180208333335,0.19347237106007048,0.008584350541897422,0.4377575901195929,0.0031221509507684294,6.551822916666667,0.6614956763568418,0.1814348720090056,0.20657134181108275,0.22852339651331768,3.953515625,1857.16484375,0.002986963432682114,11.2671875,1303.08125,0.011091583483870272,44.834375,89861.340625,0.028466666036785805,1581.0,4758.0,437.0,2655.0,6433.0,3.02265625,10.3671875,16.853125,0.19489779169599053,249.87376057942708
0.9984375,11.913020833333333,16401.329166666666,0.19368581965220158,0.008246213463969764,0.43329052545121155,0.0031031572892246243,6.4984375,0.656800594587505,0.18180228158364978,0.20655612229312742,0.228349669285483,3.9328125,1737.41640625,0.002921339128288785,11.253125,1166.703125,0.010545195145913486,44.49375,90291.60625,0.027246729124749958,1551.0,4763.0,456.0,2628.0,6343.0,2.984375,10.3234375,16.7296875,0.19191209993177694,246.3288929578993
0.99609375,11.991145833333333,16150.144270833332,0.19415031135386981,0.008043415192069886,0.43671809234269193,0.003123507640878701,6.604427083333333,0.6444425140077314,0.18226826401323598,0.2069604564423257,0.22886835562794916,3.94921875,1539.65234375,0.00290084316363896,11.3578125,1219.73125,0.01028715019294491,44.7921875,89522.525,0.026369968304918556,1569.0,4791.0,438.0,2640.0,6388.0,3.02734375,10.4171875,17.1,0.1869971949631608,249.05356743706596
0.9981770833333333,12.057291666666666,16162.927604166667,0.19540020395791433,0.009025829017881227,0.4388688030832336,0.0031407376052791525,6.60234375,0.6360259179265658,0.1836069930909156,0.20815450294788648,0.22981874843593708,3.99921875,1465.4015625,0.003257399817966235,11.3171875,1110.75625,0.011526487371364469,45.0296875,90005.203125,0.02959888746405795,1578.0,4771.0,415.0,2664.0,6463.0,3.06640625,10.3984375,16.95,0.1923879798249841,251.48838433159725
0.99765625,12.000520833333333,16201.498958333334,0.1947618229073114,0.008710527050312599,0.4347772917411626,0.00312594968307719,6.5734375,0.6435050562041578,0.18302382715573054,0.20701012841455224,0.22946550040639385,3.95234375,1611.00859375,0.0031686936254439815,11.2203125,917.7625,0.010998471596804253,44.9734375,89847.196875,0.028589916203295408,1575.0,4696.0,414.0,2682.0,6458.0,3.0328125,10.2734375,17.0359375,0.19033873711227603,251.21718722873266
0.9971354166666667,12.0265625,16264.75625,0.19413097661020212,0.00870839490822244,0.4364441301187062,0.003132733133628549,6.612760416666666,0.6363951323026287,0.18214415956755942,0.20716313715700468,0.2290460842339704,4.00234375,1720.26015625,0.0031799569903421454,11.3015625,1205.58125,0.01100763311526275,44.8484375,89501.915625,0.028522908372703305,1565.0,4775.0,429.0,2652.0,6407.0,3.093359375,10.4140625,16.8890625,0.19299066250356206,249.52169026692712
0.9971354166666667,11.946875,16161.621354166668,0.19490686926720838,0.008813702885502005,0.43787389917593494,0.003111975774941391,6.523958333333334,0.6400296451303514,0.18296420697661087,0.20785180333819714,0.22973258435860983,3.96484375,1633.88671875,0.003218823302255147,11.171875,1075.046875,0.011195274249336765,44.65,89359.134375,0.028811649854654665,1557.0,4710.0,434.0,2593.0,6448.0,3.034375,10.28125,16.725,0.19542237210358188,248.77217773437505
0.9981770833333333,11.959375,16206.179166666667,0.19513673249865918,0.00880154598910382,0.4305193101160377,0.0031152318312060432,6.557291666666667,0.633612054699068,0.18325938256087052,0.20796012516874257,0.22982273957973048,3.953125,1653.60390625,0.003190988297471392,11.2359375,1175.8875,0.011179650771461321,44.7078125,89446.771875,0.028865671973276025,1592.0,4727.0,424.0,2629.0,6436.0,3.039453125,10.328125,16.8578125,0.19282319490600316,249.054599609375
0.99765625,12.106770833333334,16287.809375,0.1941152968457552,0.008517258219138934,0.43643388099584324,0.0031536261613267346,6.622916666666667,0.6463325446332545,0.18217345483594202,0.20701701280897086,0.22898094892179222,3.993359375,1819.64296875,0.0029935536452253557,11.4296875,1091.9125,0.011018397555193783,45.2375,89356.371875,0.028110937178738405,1591.0,4785.0,453.0,2618.0,6539.0,3.0484375,10.4609375,17.0828125,0.19564052768017673,255.06412082248258
0.99921875,12.044270833333334,16382.9875,0.1943933243414236,0.00880940757583546,0.4385566217774544,0.003137345880003473,6.613802083333334,0.6306162162162162,0.1825202669883547,0.20740508411255174,0.22887379398257104,4.028515625,1810.684375,0.0031798668576107484,11.475,1017.03125,0.011399982183410793,44.6765625,90038.15625,0.02873699584115897,1566.0,4841.0,448.0,2584.0,6392.0,3.046875,10.5359375,16.959375,0.1978414222910442,246.83606092664928
0.9973958333333334,11.896875,16229.175,0.19428099450271394,0.008874938914191987,0.42585039742441755,0.003098951549882782,6.487760416666666,0.6570352858768934,0.18230828928756287,0.20740881461842156,0.22904399524761043,3.964453125,1637.39375,0.0031676673252515773,11.334375,1169.49375,0.011490623758799477,44.1890625,89655.98125,0.029088340425346127,1578.0,4763.0,430.0,2569.0,6351.0,3.034765625,10.4046875,16.3828125,0.19967525911134232,242.14926106770827
0.996875,11.967708333333333,16159.59375,0.19461174873796097,0.008628939710471297,0.4324033990487683,0.003117402535382478,6.574739583333334,0.6492296979719732,0.18259846556813414,0.20784409624862815,0.22943253390660123,3.9609375,1589.00625,0.0031082325065005484,11.40625,1039.565625,0.011106494113470545,44.55625,89561.971875,0.02823421412335504,1586.0,4796.0,414.0,2597.0,6392.0,3.023046875,10.4609375,16.8953125,0.19226850568970158,247.1838530815972
0.9950520833333333,11.9203125,16051.929166666667,0.19426585397547683,0.009027195682648897,0.43070817195868666,0.003105056655379005,6.5578125,0.6499759688906366,0.18221913948270166,0.2074695502406283,0.22924901568142605,3.9515625,1505.4875,0.0032970086493278677,11.2953125,1092.165625,0.011603833400801825,44.4203125,89197.459375,0.029371306097780086,1582.0,4730.0,426.0,2620.0,6348.0,3.02578125,10.353125,16.890625,0.1930550910526539,244.92698323567706
0.9981770833333333,11.955208333333333,16220.988020833332,0.19496959429218402,0.00908086634533699,0.4355271945358919,0.0031141464791178256,6.559895833333333,0.6333100984577852,0.18324894241737316,0.20763380989391322,0.22918798618969846,3.98671875,1558.0078125,0.0033544233458735946,11.2421875,1201.421875,0.01158305317019238,44.5421875,89892.475,0.029484451518335168,1528.0,4782.0,441.0,2587.0,6378.0,3.03203125,10.2796875,16.9515625,0.18838285168166796,246.0657020399306
0.9989583333333333,11.911458333333334,16253.922395833333,0.1952078052577836,0.008776011065415368,0.4330180761611145,0.0031027502821915427,6.569791666666666,0.6336248360297333,0.18350936698491038,0.20781729781288544,0.22939206579417473,4.003125,1568.090625,0.00320377445458633,11.1875,1103.575,0.011251694933001993,44.26875,90147.596875,0.028589273641144886,1564.0,4723.0,442.0,2568.0,6348.0,3.04453125,10.275,16.965625,0.19617022395967637,243.0442437065972
0.9984375,11.891145833333333,16218.788020833334,0.1952632785397296,0.0083205822121497,0.43880752819736496,0.003097459190761483,6.528125,0.6254653760238272,0.1835906545975532,0.2077612483623481,0.22945580448581676,3.9875,1576.44375,0.0029887301295292734,11.096875,887.28125,0.010659912916786914,44.3,90119.671875,0.027308659837994197,1564.0,4686.0,423.0,2576.0,6370.0,3.0171875,10.203125,16.896875,0.19452951273471636,243.69492160373267
0.9984375,11.884895833333333,16308.858854166667,0.19433869555288358,0.008096897311423391,0.4351215740495306,0.003095831162629157,6.55546875,0.6158026206231649,0.18253279039490228,0.20708936159862817,0.22881165013906424,3.96015625,1683.89375,0.002887886705884195,11.2359375,1202.353125,0.010377735437247095,44.2328125,89915.225,0.026652101607756475,1572.0,4700.0,428.0,2603.0,6344.0,3.033203125,10.2765625,16.9234375,0.19750458542956734,243.249251030816
0.9940104166666667,11.863020833333334,16139.3203125,0.1929052536554691,0.007256762310876862,0.43297441368608247,0.0030901330641660155,6.538020833333333,0.6450805637265663,0.18099505057297915,0.20558616759666304,0.22786515204423488,3.92578125,1634.78125,0.0024456962181684744,11.2515625,912.290625,0.009447422737884438,44.2234375,89384.50625,0.024310366254702835,1572.0,4764.0,445.0,2586.0,6313.0,3.0,10.359375,16.86875,0.19264310217660746,243.02602837456593
0.99765625,11.9609375,16250.353125,0.1944379142896517,0.0076170316172281035,0.43545021095395575,0.003115638838239125,6.591666666666667,0.6377095580230786,0.18238997475384627,0.2076566971978286,0.22941088952469663,3.930859375,1676.58671875,0.002619148369273546,11.3796875,1456.925,0.009843347070051333,44.6625,89338.846875,0.025382249156223103,1605.0,4795.0,437.0,2576.0,6448.0,3.023828125,10.434375,17.0203125,0.18915283635476884,248.99639078776042
0.9979166666666667,11.890104166666667,16281.255729166667,0.19434662522979765,0.008539519966362857,0.43727834762782,0.0030971878527394285,6.526822916666666,0.6326602128871173,0.1825822737851152,0.20701674065180792,0.22873391558651707,3.983984375,1685.76796875,0.003091720810301036,11.2484375,1029.171875,0.010967330765388942,44.15625,89915.290625,0.02790290579158406,1584.0,4745.0,440.0,2561.0,6317.0,3.024609375,10.3328125,16.7296875,0.19331538930339148,241.800422905816
0.99765625,11.824479166666666,16327.921354166667,0.19371475007982847,0.0085306447180902,0.42931489553486757,0.003080093557350004,6.4640625,0.6483724617891908,0.1818426802825051,0.20679746651374692,0.22812031283520334,3.9546875,1799.0890625,0.003090619224482601,11.3046875,984.371875,0.011048089459085654,43.8234375,89786.8,0.027773301951525147,1553.0,4782.0,437.0,2549.0,6234.0,3.021484375,10.3734375,16.325,0.19331727321509945,238.93377577039934
0.9981770833333333,11.913541666666667,16221.628645833332,0.1950047997213465,0.008082442835194477,0.4387277240950824,0.0031032929582356515,6.533854166666667,0.642301302789193,0.18332321000198756,0.2075778224731716,0.2291581358469572,3.996484375,1710.27109375,0.002956927464280728,11.2671875,1177.765625,0.010383531628487982,44.228125,89310.921875,0.026283415525555964,1605.0,4732.0,432.0,2582.0,6313.0,3.0328125,10.3609375,16.7109375,0.19417466481151632,241.82742078993053
0.9973958333333334,11.878645833333334,16156.990625,0.19501136999392032,0.009047518349365315,0.441607156988087,0.0030942031344968306,6.588802083333333,0.6476520366554128,0.1835178635844881,0.20693926141139757,0.2290575042141721,3.9875,1628.275,0.0034169628536591403,11.1734375,1150.496875,0.011497985132015697,44.1484375,89278.346875,0.029119273549539637,1590.0,4686.0,402.0,2584.0,6317.0,3.046484375,10.2703125,17.0765625,0.19048896839081264,238.9857939995659
0.9986979166666666,11.880208333333334,16254.333854166667,0.19497525114683922,0.008588057587281457,0.4351939134215344,0.003094610141529912,6.578125,0.6461201227531784,0.1833466208402811,0.20722181349422333,0.2292432100256875,4.030859375,1687.4984375,0.003205181589894001,11.0515625,1162.896875,0.01084038421236413,44.10625,89613.1125,0.027867234951748608,1559.0,4666.0,430.0,2566.0,6350.0,3.05234375,10.1546875,17.1046875,0.19944427340497395,239.96689995659716
0.9979166666666667,11.926041666666666,16269.436979166667,0.19434101479276922,0.008151508456683089,0.4292391472788085,0.003106549014500304,6.581510416666666,0.6275657262643025,0.18256645932810772,0.20710303077949166,0.22867722066469276,3.996484375,1700.85703125,0.0029783194792811956,11.2796875,1229.871875,0.0104510460501588,44.290625,89583.321875,0.026544726772814952,1590.0,4729.0,431.0,2584.0,6339.0,3.037109375,10.365625,16.975,0.19604596758584575,241.87369683159721
0.9984375,11.8875,16353.5515625,0.19409906495596008,0.008585190274245529,0.4337904476598953,0.003096509507684293,6.56640625,0.6201805117420259,0.18239084829797378,0.20672320108663417,0.22830779545723107,4.01328125,1842.221875,0.0032245040645897116,11.228125,1127.246875,0.010883688908962488,44.04375,89625.175,0.027729436478151837,1562.0,4685.0,412.0,2606.0,6293.0,3.04765625,10.2359375,16.971875,0.19888968498258774,239.01651041666665
0.99765625,11.84375,16298.96875,0.19403049259397467,0.008443983753478993,0.43934141184376424,0.00308511331075801,6.454947916666667,0.6405452946350044,0.1821646919185503,0.20691579957528589,0.2286083883143608,3.94765625,1760.10625,0.00309307549496007,11.2171875,1157.425,0.010814576127205665,44.0546875,89595.9625,0.02747702441382801,1512.0,4760.0,425.0,2577.0,6315.0,3.023828125,10.3015625,16.3328125,0.19502490963817654,241.2615234375
0.9984375,11.846875,16339.0046875,0.19416893686065156,0.008571053450167006,0.4349213873520382,0.003085927324824173,6.455729166666667,0.6282423283214631,0.1822913807724201,0.2070910534152687,0.22875704465896027,3.921875,1806.47890625,0.0031211951392051468,11.2609375,1032.378125,0.010954176445923376,44.1328125,89775.734375,0.02798736369825807,1569.0,4718.0,439.0,2596.0,6310.0,2.9953125,10.3265625,16.4265625,0.19594181799476812,241.96301106770835
0.99765625,11.860416666666667,16417.226041666665,0.19296190944417024,0.008564966940421782,0.42599996583687033,0.0030894547191108795,6.470572916666667,0.6506674863867908,0.18111318937879864,0.20591069330854866,0.2274080058412784,3.910546875,1885.70078125,0.0031101452513864467,11.375,1193.165625,0.011073455340181284,44.1453125,89767.3875,0.027875765296803624,1552.0,4790.0,439.0,2596.0,6291.0,2.969921875,10.4375,16.50625,0.19369498297552748,240.16124565972228
0.9966145833333333,11.859895833333333,16252.983854166667,0.19366870780652945,0.008696006186431524,0.4347269139775534,0.0030893190500998523,6.460677083333334,0.6552193579552941,0.18178464880294237,0.20667380355547968,0.22819984807192756,3.99375,1725.5109375,0.0031945095443607326,11.084375,938.246875,0.01104236648774967,44.1,89677.6125,0.02835563245339654,1560.0,4680.0,429.0,2648.0,6282.0,3.016796875,10.2078125,16.4890625,0.20082152201164713,239.52828748914925
0.9971354166666667,11.917708333333334,16317.244270833333,0.19341084857353638,0.009035557407397591,0.42857669750573163,0.003104378310323869,6.546875,0.6678174984704134,0.1814462878806352,0.206478208786399,0.22820173113227843,3.98671875,1827.853125,0.003294489399496696,11.1953125,878.3625,0.011486715109173148,44.3640625,89713.690625,0.02954867173722562,1603.0,4687.0,440.0,2635.0,6369.0,3.0,10.315625,16.965625,0.20648046979020981,242.99583224826384
0.9979166666666667,11.914583333333333,16352.363020833332,0.19373708164376288,0.008864438694189682,0.4366768471463425,0.003103564296257706,6.5796875,0.6487585242175206,0.18184493300404814,0.2066541040496948,0.22838865379669002,3.984375,1859.1484375,0.0032807104393448466,11.2734375,1305.64375,0.01128987674430946,44.2765625,89371.940625,0.028773913663449245,1580.0,4710.0,434.0,2633.0,6315.0,3.02265625,10.340625,17.046875,0.20110950472925995,241.82082899305553
0.9966145833333333,11.8828125,16291.536979166667,0.19336841359018114,0.008687599569100816,0.4305436666538763,0.003095288486585048,6.520572916666667,0.6556213017751479,0.18141393150966117,0.2064769911386409,0.2280777643638011,4.00390625,1895.28359375,0.00322354568129343,11.065625,1273.725,0.010893994294439924,44.215625,88894.3625,0.028337420394991254,1544.0,4723.0,436.0,2672.0,6276.0,3.046484375,10.21875,16.71875,0.20183158897049672,241.1086629231771
0.99765625,11.880208333333334,16348.54375,0.19368322024741144,0.008714771028808658,0.43011252571285963,0.003094610141529912,6.545052083333333,0.641297676457694,0.18178467074728735,0.20669659345632918,0.22826404503898998,3.995703125,1906.04140625,0.0032831756193301433,11.19375,1101.8125,0.010901200404952929,44.1046875,89365.284375,0.028254723290578453,1539.0,4709.0,433.0,2617.0,6298.0,3.034765625,10.26875,16.8625,0.2027070274704553,240.16742078993053
0.9979166666666667,11.843229166666667,16268.9,0.1943334886875354,0.0087741077871718,0.4302012753556507,0.003084977641746983,6.447395833333333,0.6330533444742513,0.18256859303550538,0.20727655042510412,0.22845000955808673,4.03359375,1718.596875,0.0033046476598059676,11.25,957.125,0.011164482858281163,43.675,89781.8875,0.02826157322552576,1581.0,4713.0,393.0,2598.0,6193.0,3.061328125,10.3046875,16.134375,0.19817809191319272,235.9665687391493
0.99765625,11.806770833333333,16364.308333333332,0.1934364013669961,0.008826033208231278,0.4378191829631141,0.0030754808109750803,6.42890625,0.6260532004058406,0.18174407137085655,0.20588077468494942,0.22776134803360115,3.97421875,1789.75703125,0.0032538989272265667,11.1109375,1166.128125,0.011173502978552482,43.8328125,89860.69375,0.028767100561928917,1557.0,4678.0,421.0,2602.0,6240.0,3.004296875,10.209375,16.346875,0.19851069968401,237.75589165581601
0.99765625,11.929166666666667,16274.926041666668,0.1941886814514025,0.008802504470149426,0.4358339637351764,0.003107363028566467,6.544791666666667,0.6086709745022704,0.18261415998510902,0.20634679430991804,0.22832865445806094,3.999609375,1738.44296875,0.00327811160147424,11.21875,1087.45625,0.011090553963728022,44.3578125,89608.328125,0.028612026451271567,1530.0,4727.0,436.0,2643.0,6280.0,3.046875,10.2625,16.81875,0.19210361690150446,243.8736284722222
0.9979166666666667,11.950520833333334,16200.20625,0.19487734971875767,0.008561754154677591,0.43773035326655135,0.0031129254580185813,6.56171875,0.6354761385922859,0.18311441267581025,0.20750705978890097,0.22929938782040424,3.997265625,1631.9375,0.0030799817149980754,11.346875,1022.56875,0.010997911961877233,44.3671875,89650.91875,0.02805268610619601,1546.0,4795.0,432.0,2607.0,6323.0,3.044921875,10.4015625,16.7890625,0.1937063335802626,244.47411431206592
0.99609375,11.783333333333333,16217.988020833332,0.19338968722020158,0.008612219829479137,0.43493195956920244,0.0030693757054788572,6.418229166666666,0.6503712871287128,0.1814886993009797,0.20653235822691,0.22785096789038078,3.940234375,1757.125,0.003084869584292603,11.1578125,996.4,0.01110869541044543,43.78125,89283.028125,0.028225145229258987,1585.0,4675.0,433.0,2551.0,6261.0,3.00234375,10.28125,16.21875,0.19635755456387805,237.53690972222225
0.9979166666666667,11.9265625,16269.789583333333,0.19421566450429809,0.008774990878372198,0.43554688912537004,0.003106684683511331,6.581770833333334,0.6380191274728154,0.182534240006177,0.20671651380995507,0.22844051319112557,4.031640625,1617.07734375,0.0031735511908330184,11.2765625,1231.215625,0.011341218820053336,44.15625,89919.2125,0.028614521686847784,1575.0,4709.0,427.0,2588.0,6326.0,3.0578125,10.3328125,16.9265625,0.20351030102080012,241.10137776692707
0.99609375,11.803125,16172.265104166667,0.19380672857122044,0.008788687519269367,0.43148048988950405,0.00307453112789789,6.517708333333333,0.6309240137675404,0.18200395782779957,0.2063732583014537,0.2284512818146706,3.962109375,1664.89921875,0.003191545572504763,11.165625,1152.034375,0.011300711834188529,43.8046875,89221.959375,0.028665230991408615,1567.0,4660.0,420.0,2615.0,6204.0,3.043359375,10.23125,16.7015625,0.19549307200819052,238.0773860677083
0.9973958333333334,11.794270833333334,16356.2203125,0.19326091355244265,0.008804566398170741,0.4293257631903687,0.003072224754710428,6.5078125,0.6355928461028925,0.18151214593513668,0.20605835261589953,0.22745854495820977,3.9578125,1843.1203125,0.0031928602089001724,11.225,1260.203125,0.011362955502831982,43.709375,89504.6375,0.028693002050591776,1544.0,4715.0,445.0,2614.0,6167.0,2.9875,10.3,16.796875,0.1994394109693395,235.75507134331596
0.996875,11.857291666666667,16293.296875,0.19347387550048822,0.008707593320413983,0.4389297360395588,0.0030886407050447163,6.44765625,0.636299745234121,0.18182560181601526,0.2058082101666781,0.22773263557219026,4.02109375,1770.021875,0.0032213454448862524,11.1453125,1179.509375,0.011074410706927324,43.9140625,89500.184375,0.028285767436011557,1577.0,4674.0,415.0,2613.0,6224.0,3.0609375,10.2125,16.2296875,0.19601324782779267,238.5520301649305
0.9963541666666667,11.9421875,16254.736458333333,0.1933599690023648,0.008691624812688491,0.4404726664413842,0.0031107547538421466,6.529166666666667,0.6393649962929042,0.18154343888715124,0.20617137039723737,0.22781468806834632,4.005078125,1745.640625,0.0031673280080708618,11.303125,1318.765625,0.011133019574883066,44.3296875,89227.090625,0.02834741726896444,1582.0,4751.0,434.0,2587.0,6319.0,3.033984375,10.3859375,16.653125,0.19347593067889127,242.90186604817708
0.99765625,11.866666666666667,16297.334375,0.19398181377032794,0.00854038672889986,0.43009948529668635,0.003091082747243206,6.42578125,0.6423367275280899,0.18213801357237985,0.20685552835322177,0.22848329997922648,3.955859375,1706.4765625,0.0030560958476238305,11.20625,978.803125,0.010931450976792744,44.1703125,89979.296875,0.028086486006111095,1581.0,4717.0,447.0,2542.0,6361.0,2.9921875,10.3109375,16.275,0.19623051304821623,243.0520138888889
0.9973958333333334,11.960416666666667,16073.069270833334,0.19558338740719622,0.008575077287461041,0.4376319868142066,0.0031155031692280976,6.545833333333333,0.6225396272426407,0.18400090496132132,0.2076730444546019,0.22982366014328992,4.02578125,1434.05703125,0.0031892588993182925,11.253125,895.803125,0.010854043532649094,44.40625,89806.384375,0.027839384594843985,1583.0,4722.0,435.0,2608.0,6323.0,3.053515625,10.3265625,16.734375,0.19365119454494575,244.13697482638887
0.9973958333333334,11.925,16186.558854166668,0.19473130134036523,0.00881346305779607,0.43401946218385934,0.0031062776764782495,6.561979166666666,0.6384084556254368,0.18299632347793499,0.2071356900673226,0.22926682406312876,3.959375,1586.60546875,0.0032121199361629465,11.1875,1003.81875,0.011205096028191835,44.525,89769.1125,0.028827202573932797,1602.0,4689.0,429.0,2638.0,6364.0,3.03203125,10.3171875,16.9265625,0.19315005791165576,244.51000000000005
0.9973958333333334,12.04375,16227.736458333333,0.1943203248295132,0.008684324921006152,0.4411025992102377,0.003137210210992446,6.640104166666666,0.6503200138384363,0.1824140739415268,0.20732400941357726,0.22894164379739462,3.998828125,1691.2109375,0.003150594834666509,11.3171875,1071.328125,0.011170676348758558,44.95,89530.246875,0.028332893838612306,1601.0,4775.0,450.0,2717.0,6340.0,3.05,10.440625,17.2,0.1931203571321821,249.50121093749996
0.9958333333333333,11.941666666666666,16199.713541666666,0.19348344881449533,0.008766926434040315,0.43244044238421286,0.0031106190848311194,6.571614583333333,0.6480722260990928,0.1814048832941951,0.2069361036381882,0.22834505607200328,3.965234375,1634.93125,0.0031424698791942284,11.34375,1298.8,0.011370252475799694,44.4453125,89359.75625,0.02866142661166529,1578.0,4783.0,422.0,2629.0,6354.0,3.004296875,10.4140625,16.9984375,0.19467191050537472,243.48670138888892
0.9955729166666667,11.909375,16104.06484375,0.1941733742689931,0.008765976893654104,0.4365777474405925,0.0031022076061474344,6.47890625,0.6485611825417651,0.18227507454455388,0.20701140926822875,0.2289285381675142,3.969921875,1571.77890625,0.0031872777064413118,11.2890625,1384.378125,0.011228181327528829,44.2875,88952.8953125,0.028618569208630547,1564.0,4704.0,428.0,2601.0,6354.0,3.034765625,10.309375,16.425,0.19652261384734165,242.29387044270837
0.9979166666666667,11.950520833333334,16282.658333333333,0.1941912481030653,0.008791039669167298,0.4352190739462465,0.0031129254580185813,6.549479166666667,0.6529091305295271,0.18230420272112588,0.20728000223632037,0.22865067549756798,3.916015625,1677.12265625,0.0031431480993483253,11.3921875,779.425,0.011359738839811704,44.646875,90208.034375,0.02881390677779878,1590.0,4810.0,420.0,2640.0,6343.0,2.991796875,10.48125,16.8484375,0.18552231503682018,246.47619764539925
0.9963541666666667,11.902604166666666,16153.825,0.19433674262504572,0.008113185055564107,0.4311632984140323,0.003100443909004081,6.4734375,0.634796306830613,0.18243373409077232,0.20718519179489672,0.22910032759228818,3.94375,1611.75234375,0.002882397500816604,11.3171875,1234.0,0.010383655821585165,44.3234375,89241.940625,0.02676586450853306,1561.0,4772.0,418.0,2636.0,6302.0,3.01484375,10.4234375,16.3578125,0.19190655385543476,243.9748890516493
0.9979166666666667,11.933333333333334,16172.733854166667,0.19519172695446313,0.008635408752122313,0.43381035730487677,0.003108448380654684,6.53984375,0.623385125698324,0.18349077904345554,0.20775546135920586,0.22943178419375085,3.97109375,1557.60625,0.003088363876859154,11.28125,1026.56875,0.011053536815423374,44.434375,89779.409375,0.028405460189873877,1593.0,4713.0,426.0,2649.0,6332.0,3.009765625,10.3109375,16.8890625,0.193954365820977,245.08670138888886
0.9958333333333333,11.9765625,16052.321875,0.1948444007065392,0.008432553266418749,0.4387136915482407,0.00311970890856994,6.551822916666667,0.6409219395520765,0.18288591080902913,0.2079756663083312,0.22954709469478723,3.94609375,1506.565625,0.0029575835876647226,11.2609375,822.375,0.01090302184352808,44.8140625,89465.29375,0.027861963404325518,1585.0,4765.0,407.0,2712.0,6381.0,3.01171875,10.3671875,16.896875,0.1920871167666162,250.31872151692707
0.9979166666666667,12.022395833333333,16225.6171875,0.194801271771975,0.008138296914048132,0.43589932711290563,0.0031316477815403316,6.52109375,0.6462764805267946,0.1829633092493302,0.20744205492749815,0.22951233870703108,3.96640625,1632.56875,0.002779909737873264,11.353125,1069.1375,0.01053576391326011,44.915625,89754.290625,0.027174378619535623,1615.0,4771.0,410.0,2711.0,6393.0,3.0265625,10.4359375,16.584375,0.19099816852705,250.9562692599826
0.99921875,12.061979166666667,16244.534895833332,0.19549898761241255,0.008576191126847295,0.4352634294026222,0.0031419586263783973,6.588020833333333,0.6529642903406883,0.18363390870556334,0.20821818077961707,0.23024011007260475,3.917578125,1667.3640625,0.0029538944811102266,11.4328125,935.065625,0.011174889284266496,45.26875,89862.6875,0.028466679552376372,1608.0,4842.0,422.0,2675.0,6506.0,2.97578125,10.515625,17.109375,0.18684408286378237,255.12949191623267
0.9966145833333333,12.011458333333334,16183.660416666668,0.19406827231449672,0.00784781422591504,0.4354157843863587,0.003128798732308761,6.517447916666667,0.6605238053941549,0.18204983039456885,0.20731234380506525,0.2288979685036397,3.90703125,1594.5171875,0.0026168811129389444,11.471875,1104.06875,0.010361321873227334,44.96875,89619.825,0.026258039030507135,1637.0,4801.0,403.0,2650.0,6474.0,2.978125,10.5421875,16.65,0.18931892042844303,252.05247287326384
0.9979166666666667,12.016145833333333,16280.3171875,0.19422699714075056,0.007836200156468276,0.4336138560139256,0.0031300197534080056,6.543229166666666,0.6426249404013696,0.18220053236906142,0.2074549533767905,0.22910489999146727,3.92890625,1718.9828125,0.00258229921792076,11.403125,1090.40625,0.010305098950353479,44.978125,89715.565625,0.026382905116773138,1599.0,4790.0,410.0,2642.0,6513.0,3.00625,10.4640625,16.7703125,0.19466737845958493,252.92890597873262
0.9958333333333333,11.990104166666667,16208.5796875,0.19349162256889574,0.008143095446974892,0.4320290346668785,0.0031232363028566466,6.562239583333334,0.6389383606272534,0.18129534366800587,0.2069260022547164,0.22884235848663467,3.947265625,1754.084375,0.0026705246455019506,11.2875,919.965625,0.01071736770203184,44.8640625,89315.175,0.027459106397809713,1612.0,4735.0,446.0,2681.0,6441.0,3.01015625,10.3953125,16.9375,0.20111657107449896,250.6618812391493
0.9966145833333333,12.052604166666667,16219.55,0.19370857768912195,0.00813416278389194,0.4271309404636257,0.0031395165841799078,6.588541666666667,0.654595739164254,0.1816775271426146,0.2068819248944959,0.22865943266977745,4.001171875,1704.64609375,0.002667669894407588,11.3171875,1205.525,0.01075779724546154,44.99375,89293.190625,0.027376499880259753,1581.0,4775.0,435.0,2678.0,6465.0,3.046484375,10.396875,16.9484375,0.20072355507755135,251.57692030164927
0.99765625,11.983854166666667,16270.17578125,0.19411780335231646,0.008313632459810065,0.43095337462448524,0.0031216082747243207,6.500260416666666,0.6522665044113173,0.18210183267156582,0.2072540849454943,0.22904540448214122,3.9453125,1715.465625,0.002737343606721497,11.2484375,1218.634375,0.010986737100040092,44.8734375,89540.5578125,0.027945683231934304,1593.0,4724.0,427.0,2682.0,6462.0,2.99921875,10.340625,16.6640625,0.20014700593042173,251.67005181206596
0.9971354166666667,12.082291666666666,16176.608333333334,0.19466796960318977,0.008190806059725922,0.433272512529498,0.003147249717808457,6.555729166666667,0.6391068195534098,0.18267760291440407,0.20752085796463654,0.22977654799688585,4.020703125,1628.14765625,0.002721790922022299,11.2765625,1246.04375,0.010762395188801857,45.134375,89301.015625,0.027495277481464474,1597.0,4756.0,420.0,2648.0,6534.0,3.06640625,10.353125,16.715625,0.19873745488845013,254.1734364149306
0.9981770833333333,11.989583333333334,16287.230729166668,0.19436217976216047,0.008177829595259438,0.4427347357051851,0.0031231006338456194,6.53515625,0.6444396177237185,0.18255792551312983,0.20733339199851897,0.22860798452192438,3.948046875,1698.6390625,0.0027731204186166483,11.371875,855.725,0.010800579440807017,44.7734375,90073.103125,0.02717391645628302,1580.0,4809.0,422.0,2646.0,6381.0,3.023828125,10.465625,16.65,0.18827678971022202,247.71551649305553
0.99921875,12.048958333333333,16175.5171875,0.19586725054544657,0.008098226888516582,0.4324084392543758,0.003138566901102718,6.57265625,0.6448949597994295,0.18430685538950686,0.20818171238181918,0.22979436933283273,3.984375,1469.98828125,0.002759336047379183,11.4359375,1005.40625,0.010674549510882297,44.9203125,90167.74375,0.02687746763070046,1562.0,4809.0,415.0,2628.0,6466.0,3.0453125,10.46875,16.7859375,0.19378079826527464,250.08510308159723
0.99765625,12.021875,16232.733854166667,0.19439144256237778,0.007670340708433364,0.4378076432734114,0.0031315121125293044,6.57734375,0.6395026427519279,0.1825271237681774,0.20731276282744107,0.22892739747411595,3.984375,1676.659375,0.002565012887533747,11.3390625,935.215625,0.010038837017972022,44.8546875,89754.55,0.02572315568249318,1596.0,4729.0,407.0,2659.0,6447.0,3.0328125,10.4015625,16.93125,0.1961665228448222,249.7953548177083
0.9986979166666666,11.94375,16334.711979166666,0.19421630348392174,0.007152559150695927,0.43082007025756924,0.0031111617608752277,6.498697916666667,0.6256759113901971,0.1823661628722077,0.20721404146218242,0.22861912795251732,3.9859375,1794.828125,0.002334771588301474,11.371875,1157.940625,0.009480215086454101,44.346875,89671.01875,0.02409605346451556,1574.0,4776.0,416.0,2641.0,6306.0,3.055859375,10.4171875,16.3515625,0.19663063052740676,245.4452734375
0.99765625,11.900520833333333,16285.525520833333,0.1939313326139447,0.007570088080391226,0.43014299651405774,0.003099901232959972,6.394270833333334,0.635607685237866,0.1821164035365221,0.20668539283398824,0.22843698870359158,3.96640625,1718.29765625,0.002511805582225152,11.1921875,998.075,0.009899531724073565,44.3453125,89841.8875,0.02547377442937318,1562.0,4714.0,433.0,2616.0,6336.0,2.990625,10.265625,16.1375,0.1953945460491274,245.62239556206598
0.9981770833333333,11.9375,16185.2625,0.1951161353340521,0.007461604246295364,0.4317775769751202,0.0031095337327429018,6.51796875,0.6384380453752182,0.18349572485041915,0.2074683547943575,0.22924555780827846,4.04453125,1516.19453125,0.002472965230786134,11.196875,1032.265625,0.009797448687326555,44.25,90014.53125,0.025080315867301084,1578.0,4686.0,425.0,2616.0,6332.0,3.076953125,10.278125,16.521875,0.20530295676668214,244.29401041666668
0.9994791666666667,11.963541666666666,16378.340625,0.1943966722940188,0.007038866431073341,0.436120949977531,0.003116317183294261,6.462239583333333,0.6285154549412277,0.1826909148473826,0.20678230547834456,0.2288340688962379,4.0125,1748.425,0.00226572491082224,11.2609375,1050.4,0.009245912359012176,44.4703125,90225.94375,0.023924386584138917,1559.0,4741.0,427.0,2617.0,6371.0,3.04609375,10.35625,16.2328125,0.20049144066413457,245.89658745659727
0.9989583333333333,11.85,16299.5734375,0.1946833052813308,0.006998468800786177,0.43177420314084264,0.003086741338890336,6.401041666666667,0.6439873417721519,0.1830088295950091,0.20710431613547917,0.2289601971724693,3.952734375,1696.82421875,0.002261176660795711,11.1984375,1058.671875,0.009220222128744068,44.090625,89951.471875,0.023725884032790145,1535.0,4693.0,427.0,2565.0,6356.0,3.001953125,10.25625,16.1421875,0.20093792884284595,243.2530208333333
0.9984375,11.897916666666667,16242.6296875,0.1949907389503726,0.007507361224981235,0.4354666443922544,0.0030992228879048365,6.481770833333333,0.6261600420241639,0.1833300132320963,0.20733693779708098,0.2292874429767696,4.034375,1614.921875,0.0025375919823549258,11.1171875,1135.584375,0.009754417270638104,44.1328125,89860.50625,0.0251393821498296,1594.0,4622.0,418.0,2597.0,6347.0,3.073828125,10.19375,16.4015625,0.20335075560760513,241.85937065972223
0.9986979166666666,11.85625,16358.1609375,0.19394890442481347,0.007396452573591664,0.4281363502733223,0.0030883693670226624,6.441666666666666,0.6383763837638377,0.18217733023739768,0.2067507685513869,0.2282333370479032,3.966796875,1842.66171875,0.0024450989750078663,11.221875,1078.0875,0.00986381556107951,44.0484375,89700.23125,0.024734503980439013,1564.0,4659.0,434.0,2557.0,6376.0,3.023046875,10.2359375,16.321875,0.20580600030255272,241.3923567708333
0.9973958333333334,11.780208333333333,16303.238541666668,0.1936920976434068,0.007933168390449278,0.4313874053046625,0.0030685616914126945,6.4921875,0.637191617295959,0.1819654284747323,0.20641417274179236,0.22787669921971937,3.974609375,1798.43515625,0.002724826041970375,11.0078125,1043.71875,0.010352094282191329,43.775,89581.971875,0.02634761189262284,1549.0,4634.0,418.0,2553.0,6325.0,3.006640625,10.109375,16.8171875,0.20306953173788797,238.2891916232639
0.99921875,11.856770833333334,16359.285416666668,0.1943391560138887,0.008656029787347023,0.4312671481290196,0.003088505036033689,6.542708333333334,0.6344827586206897,0.18280979607767905,0.20663986712839905,0.22815588464421682,4.0125,1720.7328125,0.0030247935055732643,11.140625,1099.64375,0.011356180226098281,43.95,90173.1375,0.028480824475690808,1562.0,4701.0,429.0,2560.0,6298.0,3.053515625,10.234375,16.8078125,0.19939384508624597,239.28573540581598
0.9984375,11.809895833333334,16359.830729166666,0.19400702732335434,0.00830194798075932,0.43169587217606414,0.0030762948250412435,6.48359375,0.6337816979051819,0.1823567275196647,0.20648659845250758,0.2281286554089597,4.012109375,1833.140625,0.0028559909901099767,10.9359375,959.128125,0.010727744150098757,43.875,89867.29375,0.027659979774017247,1539.0,4646.0,432.0,2584.0,6296.0,3.053125,10.1078125,16.58125,0.20478650790771807,239.5409437391493
0.9963541666666667,11.840104166666666,16383.731770833334,0.19229991194989093,0.008105167253880094,0.4285988462681543,0.0030841636276808197,6.49921875,0.6336603175999648,0.1803074106489557,0.20570376268131635,0.22686606642220628,3.9875,1937.4171875,0.0027747928550180467,11.2390625,1244.740625,0.010661464155231294,43.8515625,89307.98125,0.026870367947977085,1550.0,4735.0,430.0,2570.0,6310.0,3.007421875,10.303125,16.6625,0.2085729441125247,240.21505832248266
0.9989583333333333,11.8734375,16295.90625,0.1947546049727906,0.008782536620187402,0.44007511081730993,0.003092846444386559,6.468489583333334,0.6181515111637497,0.1831428555811586,0.2071615739159946,0.22879463359611457,4.024609375,1717.40546875,0.0031524174160507635,11.1234375,817.925,0.011419654560634356,44.01875,90087.890625,0.028665895496287,1608.0,4619.0,417.0,2595.0,6315.0,3.064453125,10.203125,16.35,0.2039471324039644,239.91002360026042
0.99609375,11.898958333333333,16301.930208333333,0.1928954410199437,0.008386818952854477,0.4291632535792781,0.003099494225926891,6.563802083333333,0.6317517289678718,0.1809139452316473,0.2060178763563568,0.22769898883671608,3.988671875,1775.16328125,0.0029625494309429255,11.3390625,1124.275,0.0109321690628595,44.1,89586.653125,0.02753854693049565,1597.0,4722.0,426.0,2538.0,6387.0,3.034765625,10.375,16.86875,0.20639769293610166,241.73249891493057
0.9979166666666667,11.840104166666666,16306.447395833333,0.19396837968865432,0.008304003248636178,0.4313987884771637,0.0030841636276808197,6.508854166666667,0.6507720054546254,0.18236096656482706,0.2062805526218602,0.2280858592507576,3.974609375,1766.69296875,0.0029111439059893484,11.2234375,1045.86875,0.010813427689746715,43.91875,89726.04375,0.027366016178112955,1598.0,4660.0,419.0,2594.0,6284.0,3.0265625,10.2578125,16.6890625,0.200961267302489,239.1801624891493
0.9966145833333333,11.8953125,16127.250520833333,0.1944718203968128,0.008124248445972142,0.4392969674986927,0.0030985445428497005,6.537239583333333,0.6505538771399798,0.18285743063227305,0.20660963135559934,0.22879156849618515,3.983203125,1531.67890625,0.002838861195783899,11.31875,1183.71875,0.010559737702277958,44.1203125,89453.06875,0.026830308190419296,1571.0,4774.0,435.0,2603.0,6256.0,3.030078125,10.3890625,16.7140625,0.19443276440780732,240.72654052734373
0.9981770833333333,11.878125,16269.675,0.1944435991345698,0.007851127116685909,0.4308550748569744,0.003094067465485804,6.431770833333333,0.6511444356748224,0.18268934977594992,0.20718721450106709,0.2287169812025523,3.921484375,1632.646875,0.0026649633240592467,11.2953125,1307.64375,0.010324714538211134,44.2875,89779.81875,0.026122194865667338,1575.0,4767.0,412.0,2641.0,6304.0,2.983203125,10.3875,16.2703125,0.19093775179827005,243.86066731770836
0.9971354166666667,11.863020833333334,16171.544270833334,0.19463482811850455,0.008461368277284411,0.43353145029768564,0.0030901330641660155,6.465104166666666,0.6471440488211793,0.18290337959694156,0.20721479762967795,0.22898065269358314,3.934375,1589.0953125,0.0029968981872475022,11.209375,979.765625,0.010902027023655971,44.23125,89693.11875,0.02787858989106049,1552.0,4766.0,415.0,2591.0,6324.0,2.98359375,10.3296875,16.5265625,0.19061176538197022,243.40519504123262
0.9973958333333334,11.902604166666666,16161.733333333334,0.19480599881561864,0.008359240149385912,0.43666606328706764,0.003100443909004081,6.539322916666666,0.6476611385813679,0.18308752877299037,0.20734746141229596,0.2291384163894543,3.92421875,1511.97890625,0.002969257035637141,11.25,1163.725,0.010790761714818542,44.46875,89758.759375,0.027487651038948357,1549.0,4736.0,420.0,2656.0,6335.0,3.001953125,10.3046875,16.9234375,0.1896075690777536,245.48426405164932
0.99921875,11.913541666666667,16277.988020833332,0.1951837419266362,0.00878880530001312,0.43352846558548114,0.0031032929582356515,6.516927083333333,0.6401591326396783,0.18344350058044823,0.20777555967279046,0.2295528895652339,3.95390625,1691.12734375,0.0031869437045238943,11.209375,1217.215625,0.011233482946230925,44.45625,89686.203125,0.028751574035752226,1571.0,4715.0,420.0,2645.0,6352.0,3.0328125,10.2984375,16.671875,0.19297925903307075,245.19148328993055
0.99765625,11.841666666666667,16239.609375,0.19420466026957428,0.00913418293437485,0.4325600892993948,0.0030845706347139012,6.449739583333334,0.6276389866291344,0.18256466249331,0.20669244505337056,0.22827686659083532,3.9671875,1595.99765625,0.0033472540897360207,11.240625,1348.371875,0.011718069489626465,43.940625,89705.29375,0.029698011757678548,1544.0,4697.0,436.0,2637.0,6214.0,3.03359375,10.2328125,16.33125,0.19565850957648392,238.9363888888889
0.9971354166666667,11.8296875,16240.044270833334,0.19408996917023513,0.008921690801757521,0.4309989225614682,0.003081450247460276,6.42578125,0.6155505657552943,0.1823456892657786,0.20682632011470678,0.22833073784358965,3.9375,1669.68671875,0.00323399155101195,11.184375,653.159375,0.011524495556275782,44.04375,90108.359375,0.02906968305022154,1558.0,4696.0,403.0,2617.0,6294.0,2.991015625,10.296875,16.29375,0.19625411855494784,239.73245198567713
0.99609375,11.869270833333333,16207.819270833334,0.19369306717443374,0.009103992870016887,0.44108508014980263,0.0030917610922983414,6.46015625,0.6493483698275484,0.18186969216173976,0.20653531131559127,0.22814432308405214,3.936328125,1620.34296875,0.003334065712935249,11.1984375,1104.4125,0.01170828369279778,44.271875,89661.13125,0.029579410675562533,1548.0,4766.0,418.0,2663.0,6259.0,3.015234375,10.321875,16.378125,0.18818152609792974,241.96103488498264
0.9973958333333334,11.9046875,16234.86875,0.19433424645900518,0.008503207301870798,0.43705842196604133,0.0031009865850481896,6.564583333333333,0.6501290633066457,0.18256654554899304,0.20704284263340642,0.2286964539246525,3.975,1729.525,0.0030866803796161567,11.3046875,1140.23125,0.010890950359470162,44.2234375,89350.88125,0.027781571933290006,1556.0,4778.0,431.0,2602.0,6308.0,3.045703125,10.353125,16.8515625,0.1938808696666056,241.6627905273437
0.996875,11.772395833333333,16246.436458333334,0.1938887756177566,0.008453735960778074,0.4270922041628585,0.0030665266562472865,6.408854166666667,0.6384993142503208,0.18203177023145092,0.206993626473256,0.22821194630748004,3.92578125,1654.50234375,0.0030460367286451085,11.14375,1165.64375,0.010860586129836269,43.7875,89694.965625,0.02767768272025174,1565.0,4697.0,414.0,2594.0,6242.0,3.003515625,10.2390625,16.2,0.1935919560272651,238.60965467664926
0.9973958333333334,11.747395833333334,16328.748958333334,0.19336667580964131,0.008173601770654716,0.42867306222432844,0.0030600145437179823,6.3875,0.6361782309909111,0.18159767840694413,0.20607117932815036,0.22773816190192106,3.921875,1801.61015625,0.0028850121746838995,11.1046875,1178.25625,0.010608148983996526,43.6921875,89587.796875,0.026893412941196165,1557.0,4690.0,441.0,2549.0,6257.0,2.96484375,10.2109375,16.2546875,0.19735958140022344,237.76900363498265
0.9989583333333333,11.8453125,16388.699739583335,0.19400756927053991,0.007791898851356854,0.4307600419318659,0.0030855203177910916,6.420052083333333,0.6336015477289716,0.18233559898285204,0.2064937881471626,0.2282092315446687,3.99140625,1837.15546875,0.0027341453932194946,11.2203125,945.340625,0.010160340061593328,43.8859375,90038.2359375,0.025654471473669827,1565.0,4692.0,418.0,2547.0,6304.0,3.0234375,10.275,16.1515625,0.19890229528059672,238.68961344401038
0.9973958333333334,11.818229166666667,16435.697395833333,0.1926622448814884,0.008256348805213283,0.42582414563708265,0.003078465529217678,6.51328125,0.6380503283240051,0.18063402048853008,0.2060773275770918,0.22736005975771817,3.97578125,1917.85234375,0.0028016049263120957,11.115625,1037.521875,0.010880266211098848,43.890625,89905.253125,0.027451406914932468,1592.0,4655.0,401.0,2619.0,6310.0,3.0359375,10.228125,16.7078125,0.20731312939970042,239.0893551974826
0.9973958333333334,11.783854166666666,16347.7109375,0.19331844456977912,0.00811158466497895,0.43522791562757396,0.0030695113744898844,6.376822916666667,0.6156906077348067,0.1816052115500681,0.205884087576326,0.22760573364207634,3.99296875,1756.78828125,0.0028989943349594714,11.078125,1366.04375,0.010527984166608096,43.653125,89693.06875,0.026545546483427725,1570.0,4593.0,404.0,2554.0,6305.0,3.012890625,10.0984375,16.1109375,0.2040072145148157,235.81421847873267
0.9958333333333333,11.826041666666667,16340.472916666668,0.1922463444985368,0.00826195292803775,0.42510027981534104,0.0030805005643830857,6.5125,0.6409319122698847,0.18030593186741714,0.20536203856634225,0.22689230095521012,3.9953125,1837.55546875,0.0029136475569922944,11.0796875,1312.178125,0.010631026000737218,43.8953125,89380.4375,0.027286101339520114,1575.0,4606.0,431.0,2566.0,6341.0,3.048828125,10.14375,16.7359375,0.20745998240665714,239.4681759982639
0.9979166666666667,11.896354166666667,16391.483854166665,0.1933066494810656,0.007837293894216404,0.42663057645628716,0.003098815880871755,6.53203125,0.614071187776367,0.18143476328709238,0.20638616855148842,0.22771467518653568,3.970703125,1817.46875,0.0026504068081154354,11.265625,1307.365625,0.010295280220335113,44.2296875,89771.6625,0.02612685591250157,1584.0,4744.0,416.0,2574.0,6407.0,3.008203125,10.38125,16.778125,0.20417559852264222,244.45384087456594
0.99921875,11.886458333333334,16226.980208333332,0.1953860050853354,0.008976115659944293,0.4358494953745343,0.0030962381696622385,6.530989583333334,0.6204101305757602,0.18391087907362447,0.20750140662245847,0.22917110759505607,3.974609375,1538.77734375,0.0032807110440191993,11.2296875,995.68125,0.011489106904674359,44.190625,90211.090625,0.029244742878914615,1566.0,4745.0,446.0,2573.0,6312.0,3.023828125,10.3375,16.753125,0.1953073991486692,241.42617078993052
0.9973958333333334,11.880729166666667,16296.785416666668,0.19377492984886047,0.008528394379496214,0.4327857397408425,0.0030947458105409394,6.511458333333334,0.645390381833326,0.1819393053786684,0.2068705094555706,0.22802184812291845,3.919140625,1807.57421875,0.00300461238513557,11.3,1226.94375,0.011044296781294967,44.3078125,89323.471875,0.02810761995514004,1572.0,4767.0,433.0,2626.0,6321.0,2.953515625,10.409375,16.8453125,0.19556792759973615,243.94202446831596
0.9994791666666667,11.854166666666666,16482.471354166668,0.19349250758313483,0.009071253697741975,0.42934997888730636,0.0030878266909785536,6.5390625,0.6359841827768014,0.18172956738059134,0.20646371461229754,0.22757306136414615,3.942578125,1891.8828125,0.003247415954998416,11.315625,1079.096875,0.01174877824944463,44.0390625,90248.2,0.029689080117013555,1531.0,4767.0,439.0,2627.0,6255.0,3.01875,10.3578125,16.8015625,0.19792220801776467,240.48810763888886
0.9994791666666667,11.943229166666667,16496.678125,0.19339848638683854,0.008739012233377514,0.43324212316581096,0.003111026091864201,6.53984375,0.6466791679385984,0.18157738886713287,0.2065640366058493,0.22751732624665033,3.977734375,1865.025,0.0031534891815229588,11.4609375,1080.5125,0.011344381423704046,44.2875,90439.45625,0.02847573525046922,1592.0,4809.0,440.0,2584.0,6282.0,3.036328125,10.4875,16.60625,0.19070246282684475,242.5295895724826
0.9966145833333333,11.924479166666666,16323.1734375,0.19302330270644602,0.008489453954958568,0.4340067201618391,0.0031061420074672223,6.46953125,0.6364708451626993,0.18101896445698765,0.2065218855729606,0.22754207283776492,3.987109375,1805.92109375,0.003060816848066953,11.3265625,1161.89375,0.010914993914081109,44.271875,89553.4625,0.02777846242340249,1594.0,4755.0,431.0,2595.0,6312.0,3.0296875,10.409375,16.2890625,0.195156108997685,243.3146091037327
0.99921875,11.880208333333334,16464.329166666666,0.1934157622693993,0.008873449201920423,0.42887340515483785,0.003094610141529912,6.46484375,0.6345462516440158,0.18156262997134326,0.2066647896447476,0.2275792640862751,3.954296875,1816.846875,0.0031344030213723965,11.35,1432.525,0.011568331948402052,44.1140625,90086.0625,0.029134751177630903,1588.0,4785.0,426.0,2622.0,6275.0,3.01640625,10.44375,16.2796875,0.1985269752084529,241.28148328993055
0.9979166666666667,11.938541666666667,16337.0640625,0.19368896418473744,0.00893197242028431,0.4304013303041855,0.003109805070764956,6.579947916666667,0.6181834045894774,0.18179445508312,0.2069450997581582,0.2280108650177866,3.952734375,1733.8421875,0.0031626256611527554,11.5125,1117.5375,0.01165473643588651,44.3078125,89969.478125,0.029286595441208336,1581.0,4862.0,431.0,2590.0,6331.0,3.002734375,10.575,16.89375,0.19697647368817778,243.5618478732639
0.9966145833333333,11.8796875,16309.127604166666,0.19297830169562935,0.008095144104338451,0.42942129282540026,0.003094474472518885,6.504947916666667,0.6437809636546977,0.1810671536658431,0.20611889922429621,0.2274822962861074,3.971875,1791.03125,0.002861892305639184,11.2421875,1365.546875,0.010398496061369972,44.1484375,89325.09375,0.026724799342104,1573.0,4738.0,428.0,2622.0,6309.0,3.001953125,10.3109375,16.7109375,0.19979398326732672,242.09281656901038
0.9973958333333334,11.8890625,16303.346354166666,0.19365996318327694,0.008091398170161452,0.4284455148377981,0.0030969165147173745,6.497395833333333,0.6480921715512332,0.18171827752057873,0.2068101401043057,0.22827652891304098,3.940625,1816.559375,0.0028186112061383737,11.3171875,1012.565625,0.010385024913469421,44.2546875,89541.275,0.026888919282945806,1608.0,4765.0,435.0,2629.0,6301.0,2.97890625,10.4328125,16.6359375,0.1979651132392702,243.41165120442705
0.9966145833333333,11.907291666666667,16285.809375,0.1933151216630433,0.008310238759140857,0.4341036054655973,0.0031016649301033256,6.525,0.6455690665733531,0.1813787849041657,0.20641001897169403,0.22796557138990298,3.90390625,1782.42890625,0.002871959269384731,11.3859375,1044.353125,0.010883827405316385,44.4421875,89540.7875,0.02748976807198984,1595.0,4797.0,425.0,2645.0,6343.0,2.9859375,10.4765625,16.7296875,0.19546467212909838,244.63515516493052
0.9979166666666667,11.902083333333334,16216.683854166668,0.1948186155530275,0.008325050868861374,0.43810013726341046,0.0031003082399930536,6.48671875,0.6385874321722388,0.18308604352202396,0.20740475045882137,0.22916276877124814,3.91796875,1626.40390625,0.0029193796146752098,11.3421875,1324.8625,0.010754922488824656,44.3984375,89469.625,0.027517864265642754,1622.0,4726.0,428.0,2651.0,6303.0,2.996875,10.390625,16.5421875,0.1905629592094542,245.3914539930555
0.9984375,11.8875,16274.865625,0.19452927670212533,0.008166656958721099,0.4320243794826934,0.003096509507684293,6.517447916666667,0.6026989134244655,0.18286214990587474,0.2070457255403592,0.2286813350488938,3.980859375,1758.5125,0.002936860327751764,11.2125,1035.50625,0.010473724037758973,44.1890625,89579.6375,0.026778776403560568,1598.0,4694.0,424.0,2663.0,6273.0,3.019921875,10.3,16.725,0.1992199752954324,241.23213541666664
0.99921875,11.928645833333333,16147.054166666667,0.19615456447883106,0.008227694541247001,0.4345072542824816,0.00310722735955544,6.53046875,0.6482120246255949,0.18468176414550186,0.20811880770419133,0.23008152258678766,4.00859375,1556.64375,0.002906265252713809,11.190625,929.971875,0.010607395018317672,44.346875,89725.778125,0.027133711218309098,1620.0,4645.0,410.0,2646.0,6333.0,3.050390625,10.2671875,16.7140625,0.19867137330006174,241.58501274956595
0.9981770833333333,11.810416666666667,16322.114583333334,0.19387413139607487,0.008465583106660226,0.4318528907870369,0.0030764304940522707,6.4140625,0.6580525665902276,0.18222171988548538,0.206490751775587,0.22786715705892063,3.9671875,1725.2640625,0.0030140237151131148,11.1890625,1182.775,0.010914571993939491,43.8046875,89848.85625,0.0278228317855694,1579.0,4709.0,445.0,2575.0,6224.0,2.99921875,10.2875,16.2,0.19664425601891394,235.7848914930555
0.9966145833333333,11.8703125,16252.568229166667,0.19343658942600192,0.008716298199966518,0.43391802774840627,0.003092032430320396,6.479427083333333,0.6352068799087359,0.18159673029054943,0.20631659905775596,0.22791601633605785,3.995703125,1710.6078125,0.0031623190421371434,11.2546875,1031.003125,0.011238320181164345,43.984375,89641.975,0.028410192850086186,1603.0,4711.0,440.0,2600.0,6254.0,3.0421875,10.33125,16.3765625,0.20003990075754088,237.52536865234376
0.9989583333333333,11.844270833333333,16367.369791666666,0.19406588560720356,0.008557675536336096,0.4310549979750681,0.0030852489797690372,6.50390625,0.6330856162877622,0.18232083595809265,0.2068097108290996,0.22830225898175102,3.985546875,1786.44140625,0.0030264070214160036,11.2234375,1029.965625,0.011124415105130642,43.9,90028.4875,0.028116010027221916,1603.0,4682.0,443.0,2560.0,6271.0,3.018359375,10.2953125,16.6546875,0.20106056408388642,237.66689425998263
0.9966145833333333,11.8234375,16314.972395833332,0.19293353397487234,0.008331936383122173,0.42374161392870346,0.00307982221932795,6.409114583333333,0.6387383815690939,0.18104273911583477,0.20610574270902687,0.22732450467686802,3.92421875,1743.3765625,0.002895366001838424,11.3125,883.95,0.010886924282707931,43.93125,90032.378125,0.027523230008671407,1596.0,4735.0,419.0,2609.0,6263.0,2.96953125,10.3703125,16.20625,0.19823790985637743,238.80945068359378
0.99765625,11.901041666666666,16291.1828125,0.19406375166407455,0.008436833598006005,0.4315732224891343,0.003100036901970999,6.46171875,0.6413566739606127,0.1820906533790125,0.20710527853853294,0.2289146179298643,3.98984375,1763.128125,0.0029243140330187174,11.3125,1081.86875,0.01101947164857175,44.134375,89612.715625,0.027904273807389413,1551.0,4777.0,408.0,2613.0,6309.0,3.04140625,10.36875,16.2359375,0.20054931198389703,240.50114474826387
0.99921875,11.8859375,16347.246875,0.19454272147992008,0.008662927114499935,0.43464128402927377,0.0030961025006512113,6.507291666666666,0.6468165286359056,0.18281288004796553,0.20717099740237596,0.2288338112852823,3.971875,1655.56015625,0.003068183079661541,11.2765625,1235.58125,0.011186067328792664,44.1515625,90225.659375,0.02851876303956078,1561.0,4756.0,436.0,2606.0,6279.0,3.010546875,10.3453125,16.65625,0.19399242195603972,240.87761474609377
0.9986979166666666,11.820833333333333,16361.994791666666,0.19406282570923913,0.008354731014751333,0.42673099703699807,0.003079143874272814,6.426822916666667,0.640156855833627,0.18220797667503563,0.20696629725982651,0.22857875029546584,3.951953125,1746.853125,0.002958761888229951,11.1703125,1170.459375,0.010777170998213759,43.946875,90014.096875,0.027516167537374424,1601.0,4672.0,409.0,2642.0,6260.0,3.01875,10.2546875,16.23125,0.1993044092920958,240.75123263888887
0.996875,11.89375,16364.7734375,0.19291242752243482,0.008096034924491744,0.4302891792912745,0.003098137535816619,6.512760416666667,0.6179716237519706,0.18094262660644078,0.20569433524822295,0.22800972346062282,3.97578125,1884.22890625,0.0028146087702520693,11.2171875,1131.346875,0.010441443391709042,44.2421875,89520.378125,0.026876331074233144,1587.0,4710.0,462.0,2600.0,6339.0,3.0125,10.321875,16.7046875,0.2046474332264548,244.27308593750004
0.9989583333333333,11.844270833333333,16340.613020833332,0.19424494395732161,0.008281094795766223,0.42495558397719185,0.0030852489797690372,6.466666666666667,0.6365595180510971,0.18244138964404227,0.2069622887313939,0.22874181643636654,3.975390625,1666.9203125,0.0029012160264416387,11.1484375,1316.2125,0.010589159803799524,44.015625,90059.784375,0.02749254486503126,1555.0,4706.0,426.0,2597.0,6299.0,3.0171875,10.23125,16.5,0.20058328878140994,241.41064425998266
0.9973958333333334,11.863020833333334,16252.9546875,0.19410559363856192,0.008756293506817754,0.4308632808480777,0.0030901330641660155,6.483333333333333,0.6444220046538175,0.1823379619910837,0.20653406617374032,0.22874764769329645,3.99921875,1625.428125,0.003116532387597913,11.0921875,1074.34375,0.01120767398035474,44.0890625,89941.671875,0.028863957510160132,1581.0,4636.0,410.0,2622.0,6321.0,3.0234375,10.15,16.65625,0.20133427401017784,242.81352837456595
0.9973958333333334,11.871875,16258.254166666668,0.1940379980522822,0.008626118067423172,0.43255595308386435,0.0030924394373534774,6.4953125,0.636395542686672,0.18206961079983383,0.2071596091655147,0.22878993594884306,3.944140625,1709.10234375,0.0030267012483066887,11.26875,1011.903125,0.011180930033956813,44.1859375,89701.2125,0.02846897337735546,1619.0,4690.0,399.0,2610.0,6343.0,3.00859375,10.334375,16.603125,0.1957454442420074,243.849208984375
0.9971354166666667,11.838541666666666,16206.624479166667,0.19435769019248444,0.008673189541551385,0.43216846779933693,0.003083756620647738,6.465104166666666,0.6391553013638364,0.18254261480109496,0.20719193408021627,0.2287837478703106,3.933984375,1604.15,0.0030485395265853255,11.209375,977.9125,0.011257562029110732,44.0859375,89845.234375,0.028587417113856282,1569.0,4689.0,420.0,2629.0,6267.0,2.984765625,10.28125,16.5703125,0.19471219263792333,243.5171603732639
0.9989583333333333,11.8984375,16377.4125,0.19412406537731253,0.008359232418205294,0.43737438395077033,0.0030993585569158637,6.509114583333333,0.6329612606697308,0.18222722480770392,0.2071452157305071,0.2286902773025524,3.96171875,1792.3625,0.00287461989308132,11.2984375,898.734375,0.010896931527829038,44.2453125,90196.290625,0.027759983409077447,1577.0,4764.0,422.0,2616.0,6306.0,3.0,10.3578125,16.696875,0.19456840519090907,245.44853922526042
0.9981770833333333,11.877083333333333,16255.147916666667,0.19457337197322927,0.008397806178319023,0.4356530194585613,0.0030937961274637494,6.475260416666667,0.6418610770040344,0.1827457734076782,0.20738340544056397,0.2290737327680989,4.008984375,1596.72109375,0.0029093521278668348,11.134375,1165.215625,0.010858324075619059,44.0921875,89978.7875,0.02789110448282773,1542.0,4692.0,427.0,2616.0,6300.0,3.034375,10.1984375,16.515625,0.20041214801591115,243.4604123263889
0.99921875,11.828125,16396.538020833334,0.19403149064869066,0.008359098107780552,0.43388626824093474,0.0030810432404271945,6.466145833333333,0.6439894319682959,0.18218017191164354,0.2069713957256823,0.22849686051988732,4.003125,1759.93125,0.0028884172381179333,11.0796875,953.5875,0.010812424840520963,43.8765625,90385.915625,0.027788494853690626,1575.0,4657.0,428.0,2585.0,6302.0,3.034765625,10.1984375,16.459375,0.2069672359991863,241.34441731770832
0.9981770833333333,11.866145833333333,16221.909375,0.1948256544551203,0.00859828270611816,0.43357389402170166,0.0030909470782321787,6.473177083333334,0.622042751174121,0.18310232966893597,0.20716587881577073,0.22937872923920732,3.99921875,1593.69375,0.003043729495219362,11.0421875,795.253125,0.010981507953014032,44.1578125,90161.428125,0.028433270302817483,1546.0,4693.0,436.0,2621.0,6298.0,3.0171875,10.165625,16.6046875,0.19964467017888365,243.30552056206596
0.99765625,11.8390625,16243.8921875,0.1942918338747716,0.008421288271791649,0.4277442561477116,0.0030838922896587653,6.497135416666667,0.6407989089789274,0.18247996275993095,0.2072335298808313,0.2285976223280747,3.984375,1590.02265625,0.0028958101959908867,11.1375,1030.45,0.010956679533171124,43.959375,90072.8125,0.02798780931361522,1561.0,4675.0,436.0,2566.0,6294.0,3.01015625,10.2390625,16.703125,0.20049555850644082,241.01159912109375
0.9984375,11.856770833333334,16222.391145833333,0.19503393584360929,0.007694341799074639,0.43872034402631355,0.003088505036033689,6.458854166666667,0.6488029870415111,0.18344887496891324,0.20706474054851828,0.2293433746374843,4.033203125,1632.94375,0.002641237007744072,11.0640625,825.859375,0.009930695824889393,43.94375,89976.7125,0.025670406938582153,1578.0,4598.0,420.0,2616.0,6262.0,3.079296875,10.1140625,16.321875,0.20072928853258143,241.29771457248262
0.99765625,11.895833333333334,16317.061979166667,0.19377506855880364,0.008246832669882638,0.4356414642763732,0.0030986802118607277,6.476041666666666,0.6302977232924694,0.18198688433251375,0.20659061049558453,0.2281122635271824,4.021484375,1691.41171875,0.00288187898088635,11.2859375,1122.790625,0.010697984982082074,44.003125,90013.934375,0.02725549511366836,1596.0,4698.0,443.0,2575.0,6281.0,3.0359375,10.3234375,16.3890625,0.2021929802303336,241.2901909722222
0.9979166666666667,11.894791666666666,16346.189583333333,0.1935591738402523,0.008185648446243565,0.42971687083849275,0.0030984088738386733,6.494791666666667,0.6510640161134951,0.18174825963665325,0.20636412638808524,0.22799787810681577,3.98515625,1760.64140625,0.0027844365266358395,11.2984375,1003.159375,0.010703986342911474,44.1296875,90031.4125,0.02727215822800656,1582.0,4747.0,434.0,2626.0,6284.0,3.041015625,10.396875,16.4078125,0.20424339473543038,241.8430978732639
0.9984375,11.84375,16284.720833333333,0.1943517712471753,0.008322432303743667,0.4278038892074471,0.00308511331075801,6.447135416666667,0.6514072119613017,0.1827075574901166,0.2068208406061653,0.22845955691642006,3.999609375,1585.31875,0.0029346941985173352,11.2390625,1140.93125,0.010729943646759905,43.825,90226.11875,0.027465873381632765,1570.0,4712.0,446.0,2604.0,6201.0,3.033984375,10.2875,16.259375,0.20152783169264732,237.22350260416667
0.9986979166666666,11.936458333333333,16092.291666666666,0.19641615606505955,0.00802352244968767,0.4351582347306174,0.0031092623947208474,6.518489583333333,0.63596299851645,0.1848632030862541,0.20826697936517985,0.23077714468016114,4.04453125,1439.24921875,0.00276605110620714,11.0828125,1112.259375,0.010385203537816329,44.3578125,89684.49375,0.02669172673548113,1560.0,4656.0,429.0,2615.0,6376.0,3.064453125,10.1796875,16.6734375,0.2042380769316687,244.16210828993056
0.9984375,11.956770833333334,16238.425,0.19481185672692553,0.008360220683934237,0.43322557087809144,0.0031145534861509072,6.575,0.6381495840048786,0.18312171973410463,0.2072545794688955,0.22912968195623923,4.043359375,1591.34765625,0.0029703698709829993,11.2,1296.021875,0.010752071489969636,44.3671875,89769.1375,0.027527773129703788,1559.0,4745.0,435.0,2611.0,6341.0,3.0859375,10.3234375,16.7828125,0.20187346137935136,244.4991729058159
0.99765625,11.873958333333333,16209.08125,0.1945277417008868,0.00840394033016231,0.43410632471444255,0.0030929821133975862,6.452083333333333,0.6523817878761294,0.18282261656108761,0.2072003871329094,0.22867559682806088,4.028125,1545.11796875,0.002993502150085793,11.1703125,1020.203125,0.01081866106688201,43.9609375,90053.8125,0.02763097231374867,1572.0,4703.0,434.0,2622.0,6228.0,3.079296875,10.25,16.1453125,0.1999919120080136,239.64869683159716
0.99765625,11.835416666666667,16308.641145833333,0.19385705019440688,0.008329127672669908,0.4308006527836616,0.003082942606581575,6.49375,0.6325910931174089,0.18193874930498416,0.20692861548107935,0.22845868846542533,3.944140625,1745.259375,0.002855914685353949,11.2421875,1233.265625,0.010934601216673803,43.99375,89637.54375,0.02761650607792985,1579.0,4730.0,444.0,2566.0,6307.0,2.989453125,10.3390625,16.665625,0.20170543876558714,241.74114149305558
0.9984375,11.7578125,16361.942708333334,0.1938527812265101,0.008032585075139063,0.426160922217681,0.003062727923938526,6.433072916666666,0.6405758582502769,0.18212858825358078,0.20651445155227935,0.2280878827924579,3.95625,1755.4203125,0.0027722101866444727,11.0609375,1138.271875,0.010499953097600373,43.6609375,90011.703125,0.02660671660665611,1575.0,4619.0,398.0,2611.0,6263.0,3.012890625,10.1546875,16.3921875,0.20521283516234542,237.64655354817708
0.9981770833333333,11.919270833333334,16316.080729166666,0.19403795681168123,0.008411733087327733,0.43407759065055196,0.0031047853173569507,6.464583333333334,0.6348700021848372,0.1822293151957077,0.20701714647004202,0.22829333361721452,3.9890625,1674.1546875,0.0029240425092132054,11.3171875,1223.975,0.011000041819730647,44.2421875,89975.890625,0.027774186667382933,1610.0,4752.0,403.0,2631.0,6307.0,3.03125,10.4140625,16.2484375,0.19770130522577717,243.14556613498263
0.9966145833333333,11.856770833333334,16190.781770833333,0.19408779750889263,0.007621521554778338,0.43111809144570395,0.003088505036033689,6.4640625,0.6231934987920053,0.18243475895773154,0.20650253070300884,0.22828521851942069,3.980078125,1653.98203125,0.0026809880526530412,11.2234375,1291.8,0.009871083089501386,43.996875,89236.9625,0.025134094028556476,1537.0,4730.0,412.0,2629.0,6255.0,3.023046875,10.290625,16.4015625,0.19732242556559207,240.52323540581594
0.9963541666666667,11.7953125,16243.154166666667,0.1934127357313626,0.007909179704679437,0.43527729995234465,0.0030724960927324824,6.404166666666667,0.6483419437453084,0.18173877441591121,0.20567417900944546,0.2278471377150854,3.983203125,1704.05703125,0.0027857197304362357,11.1015625,1153.665625,0.010133802501612294,43.7375,89489.03125,0.026178396804719384,1560.0,4605.0,398.0,2640.0,6242.0,3.0203125,10.1328125,16.2109375,0.20210188936232157,237.11383219401037
0.9984375,11.829166666666667,16374.009375,0.19364128079853954,0.00845403341243514,0.4324779293606393,0.003081314578449249,6.437239583333334,0.6294469883761888,0.18186680961456902,0.2064700271234093,0.22791041920955185,3.9859375,1773.4484375,0.002994159704127945,11.1359375,1105.553125,0.010899310268061738,43.8953125,90044.709375,0.027848251390037316,1582.0,4677.0,399.0,2650.0,6225.0,3.03984375,10.25625,16.2078125,0.1997279088711372,239.27550347222223
0.9984375,11.8265625,16163.18125,0.19547548847989646,0.008027529209814711,0.43502209242508566,0.003080636233394113,6.512239583333334,0.6376007398599551,0.18395446001346927,0.20780178414037492,0.2292333066851266,3.96015625,1525.60234375,0.0028591140683267165,11.2015625,1114.084375,0.01035179319023747,43.9171875,89762.59375,0.026376925795343942,1589.0,4667.0,404.0,2629.0,6239.0,3.024609375,10.2515625,16.7234375,0.19540471768630974,240.41471110026038
0.996875,11.897916666666667,16237.5171875,0.19365190254986805,0.008232478589581791,0.4388867766582783,0.0030992228879048365,6.53984375,0.6506741376291367,0.18179662207316866,0.2067710446004379,0.2279538824060956,4.005078125,1729.01796875,0.0029248356964025335,11.2875,944.865625,0.01063664708537128,44.0796875,89564.165625,0.027058881666509337,1585.0,4719.0,413.0,2645.0,6268.0,3.024609375,10.3546875,16.7859375,0.20315466671191584,240.20989149305558
0.9973958333333334,11.8796875,16262.720833333333,0.19396115960825736,0.00827594767867325,0.4240790366531693,0.003094474472518885,6.525,0.6384321978166513,0.18210955476443197,0.20682486424733454,0.22850387434448133,3.96796875,1708.925,0.0029270256747459425,11.203125,1315.915625,0.010598264652145622,44.203125,89424.709375,0.027349318720910103,1582.0,4690.0,436.0,2646.0,6309.0,2.996484375,10.259375,16.9046875,0.2019470732892775,243.44542073567706
0.9981770833333333,11.8203125,16261.348958333334,0.19434010931344367,0.00841136895924076,0.43438993273641113,0.003079008205261787,6.435416666666667,0.6370566204009693,0.1826641664644197,0.20695532473498268,0.2284286652880005,3.984765625,1557.94375,0.0030253516461636694,11.2125,1206.2625,0.010851542936216537,43.7703125,90130.05625,0.02751526423457335,1595.0,4696.0,417.0,2609.0,6208.0,3.00234375,10.303125,16.3,0.19965456458699823,238.30156656901042
0.9971354166666667,11.833333333333334,16361.986458333333,0.1930452381830437,0.00846016403108954,0.42499437298829207,0.0030823999305374665,6.486197916666667,0.6358714788732395,0.18115602181271542,0.20599014368169183,0.2276571981657088,3.976953125,1812.9234375,0.002966933479017748,11.2046875,1262.640625,0.010990313887429994,43.8875,89657.584375,0.02790293638303625,1586.0,4669.0,414.0,2584.0,6332.0,2.998046875,10.2484375,16.6765625,0.20697645413520407,240.38368055555554
0.9981770833333333,11.9234375,16394.453645833335,0.19343669691919704,0.008466195681513551,0.4297522026377416,0.003105870669445168,6.523697916666666,0.6259555322587691,0.18148466311952466,0.20660223891724688,0.22807929011983674,3.93828125,1880.53671875,0.002907047152767776,11.328125,1093.478125,0.011023701988533002,44.459375,89751.096875,0.028145283489477195,1546.0,4762.0,425.0,2639.0,6406.0,3.00078125,10.3484375,16.790625,0.20291208393340304,247.15559651692712
0.9984375,11.8453125,16287.5125,0.19441984149885574,0.00829456132310484,0.43097156968749695,0.0030855203177910916,6.521614583333333,0.65022204634393,0.18269588213528407,0.20716840136169665,0.22856711909030136,3.896484375,1686.87109375,0.002944582663234704,11.3109375,1149.653125,0.010761369648789737,44.175,89827.9375,0.027227667636900488,1594.0,4720.0,418.0,2579.0,6370.0,2.972265625,10.3203125,16.9203125,0.194184295738212,244.22346761067712
0.9994791666666667,11.866145833333333,16267.277083333332,0.1953628586819694,0.008282926246259759,0.4399096618335883,0.0030909470782321787,6.45546875,0.6396435939077382,0.18377692421399208,0.20776039721922043,0.22930905801662763,3.953125,1607.959375,0.0030320450207986507,11.1328125,1122.459375,0.010482839571485918,44.2515625,90049.365625,0.02708653782287803,1583.0,4658.0,419.0,2595.0,6347.0,3.0,10.196875,16.5359375,0.19054390740264002,244.60916639539926
0.9979166666666667,11.946354166666667,16108.690625,0.1956734406021282,0.008504403687907757,0.44004635942679965,0.0031118401059303637,6.542447916666666,0.634215459737542,0.18399140059915925,0.2078429939068786,0.23023204730925353,3.972265625,1533.71953125,0.003091785994469393,11.1609375,984.521875,0.010774457069977388,44.628125,89532.74375,0.02788482107959158,1574.0,4718.0,407.0,2591.0,6450.0,3.029296875,10.25,16.8875,0.1897058308034896,249.49451795789935
0.9997395833333333,11.8078125,16300.8078125,0.19522589141652633,0.008427317881822459,0.43170992072146164,0.0030757521489971347,6.510677083333333,0.647082175466455,0.1837140007361473,0.2073288736589957,0.22917047189557324,3.992578125,1650.28828125,0.003059743914316467,11.103125,1118.625,0.01075283267364065,43.7734375,90085.06875,0.02757209896002823,1593.0,4592.0,398.0,2581.0,6307.0,3.06484375,10.1734375,16.63125,0.205199605550314,238.4057722981771
0.99921875,11.963541666666666,16183.123958333334,0.19596341215791935,0.008813832770839547,0.43478642780740945,0.003116317183294261,6.586979166666667,0.6441445363517632,0.18437457618478653,0.20823622543577353,0.23004594277259666,4.007421875,1616.4390625,0.0032388715825634935,11.246875,1076.26875,0.011193336875066318,44.5046875,89556.71875,0.028734173419716992,1573.0,4711.0,400.0,2603.0,6419.0,3.044921875,10.315625,17.0265625,0.19739827978577554,245.90023328993058
0.9984375,11.898958333333333,16182.494791666666,0.19551166481967483,0.00900781332072926,0.4423378329830315,0.003099494225926891,6.538541666666666,0.6247045434649392,0.18401796053117292,0.20744963954347492,0.2295485072498825,3.9078125,1573.36015625,0.0032566077457226563,11.353125,1171.23125,0.011590731994338405,44.409375,89630.296875,0.02942971694714654,1554.0,4797.0,431.0,2592.0,6348.0,2.98359375,10.40625,16.890625,0.18700337200926742,245.72572808159723
0.9979166666666667,11.882291666666667,16220.478645833333,0.19490084075705402,0.008953437686750672,0.4368952041691042,0.003095152817574021,6.43828125,0.6434207065836767,0.1832788276304866,0.20734174756116971,0.22894798645920805,3.965234375,1790.1296875,0.00328477618905592,11.2703125,1014.909375,0.011474504901899997,44.1625,89147.44375,0.02910701646238036,1597.0,4734.0,410.0,2572.0,6322.0,3.000390625,10.3609375,16.2671875,0.19276593777182807,243.16843641493057
0.9971354166666667,11.911458333333334,16119.5828125,0.195095354656201,0.008271945428354998,0.4321811605090541,0.0031027502821915427,6.534375,0.6343244425010931,0.1834341366439572,0.2075065299191512,0.22932905144222607,3.98515625,1580.06640625,0.0029002848660464,11.296875,1351.9125,0.010760060765856127,44.23125,89045.31875,0.02727047234008826,1594.0,4761.0,417.0,2582.0,6354.0,3.01484375,10.384375,16.7625,0.19773133054895947,242.72497287326388
0.9966145833333333,11.852604166666667,16055.05,0.19524739630552201,0.008394325818366959,0.4375303852844856,0.003087419683945472,6.446354166666667,0.6398910225425144,0.18373220694467887,0.2073839841031832,0.22917156595123317,3.970703125,1534.42734375,0.0031087033911607587,11.1796875,973.928125,0.010601250886493956,44.053125,89218.6625,0.027329890459064754,1559.0,4751.0,394.0,2655.0,6210.0,3.0265625,10.290625,16.28125,0.18804189614572325,240.45067030164927
0.9971354166666667,11.791666666666666,16248.874479166667,0.19385211280661246,0.008075865763222981,0.4333000731630315,0.003071546409655292,6.383333333333334,0.6459805653710248,0.1821098842091132,0.20657044078219472,0.2281026992210271,3.922265625,1756.2796875,0.0028828701100268896,11.1609375,1043.8375,0.010261806465880067,43.9,89424.290625,0.02666190767335026,1553.0,4723.0,427.0,2628.0,6214.0,2.9640625,10.25625,16.1875,0.19152849302191466,241.5206597222223
0.9984375,11.8546875,16179.447916666666,0.19536150401986607,0.008047286325312115,0.43151615381259417,0.0030879623599895808,6.4421875,0.6340670445059532,0.1837711204637295,0.20764878696336445,0.22943575530091395,3.98203125,1683.69296875,0.002857018734707738,11.2109375,933.275,0.01029496081696595,43.9890625,89408.640625,0.026560682196075776,1561.0,4731.0,420.0,2634.0,6226.0,3.027734375,10.321875,16.2203125,0.19812549452516176,239.6398217773438
0.9986979166666666,11.871354166666666,16124.8765625,0.19600239762865476,0.008805062175698755,0.4405660742377723,0.0030923037683424502,6.461458333333334,0.6464704075812749,0.1845780726646083,0.20793537182922348,0.22976672328427208,3.966796875,1513.934375,0.0032833348419841852,11.153125,1087.575,0.011080671817466104,44.2078125,89605.946875,0.028616361868789686,1559.0,4737.0,432.0,2648.0,6238.0,3.046484375,10.2625,16.3203125,0.18907872231264664,241.997512749566
0.9966145833333333,11.935416666666667,16011.470833333333,0.19561692694619318,0.008787512478668066,0.43895939637621656,0.003108991056698793,6.502604166666667,0.6447460289753884,0.18407810266669497,0.207854303192983,0.2295348478173961,3.998828125,1472.00703125,0.0033065918460222776,11.33125,1159.51875,0.01110304718445976,44.2859375,89021.278125,0.028395660303459514,1562.0,4738.0,432.0,2636.0,6261.0,3.048828125,10.36875,16.4515625,0.19285486441724534,243.1234331597222
0.9979166666666667,11.95625,16128.544791666667,0.19565994794525665,0.008749388474771195,0.4391244400888816,0.00311441781713988,6.580208333333333,0.6331242376720683,0.18411042670563466,0.20773982618239425,0.22977815466660717,3.9859375,1575.29375,0.003251423290492328,11.1984375,1026.590625,0.010983688327922955,44.5953125,89443.503125,0.0285069493587349,1532.0,4728.0,440.0,2616.0,6364.0,3.048828125,10.2828125,17.003125,0.1902502874672863,246.22829427083337
0.9981770833333333,11.880729166666667,16103.934375,0.19595846757552893,0.008541495336746013,0.4423221550089146,0.0030947458105409394,6.46484375,0.6420148174126518,0.18455050958849556,0.20764468717773524,0.2299040799214561,3.994140625,1522.265625,0.0031804543046348318,11.071875,1321.203125,0.010706124968313593,44.2359375,89213.340625,0.027821029833623157,1539.0,4668.0,430.0,2593.0,6307.0,3.059375,10.1765625,16.375,0.19111722317939736,240.64723280164927
0.9981770833333333,11.911458333333334,16063.245833333332,0.19638969682366345,0.008451080258947823,0.4384008387195367,0.0031027502821915427,6.555989583333333,0.6297332750327941,0.18492533801162397,0.20833128842556423,0.23030554046992036,3.975390625,1483.11484375,0.0031925531837864,11.184375,1245.15625,0.010571774847838614,44.3828125,89201.859375,0.027364493970702723,1526.0,4741.0,400.0,2656.0,6307.0,3.0421875,10.25625,16.9109375,0.18723666110797618,243.9973687065972
0.9953125,11.961979166666667,15845.4921875,0.1962794167085785,0.008878492674651585,0.4426490885831237,0.003115910176261179,6.479427083333333,0.6221535246222841,0.18486562295548997,0.20777897475417167,0.23043503367533974,4.000390625,1413.534375,0.003309472372831504,11.159375,1019.18125,0.011220046809839007,44.6109375,88399.634375,0.028813019746744495,1574.0,4695.0,418.0,2628.0,6378.0,3.04921875,10.2453125,16.434375,0.18915789423126989,244.34178358289935
0.9973958333333334,11.85,16189.453645833333,0.19458564676249626,0.008771063785669353,0.4395598426063373,0.003086741338890336,6.466145833333333,0.6343618143459916,0.1829878831214383,0.20698884166727344,0.22857350642195087,3.975390625,1616.43515625,0.003184775084772743,11.175,1140.60625,0.01125064341303989,44.0234375,89530.375,0.028636638961885265,1574.0,4678.0,419.0,2600.0,6259.0,3.035546875,10.2796875,16.375,0.19208427890064778,237.75354166666668
0.9966145833333333,11.893229166666666,16157.6015625,0.19434907857105965,0.008475079176718362,0.4435232026848223,0.0030980018668055917,6.466145833333333,0.640464199693453,0.18266895106518916,0.20683415750158587,0.22858450966401533,3.96796875,1671.6234375,0.00305096493722369,11.334375,1072.2625,0.010978772524271787,44.153125,89186.853125,0.027667842787143633,1614.0,4720.0,413.0,2601.0,6268.0,3.023828125,10.375,16.3265625,0.1886657343658911,240.447454155816
0.99765625,11.863020833333334,16140.554166666667,0.19512985206062006,0.008601510710059553,0.43440302202774567,0.0030901330641660155,6.516927083333333,0.6415243447337227,0.18365600655846848,0.2071548903697998,0.22900019576004657,3.987890625,1616.98984375,0.0031629641591847018,11.1609375,1165.659375,0.010935586035564682,44.065625,89209.70625,0.028021621588053824,1556.0,4702.0,437.0,2586.0,6286.0,3.04921875,10.2375,16.6671875,0.19445790872605492,239.40154920789928
0.9971354166666667,11.821354166666667,16107.7703125,0.1950301521861584,0.008437664062647583,0.43429121858892106,0.0030792795432838414,6.462239583333333,0.6390271842093669,0.18358161269396753,0.2070330557728332,0.22882140656824718,3.96015625,1577.259375,0.003055494235056273,11.2703125,897.5125,0.010863114471645919,43.8171875,89440.071875,0.027540892964014484,1609.0,4723.0,437.0,2547.0,6219.0,3.001171875,10.36875,16.4,0.18911983565923826,235.96756483289928
0.9973958333333334,11.728125,16169.368229166666,0.19470974677333316,0.00868416409731132,0.4311286111546227,0.0030549947903099764,6.40234375,0.642552624567013,0.18323463325992315,0.20683874866018534,0.22848119894012114,3.923046875,1616.54609375,0.0030996875091653655,11.121875,808.415625,0.011249611477846819,43.5546875,89741.609375,0.028456623069359633,1607.0,4615.0,411.0,2592.0,6176.0,3.006640625,10.178125,16.209375,0.1921598307901832,234.30264648437503
0.9963541666666667,11.697395833333333,16134.642708333333,0.19429758186336527,0.008589387660244873,0.4387319305364728,0.003046990318659373,6.411979166666667,0.6245603098980365,0.1828364129742712,0.20655197025174804,0.22788786903135883,3.912109375,1605.825,0.003194933843144801,11.1921875,865.59375,0.011018196533347504,43.34375,89518.9625,0.027738394055542535,1568.0,4666.0,411.0,2554.0,6124.0,2.983203125,10.253125,16.2859375,0.18898478229566718,232.58863905164932
0.99921875,11.693229166666667,16213.905729166667,0.19556391166993983,0.008809972007366298,0.4360178254379169,0.003045904966571156,6.397916666666666,0.6287470491292148,0.18437182602749422,0.20703085752675338,0.22886530838290858,3.934765625,1697.1890625,0.0033365127353073426,11.040625,821.575,0.011122996678957768,43.3796875,89673.103125,0.02839078442401064,1573.0,4627.0,415.0,2567.0,6132.0,3.003125,10.140625,16.234375,0.19070555138004677,232.5319333224826
0.99765625,11.734895833333333,16046.669791666667,0.19605205892590138,0.008504488258904413,0.4339046468088193,0.00305675848745333,6.409635416666666,0.6408060006213662,0.18481109768274367,0.20764287613840643,0.22942508668602724,3.978125,1578.03046875,0.0031957625391031987,11.05625,962.146875,0.010759872045446494,43.440625,89005.75,0.02748400735156719,1503.0,4694.0,398.0,2554.0,6181.0,3.0328125,10.1578125,16.16875,0.19489644185103963,234.47346978081598
0.9981770833333333,11.759895833333333,16089.334895833334,0.19617031480445676,0.008290266177593746,0.4348021052649886,0.003063270599982634,6.397916666666666,0.6412595774835024,0.1849701227295657,0.20754587830053536,0.2295955196079423,4.00546875,1602.575,0.00310388624338091,11.0515625,853.834375,0.010384315240323821,43.4859375,89271.875,0.026941736851715015,1556.0,4645.0,405.0,2576.0,6173.0,3.041796875,10.140625,16.0796875,0.1966455800875398,234.65224582248266
0.9981770833333333,11.840104166666666,16116.9796875,0.19590756115320548,0.008656505042736351,0.43364420284064337,0.0030841636276808197,6.448697916666666,0.6303611489904544,0.18459845217649687,0.20754573616438554,0.2295058220488599,3.982421875,1566.8015625,0.003261036814640208,11.2703125,1208.4375,0.010922204381135527,43.840625,89226.234375,0.027972678616721737,1533.0,4728.0,417.0,2560.0,6230.0,3.048828125,10.3,16.196875,0.19079173093304905,237.2785999891493
0.9994791666666667,11.790625,16206.043229166668,0.19590674756049464,0.008642742759696759,0.43838207621175973,0.003071275071633238,6.443229166666667,0.6324321936566835,0.18479154549874152,0.20730140127799554,0.2289729020900063,4.019921875,1601.80546875,0.003310025830004784,11.1390625,962.546875,0.010884932774608957,43.525,89866.490625,0.027731420463552453,1525.0,4655.0,395.0,2572.0,6165.0,3.06171875,10.190625,16.221875,0.19671046191674196,233.92282877604168
0.9981770833333333,11.695833333333333,16162.036458333334,0.19529223532676784,0.007883634551103132,0.43328607613193476,0.0030465833116262915,6.371875,0.6297203420021376,0.1840088572829029,0.20707211269807574,0.22864587013091967,3.9828125,1578.82578125,0.0029428002134377646,10.9609375,917.228125,0.00994504588066364,43.2828125,89739.6875,0.025585560572204086,1562.0,4604.0,409.0,2552.0,6125.0,3.02265625,10.06875,16.071875,0.19266225116895985,232.43144097222225
0.99609375,11.753125,16169.921875,0.19402145265335152,0.008514954135829231,0.4409168888054632,0.003061506902839281,6.362760416666666,0.6106088806168573,0.1825386472396719,0.20629116748175108,0.2276829594796705,4.00625,1688.58046875,0.00325002686549912,11.0671875,1066.878125,0.010640375447759564,43.4265625,89198.33125,0.02744924190521934,1515.0,4683.0,418.0,2575.0,6121.0,3.032421875,10.1625,15.884375,0.19477203404604385,232.91457356770837
0.9966145833333333,11.759375,16003.858854166667,0.1956247192695542,0.008330844299936286,0.43661140800719866,0.003063134930971607,6.425520833333334,0.6256532908140668,0.18432089212482522,0.20704887549715476,0.22941587162086954,3.963671875,1489.96640625,0.0031396423347057347,10.915625,986.69375,0.010312141979942995,43.7859375,89076.59375,0.02711435448085179,1520.0,4634.0,418.0,2585.0,6249.0,3.0296875,10.0515625,16.3828125,0.1938374947707599,237.45459960937504
0.9971354166666667,11.751041666666667,16139.154166666667,0.1949142089436573,0.008312287761762148,0.42737525829608025,0.0030609642267951723,6.4015625,0.628933605176846,0.1834760051927144,0.20687251780517063,0.22870871508591537,3.984765625,1624.97109375,0.003121297183850135,11.075,1168.084375,0.010406917310616385,43.4921875,89166.95625,0.02698162052455596,1550.0,4629.0,407.0,2583.0,6188.0,3.02734375,10.121875,16.178125,0.1991636191567592,234.32187391493056
0.9966145833333333,11.713541666666666,16146.129166666668,0.19460423886275766,0.008714293065565612,0.4304639983631397,0.0030511960580012158,6.4078125,0.6176078257003113,0.18321868949363168,0.2065089207800503,0.22824175442196895,3.98203125,1630.55859375,0.003276506125318178,10.9453125,1107.60625,0.010927695751255448,43.4078125,89246.934375,0.0282520381408655,1581.0,4538.0,397.0,2561.0,6205.0,3.037109375,10.034375,16.2640625,0.1982926361384897,233.66169162326392
0.9984375,11.788541666666667,16217.473958333334,0.19533649782777793,0.008323326995779949,0.4327872303729236,0.0030707323955891292,6.444010416666667,0.6373597243085624,0.18392907205548528,0.2070369482664706,0.22926575047825568,3.95546875,1743.62109375,0.0030920182961338993,11.0046875,1231.0875,0.010388683886034214,43.9046875,89099.271875,0.027183204904109887,1582.0,4599.0,409.0,2559.0,6341.0,3.0171875,10.121875,16.4734375,0.19813183857371475,240.02663953993058
0.9984375,11.813020833333333,16266.1078125,0.19491153128240382,0.008705260852130796,0.4299817471415596,0.0030771088391074062,6.418229166666666,0.6323795247123143,0.18341668390377797,0.20680943137197824,0.22899302070733266,3.976171875,1764.38203125,0.003224801916770116,11.178125,1379.490625,0.010977733631265715,43.7953125,89159.628125,0.028354623814438595,1517.0,4669.0,411.0,2558.0,6310.0,3.02421875,10.209375,16.203125,0.20188791845117604,237.6738929578993
0.9979166666666667,11.854166666666666,16171.945833333333,0.1950716070845153,0.008530811633810162,0.43273341350514405,0.0030878266909785536,6.433854166666666,0.6472759226713533,0.18358853115630697,0.20716298807667544,0.2289125298051884,4.018359375,1560.35625,0.0031408073194677836,11.1109375,979.31875,0.010809816108831052,43.940625,89810.93125,0.02781182441615877,1554.0,4677.0,428.0,2597.0,6231.0,3.06953125,10.203125,16.121875,0.19484541279663384,238.51675347222223
0.9984375,11.847916666666666,16200.951041666667,0.19538081987276834,0.008679142396164624,0.44273042437508325,0.003086198662846227,6.434375,0.6309126077017759,0.18403518191314663,0.20713884326759727,0.2290053483164262,4.005078125,1573.06796875,0.0032495956935307225,11.1296875,1048.940625,0.010946076199535405,43.9375,89864.49375,0.028130395403329456,1530.0,4693.0,446.0,2565.0,6256.0,3.0390625,10.21875,16.23125,0.19740374047753656,239.6029123263889
0.9981770833333333,11.878125,16334.654166666667,0.19423255539890713,0.008805618999903866,0.43027368394725596,0.003094067465485804,6.510416666666667,0.6341313689379988,0.18256942939903564,0.206736934615705,0.22838068018159516,3.987109375,1886.41953125,0.0032985668671783167,11.053125,1121.815625,0.01097597214513981,44.2671875,89340.43125,0.02866347438557012,1582.0,4645.0,418.0,2624.0,6349.0,3.042578125,10.175,16.7171875,0.1988156605819372,243.68358398437502
0.9981770833333333,11.921354166666667,16216.016145833333,0.19505568103565404,0.008420786077133693,0.4267510060396655,0.0031053279934010595,6.499479166666666,0.6446764821529992,0.1834288255954032,0.20747329194946945,0.22914549188284203,3.984765625,1758.10234375,0.0030234083907591403,11.1875,876.5625,0.01074020120556021,44.4015625,89387.125,0.027690881694205378,1630.0,4671.0,416.0,2676.0,6309.0,3.032421875,10.3203125,16.546875,0.19708804177651795,245.39433566623265
0.9973958333333334,11.861979166666666,16145.974479166667,0.1949652649823122,0.00863793727694147,0.42639355233262216,0.003089861726143961,6.48359375,0.6438638858397365,0.183409420393759,0.2072625714773572,0.22889133684148,3.99609375,1613.38203125,0.003214210597221731,11.0765625,1029.353125,0.010909610536186932,44.1109375,89392.965625,0.028061170736574957,1600.0,4613.0,410.0,2593.0,6343.0,3.040625,10.196875,16.5421875,0.20080056046135797,240.89813774956596
